,발생년,발생년월일시분,주야,요일,사망자수,사상자수,중상자수,경상자수,발생지시도,발생지시군구,사고유형_대분류,사고유형,법규위반_대분류,법규위반,도로형태_대분류,도로형태,가해자_당사자종별,피해자_당사자종별,경도,위도
292,2018,2018-09-11 14:15,주,화,1,2,1,0,경북,문경시,차대차,추돌,운전자법규위반,안전거리 미확보,단일로,기타단일로,화물차,특수차,128.1280835,36.66904338
293,2018,2018-10-10 20:40,야,수,2,3,1,0,경북,김천시,차대차,기타,운전자법규위반,안전운전 의무 불이행,단일로,기타단일로,화물차,화물차,128.2610741,36.18597993
294,2018,2018-06-11 13:05,주,월,1,3,1,1,경북,칠곡군,차대차,측면충돌,운전자법규위반,안전운전 의무 불이행,단일로,기타단일로,특수차,승용차,128.43049979999998,36.01688856
295,2018,2018-07-23 10:19,주,월,1,1,0,0,경북,성주군,차량단독,공작물충돌,운전자법규위반,안전운전 의무 불이행,단일로,기타단일로,화물차,없음,128.25329879999998,35.91666928
296,2018,2018-06-11 05:30,야,월,1,4,2,1,대구,동구,차량단독,공작물충돌,운전자법규위반,안전운전 의무 불이행,단일로,기타단일로,승합차,없음,128.6862764,35.86471365
297,2018,2018-06-27 22:38,야,수,1,2,1,0,경북,고령군,차대차,추돌,운전자법규위반,안전운전 의무 불이행,단일로,기타단일로,화물차,화물차,128.368585,35.77014035
298,2018,2018-10-29 09:05,주,월,1,1,0,0,경북,고령군,차량단독,공작물충돌,운전자법규위반,안전운전 의무 불이행,단일로,기타단일로,화물차,없음,128.4149524,35.70561184
299,2018,2018-05-10 11:50,주,목,1,1,0,0,경남,창원시(통합),차량단독,공작물충돌,운전자법규위반,안전운전 의무 불이행,단일로,기타단일로,승용차,없음,128.5376644,35.14674081
300,2018,2018-03-14 19:05,야,수,1,1,0,0,경남,진주시,차대사람,보도통행중,운전자법규위반,보행자 보호의무 위반,교차로,교차로횡단보도내,승용차,보행자,128.0877447,35.17585396
301,2018,2018-07-31 13:55,주,화,1,1,0,0,경남,진주시,차량단독,공작물충돌,운전자법규위반,안전운전 의무 불이행,단일로,기타단일로,화물차,없음,128.0106354,35.23135165
302,2018,2018-07-13 21:02,야,금,1,1,0,0,경남,진주시,차대사람,횡단중,운전자법규위반,보행자 보호의무 위반,단일로,기타단일로,승용차,보행자,128.0989746,35.13325653
303,2018,2018-08-12 18:35,야,일,1,1,0,0,경남,진주시,차량단독,공작물충돌,운전자법규위반,안전운전 의무 불이행,단일로,기타단일로,승용차,없음,128.1585795,35.16368629
304,2018,2018-08-31 01:30,야,금,1,1,0,0,경남,창원시(통합),차대사람,차도통행중,운전자법규위반,안전운전 의무 불이행,단일로,기타단일로,승용차,보행자,128.80415359999998,35.11358158
305,2018,2018-04-24 11:50,주,화,1,1,0,0,경남,창원시(통합),차대사람,차도통행중,운전자법규위반,안전운전 의무 불이행,단일로,기타단일로,특수차,보행자,128.6987152,35.15259393
306,2018,2018-05-09 21:00,야,수,1,1,0,0,경남,통영시,차대사람,횡단중,운전자법규위반,보행자 보호의무 위반,단일로,기타단일로,승용차,보행자,128.4221001,34.84675867
307,2018,2018-11-26 05:50,야,월,1,1,0,0,경남,사천시,차량단독,기타,운전자법규위반,안전운전 의무 불이행,단일로,기타단일로,승용차,없음,128.061566,34.969683
308,2018,2018-02-01 03:05,야,목,1,1,0,0,경남,사천시,차량단독,공작물충돌,운전자법규위반,안전운전 의무 불이행,교차로,교차로내,승합차,없음,128.08482959999998,35.07230671
309,2018,2018-09-04 22:10,야,화,1,3,2,0,경남,밀양시,차대차,추돌,운전자법규위반,안전운전 의무 불이행,단일로,기타단일로,승용차,승용차,128.7598003,35.4386825
310,2018,2018-07-30 11:35,주,월,1,1,0,0,경남,밀양시,차대차,측면충돌,운전자법규위반,중앙선 침범,단일로,기타단일로,이륜차,건설기계,128.6715405,35.40351552
311,2018,2018-06-29 08:40,주,금,1,1,0,0,경남,밀양시,차대차,기타,운전자법규위반,안전운전 의무 불이행,교차로,교차로내,화물차,승용차,128.83711090000003,35.39633227
312,2018,2018-05-13 20:20,야,일,1,1,0,0,경남,밀양시,차대사람,기타,운전자법규위반,안전운전 의무 불이행,교차로,교차로부근,승용차,보행자,128.7525682,35.4945039
313,2018,2018-08-07 16:55,주,화,1,1,0,0,경남,밀양시,차량단독,공작물충돌,운전자법규위반,안전운전 의무 불이행,단일로,기타단일로,승용차,없음,128.6934172,35.39722442
314,2018,2018-02-16 12:45,주,금,1,3,1,1,경남,김해시,차량단독,공작물충돌,운전자법규위반,안전운전 의무 불이행,단일로,기타단일로,승용차,없음,128.8940894,35.30199346
315,2018,2018-02-15 13:14,주,목,1,2,0,1,경남,김해시,차대사람,기타,운전자법규위반,기타(운전자법규위반),교차로,교차로부근,승용차,보행자,128.88236840000002,35.22840285
316,2018,2018-09-05 23:55,야,수,1,1,0,0,경남,김해시,차대사람,횡단중,운전자법규위반,안전운전 의무 불이행,교차로,교차로부근,승용차,보행자,128.874447,35.25582119
317,2018,2018-11-09 05:30,야,금,1,1,0,0,경남,김해시,차대사람,기타,운전자법규위반,안전운전 의무 불이행,단일로,기타단일로,화물차,보행자,128.9147158,35.23525101
318,2018,2018-05-12 12:50,주,토,1,2,0,1,경남,거창군,차대차,정면충돌,운전자법규위반,안전운전 의무 불이행,단일로,기타단일로,화물차,화물차,127.90612479999999,35.77031908
319,2018,2018-02-12 22:55,야,월,1,1,0,0,경남,함양군,차량단독,도로이탈 추락,운전자법규위반,안전운전 의무 불이행,단일로,기타단일로,화물차,없음,127.76936869999999,35.55581482
320,2018,2018-10-14 19:05,야,일,1,8,2,5,경남,함양군,차대차,추돌,운전자법규위반,안전운전 의무 불이행,단일로,기타단일로,화물차,승용차,127.78112340000001,35.54424676
321,2018,2018-12-24 08:41,주,월,1,1,0,0,경남,양산시,차대차,측면충돌,운전자법규위반,안전운전 의무 불이행,교차로,교차로내,승용차,자전거,129.18744089999998,35.42800795
322,2018,2018-01-18 08:58,주,목,1,1,0,0,경남,고성군,차대사람,차도통행중,운전자법규위반,안전운전 의무 불이행,단일로,기타단일로,화물차,보행자,128.3084969,34.99724416
323,2018,2018-09-30 16:40,주,일,1,1,0,0,경남,고성군,차대차,측면충돌,운전자법규위반,안전거리 미확보,단일로,기타단일로,자전거,화물차,128.3353568,34.97370792
324,2018,2018-08-15 05:10,야,수,1,1,0,0,경남,하동군,차량단독,도로이탈 기타,운전자법규위반,안전운전 의무 불이행,교차로,교차로내,화물차,없음,127.79199569999999,34.94175643
325,2018,2018-03-20 21:28,야,화,1,1,0,0,경남,거제시,차대사람,기타,운전자법규위반,안전운전 의무 불이행,단일로,기타단일로,승용차,보행자,128.647922,34.91061586
326,2018,2018-07-09 02:17,야,월,1,1,0,0,경남,거제시,차량단독,공작물충돌,운전자법규위반,안전운전 의무 불이행,단일로,기타단일로,승용차,없음,128.5301072,34.91662204
327,2018,2018-01-22 20:25,야,월,1,1,0,0,경남,함안군,차대차,추돌,운전자법규위반,안전운전 의무 불이행,단일로,기타단일로,승용차,농기계,128.3356166,35.26998452
328,2018,2018-01-31 22:15,야,수,1,1,0,0,경남,함안군,차량단독,전복,운전자법규위반,안전운전 의무 불이행,단일로,기타단일로,승용차,없음,128.4514369,35.20165736
329,2018,2018-02-16 11:56,주,금,1,1,0,0,경남,함안군,차량단독,전도,운전자법규위반,안전운전 의무 불이행,단일로,교량위,이륜차,없음,128.4458049,35.20574098
330,2018,2018-09-18 00:55,야,화,1,1,0,0,경남,창원시(통합),차대사람,횡단중,운전자법규위반,안전운전 의무 불이행,교차로,교차로횡단보도내,승용차,보행자,128.6888641,35.22246973
331,2018,2018-11-27 01:10,야,화,1,1,0,0,경남,창원시(통합),차대사람,기타,운전자법규위반,안전운전 의무 불이행,교차로,교차로부근,승용차,보행자,128.578931,35.23407597
332,2018,2018-12-25 19:00,야,화,1,1,0,0,경남,창원시(통합),차량단독,도로이탈 추락,운전자법규위반,안전운전 의무 불이행,기타,기타,사륜오토바이(ATV),없음,128.67437009999998,35.33129482
333,2018,2018-12-26 16:47,주,수,1,1,0,0,경남,김해시,차대사람,보도통행중,운전자법규위반,보행자 보호의무 위반,교차로,교차로횡단보도내,화물차,보행자,128.8149807,35.21227525
334,2018,2018-11-24 02:00,야,토,1,1,0,0,경남,함양군,차대차,추돌,운전자법규위반,안전운전 의무 불이행,단일로,기타단일로,승용차,화물차,127.7851253,35.54343489
335,2018,2018-11-11 03:00,야,일,1,1,0,0,제주,제주시,차대사람,횡단중,운전자법규위반,안전운전 의무 불이행,단일로,기타단일로,승용차,보행자,126.52690120000001,33.50034386
336,2018,2018-11-11 02:13,야,일,1,1,0,0,제주,제주시,차량단독,공작물충돌,운전자법규위반,안전운전 의무 불이행,단일로,기타단일로,승용차,없음,126.8340679,33.53358271
337,2018,2018-10-03 03:05,야,수,1,1,0,0,제주,제주시,차대사람,횡단중,운전자법규위반,안전운전 의무 불이행,단일로,기타단일로,승용차,보행자,126.52560420000002,33.49215331
338,2018,2018-01-02 06:05,주,화,1,1,0,0,제주,서귀포시,차대사람,횡단중,운전자법규위반,안전운전 의무 불이행,교차로,교차로부근,승용차,보행자,126.6206378,33.2619944
339,2018,2018-03-10 06:12,주,토,1,1,0,0,제주,서귀포시,차대사람,횡단중,운전자법규위반,안전운전 의무 불이행,교차로,교차로내,승용차,보행자,126.9121344,33.45298301
340,2018,2018-03-03 20:57,야,토,1,1,0,0,제주,서귀포시,차대사람,횡단중,운전자법규위반,보행자 보호의무 위반,기타,기타,승용차,보행자,126.2815261,33.24930266
341,2018,2018-06-17 10:10,주,일,1,1,0,0,제주,서귀포시,차대차,측면충돌,운전자법규위반,중앙선 침범,단일로,기타단일로,승용차,승용차,126.61038319999999,33.33621515
342,2018,2018-11-23 06:30,주,금,1,3,2,0,제주,서귀포시,차대차,기타,운전자법규위반,안전운전 의무 불이행,단일로,기타단일로,화물차,승용차,126.3500665,33.31952075
343,2018,2018-12-19 19:28,야,수,1,1,0,0,제주,제주시,차대사람,횡단중,운전자법규위반,안전운전 의무 불이행,단일로,기타단일로,승용차,보행자,126.2812264,33.43897066
344,2018,2018-12-05 11:00,주,수,1,1,0,0,제주,제주시,차대차,기타,운전자법규위반,안전운전 의무 불이행,교차로,교차로내,승용차,화물차,126.2260844,33.37853993
345,2018,2018-08-13 11:11,주,월,1,1,0,0,제주,제주시,차대사람,횡단중,운전자법규위반,안전운전 의무 불이행,교차로,교차로횡단보도내,승용차,보행자,126.4308955,33.48900033
346,2018,2018-01-02 14:00,주,화,1,1,0,0,제주,제주시,차량단독,공작물충돌,운전자법규위반,안전운전 의무 불이행,단일로,기타단일로,승용차,없음,126.28415530000001,33.35693558
347,2018,2018-10-02 15:35,주,화,1,1,0,0,대구,동구,차대사람,기타,운전자법규위반,안전운전 의무 불이행,교차로,교차로횡단보도내,승용차,보행자,128.6481883,35.90932301
348,2018,2018-09-05 21:38,야,수,1,1,0,0,대구,동구,차대차,추돌,운전자법규위반,안전운전 의무 불이행,단일로,고가도로위,승용차,이륜차,128.647899,35.87778042
349,2018,2018-04-01 03:25,야,일,1,1,0,0,대구,수성구,차량단독,공작물충돌,운전자법규위반,안전운전 의무 불이행,단일로,기타단일로,이륜차,없음,128.6789385,35.856852200000006
350,2018,2018-03-04 17:40,주,일,1,1,0,0,대구,달서구,차대차,측면충돌,운전자법규위반,안전운전 의무 불이행,단일로,기타단일로,승용차,이륜차,128.5126297,35.80724981
351,2018,2018-12-04 04:35,야,화,1,1,0,0,대구,북구,차대사람,횡단중,운전자법규위반,안전거리 미확보,교차로,교차로내,승합차,보행자,128.6063216,35.88393155
352,2018,2018-03-18 08:14,주,일,1,1,0,0,대구,서구,차대사람,횡단중,운전자법규위반,신호위반,단일로,기타단일로,승용차,보행자,128.554203,35.85678537
353,2018,2018-11-11 01:25,야,일,1,1,0,0,대구,달서구,차대사람,기타,운전자법규위반,과속,단일로,기타단일로,승용차,보행자,128.57034720000001,35.84915962
354,2018,2018-01-12 15:09,주,금,1,1,0,0,대구,달서구,차대사람,기타,운전자법규위반,안전운전 의무 불이행,단일로,기타단일로,화물차,보행자,128.5175807,35.85521686
355,2018,2018-05-23 07:30,주,수,1,1,0,0,대구,북구,차량단독,기타,운전자법규위반,안전운전 의무 불이행,단일로,기타단일로,화물차,없음,128.52564679999998,35.89589912
356,2018,2018-12-18 19:50,야,화,1,1,0,0,인천,중구,차대사람,횡단중,운전자법규위반,신호위반,교차로,교차로횡단보도내,승용차,보행자,126.63557209999999,37.46819868
357,2018,2018-10-20 11:30,주,토,1,1,0,0,인천,동구,차대차,측면충돌,운전자법규위반,안전운전 의무 불이행,단일로,기타단일로,이륜차,승용차,126.6508082,37.47886391
358,2018,2018-07-06 15:50,주,금,1,1,0,0,인천,중구,차량단독,기타,운전자법규위반,안전운전 의무 불이행,단일로,기타단일로,자전거,없음,126.4865561,37.48459954
359,2018,2018-12-07 05:34,야,금,1,1,0,0,인천,남구,차대사람,횡단중,운전자법규위반,안전운전 의무 불이행,단일로,기타단일로,화물차,보행자,126.6449751,37.46570728
360,2018,2018-08-27 05:05,야,월,1,4,1,2,인천,남구,차대차,기타,운전자법규위반,과속,교차로,교차로부근,승합차,승용차,126.68659129999999,37.45815034
361,2018,2018-08-01 09:20,주,수,1,1,0,0,인천,남구,차대사람,보도통행중,운전자법규위반,보행자 보호의무 위반,교차로,교차로횡단보도내,승용차,보행자,126.6725658,37.46167638
362,2018,2018-10-24 22:20,야,수,1,1,0,0,인천,부평구,차대사람,기타,운전자법규위반,보행자 보호의무 위반,교차로,교차로횡단보도내,승용차,보행자,126.7243369,37.48520124
363,2018,2018-11-16 23:00,야,금,1,1,0,0,인천,남동구,차대사람,기타,운전자법규위반,안전운전 의무 불이행,단일로,기타단일로,승용차,보행자,126.7285245,37.45524075
364,2018,2018-11-14 17:38,주,수,1,1,0,0,인천,서구,차대사람,횡단중,운전자법규위반,안전운전 의무 불이행,교차로,교차로내,승합차,보행자,126.6710858,37.47794433
365,2018,2018-11-15 07:40,주,목,1,2,1,0,인천,서구,차대차,정면충돌,운전자법규위반,안전운전 의무 불이행,교차로,교차로내,승합차,화물차,126.65428119999999,37.603047700000005
366,2018,2018-04-30 06:57,주,월,1,2,1,0,인천,계양구,차대차,정면충돌,운전자법규위반,중앙선 침범,단일로,기타단일로,승용차,화물차,126.7531489,37.57116765
367,2018,2018-10-11 16:55,주,목,1,1,0,0,인천,계양구,차대사람,횡단중,운전자법규위반,보행자 보호의무 위반,교차로,교차로횡단보도내,승합차,보행자,126.75837560000001,37.56024936
368,2018,2018-01-28 22:10,야,일,1,1,0,0,인천,강화군,차량단독,기타,운전자법규위반,안전운전 의무 불이행,단일로,기타단일로,화물차,없음,126.4536723,37.76535901
369,2018,2018-02-16 18:15,야,금,1,1,0,0,인천,연수구,차량단독,공작물충돌,운전자법규위반,안전운전 의무 불이행,단일로,기타단일로,승용차,없음,126.66635409999999,37.36925291
370,2018,2018-04-22 19:54,야,일,1,1,0,0,인천,부평구,차대사람,횡단중,운전자법규위반,안전운전 의무 불이행,단일로,기타단일로,승합차,보행자,126.7324173,37.4869846
371,2018,2018-10-03 02:10,야,수,1,9,1,7,인천,부평구,차대차,추돌,운전자법규위반,안전운전 의무 불이행,단일로,기타단일로,승용차,승용차,126.70376159999999,37.5236058
372,2018,2018-01-06 22:38,야,토,1,1,0,0,경기,화성시,차대차,추돌,운전자법규위반,안전운전 의무 불이행,단일로,기타단일로,화물차,화물차,126.77081820000001,37.18345637
373,2018,2018-12-21 23:17,야,금,1,1,0,0,광주,동구,차대차,측면충돌,운전자법규위반,안전거리 미확보,단일로,기타단일로,이륜차,승합차,126.91460590000001,35.15434167
374,2018,2018-06-01 22:50,야,금,1,1,0,0,광주,서구,차대사람,횡단중,운전자법규위반,안전운전 의무 불이행,단일로,기타단일로,승용차,보행자,126.8077699,35.10301342
375,2018,2018-08-13 04:50,야,월,1,1,0,0,광주,남구,차대사람,횡단중,운전자법규위반,신호위반,교차로,교차로횡단보도내,승용차,보행자,126.8349013,35.0695838
376,2018,2018-02-26 14:53,주,월,1,1,0,0,광주,남구,차대사람,횡단중,운전자법규위반,안전운전 의무 불이행,교차로,교차로부근,승용차,보행자,126.91100449999999,35.12937489
377,2018,2018-10-15 05:40,야,월,1,1,0,0,광주,북구,차대사람,횡단중,운전자법규위반,안전운전 의무 불이행,단일로,기타단일로,화물차,보행자,126.9302738,35.18101663
378,2018,2018-10-13 13:20,주,토,1,1,0,0,광주,광산구,차대차,측면충돌,운전자법규위반,안전운전 의무 불이행,교차로,교차로내,이륜차,화물차,126.8154024,35.20232847
379,2018,2018-06-16 14:40,주,토,1,1,0,0,광주,광산구,차량단독,기타,운전자법규위반,안전운전 의무 불이행,교차로,교차로내,승용차,없음,126.8118946,35.14409057
380,2018,2018-04-29 03:33,야,일,1,1,0,0,광주,광산구,차대사람,차도통행중,운전자법규위반,안전운전 의무 불이행,기타,기타,승용차,보행자,126.853521,35.21760168
381,2018,2018-05-03 08:56,주,목,1,1,0,0,대전,중구,차량단독,공작물충돌,운전자법규위반,안전운전 의무 불이행,단일로,지하차도(도로)내,이륜차,없음,127.4089939,36.3477594
382,2018,2018-02-04 12:15,주,일,1,1,0,0,대전,서구,차대사람,횡단중,운전자법규위반,안전운전 의무 불이행,단일로,기타단일로,승용차,보행자,127.387694,36.32641077
383,2018,2018-03-25 01:20,야,일,1,1,0,0,대전,대덕구,차대사람,기타,운전자법규위반,안전운전 의무 불이행,단일로,기타단일로,승용차,보행자,127.4224345,36.358659499999995
384,2018,2018-11-02 18:45,야,금,1,1,0,0,대전,대덕구,차대사람,보도통행중,운전자법규위반,보행자 보호의무 위반,단일로,기타단일로,화물차,보행자,127.4089406,36.36486158
385,2018,2018-10-05 06:35,주,금,1,1,0,0,대전,대덕구,차대사람,횡단중,운전자법규위반,안전운전 의무 불이행,단일로,기타단일로,화물차,보행자,127.44288059999998,36.35288313
386,2018,2018-12-18 18:55,야,화,1,2,1,0,대전,유성구,차대차,기타,운전자법규위반,중앙선 침범,단일로,기타단일로,승용차,화물차,127.28280259999998,36.36057884
387,2018,2018-10-07 07:24,주,일,1,1,0,0,대전,유성구,차량단독,기타,운전자법규위반,안전운전 의무 불이행,단일로,기타단일로,승용차,없음,127.29114140000001,36.27238655
388,2018,2018-10-22 18:58,야,월,1,3,0,2,대전,유성구,차대차,측면충돌,운전자법규위반,신호위반,교차로,교차로내,승용차,승합차,127.3883192,36.40353801
389,2018,2018-03-09 23:10,야,금,1,1,0,0,울산,북구,차량단독,공작물충돌,운전자법규위반,안전운전 의무 불이행,교차로,교차로내,화물차,없음,129.3587052,35.58671011
390,2018,2018-05-15 22:15,야,화,1,3,1,1,울산,북구,차대차,측면충돌,운전자법규위반,신호위반,교차로,교차로내,승용차,승용차,129.3577494,35.54915014
391,2018,2018-01-13 06:40,주,토,1,1,0,0,울산,남구,차대사람,횡단중,운전자법규위반,안전운전 의무 불이행,단일로,기타단일로,승용차,보행자,129.3532004,35.541295899999994
392,2018,2018-03-06 06:19,주,화,1,1,0,0,경기,의정부시,차대사람,기타,운전자법규위반,안전운전 의무 불이행,단일로,기타단일로,승용차,보행자,127.0322397,37.75764724
393,2018,2018-07-28 04:25,야,토,1,1,0,0,경기,고양시,차대차,추돌,운전자법규위반,안전운전 의무 불이행,단일로,터널안,화물차,이륜차,126.839591,37.65379441
394,2018,2018-10-03 04:32,야,수,1,1,0,0,경기,고양시,차대차,측면충돌,운전자법규위반,안전운전 의무 불이행,교차로,교차로내,이륜차,승용차,126.77278899999999,37.66031466
395,2018,2018-12-06 11:45,주,목,1,1,0,0,경기,남양주시,차대사람,횡단중,운전자법규위반,보행자 보호의무 위반,단일로,기타단일로,화물차,보행자,127.16805890000002,37.61318248
396,2018,2018-02-13 10:08,주,화,1,1,0,0,경기,남양주시,차대사람,기타,운전자법규위반,안전운전 의무 불이행,단일로,기타단일로,화물차,보행자,127.19223999999998,37.72534735
397,2018,2018-03-15 14:12,주,목,1,4,2,1,경기,남양주시,차대차,추돌,운전자법규위반,안전운전 의무 불이행,단일로,기타단일로,승용차,화물차,127.2058801,37.587342
398,2018,2018-12-14 16:55,주,금,1,1,0,0,경기,남양주시,차대사람,횡단중,운전자법규위반,중앙선 침범,교차로,교차로횡단보도내,화물차,보행자,127.15184840000002,37.60999007
399,2018,2018-12-21 17:32,주,금,1,2,0,0,경기,남양주시,차대차,측면충돌,운전자법규위반,신호위반,교차로,교차로내,이륜차,화물차,127.13166609999999,37.66348649
400,2018,2018-05-26 06:21,주,토,1,3,2,0,경기,남양주시,차량단독,도로이탈 추락,운전자법규위반,안전운전 의무 불이행,교차로,교차로부근,화물차,없음,127.1628067,37.6922511
401,2018,2018-12-03 05:50,야,월,1,1,0,0,경기,남양주시,차대사람,기타,운전자법규위반,안전운전 의무 불이행,교차로,교차로내,화물차,보행자,127.1772514,37.65692308
402,2018,2018-09-09 12:35,주,일,1,1,0,0,경기,남양주시,차대차,측면충돌,운전자법규위반,교차로 통행방법 위반,교차로,교차로내,승용차,이륜차,127.36471340000001,37.66268606
403,2018,2018-12-05 08:50,주,수,1,1,0,0,경기,남양주시,차량단독,공작물충돌,운전자법규위반,안전운전 의무 불이행,단일로,기타단일로,건설기계,없음,127.275921,37.61862834
404,2018,2018-10-14 02:00,야,일,1,1,0,0,경기,파주시,차량단독,공작물충돌,운전자법규위반,안전운전 의무 불이행,단일로,기타단일로,이륜차,없음,126.74392250000001,37.89011008
405,2018,2018-03-12 08:10,주,월,1,1,0,0,경기,양주시,차량단독,공작물충돌,운전자법규위반,안전운전 의무 불이행,단일로,기타단일로,화물차,없음,127.0029493,37.83747377
406,2018,2018-01-29 23:40,야,월,1,3,1,1,경기,양주시,차대차,측면충돌,운전자법규위반,교차로 통행방법 위반,교차로,교차로내,승합차,승용차,127.0921372,37.833814600000004
407,2018,2018-10-07 05:45,야,일,1,2,1,0,경기,양주시,차량단독,공작물충돌,운전자법규위반,안전운전 의무 불이행,단일로,기타단일로,승용차,없음,127.0447906,37.77328018
408,2018,2018-02-14 06:45,주,수,1,4,0,3,경기,양주시,차대차,측면충돌,운전자법규위반,교차로 통행방법 위반,교차로,교차로내,승용차,승용차,127.0890172,37.80625065
409,2018,2018-08-31 22:36,야,금,1,1,0,0,경기,양주시,차대사람,횡단중,운전자법규위반,과속,단일로,기타단일로,승용차,보행자,127.05422250000001,37.84577275
410,2018,2018-03-19 18:38,야,월,1,1,0,0,경기,구리시,차대차,측면충돌,운전자법규위반,신호위반,교차로,교차로내,이륜차,화물차,127.1306272,37.60082197
411,2018,2018-07-13 02:30,야,금,1,1,0,0,경기,포천시,차대사람,기타,운전자법규위반,안전운전 의무 불이행,교차로,교차로내,승용차,보행자,127.18404699999999,37.87469198
412,2018,2018-04-26 09:51,주,목,1,1,0,0,경기,포천시,차량단독,전도,운전자법규위반,안전운전 의무 불이행,단일로,기타단일로,건설기계,없음,127.14338590000001,37.86293097
413,2018,2018-06-10 12:00,주,일,1,2,0,1,경기,포천시,차대차,측면충돌,운전자법규위반,안전운전 의무 불이행,단일로,기타단일로,이륜차,이륜차,127.32637549999998,37.97669154
414,2018,2018-11-09 12:45,주,금,1,1,0,0,경기,포천시,차대차,측면충돌,운전자법규위반,신호위반,교차로,교차로내,승용차,사륜오토바이(ATV),127.1601665,37.83560784
415,2018,2018-07-05 07:26,주,목,1,1,0,0,경기,가평군,차대차,기타,운전자법규위반,중앙선 침범,단일로,기타단일로,이륜차,화물차,127.5063311,37.84822964
416,2018,2018-08-26 15:00,주,일,1,7,5,1,경기,가평군,차대차,정면충돌,운전자법규위반,중앙선 침범,단일로,기타단일로,승용차,승용차,127.4974405,37.90768011
417,2018,2018-12-18 08:28,주,화,1,2,1,0,경기,고양시,차대차,추돌,운전자법규위반,안전운전 의무 불이행,단일로,기타단일로,승합차,화물차,126.7319688,37.68281425
418,2018,2018-10-26 22:56,야,금,1,1,0,0,경기,고양시,차량단독,공작물충돌,운전자법규위반,안전운전 의무 불이행,단일로,기타단일로,승용차,없음,126.71593370000001,37.68703505
419,2018,2018-02-19 11:20,주,월,1,1,0,0,경기,고양시,차량단독,공작물충돌,운전자법규위반,안전운전 의무 불이행,기타,기타,승용차,없음,126.7076453,37.69854353
420,2018,2018-05-03 04:23,야,목,1,1,0,0,서울,중구,차대차,측면충돌,운전자법규위반,안전운전 의무 불이행,교차로,교차로부근,이륜차,이륜차,127.01174170000002,37.56480489
421,2018,2018-02-04 05:50,야,일,1,1,0,0,서울,중구,차대차,추돌,운전자법규위반,안전운전 의무 불이행,단일로,기타단일로,승용차,기타,127.0140727,37.56504886
422,2018,2018-11-13 04:43,야,화,1,1,0,0,서울,중구,차대차,추돌,운전자법규위반,신호위반,교차로,교차로내,자전거,화물차,126.9731706,37.55417442
423,2018,2018-11-27 07:28,주,화,1,1,0,0,서울,종로구,차대사람,횡단중,운전자법규위반,안전운전 의무 불이행,단일로,기타단일로,승합차,보행자,126.9704712,37.56925089999999
424,2018,2018-09-10 06:25,주,월,1,3,0,2,서울,종로구,차대차,측면충돌,운전자법규위반,안전운전 의무 불이행,단일로,터널안,이륜차,승용차,126.94982549999999,37.6095907
425,2018,2018-05-03 00:41,야,목,1,1,0,0,서울,종로구,차대사람,차도통행중,운전자법규위반,신호위반,단일로,기타단일로,승용차,보행자,127.0140925,37.57245802
426,2018,2018-06-09 09:27,주,토,2,3,1,0,서울,용산구,차대차,기타,운전자법규위반,안전운전 의무 불이행,교차로,교차로내,승용차,이륜차,126.9772139,37.52152743
427,2018,2018-05-28 10:15,주,월,1,1,0,0,서울,용산구,차대사람,횡단중,운전자법규위반,신호위반,교차로,교차로횡단보도내,승용차,보행자,126.9680354,37.52959862
428,2018,2018-02-04 05:26,야,일,1,1,0,0,서울,성북구,차대사람,횡단중,운전자법규위반,안전운전 의무 불이행,단일로,기타단일로,승용차,보행자,127.0080483,37.58920703
429,2018,2018-10-05 07:50,주,금,1,1,0,0,서울,강북구,차대사람,횡단중,운전자법규위반,보행자 보호의무 위반,교차로,교차로내,건설기계,보행자,127.02301059999999,37.63364149
430,2018,2018-03-12 06:05,주,월,1,1,0,0,서울,강북구,차대사람,횡단중,운전자법규위반,신호위반,단일로,기타단일로,승용차,보행자,127.030731,37.63509656
431,2018,2018-09-03 02:16,야,월,1,1,0,0,서울,동대문구,차대사람,기타,운전자법규위반,안전운전 의무 불이행,교차로,교차로부근,화물차,보행자,127.0436246,37.58573555
432,2018,2018-12-08 07:50,주,토,1,2,1,0,서울,광진구,차대차,정면충돌,운전자법규위반,중앙선 침범,단일로,교량위,승용차,승용차,127.0600841,37.53526833
433,2018,2018-12-01 17:25,주,토,1,1,0,0,서울,광진구,차대차,측면충돌,운전자법규위반,안전운전 의무 불이행,단일로,기타단일로,자전거,건설기계,127.0860756,37.54587389
434,2018,2018-10-07 18:42,야,일,1,3,2,0,서울,영등포구,차대차,측면충돌,운전자법규위반,중앙선 침범,단일로,기타단일로,승용차,승합차,126.91914150000001,37.52679941
435,2018,2018-11-17 19:25,야,토,1,1,0,0,서울,영등포구,차대사람,기타,운전자법규위반,보행자 보호의무 위반,교차로,교차로내,화물차,보행자,126.9077947,37.51477312
436,2018,2018-02-04 02:45,야,일,1,1,0,0,서울,영등포구,차대차,측면충돌,운전자법규위반,안전운전 의무 불이행,교차로,교차로내,자전거,승용차,126.9215154,37.52422418
437,2018,2018-07-09 15:50,주,월,1,1,0,0,서울,금천구,차대사람,횡단중,운전자법규위반,보행자 보호의무 위반,교차로,교차로횡단보도내,화물차,보행자,126.90021680000001,37.45490286
438,2018,2018-03-18 17:52,주,일,1,1,0,0,서울,성동구,차량단독,기타,운전자법규위반,안전운전 의무 불이행,단일로,기타단일로,이륜차,없음,127.0321794,37.56308495