,발생년,발생년월일시분,주야,요일,사망자수,사상자수,중상자수,경상자수,발생지시도,발생지시군구,사고유형_대분류,사고유형,법규위반_대분류,법규위반,도로형태_대분류,도로형태,가해자_당사자종별,피해자_당사자종별,경도,위도
730,2018,2018-04-07 23:10,야,토,1,1,0,0,경북,영천시,차대사람,횡단중,운전자법규위반,안전운전 의무 불이행,단일로,기타단일로,승합차,보행자,128.9092277,36.0954902
731,2018,2018-11-18 15:50,주,일,1,1,0,0,경북,영천시,차량단독,공작물충돌,운전자법규위반,안전운전 의무 불이행,단일로,기타단일로,화물차,없음,128.75394340000003,36.07962753
732,2018,2018-12-19 07:50,주,수,1,1,0,0,경북,문경시,차대차,정면충돌,운전자법규위반,중앙선 침범,단일로,기타단일로,승용차,승합차,128.16411000000002,36.62134898
733,2018,2018-08-05 22:48,야,일,1,2,1,0,경북,경산시,차대사람,횡단중,운전자법규위반,보행자 보호의무 위반,단일로,기타단일로,승용차,보행자,128.7488439,35.83299406
734,2018,2018-10-13 06:00,주,토,1,1,0,0,경북,경산시,차대사람,횡단중,운전자법규위반,과속,교차로,교차로횡단보도내,승용차,보행자,128.7233272,35.81656874
735,2018,2018-11-28 13:30,주,수,1,1,0,0,경북,경산시,차대사람,차도통행중,운전자법규위반,안전운전 의무 불이행,단일로,기타단일로,승용차,보행자,128.8158726,35.84662232
736,2018,2018-09-29 04:40,야,토,1,1,0,0,경북,경산시,차대사람,기타,운전자법규위반,신호위반,교차로,교차로횡단보도내,화물차,보행자,128.76342659999997,35.84428228
737,2018,2018-06-29 10:00,주,금,1,1,0,0,경북,경산시,차량단독,기타,운전자법규위반,안전운전 의무 불이행,단일로,기타단일로,사륜오토바이(ATV),없음,128.8397617,35.811333399999995
738,2018,2018-02-09 23:42,야,금,1,1,0,0,경북,경산시,차대사람,길가장자리구역통행중,운전자법규위반,안전운전 의무 불이행,단일로,기타단일로,승용차,보행자,128.78038130000002,35.89055031
739,2018,2018-10-30 17:59,주,화,2,2,0,0,경북,영덕군,차대차,추돌,운전자법규위반,안전운전 의무 불이행,단일로,교량위,승용차,농기계,129.3824817,36.54197828
740,2018,2018-09-13 10:22,주,목,1,1,0,0,경북,영덕군,차대차,측면충돌,운전자법규위반,직진 및 우회전차의 통행방해,교차로,교차로내,화물차,이륜차,129.37099479999998,36.41047646
741,2018,2018-10-03 10:20,주,수,1,1,0,0,경북,예천군,차량단독,공작물충돌,운전자법규위반,안전운전 의무 불이행,단일로,기타단일로,이륜차,없음,128.2831896,36.52038981
742,2018,2018-07-29 04:45,야,일,1,1,0,0,경북,청도군,차대차,추돌,운전자법규위반,안전운전 의무 불이행,기타,기타,승용차,농기계,128.8881532,35.69810895
743,2018,2018-08-21 07:30,주,화,1,1,0,0,경북,고령군,차대차,측면충돌,운전자법규위반,안전운전 의무 불이행,단일로,기타단일로,이륜차,화물차,128.24633300000002,35.69012276
744,2018,2018-10-28 00:27,야,일,1,1,0,0,경북,고령군,차대사람,차도통행중,운전자법규위반,안전운전 의무 불이행,단일로,기타단일로,승용차,보행자,128.46657539999998,35.81725784
745,2018,2018-01-01 13:55,주,월,1,1,0,0,경북,고령군,차량단독,공작물충돌,운전자법규위반,안전운전 의무 불이행,단일로,기타단일로,승용차,없음,128.23023419999998,35.68327904
746,2018,2018-10-25 11:40,주,목,1,1,0,0,경북,군위군,차대차,측면충돌,운전자법규위반,안전운전 의무 불이행,단일로,기타단일로,승용차,자전거,128.6475455,36.18923647
747,2018,2018-09-07 12:09,주,금,1,3,2,0,경북,청송군,차대차,측면충돌,운전자법규위반,교차로 통행방법 위반,교차로,교차로내,화물차,화물차,128.9552661,36.28522358
748,2018,2018-10-15 15:45,주,월,1,1,0,0,경북,청송군,차대차,정면충돌,운전자법규위반,중앙선 침범,단일로,기타단일로,화물차,건설기계,128.9721087,36.286198299999995
749,2018,2018-04-28 11:10,주,토,1,1,0,0,경북,울릉군,차량단독,전도,운전자법규위반,안전운전 의무 불이행,단일로,기타단일로,사륜오토바이(ATV),없음,130.82063159999998,37.48004244
750,2018,2018-10-30 08:22,주,화,1,1,0,0,경북,구미시,차대차,기타,운전자법규위반,부당한 회전,단일로,기타단일로,이륜차,화물차,128.3390694,36.1580248
751,2018,2018-08-10 21:00,야,금,1,1,0,0,경북,구미시,차대사람,횡단중,운전자법규위반,신호위반,교차로,교차로내,원동기장치자전거,보행자,128.3344007,36.11608152
752,2018,2018-02-27 12:36,주,화,1,1,0,0,경북,포항시,차대차,측면충돌,운전자법규위반,신호위반,교차로,교차로내,승용차,자전거,129.3556065,35.97088616
753,2018,2018-10-12 00:15,야,금,1,1,0,0,경북,포항시,차대차,측면충돌,운전자법규위반,안전운전 의무 불이행,교차로,교차로부근,승용차,승용차,129.3396055,36.02441732
754,2018,2018-10-29 22:30,야,월,1,2,0,1,경북,포항시,차대차,기타,운전자법규위반,신호위반,교차로,교차로내,승용차,이륜차,129.3744067,36.01977669
755,2018,2018-10-07 22:50,야,일,1,1,0,0,경북,포항시,차대사람,횡단중,운전자법규위반,안전운전 의무 불이행,단일로,기타단일로,승용차,보행자,129.3608497,36.0095131
756,2018,2018-10-12 23:40,야,금,1,3,0,0,경북,문경시,차대차,추돌,운전자법규위반,안전운전 의무 불이행,단일로,기타단일로,승용차,화물차,128.15265449999998,36.61827512
757,2018,2018-02-23 11:20,주,금,1,3,0,2,경북,경산시,차대차,추돌,운전자법규위반,안전운전 의무 불이행,단일로,교량위,화물차,화물차,128.7779591,35.87909048
758,2018,2018-04-27 15:40,주,금,1,10,2,7,경북,상주시,차대차,추돌,운전자법규위반,안전운전 의무 불이행,단일로,기타단일로,승합차,승용차,127.92156429999999,36.44517271
759,2018,2018-12-04 03:18,야,화,1,1,0,0,경북,칠곡군,차대차,기타,운전자법규위반,안전운전 의무 불이행,단일로,기타단일로,특수차,화물차,128.4557542,35.95234308
760,2018,2018-10-19 05:25,야,금,2,5,2,1,경북,상주시,차대차,추돌,운전자법규위반,안전운전 의무 불이행,단일로,기타단일로,화물차,화물차,128.21316979999997,36.42638765
761,2018,2018-07-24 13:20,주,화,1,4,1,2,경북,구미시,차대차,추돌,운전자법규위반,안전운전 의무 불이행,단일로,기타단일로,화물차,화물차,128.2619805,36.21294824
762,2018,2018-09-21 19:51,야,금,1,1,0,0,경남,진주시,차대사람,횡단중,운전자법규위반,보행자 보호의무 위반,교차로,교차로횡단보도내,화물차,보행자,128.0637397,35.19201835
763,2018,2018-05-22 03:55,야,화,1,1,0,0,경남,진주시,차대사람,기타,운전자법규위반,안전운전 의무 불이행,단일로,기타단일로,승용차,보행자,128.0836927,35.19279847
764,2018,2018-12-08 17:24,주,토,1,1,0,0,경남,진주시,차대사람,횡단중,운전자법규위반,보행자 보호의무 위반,단일로,기타단일로,승용차,보행자,128.077465,35.19596625
765,2018,2018-10-02 15:15,주,화,1,1,0,0,경남,창원시(통합),차대차,측면충돌,운전자법규위반,안전거리 미확보,교차로,교차로부근,이륜차,승용차,128.6918274,35.15153482
766,2018,2018-05-19 09:00,주,토,1,1,0,0,경남,창원시(통합),차대사람,횡단중,운전자법규위반,안전운전 의무 불이행,단일로,기타단일로,승용차,보행자,128.69798970000002,35.15851596
767,2018,2018-01-31 11:00,주,수,1,1,0,0,경남,창원시(통합),차량단독,기타,운전자법규위반,안전운전 의무 불이행,기타,기타,화물차,없음,128.7824947,35.12488495
768,2018,2018-08-01 20:20,야,수,1,1,0,0,경남,통영시,차대사람,횡단중,운전자법규위반,안전운전 의무 불이행,단일로,기타단일로,승용차,보행자,128.4177,34.93996665
769,2018,2018-01-02 15:15,주,화,1,1,0,0,경남,통영시,차량단독,공작물충돌,운전자법규위반,안전운전 의무 불이행,단일로,기타단일로,승용차,없음,128.4105408,34.91638656
770,2018,2018-03-10 19:53,야,토,1,1,0,0,경남,통영시,차대사람,횡단중,운전자법규위반,보행자 보호의무 위반,단일로,기타단일로,승용차,보행자,128.4222186,34.84659546
771,2018,2018-11-22 09:35,주,목,1,1,0,0,경남,사천시,차대차,기타,운전자법규위반,앞지르기 금지위반,단일로,기타단일로,승합차,원동기장치자전거,127.9599259,35.053142
772,2018,2018-10-29 06:22,주,월,1,1,0,0,경남,사천시,차대사람,횡단중,운전자법규위반,안전운전 의무 불이행,단일로,기타단일로,승용차,보행자,128.0880855,35.07971209
773,2018,2018-07-02 15:20,주,월,1,1,0,0,경남,사천시,차량단독,공작물충돌,운전자법규위반,안전운전 의무 불이행,교차로,교차로부근,화물차,없음,128.0661855,35.04396394
774,2018,2018-04-24 12:25,주,화,1,2,0,1,경남,김해시,차대차,측면충돌,운전자법규위반,중앙선 침범,단일로,기타단일로,화물차,화물차,128.947255,35.33535916
775,2018,2018-06-05 19:10,야,화,1,4,0,3,경남,김해시,차대차,기타,운전자법규위반,중앙선 침범,단일로,기타단일로,승용차,승용차,128.8904925,35.27495947
776,2018,2018-04-19 20:15,야,목,1,1,0,0,경남,거창군,차대사람,횡단중,운전자법규위반,안전운전 의무 불이행,교차로,교차로부근,승용차,보행자,127.9527091,35.65049758
777,2018,2018-07-24 21:07,야,화,1,1,0,0,경남,거창군,차대사람,횡단중,운전자법규위반,안전운전 의무 불이행,교차로,교차로내,승용차,보행자,127.9141547,35.79553705
778,2018,2018-03-06 18:45,야,화,1,1,0,0,경남,합천군,차대사람,횡단중,운전자법규위반,안전운전 의무 불이행,교차로,교차로부근,승용차,보행자,128.1614925,35.56751021
779,2018,2018-08-01 14:30,주,수,1,1,0,0,경남,합천군,차대차,기타,운전자법규위반,안전운전 의무 불이행,단일로,기타단일로,불명,이륜차,128.3098419,35.57448516
780,2018,2018-12-21 17:45,주,금,1,1,0,0,경남,창녕군,차대사람,횡단중,운전자법규위반,안전운전 의무 불이행,교차로,교차로내,승용차,보행자,128.4070208,35.50848829
781,2018,2018-06-17 17:52,주,일,1,1,0,0,경남,함양군,차대차,측면충돌,운전자법규위반,안전운전 의무 불이행,교차로,교차로내,사륜오토바이(ATV),승용차,127.80431599999999,35.46901871
782,2018,2018-09-19 20:35,야,수,1,1,0,0,경남,양산시,차대사람,기타,운전자법규위반,안전운전 의무 불이행,교차로,교차로내,승용차,보행자,129.0558685,35.39539835
783,2018,2018-06-23 10:22,주,토,1,1,0,0,경남,양산시,차대사람,횡단중,운전자법규위반,안전운전 의무 불이행,교차로,교차로부근,화물차,보행자,129.16831580000002,35.41556184
784,2018,2018-06-22 12:15,주,금,3,4,0,1,경남,양산시,차대사람,기타,운전자법규위반,중앙선 침범,단일로,기타단일로,승용차,보행자,128.935685,35.41330472
785,2018,2018-06-11 16:55,주,월,1,1,0,0,경남,양산시,차대사람,차도통행중,운전자법규위반,안전운전 의무 불이행,단일로,기타단일로,승합차,보행자,129.0322628,35.33838656
786,2018,2018-02-21 09:25,주,수,1,1,0,0,경남,하동군,차대사람,길가장자리구역통행중,운전자법규위반,안전운전 의무 불이행,주차장,주차장,화물차,보행자,127.7513446,35.0667384
787,2018,2018-03-03 17:00,주,토,1,1,0,0,경남,거제시,차대사람,횡단중,운전자법규위반,과속,단일로,기타단일로,승용차,보행자,128.7033753,34.90842025
788,2018,2018-10-26 21:15,야,금,1,1,0,0,경남,거제시,차대사람,차도통행중,운전자법규위반,안전운전 의무 불이행,단일로,기타단일로,승용차,보행자,128.6152525,34.88909895
789,2018,2018-09-27 16:45,주,목,1,4,0,3,경남,남해군,차대차,정면충돌,운전자법규위반,중앙선 침범,단일로,기타단일로,화물차,승용차,128.0092859,34.82876309
790,2018,2018-10-13 18:15,야,토,1,1,0,0,경남,남해군,차량단독,도로이탈 추락,운전자법규위반,안전운전 의무 불이행,단일로,기타단일로,이륜차,없음,127.8991676,34.83901244
791,2018,2018-03-13 21:15,야,화,1,2,0,1,경남,산청군,차대차,추돌,운전자법규위반,안전운전 의무 불이행,단일로,기타단일로,화물차,화물차,127.85503130000001,35.41712419
792,2018,2018-06-01 20:33,야,금,1,1,0,0,경남,산청군,차대차,추돌,운전자법규위반,안전운전 의무 불이행,교차로,교차로내,화물차,농기계,127.9624811,35.30137244
793,2018,2018-05-26 12:34,주,토,1,6,5,0,경남,산청군,차대사람,기타,운전자법규위반,안전운전 의무 불이행,단일로,기타단일로,화물차,보행자,127.84051869999999,35.48107648
794,2018,2018-10-15 12:45,주,월,1,1,0,0,경남,산청군,차대사람,길가장자리구역통행중,운전자법규위반,안전운전 의무 불이행,단일로,기타단일로,화물차,보행자,127.85745949999999,35.46559996
795,2018,2018-07-24 20:25,야,화,2,2,0,0,경남,함안군,차대차,추돌,운전자법규위반,안전운전 의무 불이행,단일로,기타단일로,승용차,농기계,128.33305090000002,35.27174244
796,2018,2018-10-24 15:40,주,수,1,1,0,0,경남,의령군,차량단독,전도,운전자법규위반,안전운전 의무 불이행,단일로,지하차도(도로)내,농기계,없음,128.27522240000002,35.33905786
797,2018,2018-08-14 19:50,야,화,1,1,0,0,경남,의령군,차대차,추돌,운전자법규위반,안전운전 의무 불이행,단일로,지하차도(도로)내,승용차,농기계,128.1949856,35.33827443
798,2018,2018-01-01 20:45,야,월,1,4,2,1,경남,창원시(통합),차대차,기타,운전자법규위반,안전운전 의무 불이행,교차로,교차로횡단보도내,승용차,승용차,128.6755025,35.21481
799,2018,2018-12-17 07:20,주,월,1,2,0,1,경남,창원시(통합),차대차,정면충돌,운전자법규위반,안전운전 의무 불이행,단일로,교량위,화물차,화물차,128.701052,35.19802301
800,2018,2018-09-11 23:05,야,화,1,1,0,0,경남,김해시,차대사람,횡단중,운전자법규위반,안전운전 의무 불이행,단일로,기타단일로,승용차,보행자,128.8088966,35.20283796
801,2018,2018-02-15 06:20,주,목,1,1,0,0,경남,김해시,차대사람,횡단중,운전자법규위반,안전운전 의무 불이행,교차로,교차로부근,승용차,보행자,128.7504372,35.30104875
802,2018,2018-08-23 10:05,주,목,1,2,1,0,경남,통영시,차량단독,공작물충돌,운전자법규위반,안전운전 의무 불이행,단일로,기타단일로,화물차,없음,128.41308700000002,34.87840506
803,2018,2018-04-18 20:55,야,수,1,2,0,1,제주,제주시,차대사람,횡단중,운전자법규위반,과속,단일로,기타단일로,이륜차,보행자,126.55950190000001,33.50901953
804,2018,2018-01-07 06:20,주,일,1,1,0,0,제주,제주시,차대차,기타,운전자법규위반,신호위반,교차로,교차로내,화물차,이륜차,126.89256529999999,33.49724653
805,2018,2018-02-24 20:21,야,토,1,1,0,0,제주,서귀포시,차대사람,횡단중,운전자법규위반,안전운전 의무 불이행,교차로,교차로부근,승용차,보행자,126.57435259999998,33.25198048
806,2018,2018-03-15 20:50,야,목,1,4,3,0,제주,서귀포시,차대차,정면충돌,운전자법규위반,중앙선 침범,단일로,교량위,승용차,승용차,126.36152609999999,33.28007697
807,2018,2018-04-21 14:50,주,토,1,2,0,0,제주,서귀포시,차대차,기타,운전자법규위반,중앙선 침범,교차로,교차로부근,이륜차,승용차,126.79844840000001,33.37906328
808,2018,2018-08-05 23:50,야,일,1,2,1,0,제주,서귀포시,차대사람,횡단중,운전자법규위반,보행자 보호의무 위반,단일로,기타단일로,승용차,보행자,126.42372399999999,33.25182329
809,2018,2018-12-22 21:55,야,토,1,1,0,0,제주,서귀포시,차대사람,기타,운전자법규위반,안전운전 의무 불이행,단일로,기타단일로,승용차,보행자,126.9072314,33.42714572
810,2018,2018-11-23 18:29,야,금,1,1,0,0,제주,제주시,차대차,기타,운전자법규위반,신호위반,교차로,교차로내,승용차,이륜차,126.39504029999999,33.47127006
811,2018,2018-07-11 14:27,주,수,1,1,0,0,제주,제주시,차량단독,기타,운전자법규위반,안전운전 의무 불이행,단일로,기타단일로,화물차,없음,126.321626,33.46403705
812,2018,2018-07-25 03:00,야,수,1,1,0,0,제주,제주시,차량단독,공작물충돌,운전자법규위반,안전운전 의무 불이행,단일로,기타단일로,승용차,없음,126.19683329999998,33.36344522
813,2018,2018-04-02 14:35,주,월,1,1,0,0,대구,동구,차량단독,기타,운전자법규위반,안전운전 의무 불이행,단일로,기타단일로,승용차,없음,128.66388270000002,35.95787341
814,2018,2018-09-10 09:30,주,월,1,1,0,0,대구,동구,차대차,기타,운전자법규위반,기타(운전자법규위반),단일로,기타단일로,승합차,승용차,128.6413251,35.93684965
815,2018,2018-07-15 20:20,야,일,1,1,0,0,대구,수성구,차대사람,횡단중,운전자법규위반,보행자 보호의무 위반,교차로,교차로횡단보도내,승합차,보행자,128.6314028,35.82154428
816,2018,2018-02-25 00:17,야,일,1,1,0,0,대구,달성군,차대차,추돌,운전자법규위반,안전운전 의무 불이행,단일로,기타단일로,원동기장치자전거,화물차,128.4970964,35.87938843
817,2018,2018-07-15 21:54,야,일,1,1,0,0,대구,달성군,차대사람,차도통행중,운전자법규위반,안전운전 의무 불이행,교차로,교차로부근,화물차,보행자,128.502631,35.80514279
818,2018,2018-08-08 15:34,주,수,1,1,0,0,대구,달성군,차량단독,전도,운전자법규위반,안전운전 의무 불이행,단일로,기타단일로,이륜차,없음,128.44765220000002,35.67309951
819,2018,2018-08-20 00:05,야,월,1,2,1,0,대구,달성군,차대차,측면충돌,운전자법규위반,신호위반,교차로,교차로내,화물차,승용차,128.4350203,35.85815071
820,2018,2018-01-12 21:45,야,금,1,1,0,0,대구,북구,차대사람,횡단중,운전자법규위반,과속,단일로,기타단일로,승용차,보행자,128.60164550000002,35.89106078
821,2018,2018-10-27 06:22,주,토,1,1,0,0,대구,북구,차대사람,횡단중,운전자법규위반,신호위반,교차로,교차로횡단보도내,승용차,보행자,128.5963184,35.90165776
822,2018,2018-05-22 11:01,주,화,1,1,0,0,대구,서구,차대차,측면충돌,운전자법규위반,안전운전 의무 불이행,단일로,기타단일로,건설기계,건설기계,128.5331878,35.86739909
823,2018,2018-03-25 05:50,야,일,1,2,0,1,대구,달서구,차대차,기타,운전자법규위반,신호위반,교차로,교차로내,이륜차,승용차,128.4919861,35.84445875
824,2018,2018-07-18 23:40,야,수,1,1,0,0,대구,달서구,차량단독,기타,운전자법규위반,안전운전 의무 불이행,단일로,기타단일로,이륜차,없음,128.5442706,35.84340267
825,2018,2018-12-23 04:50,야,일,1,1,0,0,대구,북구,차대차,기타,운전자법규위반,안전운전 의무 불이행,단일로,기타단일로,화물차,자전거,128.5511961,35.94518278
826,2018,2018-11-23 10:40,주,금,1,5,1,3,인천,중구,차대사람,기타,운전자법규위반,기타(운전자법규위반),기타,기타,승합차,보행자,126.4565553,37.44264271
827,2018,2018-04-19 21:35,야,목,1,3,1,1,인천,중구,차대차,정면충돌,운전자법규위반,교차로 통행방법 위반,교차로,교차로내,승용차,승합차,126.61444820000001,37.47777675
828,2018,2018-06-04 15:30,주,월,1,1,0,0,인천,옹진군,차량단독,도로이탈 추락,운전자법규위반,안전운전 의무 불이행,단일로,기타단일로,농기계,없음,125.9491017,37.07434747
829,2018,2018-01-20 06:45,주,토,1,1,0,0,인천,중구,차대차,추돌,운전자법규위반,안전운전 의무 불이행,교차로,교차로부근,화물차,화물차,126.62234740000001,37.44639679
830,2018,2018-06-09 23:30,야,토,1,2,1,0,인천,남동구,차량단독,공작물충돌,운전자법규위반,안전운전 의무 불이행,단일로,지하차도(도로)내,원동기장치자전거,없음,126.7069977,37.46587841
831,2018,2018-04-09 00:37,야,월,1,3,2,0,인천,남동구,차대차,측면충돌,운전자법규위반,중앙선 침범,단일로,기타단일로,승용차,승용차,126.70040719999999,37.44444495
832,2018,2018-01-08 19:08,야,월,1,1,0,0,인천,서구,차대사람,횡단중,운전자법규위반,안전운전 의무 불이행,단일로,기타단일로,화물차,보행자,126.6062773,37.56644262
833,2018,2018-02-06 16:40,주,화,1,2,0,1,인천,서구,차대차,기타,운전자법규위반,안전운전 의무 불이행,단일로,기타단일로,승용차,승용차,126.6790765,37.49807306
834,2018,2018-02-24 00:40,야,토,1,1,0,0,인천,서구,차대차,측면충돌,운전자법규위반,신호위반,교차로,교차로내,특수차,이륜차,126.6730929,37.55232795
835,2018,2018-12-04 17:40,주,화,1,1,0,0,인천,서구,차대차,기타,운전자법규위반,신호위반,교차로,교차로내,화물차,화물차,126.646138,37.51455941
836,2018,2018-08-08 05:55,야,수,1,1,0,0,인천,서구,차대차,측면충돌,운전자법규위반,과속,단일로,기타단일로,승용차,승용차,126.676395,37.53414404
837,2018,2018-01-19 02:14,야,금,1,1,0,0,인천,계양구,차량단독,공작물충돌,운전자법규위반,안전운전 의무 불이행,단일로,기타단일로,이륜차,없음,126.73448059999998,37.53969955
838,2018,2018-08-29 23:58,야,수,1,1,0,0,인천,계양구,차대차,추돌,운전자법규위반,안전운전 의무 불이행,교차로,교차로부근,승용차,이륜차,126.75231480000001,37.5311249
839,2018,2018-07-04 09:13,주,수,1,1,0,0,인천,계양구,차대사람,기타,운전자법규위반,안전운전 의무 불이행,단일로,기타단일로,화물차,보행자,126.7225935,37.53115831
840,2018,2018-11-05 23:05,야,월,1,1,0,0,인천,연수구,차대차,측면충돌,운전자법규위반,안전운전 의무 불이행,교차로,교차로부근,자전거,승합차,126.66801219999999,37.42156135
841,2018,2018-07-03 21:10,야,화,1,2,0,1,인천,연수구,차대차,추돌,운전자법규위반,안전운전 의무 불이행,교차로,교차로부근,승용차,승합차,126.6973403,37.42326579
842,2018,2018-01-06 02:00,야,토,1,1,0,0,인천,연수구,차대차,측면충돌,운전자법규위반,안전운전 의무 불이행,단일로,교량위,승용차,이륜차,126.667859,37.39342716
843,2018,2018-03-20 05:52,야,화,1,1,0,0,인천,부평구,차대차,기타,운전자법규위반,안전운전 의무 불이행,단일로,기타단일로,승용차,화물차,126.7298567,37.49290782
844,2018,2018-12-21 17:30,주,금,1,1,0,0,인천,남동구,차대사람,횡단중,운전자법규위반,안전운전 의무 불이행,단일로,기타단일로,승합차,보행자,126.73990900000001,37.44753585
845,2018,2018-01-14 00:01,야,일,1,5,1,3,경기,고양시,차대차,추돌,운전자법규위반,안전운전 의무 불이행,단일로,교량위,승용차,승용차,126.8047422,37.63313402
846,2018,2018-06-08 17:15,주,금,1,1,0,0,경기,고양시,차대사람,기타,운전자법규위반,안전운전 의무 불이행,단일로,교량위,화물차,보행자,126.9014481,37.67298932
847,2018,2018-09-01 19:35,야,토,1,4,0,3,경기,안양시,차대차,추돌,운전자법규위반,안전운전 의무 불이행,단일로,고가도로위,승용차,승용차,126.9030867,37.42384741
848,2018,2018-08-07 15:40,주,화,1,2,0,1,경기,안산시,차량단독,공작물충돌,운전자법규위반,안전운전 의무 불이행,단일로,기타단일로,화물차,없음,126.79240829999999,37.34567417
849,2018,2018-10-06 03:28,야,토,1,1,0,0,인천,부평구,차대차,기타,운전자법규위반,안전운전 의무 불이행,단일로,교량위,화물차,승용차,126.75136119999999,37.52348448
850,2018,2018-10-05 20:30,야,금,1,1,0,0,광주,동구,차대사람,횡단중,운전자법규위반,안전운전 의무 불이행,단일로,기타단일로,승용차,보행자,126.931238,35.157077
851,2018,2018-01-22 05:50,야,월,1,1,0,0,광주,남구,차대차,측면충돌,운전자법규위반,기타(운전자법규위반),교차로,교차로부근,승용차,자전거,126.9183585,35.12224993
852,2018,2018-10-10 17:30,주,수,1,1,0,0,광주,북구,차대사람,횡단중,운전자법규위반,보행자 보호의무 위반,단일로,기타단일로,건설기계,보행자,126.9027212,35.16662709
853,2018,2018-05-30 20:30,야,수,1,1,0,0,광주,북구,차대사람,횡단중,운전자법규위반,신호위반,단일로,기타단일로,승용차,보행자,126.90275179999999,35.15838657
854,2018,2018-03-31 12:00,주,토,1,1,0,0,광주,북구,차대차,측면충돌,운전자법규위반,기타(운전자법규위반),단일로,기타단일로,승용차,이륜차,126.91205249999999,35.17351756
855,2018,2018-11-15 18:23,야,목,1,1,0,0,광주,광산구,차대사람,횡단중,운전자법규위반,안전운전 의무 불이행,교차로,교차로부근,승용차,보행자,126.7594807,35.12055382
856,2018,2018-05-12 20:33,야,토,1,1,0,0,대전,중구,차대차,측면충돌,운전자법규위반,안전운전 의무 불이행,교차로,교차로내,승용차,이륜차,127.43669320000001,36.3138071
857,2018,2018-03-31 13:50,주,토,1,1,0,0,대전,중구,차대차,측면충돌,운전자법규위반,신호위반,단일로,기타단일로,화물차,자전거,127.39244009999999,36.32650529
858,2018,2018-01-02 05:50,야,화,1,1,0,0,대전,중구,차대차,추돌,운전자법규위반,안전운전 의무 불이행,단일로,기타단일로,승용차,자전거,127.4136814,36.32141978
859,2018,2018-09-05 07:35,주,수,1,1,0,0,대전,동구,차량단독,공작물충돌,운전자법규위반,안전운전 의무 불이행,단일로,기타단일로,승용차,없음,127.4952747,36.34770381
860,2018,2018-10-14 22:15,야,일,1,1,0,0,대전,동구,차대사람,횡단중,운전자법규위반,안전운전 의무 불이행,단일로,기타단일로,승용차,보행자,127.4536456,36.31758334
861,2018,2018-05-30 13:40,주,수,1,1,0,0,대전,서구,차대사람,횡단중,운전자법규위반,안전운전 의무 불이행,단일로,고가도로위,화물차,보행자,127.336941,36.30141555
862,2018,2018-09-03 21:15,야,월,1,1,0,0,대전,서구,차대사람,횡단중,운전자법규위반,안전운전 의무 불이행,단일로,기타단일로,승용차,보행자,127.3784729,36.32381432
863,2018,2018-02-20 11:03,주,화,1,1,0,0,대전,대덕구,차대사람,길가장자리구역통행중,운전자법규위반,안전운전 의무 불이행,단일로,기타단일로,화물차,보행자,127.422402,36.43624551
864,2018,2018-04-11 23:30,야,수,1,1,0,0,대전,서구,차대차,기타,운전자법규위반,중앙선 침범,단일로,기타단일로,승용차,이륜차,127.37948519999999,36.35372853
865,2018,2018-04-07 17:17,주,토,1,1,0,0,대전,유성구,차대사람,횡단중,운전자법규위반,보행자 보호의무 위반,교차로,교차로횡단보도내,승용차,보행자,127.38610919999999,36.43531487
866,2018,2018-09-07 04:00,야,금,1,2,0,1,대전,유성구,차대차,추돌,운전자법규위반,안전운전 의무 불이행,단일로,기타단일로,승용차,화물차,127.32691100000001,36.36452749
867,2018,2018-05-27 12:25,주,일,1,2,1,0,울산,북구,차대차,추돌,운전자법규위반,과속,단일로,기타단일로,승용차,원동기장치자전거,129.33951340000002,35.66285687
868,2018,2018-04-29 03:16,야,일,1,1,0,0,울산,남구,차량단독,공작물충돌,운전자법규위반,안전운전 의무 불이행,교차로,교차로내,이륜차,없음,129.3246793,35.54530095
869,2018,2018-08-05 06:51,주,일,1,1,0,0,울산,남구,차대차,추돌,운전자법규위반,안전운전 의무 불이행,단일로,기타단일로,승용차,자전거,129.2761325,35.55175065
870,2018,2018-07-08 01:50,야,일,1,1,0,0,울산,남구,차대사람,횡단중,운전자법규위반,안전운전 의무 불이행,교차로,교차로횡단보도내,화물차,보행자,129.3313124,35.5381866
871,2018,2018-04-01 19:53,야,일,1,1,0,0,울산,남구,차대사람,횡단중,운전자법규위반,보행자 보호의무 위반,기타,기타,승용차,보행자,129.2902102,35.54586284
872,2018,2018-03-22 11:30,주,목,1,1,0,0,울산,남구,차대차,기타,운전자법규위반,안전운전 의무 불이행,단일로,기타단일로,승용차,자전거,129.2641594,35.54855478
873,2018,2018-11-30 03:00,야,금,1,1,0,0,울산,동구,차대사람,기타,운전자법규위반,안전운전 의무 불이행,단일로,기타단일로,승용차,보행자,129.42821709999998,35.48562368
874,2018,2018-03-22 23:35,야,목,1,1,0,0,울산,동구,차량단독,기타,운전자법규위반,안전운전 의무 불이행,단일로,기타단일로,이륜차,없음,129.4315604,35.51385029
875,2018,2018-07-02 09:00,주,월,1,2,1,0,울산,울주군,차대차,기타,운전자법규위반,중앙선 침범,단일로,기타단일로,승용차,화물차,129.1064805,35.57409116
876,2018,2018-06-27 18:00,야,수,1,1,0,0,울산,울주군,차대사람,횡단중,운전자법규위반,안전운전 의무 불이행,교차로,교차로내,승용차,보행자,129.27783459999998,35.41680271