,발생년,발생년월일시분,주야,요일,사망자수,사상자수,중상자수,경상자수,발생지시도,발생지시군구,사고유형_대분류,사고유형,법규위반_대분류,법규위반,도로형태_대분류,도로형태,가해자_당사자종별,피해자_당사자종별,경도,위도
877,2018,2018-03-23 20:30,야,금,1,1,0,0,경기,의정부시,차대차,추돌,운전자법규위반,안전운전 의무 불이행,교차로,교차로부근,승용차,화물차,127.102603,37.71938289
878,2018,2018-09-19 08:35,주,수,1,1,0,0,경기,고양시,차대차,측면충돌,운전자법규위반,중앙선 침범,교차로,교차로부근,자전거,화물차,126.90140729999999,37.7133324
879,2018,2018-11-30 04:35,야,금,1,1,0,0,경기,고양시,차대차,추돌,운전자법규위반,과속,단일로,기타단일로,승용차,이륜차,126.8187965,37.66406845
880,2018,2018-06-30 11:20,주,토,1,1,0,0,경기,남양주시,차량단독,기타,운전자법규위반,안전운전 의무 불이행,단일로,기타단일로,자전거,없음,127.17831899999999,37.59075833
881,2018,2018-12-15 02:12,야,토,1,1,0,0,경기,파주시,차량단독,공작물충돌,운전자법규위반,안전운전 의무 불이행,단일로,기타단일로,승용차,없음,126.8839903,37.73542415
882,2018,2018-10-10 10:50,주,수,1,1,0,0,경기,파주시,차대사람,차도통행중,운전자법규위반,안전운전 의무 불이행,단일로,기타단일로,승합차,보행자,126.72483159999999,37.73980266
883,2018,2018-01-10 20:42,야,수,1,2,0,1,경기,동두천시,차대차,기타,운전자법규위반,중앙선 침범,교차로,교차로부근,승용차,화물차,127.0498733,37.92918057
884,2018,2018-08-02 18:15,야,목,1,1,0,0,경기,동두천시,차량단독,공작물충돌,운전자법규위반,안전운전 의무 불이행,교차로,교차로내,승용차,없음,127.0678908,37.96916631
885,2018,2018-12-07 17:00,주,금,1,1,0,0,경기,구리시,차량단독,기타,운전자법규위반,안전운전 의무 불이행,기타,기타,원동기장치자전거,없음,127.1318131,37.60844205
886,2018,2018-01-09 17:15,주,화,1,3,2,0,경기,포천시,차대차,정면충돌,운전자법규위반,신호위반,교차로,교차로내,화물차,화물차,127.24002549999999,38.15166781
887,2018,2018-04-09 06:22,주,월,1,7,6,0,경기,포천시,차량단독,공작물충돌,운전자법규위반,안전운전 의무 불이행,교차로,교차로부근,화물차,없음,127.2626608,37.82211394
888,2018,2018-10-22 09:20,주,월,1,1,0,0,경기,포천시,차대사람,횡단중,운전자법규위반,안전운전 의무 불이행,단일로,기타단일로,승합차,보행자,127.3664007,38.03553395
889,2018,2018-06-22 23:15,야,금,1,1,0,0,경기,포천시,차량단독,기타,운전자법규위반,안전운전 의무 불이행,단일로,교량위,화물차,없음,127.39171329999999,38.09505346
890,2018,2018-10-18 18:40,야,목,1,1,0,0,경기,연천군,차대사람,횡단중,운전자법규위반,안전운전 의무 불이행,교차로,교차로내,승용차,보행자,127.0676918,38.04962305
891,2018,2018-05-19 07:15,주,토,1,1,0,0,경기,고양시,차량단독,기타,운전자법규위반,안전운전 의무 불이행,단일로,기타단일로,자전거,없음,126.7286983,37.66241408
892,2018,2018-03-23 18:00,야,금,1,1,0,0,서울,중구,차대차,측면충돌,운전자법규위반,안전운전 의무 불이행,교차로,교차로내,승용차,이륜차,127.00243490000001,37.56466688
893,2018,2018-06-03 12:16,주,일,1,1,0,0,서울,종로구,차대차,측면충돌,운전자법규위반,신호위반,교차로,교차로내,화물차,승용차,126.9595071,37.60095554
894,2018,2018-05-13 22:44,야,일,1,1,0,0,서울,서대문구,차대사람,차도통행중,운전자법규위반,기타(운전자법규위반),단일로,기타단일로,승합차,보행자,126.9513736,37.58082709
895,2018,2018-04-28 01:50,야,토,1,1,0,0,서울,은평구,차대사람,기타,운전자법규위반,안전운전 의무 불이행,교차로,교차로부근,승용차,보행자,126.92488829999999,37.59487011
896,2018,2018-01-06 05:14,야,토,1,1,0,0,서울,용산구,차대사람,횡단중,운전자법규위반,안전운전 의무 불이행,단일로,기타단일로,승용차,보행자,126.98869509999999,37.53389018
897,2018,2018-08-11 21:42,야,토,1,2,1,0,서울,성북구,차대사람,보도통행중,운전자법규위반,안전운전 의무 불이행,단일로,기타단일로,이륜차,보행자,127.0080935,37.58750368
898,2018,2018-08-01 23:10,야,수,1,2,0,1,서울,성북구,차대사람,횡단중,운전자법규위반,안전운전 의무 불이행,단일로,기타단일로,승용차,보행자,127.00897479999999,37.5895534
899,2018,2018-02-25 04:00,야,일,1,4,2,1,서울,강북구,차대차,측면충돌,운전자법규위반,신호위반,교차로,교차로내,승용차,승용차,127.0334443,37.61078916
900,2018,2018-07-09 01:13,야,월,1,1,0,0,서울,강북구,차대사람,횡단중,운전자법규위반,신호위반,교차로,교차로내,승합차,보행자,127.02540490000001,37.634967100000004
901,2018,2018-06-19 05:40,야,화,1,1,0,0,서울,강북구,차량단독,기타,운전자법규위반,안전운전 의무 불이행,단일로,기타단일로,자전거,없음,127.00542879999999,37.67345315
902,2018,2018-10-28 06:45,주,일,1,1,0,0,서울,동대문구,차대사람,횡단중,운전자법규위반,보행자 보호의무 위반,교차로,교차로횡단보도내,승용차,보행자,127.05597949999999,37.58991084
903,2018,2018-05-15 20:50,야,화,1,1,0,0,서울,마포구,차대차,측면충돌,운전자법규위반,안전운전 의무 불이행,단일로,기타단일로,자전거,승용차,126.95646609999999,37.55333256
904,2018,2018-04-10 11:17,주,화,1,1,0,0,서울,마포구,차대사람,기타,운전자법규위반,안전운전 의무 불이행,단일로,기타단일로,승합차,보행자,126.92045630000001,37.55432404
905,2018,2018-10-03 09:15,주,수,1,2,0,1,서울,영등포구,차대차,기타,운전자법규위반,안전운전 의무 불이행,교차로,교차로부근,자전거,승용차,126.9047102,37.519886299999996
906,2018,2018-08-09 23:50,야,목,1,1,0,0,서울,영등포구,차대차,측면충돌,운전자법규위반,안전운전 의무 불이행,교차로,교차로부근,자전거,승용차,126.9083621,37.49592866
907,2018,2018-05-17 01:41,야,목,1,1,0,0,서울,영등포구,차량단독,공작물충돌,운전자법규위반,안전운전 의무 불이행,교차로,교차로내,승용차,없음,126.88731969999999,37.51401971
908,2018,2018-02-19 14:35,주,월,1,1,0,0,서울,영등포구,차대사람,횡단중,운전자법규위반,신호위반,단일로,기타단일로,승용차,보행자,126.92416259999999,37.5258235
909,2018,2018-07-13 07:36,주,금,1,1,0,0,서울,영등포구,차대차,기타,운전자법규위반,안전운전 의무 불이행,단일로,기타단일로,화물차,화물차,126.90069150000001,37.5158099
910,2018,2018-01-18 17:34,주,목,1,1,0,0,서울,성동구,차대사람,횡단중,운전자법규위반,안전운전 의무 불이행,단일로,기타단일로,승용차,보행자,127.0364451,37.55992001
911,2018,2018-04-13 14:55,주,금,1,1,0,0,서울,동작구,차대사람,횡단중,운전자법규위반,신호위반,단일로,기타단일로,승용차,보행자,126.93849170000001,37.51355298
912,2018,2018-11-29 11:25,주,목,1,4,1,2,서울,중랑구,차대차,정면충돌,운전자법규위반,중앙선 침범,불명,불명,승용차,승용차,127.08429679999999,37.60215509
913,2018,2018-03-10 01:40,야,토,1,1,0,0,서울,관악구,차대사람,보도통행중,운전자법규위반,안전운전 의무 불이행,교차로,교차로횡단보도내,이륜차,보행자,126.93360829999999,37.47396013
914,2018,2018-01-05 00:22,야,금,1,3,2,0,서울,강서구,차대차,정면충돌,운전자법규위반,안전운전 의무 불이행,교차로,교차로부근,승용차,승용차,126.8290845,37.5728044
915,2018,2018-08-13 18:35,야,월,1,1,0,0,서울,강서구,차대사람,횡단중,운전자법규위반,안전운전 의무 불이행,교차로,교차로부근,화물차,보행자,126.8126199,37.570240000000005
916,2018,2018-06-30 02:06,야,토,1,1,0,0,서울,강서구,차대사람,기타,운전자법규위반,안전운전 의무 불이행,단일로,기타단일로,승용차,보행자,126.8575273,37.53896395
917,2018,2018-03-04 22:20,야,일,1,3,0,2,서울,송파구,차대차,정면충돌,운전자법규위반,중앙선 침범,단일로,지하차도(도로)내,원동기장치자전거,승합차,127.11639209999998,37.49600317
918,2018,2018-02-21 22:30,야,수,1,5,0,4,서울,송파구,차대차,추돌,운전자법규위반,안전운전 의무 불이행,교차로,교차로부근,화물차,승용차,127.1127841,37.51995856
919,2018,2018-04-16 17:20,주,월,1,1,0,0,서울,송파구,차대사람,길가장자리구역통행중,운전자법규위반,안전운전 의무 불이행,교차로,교차로내,승용차,보행자,127.1242025,37.48833964
920,2018,2018-11-04 17:15,주,일,1,1,0,0,서울,송파구,차대사람,횡단중,운전자법규위반,안전운전 의무 불이행,단일로,기타단일로,승용차,보행자,127.07720060000001,37.50272876
921,2018,2018-02-17 12:04,주,토,1,1,0,0,서울,송파구,차대차,측면충돌,운전자법규위반,안전운전 의무 불이행,교차로,교차로횡단보도내,화물차,자전거,127.10395159999999,37.50818457
922,2018,2018-11-11 07:14,주,일,2,10,4,4,서울,송파구,차대차,기타,운전자법규위반,안전운전 의무 불이행,단일로,기타단일로,승용차,승합차,127.08552920000001,37.51675638
923,2018,2018-12-13 13:10,주,목,1,2,1,0,서울,성북구,차량단독,공작물충돌,운전자법규위반,안전운전 의무 불이행,단일로,기타단일로,승용차,없음,127.02619299999999,37.60364868
924,2018,2018-12-24 05:41,야,월,1,1,0,0,서울,서초구,차대차,기타,운전자법규위반,안전운전 의무 불이행,단일로,기타단일로,승용차,승용차,127.03849840000002,37.46501785
925,2018,2018-11-29 23:25,야,목,1,5,1,3,서울,서초구,차대차,측면충돌,운전자법규위반,신호위반,교차로,교차로내,승용차,승합차,127.01306969999999,37.50860203
926,2018,2018-11-21 04:28,야,수,1,1,0,0,서울,양천구,차대사람,횡단중,운전자법규위반,신호위반,교차로,교차로횡단보도내,승용차,보행자,126.8392781,37.51744725
927,2018,2018-10-09 22:35,야,화,1,1,0,0,서울,양천구,차량단독,전도,운전자법규위반,안전운전 의무 불이행,단일로,교량위,이륜차,없음,126.834919,37.52538168
928,2018,2018-10-15 12:41,주,월,1,1,0,0,서울,노원구,차대사람,보도통행중,운전자법규위반,기타(운전자법규위반),단일로,기타단일로,승용차,보행자,127.06179409999999,37.64910564
929,2018,2018-06-25 08:06,주,월,1,1,0,0,서울,노원구,차대사람,차도통행중,운전자법규위반,안전운전 의무 불이행,단일로,기타단일로,승용차,보행자,127.07831540000001,37.65628642
930,2018,2018-02-07 18:40,야,수,1,1,0,0,서울,도봉구,차대사람,기타,운전자법규위반,안전운전 의무 불이행,교차로,교차로부근,승용차,보행자,127.04449469999999,37.67333108
931,2018,2018-09-09 02:18,야,일,1,1,0,0,서울,은평구,차량단독,공작물충돌,운전자법규위반,안전운전 의무 불이행,단일로,기타단일로,원동기장치자전거,없음,126.91507209999999,37.61739138
932,2018,2018-02-06 11:30,주,화,1,1,0,0,서울,은평구,차대사람,횡단중,운전자법규위반,안전운전 의무 불이행,교차로,교차로내,승용차,보행자,126.917051,37.62371954
933,2018,2018-08-12 05:13,야,일,1,1,0,0,서울,강남구,차량단독,기타,운전자법규위반,안전운전 의무 불이행,단일로,지하차도(도로)내,승용차,없음,127.0741741,37.48519452
934,2018,2018-08-12 21:44,야,일,1,1,0,0,부산,북구,차대사람,횡단중,운전자법규위반,안전운전 의무 불이행,단일로,기타단일로,승용차,보행자,128.9964918,35.20628151
935,2018,2018-07-12 13:32,주,목,1,1,0,0,부산,동래구,차대차,기타,운전자법규위반,교차로 통행방법 위반,교차로,교차로내,승용차,자전거,129.0839349,35.20358215
936,2018,2018-07-18 18:35,야,수,1,20,5,14,부산,동래구,차대사람,횡단중,운전자법규위반,안전운전 의무 불이행,단일로,기타단일로,승합차,보행자,129.0797082,35.20370049
937,2018,2018-02-12 13:10,주,월,1,1,0,0,부산,영도구,차대차,측면충돌,운전자법규위반,신호위반,교차로,교차로내,자전거,건설기계,129.05800490000001,35.09961159
938,2018,2018-04-28 08:40,주,토,1,1,0,0,부산,영도구,차대차,측면충돌,운전자법규위반,중앙선 침범,단일로,기타단일로,이륜차,화물차,129.046948,35.08807725
939,2018,2018-04-25 17:32,주,수,1,1,0,0,부산,해운대구,차대사람,횡단중,운전자법규위반,안전운전 의무 불이행,단일로,기타단일로,특수차,보행자,129.12815279999998,35.21979214
940,2018,2018-02-25 06:45,주,일,1,1,0,0,부산,해운대구,차대사람,횡단중,운전자법규위반,안전운전 의무 불이행,기타,기타,화물차,보행자,129.1442298,35.16328854
941,2018,2018-07-28 04:07,야,토,1,1,0,0,부산,부산진구,차량단독,기타,운전자법규위반,안전운전 의무 불이행,단일로,기타단일로,이륜차,없음,129.0690105,35.16263639
942,2018,2018-05-18 22:50,야,금,1,1,0,0,부산,부산진구,차대사람,기타,운전자법규위반,안전운전 의무 불이행,단일로,기타단일로,이륜차,보행자,129.0599996,35.1591148
943,2018,2018-10-11 00:15,야,목,1,1,0,0,부산,부산진구,차대사람,기타,운전자법규위반,안전운전 의무 불이행,단일로,기타단일로,승용차,보행자,129.0289354,35.14772412
944,2018,2018-04-09 17:43,주,월,1,1,0,0,부산,사하구,차대차,측면충돌,운전자법규위반,안전거리 미확보,단일로,기타단일로,이륜차,승합차,128.9636314,35.10617056
945,2018,2018-12-21 06:24,주,금,1,1,0,0,부산,연제구,차대사람,길가장자리구역통행중,운전자법규위반,안전운전 의무 불이행,단일로,기타단일로,승합차,보행자,129.0882995,35.18007439
946,2018,2018-06-28 05:05,야,목,1,1,0,0,부산,연제구,차대사람,횡단중,운전자법규위반,과속,단일로,기타단일로,승용차,보행자,129.0894816,35.17423455
947,2018,2018-02-23 20:20,야,금,1,1,0,0,부산,강서구,차대사람,횡단중,운전자법규위반,안전운전 의무 불이행,단일로,기타단일로,승용차,보행자,128.9767163,35.21143182
948,2018,2018-03-09 07:34,주,금,1,1,0,0,부산,강서구,차대사람,횡단중,운전자법규위반,안전운전 의무 불이행,단일로,기타단일로,승용차,보행자,128.8842753,35.08872921
949,2018,2018-05-19 22:25,야,토,1,1,0,0,부산,강서구,차대사람,기타,운전자법규위반,안전운전 의무 불이행,단일로,기타단일로,승용차,보행자,128.9266592,35.11285698
950,2018,2018-03-31 09:16,주,토,1,1,0,0,부산,강서구,차대사람,기타,운전자법규위반,과속,교차로,교차로부근,승용차,보행자,128.9586057,35.16298301
951,2018,2018-01-16 21:19,야,화,1,1,0,0,부산,기장군,차대사람,횡단중,운전자법규위반,보행자 보호의무 위반,교차로,교차로횡단보도내,화물차,보행자,129.1916783,35.31975271
952,2018,2018-07-28 19:29,야,토,1,1,0,0,경남,김해시,차량단독,기타,운전자법규위반,안전운전 의무 불이행,단일로,기타단일로,화물차,없음,128.92562009999997,35.34704856
953,2018,2018-02-22 11:16,주,목,1,2,0,1,경남,양산시,차대차,정면충돌,운전자법규위반,중앙선 침범,단일로,기타단일로,화물차,건설기계,129.0528278,35.37865013
954,2018,2018-08-12 21:10,야,일,1,1,0,0,경기,수원시,차대사람,차도통행중,운전자법규위반,안전운전 의무 불이행,단일로,기타단일로,승용차,보행자,127.00544479999999,37.30386874
955,2018,2018-08-02 23:00,야,목,1,1,0,0,경기,성남시,차량단독,전도,운전자법규위반,안전운전 의무 불이행,단일로,기타단일로,개인형이동수단(PM),없음,127.1022096,37.42272018
956,2018,2018-08-18 09:25,주,토,3,3,0,0,경기,평택시,차대차,측면충돌,운전자법규위반,과속,교차로,교차로내,이륜차,승용차,127.077694,37.09179534
957,2018,2018-03-10 16:45,주,토,1,1,0,0,경기,평택시,차대차,측면충돌,운전자법규위반,직진 및 우회전차의 통행방해,교차로,교차로내,승용차,승용차,127.04121940000002,36.96746977
958,2018,2018-06-01 23:10,야,금,1,1,0,0,경기,평택시,차량단독,기타,운전자법규위반,안전운전 의무 불이행,단일로,기타단일로,승용차,없음,127.09871399999999,37.10026057
959,2018,2018-09-28 15:05,주,금,1,1,0,0,경기,평택시,차대사람,길가장자리구역통행중,운전자법규위반,안전운전 의무 불이행,단일로,기타단일로,건설기계,보행자,126.83432090000001,37.002421000000005
960,2018,2018-08-30 10:00,주,목,1,1,0,0,경기,평택시,차대차,측면충돌,운전자법규위반,안전운전 의무 불이행,교차로,교차로부근,이륜차,승용차,127.10006489999999,37.04445786
961,2018,2018-09-12 13:40,주,수,1,1,0,0,경기,평택시,차량단독,전도,운전자법규위반,안전운전 의무 불이행,교차로,교차로내,사륜오토바이(ATV),없음,127.0764997,37.07993737
962,2018,2018-02-11 10:05,주,일,1,3,1,1,경기,안성시,차대차,측면충돌,운전자법규위반,신호위반,교차로,교차로내,화물차,화물차,127.2268719,37.03420766
963,2018,2018-12-20 07:05,주,목,1,1,0,0,경기,이천시,차대차,정면충돌,운전자법규위반,안전운전 의무 불이행,단일로,기타단일로,승용차,이륜차,127.46541850000001,37.27028329
964,2018,2018-11-29 23:00,야,목,1,1,0,0,경기,이천시,차량단독,도로이탈 추락,운전자법규위반,안전운전 의무 불이행,교차로,교차로부근,승용차,없음,127.5475247,37.17226858
965,2018,2018-03-17 01:45,야,토,1,1,0,0,경기,이천시,차대차,기타,운전자법규위반,안전운전 의무 불이행,단일로,기타단일로,승용차,승용차,127.35031219999999,37.25515832
966,2018,2018-08-14 12:00,주,화,1,1,0,0,경기,이천시,차대차,측면충돌,운전자법규위반,교차로 통행방법 위반,교차로,교차로내,승용차,이륜차,127.4281256,37.32242139
967,2018,2018-03-23 21:10,야,금,1,1,0,0,경기,광주시,차대사람,횡단중,운전자법규위반,안전운전 의무 불이행,단일로,기타단일로,승용차,보행자,127.2706574,37.40231811
968,2018,2018-09-22 23:24,야,토,1,1,0,0,경기,광주시,차대사람,기타,운전자법규위반,안전운전 의무 불이행,교차로,교차로부근,승합차,보행자,127.2648261,37.40629075
969,2018,2018-02-01 18:25,야,목,1,1,0,0,경기,여주시,차대차,측면충돌,운전자법규위반,중앙선 침범,교차로,교차로내,화물차,이륜차,127.53010559999998,37.21837256
970,2018,2018-07-28 12:35,주,토,1,7,2,4,경기,용인시,차대차,정면충돌,운전자법규위반,중앙선 침범,교차로,교차로부근,승용차,승용차,127.14717830000001,37.25160843
971,2018,2018-06-05 13:07,주,화,1,1,0,0,경기,용인시,차량단독,공작물충돌,운전자법규위반,안전운전 의무 불이행,단일로,기타단일로,건설기계,없음,127.2299986,37.35040274
972,2018,2018-05-05 23:00,야,토,1,1,0,0,경기,용인시,차량단독,공작물충돌,운전자법규위반,안전운전 의무 불이행,교차로,교차로부근,이륜차,없음,127.13198020000002,37.22333026
973,2018,2018-04-28 09:03,주,토,1,1,0,0,경기,김포시,차대차,측면충돌,운전자법규위반,신호위반,교차로,교차로내,건설기계,승용차,126.5674959,37.64717127
974,2018,2018-12-14 12:35,주,금,1,3,1,0,경기,김포시,차대차,기타,운전자법규위반,신호위반,교차로,교차로내,이륜차,건설기계,126.6210287,37.61866799
975,2018,2018-07-08 16:00,주,일,2,3,1,0,경기,양평군,차량단독,도로이탈 추락,운전자법규위반,안전운전 의무 불이행,단일로,기타단일로,승용차,없음,127.50209450000001,37.55375434
976,2018,2018-03-14 14:10,주,수,1,1,0,0,경기,양평군,차량단독,공작물충돌,운전자법규위반,안전운전 의무 불이행,단일로,기타단일로,이륜차,없음,127.3416232,37.53714426
977,2018,2018-12-29 19:20,야,토,1,2,0,1,경기,오산시,차대차,측면충돌,운전자법규위반,신호위반,교차로,교차로내,승합차,승합차,127.0789989,37.15893754
978,2018,2018-11-02 01:02,야,금,1,1,0,0,경기,화성시,차대사람,횡단중,운전자법규위반,안전운전 의무 불이행,단일로,기타단일로,승용차,보행자,127.03658909999999,37.21171891
979,2018,2018-04-10 21:12,야,화,1,1,0,0,경기,화성시,차량단독,기타,운전자법규위반,안전운전 의무 불이행,기타,기타,자전거,없음,127.0424436,37.23136518
980,2018,2018-12-21 16:00,주,금,1,1,0,0,경기,부천시,차대사람,보도통행중,운전자법규위반,보행자 보호의무 위반,교차로,교차로횡단보도내,승용차,보행자,126.7512929,37.48953938
981,2018,2018-10-30 22:00,야,화,1,1,0,0,경기,광명시,차대차,추돌,운전자법규위반,안전운전 의무 불이행,단일로,기타단일로,승용차,건설기계,126.880404,37.46906915
982,2018,2018-02-21 05:52,야,수,1,1,0,0,경기,광명시,차대사람,횡단중,운전자법규위반,안전운전 의무 불이행,단일로,기타단일로,승용차,보행자,126.85220679999999,37.47485787
983,2018,2018-12-08 07:06,주,토,1,1,0,0,경기,안산시,차대차,추돌,운전자법규위반,안전운전 의무 불이행,단일로,기타단일로,승용차,건설기계,126.8172361,37.33060487
984,2018,2018-09-18 20:43,야,화,1,1,0,0,경기,수원시,차대차,측면충돌,운전자법규위반,안전운전 의무 불이행,교차로,교차로횡단보도내,승합차,자전거,127.0657866,37.25755757
985,2018,2018-12-28 06:25,주,금,1,1,0,0,경기,수원시,차대사람,횡단중,운전자법규위반,과속,교차로,교차로부근,승용차,보행자,127.0352628,37.26071376
986,2018,2018-02-04 05:30,야,일,1,1,0,0,경기,군포시,차대사람,횡단중,운전자법규위반,과속,단일로,기타단일로,승용차,보행자,126.933552,37.37041083
987,2018,2018-07-06 01:58,야,금,1,1,0,0,경기,성남시,차량단독,기타,운전자법규위반,안전운전 의무 불이행,단일로,기타단일로,이륜차,없음,127.1510769,37.42063911
988,2018,2018-01-10 20:50,야,수,1,1,0,0,경기,성남시,차대차,기타,운전자법규위반,신호위반,교차로,교차로내,이륜차,승합차,127.1517801,37.42985322
989,2018,2018-04-10 20:35,야,화,1,1,0,0,경기,성남시,차대사람,보도통행중,운전자법규위반,보행자 보호의무 위반,교차로,교차로횡단보도내,승합차,보행자,127.1172176,37.39177142
990,2018,2018-01-07 17:30,주,일,1,5,2,2,경기,시흥시,차대차,추돌,운전자법규위반,안전운전 의무 불이행,단일로,기타단일로,화물차,승용차,126.82748729999999,37.40504467
991,2018,2018-05-27 13:00,주,일,1,12,2,5,경기,시흥시,차대차,추돌,운전자법규위반,안전운전 의무 불이행,단일로,기타단일로,화물차,승용차,126.7423996,37.3832489
992,2018,2018-04-22 19:23,야,일,1,1,0,0,경기,시흥시,차대사람,횡단중,운전자법규위반,안전운전 의무 불이행,교차로,교차로부근,승합차,보행자,126.7510764,37.3433015
993,2018,2018-06-09 01:47,야,토,1,1,0,0,경기,시흥시,차대사람,기타,운전자법규위반,안전운전 의무 불이행,단일로,기타단일로,승용차,보행자,126.7483018,37.33964237
994,2018,2018-10-12 19:55,야,금,1,1,0,0,경기,안산시,차대사람,횡단중,운전자법규위반,안전운전 의무 불이행,교차로,교차로횡단보도내,승합차,보행자,126.8455024,37.31610821
995,2018,2018-01-04 22:30,야,목,1,2,0,1,경기,안산시,차대사람,횡단중,운전자법규위반,과속,단일로,기타단일로,승용차,보행자,126.9147284,37.29869557
996,2018,2018-07-15 07:30,주,일,1,1,0,0,경기,수원시,차량단독,기타,운전자법규위반,안전운전 의무 불이행,단일로,기타단일로,이륜차,없음,126.97155690000001,37.26708982
997,2018,2018-10-03 21:12,야,수,1,1,0,0,경기,수원시,차대사람,차도통행중,운전자법규위반,안전운전 의무 불이행,단일로,기타단일로,화물차,보행자,127.00938799999999,37.268325299999994
998,2018,2018-01-08 13:20,주,월,1,2,1,0,경기,이천시,차대차,기타,운전자법규위반,안전운전 의무 불이행,단일로,기타단일로,승용차,승용차,127.4344321,37.23462866
999,2018,2018-05-13 10:30,주,일,2,4,2,0,경기,가평군,차량단독,공작물충돌,운전자법규위반,안전운전 의무 불이행,단일로,기타단일로,승용차,없음,127.4413131,37.6491568
1000,2018,2018-05-30 00:36,야,수,1,3,1,1,경기,용인시,차대차,정면충돌,운전자법규위반,중앙선 침범,단일로,터널안,승용차,승용차,127.2788206,37.24253488
1001,2018,2018-03-24 21:00,야,토,1,4,0,3,경기,화성시,차대차,추돌,운전자법규위반,안전운전 의무 불이행,단일로,기타단일로,승용차,화물차,126.9806389,37.17954108
1002,2018,2018-07-02 20:36,야,월,2,4,0,2,경기,이천시,차대차,기타,운전자법규위반,안전운전 의무 불이행,단일로,기타단일로,승용차,승용차,127.35359209999999,37.25018668
1003,2018,2018-11-15 08:56,주,목,1,1,0,0,경기,화성시,차량단독,공작물충돌,운전자법규위반,안전운전 의무 불이행,단일로,기타단일로,이륜차,없음,126.89631440000001,37.10059277
1004,2018,2018-05-29 14:45,주,화,1,2,0,1,경기,화성시,차대차,정면충돌,운전자법규위반,중앙선 침범,단일로,기타단일로,화물차,건설기계,126.97935770000001,37.124891999999996
1005,2018,2018-05-25 01:20,야,금,1,1,0,0,경기,화성시,차량단독,공작물충돌,운전자법규위반,안전운전 의무 불이행,단일로,기타단일로,이륜차,없음,126.8934763,37.14883077
1006,2018,2018-04-02 07:00,주,월,1,22,2,19,경기,화성시,차대차,추돌,운전자법규위반,안전운전 의무 불이행,교차로,교차로부근,건설기계,승용차,126.7766003,37.20678383
1007,2018,2018-01-21 14:06,주,일,1,1,0,0,경기,화성시,차량단독,기타,운전자법규위반,안전운전 의무 불이행,단일로,기타단일로,건설기계,없음,126.85408170000001,37.03931729
1008,2018,2018-09-07 19:55,야,금,1,1,0,0,경기,의왕시,차대차,기타,운전자법규위반,신호위반,교차로,교차로내,승용차,원동기장치자전거,126.98693090000002,37.39301755
1009,2018,2018-07-02 15:45,주,월,1,1,0,0,경기,하남시,차대사람,기타,운전자법규위반,안전운전 의무 불이행,교차로,교차로횡단보도내,화물차,보행자,127.20367009999998,37.53906897
1010,2018,2018-03-12 08:39,주,월,1,1,0,0,경기,안양시,차대차,측면충돌,운전자법규위반,차로위반(진로변경 위반),단일로,기타단일로,이륜차,승용차,126.9247223,37.39526412
1011,2018,2018-07-15 15:44,주,일,1,1,0,0,경기,부천시,차대사람,차도통행중,운전자법규위반,보행자 보호의무 위반,교차로,교차로횡단보도내,승용차,보행자,126.7978567,37.51920926
1012,2018,2018-11-02 21:55,야,금,1,1,0,0,경기,용인시,차대차,기타,운전자법규위반,신호위반,교차로,교차로내,승용차,이륜차,127.0710244,37.32617257
1013,2018,2018-07-18 12:35,주,수,1,1,0,0,강원,춘천시,차대차,측면충돌,운전자법규위반,안전운전 의무 불이행,단일로,기타단일로,승용차,자전거,127.72383020000001,37.88520870000001
1014,2018,2018-04-23 23:10,야,월,1,1,0,0,강원,강릉시,차량단독,공작물충돌,운전자법규위반,안전운전 의무 불이행,교차로,교차로부근,승용차,없음,128.8821717,37.77193912
1015,2018,2018-03-04 18:20,야,일,1,1,0,0,강원,강릉시,차대사람,횡단중,운전자법규위반,과속,단일로,기타단일로,승용차,보행자,128.8886128,37.74042831
1016,2018,2018-09-29 19:05,야,토,1,1,0,0,강원,강릉시,차대사람,횡단중,운전자법규위반,안전운전 의무 불이행,단일로,기타단일로,승용차,보행자,128.873354,37.78555120000001
1017,2018,2018-12-30 00:52,야,일,1,1,0,0,강원,강릉시,차량단독,공작물충돌,운전자법규위반,안전운전 의무 불이행,단일로,기타단일로,화물차,없음,128.90976,37.75797532
1018,2018,2018-11-08 21:20,야,목,1,4,0,2,강원,원주시,차대차,추돌,운전자법규위반,안전운전 의무 불이행,교차로,교차로부근,화물차,승합차,127.94890559999999,37.33509446
1019,2018,2018-01-29 10:05,주,월,1,1,0,0,강원,속초시,차대차,측면충돌,운전자법규위반,안전운전 의무 불이행,교차로,교차로내,승용차,자전거,128.59426409999998,38.19034213
1020,2018,2018-07-25 03:36,야,수,1,1,0,0,강원,영월군,차량단독,도로이탈 추락,운전자법규위반,안전운전 의무 불이행,단일로,지하차도(도로)내,이륜차,없음,128.3616778,37.24578081
1021,2018,2018-04-11 15:25,주,수,1,1,0,0,강원,영월군,차량단독,전도,운전자법규위반,안전운전 의무 불이행,단일로,기타단일로,사륜오토바이(ATV),없음,128.3896926,37.17157018