,발생년,발생년월일시분,주야,요일,사망자수,사상자수,중상자수,경상자수,발생지시도,발생지시군구,사고유형_대분류,사고유형,법규위반_대분류,법규위반,도로형태_대분류,도로형태,가해자_당사자종별,피해자_당사자종별,경도,위도
1022,2018,2018-11-01 18:00,야,목,1,2,1,0,강원,평창군,차대사람,기타,운전자법규위반,안전운전 의무 불이행,단일로,기타단일로,승용차,보행자,128.4141597,37.4069619
1023,2018,2018-10-11 16:45,주,목,1,1,0,0,강원,평창군,차대사람,보도통행중,운전자법규위반,중앙선 침범,단일로,기타단일로,화물차,보행자,128.55500759999998,37.63363905
1024,2018,2018-03-04 17:50,주,일,1,1,0,0,강원,평창군,차대차,정면충돌,운전자법규위반,중앙선 침범,단일로,기타단일로,이륜차,승용차,128.452754,37.51674411
1025,2018,2018-01-15 10:10,주,월,1,3,1,1,강원,화천군,차량단독,공작물충돌,운전자법규위반,안전운전 의무 불이행,단일로,교량위,승용차,없음,127.7548592,38.13135548
1026,2018,2018-09-14 13:35,주,금,1,1,0,0,강원,태백시,차량단독,공작물충돌,운전자법규위반,안전운전 의무 불이행,교차로,교차로부근,화물차,없음,129.0035298,37.12582928
1027,2018,2018-11-09 15:31,주,금,1,1,0,0,강원,태백시,차량단독,전도,운전자법규위반,안전운전 의무 불이행,단일로,터널안,승용차,없음,129.0286809,37.09110348
1028,2018,2018-01-01 08:55,주,월,1,1,0,0,강원,정선군,차량단독,도로이탈 추락,운전자법규위반,안전운전 의무 불이행,단일로,기타단일로,화물차,없음,128.64220690000002,37.44315355
1029,2018,2018-04-11 08:40,주,수,1,1,0,0,강원,횡성군,차대차,측면충돌,운전자법규위반,교차로 통행방법 위반,교차로,교차로내,농기계,원동기장치자전거,128.1109915,37.56084445
1030,2018,2018-04-22 10:52,주,일,1,1,0,0,강원,인제군,차량단독,공작물충돌,운전자법규위반,안전운전 의무 불이행,단일로,기타단일로,원동기장치자전거,없음,128.2129814,38.13419987
1031,2018,2018-08-26 06:12,주,일,1,1,0,0,강원,인제군,차대차,정면충돌,운전자법규위반,신호위반,교차로,교차로부근,승용차,이륜차,128.1796244,38.09190331
1032,2018,2018-07-14 00:10,야,토,1,1,0,0,강원,동해시,차대사람,차도통행중,운전자법규위반,안전운전 의무 불이행,단일로,기타단일로,화물차,보행자,129.1034145,37.50939243
1033,2018,2018-10-30 07:40,주,화,1,1,0,0,충북,청주시,차대차,측면충돌,운전자법규위반,신호위반,교차로,교차로내,자전거,승용차,127.48999920000001,36.6411121
1034,2018,2018-05-23 19:53,야,수,1,1,0,0,충북,청주시,차대사람,차도통행중,운전자법규위반,안전운전 의무 불이행,단일로,기타단일로,승용차,보행자,127.4762233,36.65792305
1035,2018,2018-07-04 21:02,야,수,1,1,0,0,충북,청주시,차대사람,횡단중,운전자법규위반,안전운전 의무 불이행,교차로,교차로부근,승합차,보행자,127.45256359999999,36.74058248
1036,2018,2018-06-29 11:15,주,금,1,1,0,0,충북,충주시,차량단독,도로이탈 추락,운전자법규위반,안전운전 의무 불이행,단일로,기타단일로,건설기계,없음,128.0795854,37.02586806
1037,2018,2018-05-13 15:58,주,일,1,1,0,0,충북,충주시,차대사람,기타,운전자법규위반,안전운전 의무 불이행,기타,기타,승용차,보행자,127.9107102,36.98215897
1038,2018,2018-02-06 14:25,주,화,1,1,0,0,충북,충주시,차대차,기타,운전자법규위반,안전운전 의무 불이행,교차로,교차로횡단보도내,화물차,자전거,127.9347007,36.98036983
1039,2018,2018-01-28 22:07,야,일,1,3,0,2,충북,충주시,차대사람,횡단중,운전자법규위반,과속,교차로,교차로내,승용차,보행자,127.8260405,36.97325403
1040,2018,2018-06-21 02:40,야,목,1,1,0,0,충북,제천시,차대차,정면충돌,운전자법규위반,중앙선 침범,단일로,기타단일로,자전거,화물차,128.212425,37.15057614
1041,2018,2018-10-25 01:25,야,목,2,4,2,0,충북,제천시,차대차,정면충돌,운전자법규위반,중앙선 침범,기타,기타,승용차,승용차,128.20561370000001,37.08162323
1042,2018,2018-04-30 20:10,야,월,1,1,0,0,충북,영동군,차량단독,전도,운전자법규위반,안전운전 의무 불이행,기타,기타,이륜차,없음,127.7106706,36.19252341
1043,2018,2018-09-09 15:40,주,일,1,1,0,0,충북,영동군,차량단독,전복,운전자법규위반,안전운전 의무 불이행,단일로,기타단일로,농기계,없음,127.80040020000001,36.08298947
1044,2018,2018-11-03 12:05,주,토,1,1,0,0,충북,보은군,차량단독,도로이탈 추락,운전자법규위반,안전운전 의무 불이행,단일로,지하차도(도로)내,화물차,없음,127.69573259999999,36.42405685
1045,2018,2018-09-11 20:13,야,화,1,1,0,0,충북,음성군,차량단독,도로이탈 추락,운전자법규위반,안전운전 의무 불이행,교차로,교차로부근,이륜차,없음,127.47312350000001,36.97975637
1046,2018,2018-08-19 06:00,주,일,1,2,0,1,충북,음성군,차대차,추돌,운전자법규위반,안전운전 의무 불이행,단일로,기타단일로,승용차,농기계,127.66610049999998,36.89123785
1047,2018,2018-07-24 06:32,주,화,1,1,0,0,충북,옥천군,차대차,기타,운전자법규위반,신호위반,교차로,교차로내,화물차,화물차,127.5786424,36.299009000000005
1048,2018,2018-06-14 12:45,주,목,1,1,0,0,충북,옥천군,차량단독,도로이탈 추락,운전자법규위반,안전운전 의무 불이행,단일로,기타단일로,승용차,없음,127.51473100000001,36.33700168
1049,2018,2018-05-18 21:50,야,금,1,1,0,0,충북,단양군,차량단독,기타,운전자법규위반,안전운전 의무 불이행,단일로,기타단일로,이륜차,없음,128.4922439,37.0744696
1050,2018,2018-11-01 23:30,야,목,1,1,0,0,충북,진천군,차대사람,길가장자리구역통행중,운전자법규위반,안전운전 의무 불이행,단일로,기타단일로,승용차,보행자,127.435373,36.91040220000001
1051,2018,2018-10-27 14:20,주,토,1,1,0,0,충북,진천군,차대차,기타,운전자법규위반,교차로 통행방법 위반,교차로,교차로내,화물차,이륜차,127.48891119999999,36.89433725
1052,2018,2018-04-29 13:15,주,일,1,1,0,0,충북,진천군,차대차,정면충돌,운전자법규위반,중앙선 침범,교차로,교차로부근,농기계,이륜차,127.32739769999999,36.89285121
1053,2018,2018-02-04 19:05,야,일,1,6,2,3,충북,진천군,차대차,기타,운전자법규위반,안전거리 미확보,단일로,기타단일로,승합차,승용차,127.44890500000001,36.91980196
1054,2018,2018-02-16 22:30,야,금,1,6,2,3,충북,청주시,차대차,기타,운전자법규위반,신호위반,교차로,교차로내,승용차,승용차,127.43629920000001,36.63263943
1055,2018,2018-05-24 14:57,주,목,1,1,0,0,충북,청주시,차량단독,공작물충돌,운전자법규위반,안전운전 의무 불이행,단일로,기타단일로,승용차,없음,127.4538172,36.46069316
1056,2018,2018-08-13 13:03,주,월,1,3,0,2,충북,청주시,차대차,측면충돌,운전자법규위반,신호위반,교차로,교차로내,이륜차,화물차,127.45904840000001,36.61493495
1057,2018,2018-09-16 13:18,주,일,1,1,0,0,충북,청주시,차대차,기타,운전자법규위반,안전운전 의무 불이행,단일로,기타단일로,특수차,이륜차,127.45119890000001,36.66688529
1058,2018,2018-02-03 00:00,야,토,1,6,1,4,충북,음성군,차대차,추돌,운전자법규위반,안전거리 미확보,단일로,기타단일로,특수차,화물차,127.4828443,37.02249557
1059,2018,2018-06-04 03:34,야,월,1,1,0,0,충북,진천군,차량단독,도로이탈 추락,운전자법규위반,안전운전 의무 불이행,단일로,기타단일로,특수차,없음,127.48028470000001,36.86006256
1060,2018,2018-07-04 15:40,주,수,1,9,0,8,충북,충주시,차대차,추돌,운전자법규위반,안전운전 의무 불이행,단일로,기타단일로,승용차,승용차,127.8899032,36.90773367
1061,2018,2018-12-06 03:55,야,목,1,20,13,6,충북,충주시,차대차,추돌,운전자법규위반,안전운전 의무 불이행,단일로,터널안,승합차,건설기계,127.7608774,37.03902185
1062,2018,2018-08-30 03:05,야,목,1,1,0,0,경기,광주시,차량단독,공작물충돌,운전자법규위반,안전운전 의무 불이행,단일로,교량위,승용차,없음,127.2503452,37.462687100000004
1063,2018,2018-04-04 05:19,야,수,1,3,0,2,충북,괴산군,차대차,추돌,운전자법규위반,안전운전 의무 불이행,단일로,기타단일로,화물차,화물차,128.0054238,36.74929965
1064,2018,2018-11-13 18:00,야,화,1,3,1,1,충북,충주시,차대사람,기타,운전자법규위반,안전운전 의무 불이행,단일로,기타단일로,화물차,보행자,127.7337991,37.04600131
1065,2018,2018-11-20 18:00,야,화,1,5,0,4,충북,충주시,차대차,추돌,운전자법규위반,안전거리 미확보,단일로,기타단일로,승용차,승용차,127.71968329999999,37.08806201
1066,2018,2018-02-11 18:10,야,일,1,3,1,1,충남,서산시,차대차,정면충돌,운전자법규위반,중앙선 침범,단일로,기타단일로,화물차,승용차,126.53169650000001,36.72348246
1067,2018,2018-03-01 21:45,야,목,1,2,0,1,충남,천안시,차대사람,차도통행중,운전자법규위반,안전운전 의무 불이행,교차로,교차로내,승합차,보행자,127.1282419,36.91598603
1068,2018,2018-10-17 22:59,야,수,1,1,0,0,충남,천안시,차량단독,기타,운전자법규위반,안전운전 의무 불이행,단일로,기타단일로,이륜차,없음,127.1500193,36.82543763
1069,2018,2018-04-10 22:25,야,화,1,1,0,0,충남,천안시,차대차,측면충돌,운전자법규위반,교차로 통행방법 위반,교차로,교차로내,승용차,이륜차,127.1212622,36.80165899
1070,2018,2018-03-25 07:20,주,일,1,1,0,0,충남,논산시,차대사람,기타,운전자법규위반,안전운전 의무 불이행,단일로,기타단일로,화물차,보행자,127.14041770000001,36.30283418
1071,2018,2018-01-29 07:00,주,월,1,1,0,0,충남,논산시,차대차,추돌,운전자법규위반,안전운전 의무 불이행,단일로,기타단일로,승용차,건설기계,127.09603519999999,36.18121746
1072,2018,2018-06-07 16:00,주,목,1,1,0,0,충남,계룡시,차량단독,기타,운전자법규위반,안전운전 의무 불이행,단일로,기타단일로,이륜차,없음,127.229525,36.30849628
1073,2018,2018-06-22 21:15,야,금,1,1,0,0,충남,논산시,차대사람,차도통행중,운전자법규위반,안전운전 의무 불이행,단일로,기타단일로,승용차,보행자,127.0805368,36.19507521
1074,2018,2018-01-10 18:50,야,수,1,1,0,0,충남,홍성군,차대사람,차도통행중,운전자법규위반,안전운전 의무 불이행,단일로,기타단일로,승합차,보행자,126.7134209,36.62119841
1075,2018,2018-11-20 01:07,야,화,3,5,2,0,충남,홍성군,차량단독,공작물충돌,운전자법규위반,안전운전 의무 불이행,교차로,교차로부근,승용차,없음,126.65321570000002,36.60528942
1076,2018,2018-09-03 11:00,주,월,1,1,0,0,충남,홍성군,차대차,추돌,운전자법규위반,과속,단일로,기타단일로,승용차,이륜차,126.58356840000002,36.5968232
1077,2018,2018-07-10 10:00,주,화,1,4,0,3,충남,홍성군,차대차,측면충돌,운전자법규위반,중앙선 침범,교차로,교차로부근,농기계,승용차,126.6460493,36.55549476
1078,2018,2018-07-15 21:00,야,일,1,1,0,0,충남,아산시,차대사람,길가장자리구역통행중,운전자법규위반,안전운전 의무 불이행,단일로,기타단일로,화물차,보행자,126.86537479999998,36.75151133
1079,2018,2018-08-13 12:00,주,월,1,1,0,0,충남,아산시,차대사람,기타,운전자법규위반,안전운전 의무 불이행,단일로,기타단일로,승용차,보행자,126.99858559999998,36.77871351
1080,2018,2018-06-14 16:50,주,목,1,1,0,0,충남,아산시,차대사람,횡단중,운전자법규위반,보행자 보호의무 위반,단일로,기타단일로,승용차,보행자,127.0084193,36.77958391
1081,2018,2018-01-14 05:30,야,일,1,1,0,0,충남,아산시,차대사람,길가장자리구역통행중,운전자법규위반,안전운전 의무 불이행,단일로,기타단일로,농기계,보행자,126.92115,36.72341747
1082,2018,2018-09-15 23:20,야,토,1,1,0,0,충남,아산시,차대차,추돌,운전자법규위반,과속,단일로,기타단일로,승용차,이륜차,126.8952608,36.7532175
1083,2018,2018-08-04 11:21,주,토,1,1,0,0,충남,서천군,차량단독,공작물충돌,운전자법규위반,안전운전 의무 불이행,교차로,교차로내,화물차,없음,126.65265090000001,36.14330743
1084,2018,2018-06-20 09:35,주,수,1,2,0,1,충남,보령시,차량단독,전도,운전자법규위반,안전운전 의무 불이행,단일로,기타단일로,화물차,없음,126.65207209999998,36.19293305
1085,2018,2018-04-04 19:25,야,수,1,1,0,0,충남,보령시,차대사람,횡단중,운전자법규위반,안전운전 의무 불이행,단일로,기타단일로,화물차,보행자,126.59688490000002,36.45738448
1086,2018,2018-12-11 18:00,야,화,1,1,0,0,충남,보령시,차대사람,횡단중,운전자법규위반,안전운전 의무 불이행,단일로,기타단일로,승용차,보행자,126.603711,36.46837104
1087,2018,2018-12-03 08:50,주,월,1,2,0,1,충남,공주시,차대차,정면충돌,운전자법규위반,안전운전 의무 불이행,단일로,기타단일로,화물차,화물차,127.05297549999999,36.3160623
1088,2018,2018-09-17 05:10,야,월,1,1,0,0,충남,공주시,차대차,추돌,운전자법규위반,과속,교차로,교차로부근,승용차,사륜오토바이(ATV),127.1167761,36.59233825
1089,2018,2018-01-04 03:08,야,목,1,1,0,0,세종,세종,차대사람,차도통행중,운전자법규위반,과속,단일로,고가도로위,승용차,보행자,127.2989699,36.59627361
1090,2018,2018-09-21 21:37,야,금,1,1,0,0,세종,세종,차대사람,횡단중,운전자법규위반,안전운전 의무 불이행,교차로,교차로부근,화물차,보행자,127.1672047,36.73059799
1091,2018,2018-02-21 14:20,주,수,1,1,0,0,충남,당진시,차량단독,공작물충돌,운전자법규위반,안전운전 의무 불이행,단일로,기타단일로,화물차,없음,126.64754599999999,36.89495776
1092,2018,2018-04-04 21:10,야,수,1,2,1,0,충남,당진시,차대사람,차도통행중,운전자법규위반,기타(운전자법규위반),단일로,기타단일로,화물차,보행자,126.5647932,37.02389568
1093,2018,2018-09-09 13:00,주,일,1,1,0,0,충남,당진시,차대차,기타,운전자법규위반,안전운전 의무 불이행,단일로,기타단일로,이륜차,화물차,126.6913485,36.80886994
1094,2018,2018-05-29 10:20,주,화,1,1,0,0,충남,당진시,차대차,정면충돌,운전자법규위반,안전운전 의무 불이행,단일로,기타단일로,이륜차,화물차,126.53215379999999,36.96921596
1095,2018,2018-05-29 15:35,주,화,1,1,0,0,충남,당진시,차대사람,횡단중,운전자법규위반,안전운전 의무 불이행,교차로,교차로내,화물차,보행자,126.7855451,36.94452719
1096,2018,2018-07-24 07:38,주,화,1,1,0,0,충남,금산군,차량단독,도로이탈 기타,운전자법규위반,안전운전 의무 불이행,기타,기타,농기계,없음,127.44993229999999,36.02602363
1097,2018,2018-07-18 17:02,주,수,1,1,0,0,충남,청양군,차대차,측면충돌,운전자법규위반,과속,기타,기타,화물차,자전거,126.80914879999999,36.45322156
1098,2018,2018-11-18 06:10,주,일,1,1,0,0,충남,천안시,차대차,측면충돌,운전자법규위반,신호위반,교차로,교차로내,이륜차,승용차,127.1536728,36.79853053
1099,2018,2018-08-26 12:53,주,일,1,1,0,0,충남,천안시,차대사람,보도통행중,운전자법규위반,신호위반,교차로,교차로횡단보도내,승용차,보행자,127.1421271,36.79851438
1100,2018,2018-09-07 13:15,주,금,1,1,0,0,충남,천안시,차대사람,기타,운전자법규위반,안전운전 의무 불이행,교차로,교차로부근,건설기계,보행자,127.26408070000001,36.756269200000006
1101,2018,2018-09-04 17:50,주,화,1,3,1,1,충남,태안군,차대차,측면충돌,운전자법규위반,신호위반,교차로,교차로내,승합차,화물차,126.2936321,36.7525329
1102,2018,2018-11-05 01:48,야,월,1,2,0,0,충남,태안군,차대차,정면충돌,운전자법규위반,중앙선 침범,단일로,기타단일로,사륜오토바이(ATV),승용차,126.3084186,36.74313581
1103,2018,2018-02-13 17:00,주,화,1,2,1,0,충남,태안군,차대차,추돌,운전자법규위반,안전운전 의무 불이행,단일로,기타단일로,승용차,이륜차,126.3084692,36.66444132
1104,2018,2018-09-23 15:25,주,일,1,2,0,0,충남,태안군,차대차,측면충돌,운전자법규위반,직진 및 우회전차의 통행방해,교차로,교차로내,사륜오토바이(ATV),승용차,126.19567930000001,36.69971294
1105,2018,2018-05-04 10:50,주,금,2,2,0,0,대전,유성구,차량단독,공작물충돌,운전자법규위반,안전운전 의무 불이행,단일로,기타단일로,승용차,없음,127.33118449999999,36.36256825
1106,2018,2018-04-22 23:35,야,일,1,1,0,0,전북,전주시,차대사람,횡단중,운전자법규위반,안전운전 의무 불이행,교차로,교차로내,승용차,보행자,127.1139733,35.8123286
1107,2018,2018-02-10 19:30,야,토,1,1,0,0,전북,전주시,차대사람,기타,운전자법규위반,안전운전 의무 불이행,교차로,교차로횡단보도내,승용차,보행자,127.14500259999998,35.81176605
1108,2018,2018-07-26 20:50,야,목,1,1,0,0,전북,전주시,차대사람,차도통행중,운전자법규위반,중앙선 침범,단일로,기타단일로,승용차,보행자,127.14610900000001,35.82933369
1109,2018,2018-01-30 01:10,야,화,1,1,0,0,전북,전주시,차대차,추돌,운전자법규위반,과속,단일로,기타단일로,승용차,승용차,127.08087140000002,35.85080133
1110,2018,2018-02-14 13:10,주,수,1,1,0,0,전북,전주시,차량단독,공작물충돌,운전자법규위반,안전운전 의무 불이행,단일로,기타단일로,승용차,없음,127.0273949,35.88627579
1111,2018,2018-10-01 16:11,주,월,1,1,0,0,전북,군산시,차대차,기타,운전자법규위반,안전운전 의무 불이행,교차로,교차로내,화물차,자전거,126.8003531,35.91198109
1112,2018,2018-07-31 05:45,야,화,1,1,0,0,전북,군산시,차대차,기타,운전자법규위반,과속,단일로,기타단일로,승용차,원동기장치자전거,126.8229412,35.93589081
1113,2018,2018-04-21 19:40,야,토,1,1,0,0,전북,군산시,차대사람,기타,운전자법규위반,안전운전 의무 불이행,단일로,기타단일로,화물차,보행자,126.7477504,35.94982696
1114,2018,2018-07-09 21:10,야,월,1,1,0,0,전북,군산시,차대사람,횡단중,운전자법규위반,안전운전 의무 불이행,교차로,교차로내,승합차,보행자,126.68039679999998,35.97283578
1115,2018,2018-02-23 22:17,야,금,1,1,0,0,전북,군산시,차대사람,기타,운전자법규위반,안전운전 의무 불이행,교차로,교차로내,승합차,보행자,126.742795,35.97574584
1116,2018,2018-08-31 19:55,야,금,1,1,0,0,전북,익산시,차량단독,공작물충돌,운전자법규위반,안전운전 의무 불이행,단일로,기타단일로,승용차,없음,127.02271950000001,36.085925399999994
1117,2018,2018-04-29 01:40,야,일,1,1,0,0,전북,익산시,차대사람,기타,운전자법규위반,과속,단일로,기타단일로,승용차,보행자,126.95522179999999,35.984991
1118,2018,2018-02-23 18:50,야,금,1,1,0,0,전북,정읍시,차대사람,기타,운전자법규위반,안전운전 의무 불이행,단일로,기타단일로,승용차,보행자,126.8771963,35.653773799999996
1119,2018,2018-01-05 07:07,주,금,1,1,0,0,전북,김제시,차대사람,차도통행중,운전자법규위반,안전운전 의무 불이행,단일로,기타단일로,승용차,보행자,126.8719878,35.81009983
1120,2018,2018-09-30 19:05,야,일,1,1,0,0,전북,김제시,차량단독,기타,운전자법규위반,중앙선 침범,단일로,기타단일로,승용차,없음,127.0199105,35.76112956
1121,2018,2018-10-01 08:30,주,월,1,1,0,0,전북,김제시,차대차,기타,운전자법규위반,중앙선 침범,교차로,교차로부근,이륜차,승용차,127.0378471,35.78835477
1122,2018,2018-09-19 15:45,주,수,1,1,0,0,전북,김제시,차대차,측면충돌,운전자법규위반,안전운전 의무 불이행,교차로,교차로내,이륜차,승용차,126.895036,35.79930947
1123,2018,2018-11-21 12:40,주,수,1,1,0,0,전북,남원시,차량단독,전도,운전자법규위반,안전운전 의무 불이행,단일로,기타단일로,이륜차,없음,127.40762759999998,35.40875618
1124,2018,2018-08-30 18:00,야,목,1,1,0,0,전북,남원시,차량단독,도로이탈 추락,운전자법규위반,안전운전 의무 불이행,단일로,교량위,농기계,없음,127.27832140000001,35.38398747
1125,2018,2018-11-28 16:03,주,수,2,4,2,0,전북,남원시,차대차,측면충돌,운전자법규위반,신호위반,교차로,교차로내,승용차,건설기계,127.32872649999999,35.38207941
1126,2018,2018-04-14 17:48,주,토,1,1,0,0,전북,남원시,차대사람,기타,운전자법규위반,안전운전 의무 불이행,단일로,기타단일로,승용차,보행자,127.4498456,35.45849067
1127,2018,2018-04-24 15:50,주,화,1,1,0,0,전북,고창군,차대차,측면충돌,운전자법규위반,신호위반,교차로,교차로내,원동기장치자전거,건설기계,126.54478190000002,35.33297272
1128,2018,2018-09-15 14:10,주,토,1,7,6,0,전북,고창군,차대차,측면충돌,운전자법규위반,신호위반,교차로,교차로내,승용차,승용차,126.5549946,35.42627425
1129,2018,2018-10-25 17:30,주,목,1,1,0,0,전북,고창군,차대차,측면충돌,운전자법규위반,신호위반,교차로,교차로내,이륜차,화물차,126.51146329999999,35.46392055
1130,2018,2018-07-29 20:27,야,일,1,5,3,1,전북,부안군,차대차,정면충돌,운전자법규위반,중앙선 침범,단일로,기타단일로,승용차,화물차,126.47987240000002,35.6207986
1131,2018,2018-01-20 19:05,야,토,1,1,0,0,전북,부안군,차대사람,기타,운전자법규위반,안전운전 의무 불이행,주차장,주차장,승용차,보행자,126.738317,35.72810802
1132,2018,2018-03-22 16:37,주,목,1,1,0,0,전북,순창군,차대차,정면충돌,운전자법규위반,중앙선 침범,기타,기타,이륜차,건설기계,127.2377841,35.43956066
1133,2018,2018-10-02 14:10,주,화,1,1,0,0,전북,장수군,차량단독,도로이탈 추락,운전자법규위반,안전운전 의무 불이행,기타,기타,화물차,없음,127.59616329999999,35.75222144
1134,2018,2018-05-25 13:40,주,금,1,1,0,0,전북,무주군,차량단독,공작물충돌,운전자법규위반,안전운전 의무 불이행,단일로,지하차도(도로)내,화물차,없음,127.82447350000001,35.91941259
1135,2018,2018-06-25 12:12,주,월,1,1,0,0,전북,무주군,차량단독,전도,운전자법규위반,안전운전 의무 불이행,단일로,기타단일로,화물차,없음,127.8246987,35.91944444
1136,2018,2018-08-17 07:06,주,금,1,1,0,0,전북,완주군,차량단독,기타,운전자법규위반,안전운전 의무 불이행,단일로,기타단일로,승용차,없음,127.1255811,35.95058785
1137,2018,2018-07-03 14:16,주,화,1,6,4,1,전북,완주군,차량단독,공작물충돌,운전자법규위반,안전운전 의무 불이행,단일로,기타단일로,승합차,없음,127.11097600000001,35.9228831
1138,2018,2018-06-08 03:06,야,금,2,7,3,2,경남,함양군,차대차,추돌,운전자법규위반,안전운전 의무 불이행,단일로,고가도로위,화물차,화물차,127.762821,35.58142729
1139,2018,2018-09-29 12:13,주,토,1,1,0,0,전북,군산시,차대차,추돌,운전자법규위반,안전운전 의무 불이행,단일로,기타단일로,화물차,화물차,126.79666029999998,36.01728191
1140,2018,2018-09-26 06:00,주,수,1,5,4,0,충남,당진시,차대차,기타,운전자법규위반,안전운전 의무 불이행,단일로,기타단일로,화물차,승용차,126.6490477,36.86178676
1141,2018,2018-09-21 05:30,야,금,1,2,0,1,전북,부안군,차대차,추돌,운전자법규위반,안전운전 의무 불이행,단일로,기타단일로,화물차,특수차,126.6969943,35.57731692
1142,2018,2018-12-09 06:20,주,일,2,6,0,4,전북,군산시,차량단독,기타,운전자법규위반,안전운전 의무 불이행,단일로,기타단일로,승합차,없음,126.81709939999999,35.99184042
1143,2018,2018-03-05 03:30,야,월,1,1,0,0,충남,서산시,차대차,추돌,운전자법규위반,기타(운전자법규위반),단일로,기타단일로,화물차,승용차,126.5624294,36.71291111
1144,2018,2018-03-22 22:22,야,목,1,3,0,2,충남,보령시,차대차,측면충돌,운전자법규위반,안전운전 의무 불이행,단일로,기타단일로,승용차,화물차,126.58050970000001,36.43691277
1145,2018,2018-10-15 06:00,주,월,1,2,0,1,전남,여수시,차대차,정면충돌,운전자법규위반,중앙선 침범,단일로,기타단일로,승용차,화물차,127.7733908,34.66316094
1146,2018,2018-11-27 04:20,야,화,1,1,0,0,전남,여수시,차량단독,공작물충돌,운전자법규위반,안전운전 의무 불이행,단일로,기타단일로,승용차,없음,127.67111299999999,34.76533929
1147,2018,2018-09-22 19:22,야,토,1,1,0,0,전남,여수시,차대사람,차도통행중,운전자법규위반,안전운전 의무 불이행,기타,기타,승용차,보행자,127.7110384,34.75863143
1148,2018,2018-07-19 11:15,주,목,1,1,0,0,전남,여수시,차대사람,횡단중,운전자법규위반,신호위반,단일로,기타단일로,승용차,보행자,127.70743119999999,34.75543091
1149,2018,2018-06-28 19:00,야,목,1,2,1,0,전남,여수시,차량단독,공작물충돌,운전자법규위반,안전운전 의무 불이행,단일로,기타단일로,승용차,없음,127.73072820000002,34.65632698
1150,2018,2018-05-23 17:59,주,수,1,1,0,0,전남,여수시,차대사람,횡단중,운전자법규위반,안전운전 의무 불이행,교차로,교차로부근,승용차,보행자,127.734898,34.75364961
1151,2018,2018-04-04 19:40,야,수,1,1,0,0,전남,여수시,차량단독,전복,운전자법규위반,안전운전 의무 불이행,단일로,기타단일로,화물차,없음,127.6372209,34.80941406
1152,2018,2018-05-14 20:50,야,월,1,2,1,0,전남,순천시,차대사람,기타,운전자법규위반,안전운전 의무 불이행,단일로,기타단일로,화물차,보행자,127.4890071,34.84563657
1153,2018,2018-06-26 18:00,야,화,1,3,2,0,전남,순천시,차대차,측면충돌,운전자법규위반,과속,교차로,교차로내,승용차,승용차,127.58472759999998,34.89922637
1154,2018,2018-08-24 07:25,주,금,1,1,0,0,전남,순천시,차대차,측면충돌,운전자법규위반,직진 및 우회전차의 통행방해,교차로,교차로내,화물차,이륜차,127.29242849999999,34.91422817
1155,2018,2018-09-12 15:00,주,수,1,1,0,0,전남,순천시,차량단독,전도,운전자법규위반,안전운전 의무 불이행,단일로,기타단일로,농기계,없음,127.2642902,34.97297095
1156,2018,2018-05-17 08:25,주,목,1,1,0,0,전남,순천시,차량단독,공작물충돌,운전자법규위반,안전운전 의무 불이행,단일로,기타단일로,화물차,없음,127.42010149999999,35.08859604
1157,2018,2018-06-29 00:10,야,금,1,1,0,0,전남,나주시,차대사람,기타,운전자법규위반,안전운전 의무 불이행,기타,기타,화물차,보행자,126.7068824,35.00282894
1158,2018,2018-04-11 18:30,야,수,1,1,0,0,전남,나주시,차량단독,기타,운전자법규위반,안전운전 의무 불이행,단일로,기타단일로,원동기장치자전거,없음,126.58728090000001,35.01592527
1159,2018,2018-01-06 20:30,야,토,1,1,0,0,전남,나주시,차대사람,횡단중,운전자법규위반,안전운전 의무 불이행,단일로,기타단일로,승용차,보행자,126.75456059999999,35.02348643
1160,2018,2018-09-23 06:58,주,일,1,1,0,0,전남,장흥군,차대사람,길가장자리구역통행중,운전자법규위반,안전운전 의무 불이행,단일로,기타단일로,화물차,보행자,126.94687659999998,34.56723754
1161,2018,2018-02-10 16:50,주,토,1,1,0,0,전남,해남군,차대사람,기타,운전자법규위반,안전운전 의무 불이행,단일로,기타단일로,화물차,보행자,126.5184905,34.36720925
1162,2018,2018-02-27 14:12,주,화,1,1,0,0,전남,해남군,차량단독,도로이탈 기타,운전자법규위반,안전운전 의무 불이행,단일로,기타단일로,화물차,없음,126.6063511,34.37944335
1163,2018,2018-02-22 12:10,주,목,1,1,0,0,전남,해남군,차대차,측면충돌,운전자법규위반,직진 및 우회전차의 통행방해,교차로,교차로내,화물차,이륜차,126.39923519999999,34.57369934
1164,2018,2018-09-21 12:09,주,금,1,1,0,0,전남,해남군,차량단독,공작물충돌,운전자법규위반,안전운전 의무 불이행,단일로,기타단일로,화물차,없음,126.67829950000001,34.66252092
1165,2018,2018-11-08 19:35,야,목,2,2,0,0,전남,해남군,차량단독,기타,운전자법규위반,안전운전 의무 불이행,단일로,기타단일로,승합차,없음,126.34289509999999,34.59493719
1166,2018,2018-01-03 19:08,야,수,1,1,0,0,전남,보성군,차대사람,길가장자리구역통행중,운전자법규위반,안전운전 의무 불이행,단일로,기타단일로,승용차,보행자,127.07688870000001,34.79152223