,발생년,발생년월일시분,주야,요일,사망자수,사상자수,중상자수,경상자수,발생지시도,발생지시군구,사고유형_대분류,사고유형,법규위반_대분류,법규위반,도로형태_대분류,도로형태,가해자_당사자종별,피해자_당사자종별,경도,위도
1457,2018,2018-11-15 01:25,야,목,1,1,0,0,강원,원주시,차대차,추돌,운전자법규위반,안전운전 의무 불이행,단일로,기타단일로,승용차,화물차,127.93412759999998,37.34078326
1458,2018,2018-01-12 15:05,주,금,1,1,0,0,강원,원주시,차대사람,횡단중,운전자법규위반,안전운전 의무 불이행,교차로,교차로횡단보도내,승용차,보행자,127.93574550000001,37.35701122
1459,2018,2018-10-25 06:10,주,목,1,1,0,0,강원,속초시,차대사람,횡단중,운전자법규위반,안전운전 의무 불이행,단일로,기타단일로,화물차,보행자,128.594529,38.21566393
1460,2018,2018-09-19 14:13,주,수,1,1,0,0,강원,양양군,차대사람,횡단중,운전자법규위반,안전운전 의무 불이행,기타,기타,화물차,보행자,128.6269486,38.11863793
1461,2018,2018-09-17 18:45,야,월,1,1,0,0,강원,양양군,차대사람,길가장자리구역통행중,운전자법규위반,안전운전 의무 불이행,단일로,지하차도(도로)내,화물차,보행자,128.6290033,38.09204088
1462,2018,2018-05-17 22:25,야,목,1,1,0,0,강원,홍천군,차량단독,공작물충돌,운전자법규위반,안전운전 의무 불이행,교차로,교차로부근,승용차,없음,128.0085997,37.82789765
1463,2018,2018-09-17 04:48,야,월,1,1,0,0,강원,평창군,차량단독,전도,운전자법규위반,안전운전 의무 불이행,단일로,기타단일로,화물차,없음,128.70624750000002,37.67289106
1464,2018,2018-02-23 18:15,야,금,1,2,1,0,강원,평창군,차량단독,공작물충돌,운전자법규위반,안전운전 의무 불이행,교차로,교차로내,승용차,없음,128.5908699,37.66809323
1465,2018,2018-08-13 22:17,야,월,1,3,0,2,강원,태백시,차대차,측면충돌,운전자법규위반,신호위반,교차로,교차로내,승용차,승용차,128.9868416,37.1551981
1466,2018,2018-11-27 10:34,주,화,1,1,0,0,강원,태백시,차대사람,차도통행중,운전자법규위반,안전운전 의무 불이행,기타,기타,승용차,보행자,128.9601491,37.13038262
1467,2018,2018-02-28 15:05,주,수,1,2,0,1,강원,태백시,차대차,측면충돌,운전자법규위반,안전운전 의무 불이행,단일로,기타단일로,승용차,건설기계,128.9835075,37.24380463
1468,2018,2018-12-03 15:50,주,월,1,1,0,0,강원,정선군,차대차,측면충돌,운전자법규위반,과속,단일로,기타단일로,승용차,농기계,128.8675914,37.39973256
1469,2018,2018-10-01 19:00,야,월,1,1,0,0,강원,횡성군,차대사람,횡단중,운전자법규위반,안전운전 의무 불이행,단일로,기타단일로,승용차,보행자,128.1710822,37.48515565
1470,2018,2018-04-02 23:50,야,월,1,1,0,0,강원,인제군,차대사람,차도통행중,운전자법규위반,안전운전 의무 불이행,단일로,기타단일로,승합차,보행자,128.1834072,38.07439689
1471,2018,2018-02-20 20:45,야,화,1,1,0,0,강원,고성군,차량단독,공작물충돌,운전자법규위반,안전운전 의무 불이행,기타,기타,승용차,없음,128.5055903,38.20656232
1472,2018,2018-09-08 13:30,주,토,1,5,4,0,강원,고성군,차량단독,공작물충돌,운전자법규위반,안전운전 의무 불이행,단일로,기타단일로,화물차,없음,128.41036129999998,38.44560399
1473,2018,2018-02-06 02:20,야,화,1,2,1,0,강원,철원군,차량단독,공작물충돌,운전자법규위반,안전운전 의무 불이행,교차로,교차로내,승용차,없음,127.4362818,38.24137835
1474,2018,2018-11-20 17:29,주,화,1,1,0,0,강원,양구군,차량단독,기타,운전자법규위반,안전운전 의무 불이행,기타,기타,사륜오토바이(ATV),없음,128.03442090000001,38.18385543
1475,2018,2018-09-05 18:10,야,수,1,2,0,1,강원,양구군,차대차,정면충돌,운전자법규위반,중앙선 침범,단일로,기타단일로,승용차,승용차,128.1219313,38.26497979999999
1476,2018,2018-01-22 18:00,야,월,1,1,0,0,충북,청주시,차대사람,횡단중,운전자법규위반,안전운전 의무 불이행,단일로,기타단일로,승용차,보행자,127.4596185,36.63680553
1477,2018,2018-09-14 21:00,야,금,1,2,0,1,충북,청주시,차대차,기타,운전자법규위반,안전운전 의무 불이행,교차로,교차로내,이륜차,승용차,127.42627979999999,36.71184781
1478,2018,2018-03-14 16:55,주,수,1,2,0,1,충북,충주시,차대차,기타,운전자법규위반,신호위반,교차로,교차로내,승용차,이륜차,127.90589990000001,36.95866593
1479,2018,2018-02-14 22:57,야,수,1,1,0,0,충북,충주시,차대사람,기타,운전자법규위반,안전운전 의무 불이행,단일로,기타단일로,승용차,보행자,127.95277479999999,37.0762055
1480,2018,2018-12-18 17:52,주,화,1,1,0,0,충북,충주시,차대사람,횡단중,운전자법규위반,신호위반,단일로,기타단일로,승용차,보행자,127.9075189,36.97158706
1481,2018,2018-11-22 18:45,야,목,1,1,0,0,충북,제천시,차대차,추돌,운전자법규위반,안전운전 의무 불이행,단일로,기타단일로,승용차,건설기계,128.15440130000002,37.13146741
1482,2018,2018-10-08 10:16,주,월,1,3,1,1,충북,영동군,차대차,측면충돌,운전자법규위반,안전운전 의무 불이행,교차로,교차로내,화물차,화물차,127.67409750000002,36.10588716
1483,2018,2018-02-07 04:41,야,수,1,1,0,0,충북,영동군,차량단독,전도,운전자법규위반,안전운전 의무 불이행,단일로,기타단일로,화물차,없음,127.6795874,36.21861119
1484,2018,2018-05-20 16:05,주,일,1,1,0,0,충북,괴산군,차량단독,도로이탈 추락,운전자법규위반,안전운전 의무 불이행,단일로,기타단일로,승용차,없음,127.9206713,36.85444291
1485,2018,2018-11-21 19:05,야,수,1,1,0,0,충북,음성군,차대사람,횡단중,운전자법규위반,안전운전 의무 불이행,단일로,기타단일로,승용차,보행자,127.61209869999999,36.99316506
1486,2018,2018-09-28 10:23,주,금,1,1,0,0,충북,음성군,차대차,기타,운전자법규위반,교차로 통행방법 위반,교차로,교차로내,화물차,이륜차,127.4659053,37.01550576
1487,2018,2018-07-08 14:45,주,일,1,3,1,1,충북,단양군,차대차,정면충돌,운전자법규위반,중앙선 침범,단일로,기타단일로,승용차,승용차,128.4339817,37.06522564
1488,2018,2018-08-28 23:10,야,화,1,1,0,0,충북,진천군,차대차,추돌,운전자법규위반,안전운전 의무 불이행,단일로,기타단일로,승용차,승용차,127.4342788,36.79863797
1489,2018,2018-02-09 17:00,주,금,1,2,1,0,충북,청주시,차대차,정면충돌,운전자법규위반,중앙선 침범,단일로,기타단일로,승용차,승용차,127.3608767,36.65092971
1490,2018,2018-05-30 00:18,야,수,1,1,0,0,충북,청주시,차대사람,차도통행중,운전자법규위반,과속,단일로,기타단일로,승용차,보행자,127.46647040000002,36.64866234
1491,2018,2018-12-20 04:50,야,목,1,1,0,0,충북,청주시,차대차,측면충돌,운전자법규위반,안전운전 의무 불이행,교차로,교차로횡단보도내,승용차,자전거,127.4295937,36.62625305
1492,2018,2018-12-19 06:32,주,수,1,1,0,0,충북,충주시,차대차,기타,운전자법규위반,안전운전 의무 불이행,단일로,기타단일로,화물차,화물차,127.72757479999999,37.05548748
1493,2018,2018-04-04 05:40,야,수,1,1,0,0,경기,이천시,차대차,추돌,운전자법규위반,안전운전 의무 불이행,단일로,기타단일로,승합차,화물차,127.5021761,37.24473353
1494,2018,2018-04-28 15:00,주,토,1,5,0,4,경기,이천시,차대차,추돌,운전자법규위반,안전운전 의무 불이행,단일로,기타단일로,화물차,화물차,127.42008700000001,37.24999783
1495,2018,2018-01-25 19:43,야,목,1,3,2,0,경기,이천시,차대차,기타,운전자법규위반,안전운전 의무 불이행,단일로,기타단일로,승합차,승용차,127.425068,37.24166309
1496,2018,2018-04-26 18:50,야,목,1,10,1,8,충북,괴산군,차대차,추돌,운전자법규위반,안전운전 의무 불이행,단일로,터널안,화물차,화물차,128.01152050000002,36.7463348
1497,2018,2018-10-12 16:22,주,금,1,13,3,9,충북,음성군,차대차,추돌,운전자법규위반,안전운전 의무 불이행,단일로,기타단일로,화물차,승용차,127.4716848,36.9841641
1498,2018,2018-04-12 10:05,주,목,1,1,0,0,충북,진천군,차량단독,전복,운전자법규위반,안전운전 의무 불이행,단일로,기타단일로,특수차,없음,127.47538349999999,36.87003183
1499,2018,2018-07-30 14:40,주,월,1,1,0,0,충남,서산시,차대차,측면충돌,운전자법규위반,안전운전 의무 불이행,교차로,교차로부근,화물차,자전거,126.4625043,36.77418227
1500,2018,2018-03-06 02:05,야,화,1,1,0,0,충남,서산시,차대차,기타,운전자법규위반,안전운전 의무 불이행,단일로,기타단일로,이륜차,승용차,126.5100781,36.82156148
1501,2018,2018-10-03 22:00,야,수,1,1,0,0,충남,서산시,차대사람,횡단중,운전자법규위반,과속,단일로,기타단일로,승용차,보행자,126.540873,36.69513402
1502,2018,2018-10-27 23:58,야,토,1,1,0,0,충남,서산시,차대사람,횡단중,운전자법규위반,과속,교차로,교차로내,승용차,보행자,126.46132790000001,36.77251337
1503,2018,2018-06-22 16:00,주,금,1,1,0,0,충남,천안시,차대차,측면충돌,운전자법규위반,안전거리 미확보,교차로,교차로부근,이륜차,승용차,127.11227099999999,36.80182834
1504,2018,2018-02-02 17:10,주,금,1,1,0,0,충남,천안시,차대사람,횡단중,운전자법규위반,안전운전 의무 불이행,교차로,교차로부근,승합차,보행자,127.1336773,36.83571918
1505,2018,2018-09-09 11:24,주,일,1,1,0,0,충남,천안시,차량단독,기타,운전자법규위반,안전운전 의무 불이행,단일로,기타단일로,이륜차,없음,127.2790122,36.89360041
1506,2018,2018-08-12 21:00,야,일,1,1,0,0,충남,천안시,차대차,기타,운전자법규위반,안전운전 의무 불이행,단일로,기타단일로,승용차,자전거,127.1352173,36.91283454
1507,2018,2018-11-02 06:40,주,금,1,2,1,0,충남,천안시,차대차,측면충돌,운전자법규위반,신호위반,교차로,교차로내,화물차,승용차,127.09968970000001,36.80040742
1508,2018,2018-03-26 12:58,주,월,1,1,0,0,충남,논산시,차대사람,횡단중,운전자법규위반,안전운전 의무 불이행,교차로,교차로내,화물차,보행자,127.01160630000001,36.15253974
1509,2018,2018-06-02 15:30,주,토,1,1,0,0,충남,논산시,차대차,측면충돌,운전자법규위반,부당한 회전,교차로,교차로부근,자전거,승용차,127.101808,36.20954573
1510,2018,2018-04-12 18:35,야,목,1,1,0,0,충남,계룡시,차대사람,횡단중,운전자법규위반,안전운전 의무 불이행,교차로,교차로내,승용차,보행자,127.23604809999999,36.29983799
1511,2018,2018-09-27 17:00,주,목,1,1,0,0,충남,논산시,차대사람,기타,운전자법규위반,안전운전 의무 불이행,단일로,기타단일로,승용차,보행자,127.10895719999999,36.24612731
1512,2018,2018-10-21 15:00,주,일,1,2,1,0,충남,논산시,차대차,기타,운전자법규위반,안전운전 의무 불이행,교차로,교차로부근,승용차,이륜차,127.0516821,36.172053000000005
1513,2018,2018-07-31 17:34,주,화,1,1,0,0,충남,홍성군,차량단독,전도,운전자법규위반,안전운전 의무 불이행,단일로,기타단일로,이륜차,없음,126.6653615,36.63404195
1514,2018,2018-07-29 16:49,주,일,1,1,0,0,충남,홍성군,차량단독,전복,운전자법규위반,안전운전 의무 불이행,단일로,기타단일로,농기계,없음,126.64381019999999,36.54879872
1515,2018,2018-08-02 12:20,주,목,1,8,7,0,충남,아산시,차대차,정면충돌,운전자법규위반,중앙선 침범,단일로,기타단일로,화물차,승합차,126.98874850000001,36.69731375
1516,2018,2018-03-31 20:30,야,토,1,1,0,0,충남,아산시,차대사람,횡단중,운전자법규위반,안전운전 의무 불이행,단일로,기타단일로,승용차,보행자,127.08739920000001,36.83261079
1517,2018,2018-01-14 20:45,야,일,1,1,0,0,충남,아산시,차대차,정면충돌,운전자법규위반,신호위반,교차로,교차로내,승합차,이륜차,127.06026670000001,36.92352434
1518,2018,2018-02-24 03:20,야,토,1,2,0,1,충남,아산시,차대차,정면충돌,운전자법규위반,중앙선 침범,교차로,교차로부근,승용차,화물차,127.0343926,36.91335657
1519,2018,2018-11-08 15:30,주,목,1,6,4,1,충남,서천군,차량단독,도로이탈 추락,운전자법규위반,안전운전 의무 불이행,단일로,기타단일로,승합차,없음,126.64595200000001,36.1286278
1520,2018,2018-12-21 18:02,야,금,1,1,0,0,충남,서천군,차대차,정면충돌,운전자법규위반,중앙선 침범,단일로,기타단일로,승용차,자전거,126.71013020000001,36.09422326
1521,2018,2018-02-04 18:32,야,일,1,1,0,0,충남,서천군,차대사람,차도통행중,운전자법규위반,안전운전 의무 불이행,교차로,교차로내,승용차,보행자,126.6940128,36.00813424
1522,2018,2018-08-11 05:40,야,토,1,1,0,0,충남,공주시,차대사람,횡단중,운전자법규위반,신호위반,교차로,교차로부근,승용차,보행자,127.13546740000001,36.47348791
1523,2018,2018-08-21 10:25,주,화,1,1,0,0,세종,세종,차대차,정면충돌,운전자법규위반,안전운전 의무 불이행,단일로,기타단일로,농기계,승용차,127.3002767,36.57508144
1524,2018,2018-10-25 07:30,주,목,1,2,0,1,충남,예산군,차대차,추돌,운전자법규위반,안전운전 의무 불이행,기타,기타,화물차,승용차,126.8664013,36.67565805
1525,2018,2018-08-02 22:30,야,목,1,1,0,0,충남,예산군,차대차,추돌,운전자법규위반,안전운전 의무 불이행,단일로,기타단일로,승용차,원동기장치자전거,126.6864165,36.68997945
1526,2018,2018-04-09 14:45,주,월,1,1,0,0,충남,부여군,차대사람,횡단중,운전자법규위반,안전운전 의무 불이행,교차로,교차로내,승용차,보행자,126.9419629,36.27437735
1527,2018,2018-12-20 18:53,야,목,1,1,0,0,충남,부여군,차대사람,길가장자리구역통행중,운전자법규위반,안전운전 의무 불이행,단일로,기타단일로,특수차,보행자,126.884672,36.27101304
1528,2018,2018-03-20 22:22,야,화,1,1,0,0,충남,당진시,차대사람,횡단중,운전자법규위반,과속,교차로,교차로내,승용차,보행자,126.7640163,36.80534845
1529,2018,2018-07-20 20:20,야,금,1,1,0,0,충남,당진시,차대사람,길가장자리구역통행중,운전자법규위반,안전운전 의무 불이행,단일로,기타단일로,승용차,보행자,126.6668841,36.81429903
1530,2018,2018-10-21 20:30,야,일,1,1,0,0,충남,당진시,차대차,추돌,운전자법규위반,과속,단일로,기타단일로,승용차,이륜차,126.8369033,36.88609631
1531,2018,2018-05-11 13:40,주,금,1,1,0,0,충남,금산군,차대차,측면충돌,운전자법규위반,교차로 통행방법 위반,교차로,교차로내,화물차,이륜차,127.4863238,36.10286635
1532,2018,2018-03-29 20:13,야,목,1,1,0,0,충남,청양군,차대사람,차도통행중,운전자법규위반,안전운전 의무 불이행,교차로,교차로내,승용차,보행자,126.8006858,36.44747476
1533,2018,2018-10-22 18:32,야,월,1,1,0,0,충남,청양군,차대사람,차도통행중,운전자법규위반,안전운전 의무 불이행,단일로,기타단일로,승용차,보행자,126.7138919,36.433421200000005
1534,2018,2018-01-03 18:20,야,수,1,1,0,0,충남,천안시,차대사람,횡단중,운전자법규위반,안전운전 의무 불이행,단일로,기타단일로,화물차,보행자,127.2766864,36.716898799999996
1535,2018,2018-10-04 15:19,주,목,1,1,0,0,충남,천안시,차대차,측면충돌,운전자법규위반,중앙선 침범,단일로,기타단일로,이륜차,승합차,127.253999,36.76989714
1536,2018,2018-05-07 00:00,야,월,1,1,0,0,충남,태안군,차대사람,기타,운전자법규위반,안전운전 의무 불이행,단일로,기타단일로,불명,보행자,126.3709885,36.422142799999996
1537,2018,2018-12-03 01:30,야,월,1,4,0,3,충남,천안시,차대차,추돌,운전자법규위반,안전운전 의무 불이행,단일로,기타단일로,승용차,승용차,127.1752777,36.96391958
1538,2018,2018-05-22 22:05,야,화,1,1,0,0,전북,전주시,차대사람,횡단중,운전자법규위반,안전운전 의무 불이행,교차로,교차로부근,승용차,보행자,127.10096580000001,35.821428499999996
1539,2018,2018-12-19 05:31,야,수,1,1,0,0,전북,군산시,차대사람,횡단중,운전자법규위반,안전운전 의무 불이행,단일로,기타단일로,승용차,보행자,126.6368374,35.95937195
1540,2018,2018-07-30 08:05,주,월,1,2,0,1,전북,군산시,차대차,측면충돌,운전자법규위반,신호위반,교차로,교차로내,승용차,승용차,126.5686322,35.94629959
1541,2018,2018-03-25 05:45,야,일,1,1,0,0,충남,서천군,차대차,기타,운전자법규위반,안전운전 의무 불이행,단일로,기타단일로,화물차,화물차,126.74152240000002,36.01900145
1542,2018,2018-01-31 12:20,주,수,1,3,2,0,전북,군산시,차대차,정면충돌,운전자법규위반,중앙선 침범,교차로,교차로부근,승용차,승용차,126.7591685,36.01169906
1543,2018,2018-12-10 19:30,야,월,1,1,0,0,전북,군산시,차대차,기타,운전자법규위반,안전운전 의무 불이행,단일로,기타단일로,승용차,특수차,126.64460790000001,35.97877974
1544,2018,2018-08-24 00:25,야,금,1,1,0,0,전북,익산시,차대사람,횡단중,운전자법규위반,안전운전 의무 불이행,교차로,교차로부근,승용차,보행자,126.99746670000002,35.96066211
1545,2018,2018-11-09 06:40,주,금,1,1,0,0,전북,익산시,차대사람,횡단중,운전자법규위반,과속,단일로,기타단일로,승용차,보행자,126.97230490000001,35.95853455
1546,2018,2018-03-21 11:50,주,수,1,1,0,0,전북,정읍시,차대차,측면충돌,운전자법규위반,중앙선 침범,단일로,기타단일로,이륜차,승용차,126.86519979999998,35.68035423
1547,2018,2018-03-11 06:55,주,일,1,1,0,0,전북,김제시,차대차,측면충돌,운전자법규위반,안전거리 미확보,단일로,기타단일로,이륜차,승합차,127.04287009999999,35.7931291
1548,2018,2018-07-27 16:00,주,금,1,1,0,0,전북,김제시,차대차,측면충돌,운전자법규위반,부당한 회전,단일로,기타단일로,이륜차,승용차,126.8906456,35.81061961
1549,2018,2018-11-25 18:09,야,일,1,1,0,0,전북,남원시,차량단독,전도,운전자법규위반,안전운전 의무 불이행,기타,기타,농기계,없음,127.2263237,35.35438043
1550,2018,2018-06-02 11:35,주,토,1,2,1,0,전북,남원시,차대차,측면충돌,운전자법규위반,교차로 통행방법 위반,교차로,교차로내,이륜차,승용차,127.3577398,35.33093713
1551,2018,2018-07-08 06:40,주,일,1,1,0,0,전북,남원시,차대차,측면충돌,운전자법규위반,안전운전 의무 불이행,단일로,기타단일로,사륜오토바이(ATV),화물차,127.5879773,35.45891987
1552,2018,2018-04-12 15:55,주,목,1,1,0,0,전북,남원시,차량단독,도로이탈 추락,운전자법규위반,안전운전 의무 불이행,단일로,기타단일로,농기계,없음,127.50530559999999,35.46282541
1553,2018,2018-05-17 23:15,야,목,1,2,0,1,전북,고창군,차대차,추돌,운전자법규위반,안전운전 의무 불이행,교차로,교차로부근,화물차,화물차,126.5548473,35.42643268
1554,2018,2018-08-15 14:09,주,수,1,1,0,0,전북,고창군,차량단독,공작물충돌,운전자법규위반,안전운전 의무 불이행,단일로,기타단일로,원동기장치자전거,없음,126.50168290000002,35.48393735
1555,2018,2018-07-01 15:10,주,일,1,1,0,0,전북,고창군,차량단독,도로이탈 추락,운전자법규위반,안전운전 의무 불이행,단일로,기타단일로,이륜차,없음,126.54246459999999,35.3385816
1556,2018,2018-09-25 16:10,주,화,1,1,0,0,전북,부안군,차대사람,길가장자리구역통행중,운전자법규위반,안전운전 의무 불이행,단일로,기타단일로,승용차,보행자,126.79220890000002,35.68596466
1557,2018,2018-01-18 06:05,주,목,1,1,0,0,전북,진안군,차대사람,길가장자리구역통행중,운전자법규위반,안전운전 의무 불이행,단일로,기타단일로,화물차,보행자,127.4207608,35.7846834
1558,2018,2018-03-11 08:07,주,일,1,1,0,0,전북,무주군,차량단독,도로이탈 추락,운전자법규위반,안전운전 의무 불이행,단일로,기타단일로,승용차,없음,127.7142305,35.96347051
1559,2018,2018-07-12 06:30,주,목,1,1,0,0,전북,완주군,차대사람,길가장자리구역통행중,운전자법규위반,안전운전 의무 불이행,단일로,기타단일로,승용차,보행자,127.1550822,35.87824154
1560,2018,2018-11-13 12:25,주,화,1,5,1,3,전북,완주군,차대차,측면충돌,운전자법규위반,신호위반,교차로,교차로내,승용차,승용차,127.2733857,35.84233853
1561,2018,2018-06-26 04:05,야,화,1,8,4,3,전북,완주군,차대차,추돌,운전자법규위반,안전운전 의무 불이행,단일로,기타단일로,화물차,화물차,127.25008559999999,35.81043457
1562,2018,2018-10-23 19:00,야,화,2,6,4,0,충남,홍성군,차대차,기타,운전자법규위반,기타(운전자법규위반),단일로,기타단일로,화물차,승용차,126.5529638,36.62324299
1563,2018,2018-09-14 05:40,야,금,1,1,0,0,전북,고창군,차량단독,공작물충돌,운전자법규위반,안전운전 의무 불이행,단일로,기타단일로,화물차,없음,126.6785905,35.47942864
1564,2018,2018-11-07 06:13,주,수,1,1,0,0,전남,목포시,차대사람,기타,운전자법규위반,안전운전 의무 불이행,단일로,기타단일로,승용차,보행자,126.39455900000002,34.80356236
1565,2018,2018-02-11 04:35,야,일,1,1,0,0,전남,목포시,차대사람,차도통행중,운전자법규위반,안전운전 의무 불이행,단일로,기타단일로,승용차,보행자,126.40410490000001,34.7885179
1566,2018,2018-11-08 01:15,야,목,1,1,0,0,전남,여수시,차대사람,횡단중,운전자법규위반,안전운전 의무 불이행,교차로,교차로내,승용차,보행자,127.70167240000002,34.76685348
1567,2018,2018-10-10 14:08,주,수,1,1,0,0,전남,여수시,차대사람,횡단중,운전자법규위반,신호위반,교차로,교차로부근,건설기계,보행자,127.66284650000001,34.784884000000005
1568,2018,2018-09-28 05:57,야,금,1,1,0,0,전남,여수시,차대사람,횡단중,운전자법규위반,안전운전 의무 불이행,교차로,교차로내,승용차,보행자,127.7108115,34.75920536
1569,2018,2018-03-28 16:25,주,수,1,3,2,0,전남,여수시,차대사람,보도통행중,운전자법규위반,중앙선 침범,교차로,교차로부근,승합차,보행자,127.65373500000001,34.75417861
1570,2018,2018-09-29 04:05,야,토,1,1,0,0,전남,순천시,차대사람,기타,운전자법규위반,안전운전 의무 불이행,단일로,기타단일로,승용차,보행자,127.52801709999999,34.955323799999995
1571,2018,2018-04-08 17:30,주,일,1,1,0,0,전남,순천시,차량단독,도로이탈 추락,운전자법규위반,안전운전 의무 불이행,단일로,기타단일로,농기계,없음,127.2147588,35.08445454
1572,2018,2018-09-02 04:55,야,일,3,3,0,0,전남,순천시,차대차,추돌,운전자법규위반,과속,단일로,기타단일로,승용차,원동기장치자전거,127.4857034,34.91118532
1573,2018,2018-11-19 10:35,주,월,1,1,0,0,전남,나주시,차대차,측면충돌,운전자법규위반,안전운전 의무 불이행,단일로,기타단일로,이륜차,승용차,126.84298500000001,35.04379191
1574,2018,2018-06-11 02:21,야,월,1,1,0,0,전남,장흥군,차량단독,전도,운전자법규위반,안전운전 의무 불이행,단일로,기타단일로,이륜차,없음,126.9586544,34.52114537
1575,2018,2018-04-19 19:40,야,목,1,1,0,0,전남,고흥군,차대사람,길가장자리구역통행중,운전자법규위반,안전운전 의무 불이행,단일로,기타단일로,승용차,보행자,127.20004159999999,34.48539911
1576,2018,2018-08-02 01:20,야,목,1,1,0,0,전남,고흥군,차대차,추돌,운전자법규위반,안전운전 의무 불이행,단일로,기타단일로,이륜차,화물차,127.2901045,34.61330115
1577,2018,2018-04-16 18:00,야,월,1,1,0,0,전남,해남군,차량단독,전도,운전자법규위반,안전운전 의무 불이행,단일로,기타단일로,농기계,없음,126.52759340000001,34.41420189
1578,2018,2018-06-22 07:38,주,금,1,1,0,0,전남,해남군,차대차,기타,운전자법규위반,중앙선 침범,단일로,기타단일로,이륜차,건설기계,126.37888390000002,34.71133537
1579,2018,2018-03-13 14:48,주,화,1,1,0,0,전남,보성군,차대사람,길가장자리구역통행중,운전자법규위반,안전운전 의무 불이행,기타,기타,화물차,보행자,127.1320013,34.70659543
1580,2018,2018-12-24 10:15,주,월,1,1,0,0,전남,영광군,차량단독,공작물충돌,운전자법규위반,안전운전 의무 불이행,단일로,기타단일로,원동기장치자전거,없음,126.543399,35.26820476
1581,2018,2018-12-07 07:48,주,금,1,1,0,0,전남,화순군,차량단독,도로이탈 추락,운전자법규위반,안전운전 의무 불이행,단일로,기타단일로,이륜차,없음,126.9505625,34.99892755
1582,2018,2018-09-13 08:45,주,목,1,1,0,0,전남,화순군,차대차,측면충돌,운전자법규위반,교차로 통행방법 위반,교차로,교차로내,이륜차,건설기계,126.9886809,34.93111214
1583,2018,2018-03-17 20:10,야,토,1,1,0,0,전남,함평군,차대사람,횡단중,운전자법규위반,안전운전 의무 불이행,단일로,기타단일로,승용차,보행자,126.6038463,35.11056099
1584,2018,2018-11-21 20:15,야,수,1,4,2,1,전남,영암군,차대차,추돌,운전자법규위반,안전운전 의무 불이행,단일로,기타단일로,승용차,화물차,126.56890990000002,34.72549983
1585,2018,2018-04-04 14:50,주,수,1,1,0,0,전남,영암군,차량단독,공작물충돌,운전자법규위반,안전운전 의무 불이행,단일로,기타단일로,화물차,없음,126.43742379999999,34.74615368
1586,2018,2018-10-27 19:10,야,토,1,1,0,0,전남,영암군,차대사람,횡단중,운전자법규위반,안전운전 의무 불이행,단일로,기타단일로,승용차,보행자,126.6896876,34.8866855
1587,2018,2018-02-28 09:00,주,수,1,2,1,0,전남,영암군,차대차,측면충돌,운전자법규위반,안전운전 의무 불이행,교차로,교차로부근,원동기장치자전거,화물차,126.5005155,34.73982476
1588,2018,2018-11-08 14:20,주,목,1,1,0,0,전남,영암군,차량단독,기타,운전자법규위반,안전운전 의무 불이행,단일로,기타단일로,화물차,없음,126.6819051,34.92328404
1589,2018,2018-12-07 14:32,주,금,1,2,0,1,전남,장성군,차대차,정면충돌,운전자법규위반,중앙선 침범,단일로,기타단일로,승용차,화물차,126.8175332,35.2430653
1590,2018,2018-08-02 10:01,주,목,1,1,0,0,전남,담양군,차량단독,전도,운전자법규위반,안전운전 의무 불이행,단일로,기타단일로,이륜차,없음,127.0159024,35.23188539
1591,2018,2018-11-29 19:50,야,목,1,1,0,0,전남,담양군,차대사람,횡단중,운전자법규위반,안전운전 의무 불이행,단일로,기타단일로,승용차,보행자,127.03613840000001,35.24836562
1592,2018,2018-07-16 15:35,주,월,1,1,0,0,전남,완도군,차량단독,전도,운전자법규위반,안전운전 의무 불이행,교차로,교차로내,화물차,없음,126.94720349999999,34.40996245
1593,2018,2018-05-20 15:17,주,일,2,3,0,1,전남,무안군,차대차,정면충돌,운전자법규위반,중앙선 침범,단일로,기타단일로,승용차,건설기계,126.3472304,35.06867461
1594,2018,2018-10-02 05:00,야,화,1,1,0,0,전남,진도군,차량단독,도로이탈 추락,운전자법규위반,안전운전 의무 불이행,단일로,기타단일로,사륜오토바이(ATV),없음,126.23890420000001,34.49440584
1595,2018,2018-06-07 19:00,야,목,1,2,1,0,전남,광양시,차대차,측면충돌,운전자법규위반,과속,교차로,교차로내,승용차,특수차,127.64875719999999,34.89902059
1596,2018,2018-08-22 23:18,야,수,1,1,0,0,전남,광양시,차대차,정면충돌,운전자법규위반,안전운전 의무 불이행,교차로,교차로횡단보도내,승용차,자전거,127.58163540000001,34.970971999999996
1597,2018,2018-06-03 10:43,주,일,1,1,0,0,전남,광양시,차량단독,전도,운전자법규위반,안전운전 의무 불이행,단일로,기타단일로,이륜차,없음,127.65749550000001,35.15831357
1598,2018,2018-09-22 07:25,주,토,1,1,0,0,전남,구례군,차량단독,전복,운전자법규위반,안전운전 의무 불이행,단일로,기타단일로,사륜오토바이(ATV),없음,127.57338100000001,35.2073416
1599,2018,2018-04-14 02:29,야,토,2,2,0,0,전남,장흥군,차량단독,공작물충돌,운전자법규위반,안전운전 의무 불이행,단일로,기타단일로,승용차,없음,127.0082107,34.76629784
1600,2018,2018-05-10 13:46,주,목,1,1,0,0,전북,익산시,차대사람,기타,운전자법규위반,안전운전 의무 불이행,단일로,기타단일로,특수차,보행자,127.10268719999999,36.03747517