,발생년,발생년월일시분,주야,요일,사망자수,사상자수,중상자수,경상자수,발생지시도,발생지시군구,사고유형_대분류,사고유형,법규위반_대분류,법규위반,도로형태_대분류,도로형태,가해자_당사자종별,피해자_당사자종별,경도,위도
1601,2018,2018-12-28 20:10,야,금,1,1,0,0,경북,경주시,차대사람,횡단중,운전자법규위반,안전운전 의무 불이행,단일로,지하차도(도로)내,승용차,보행자,129.31909679999998,35.73620611
1602,2018,2018-02-04 14:25,주,일,1,2,1,0,경북,경주시,차량단독,공작물충돌,운전자법규위반,중앙선 침범,단일로,기타단일로,승용차,없음,129.2107589,35.82286125
1603,2018,2018-10-24 07:25,주,수,1,1,0,0,경북,경주시,차대사람,차도통행중,운전자법규위반,안전운전 의무 불이행,단일로,기타단일로,승용차,보행자,129.3082441,35.78383304
1604,2018,2018-08-01 18:46,야,수,1,1,0,0,경북,경주시,차대차,측면충돌,운전자법규위반,중앙선 침범,단일로,기타단일로,자전거,승용차,129.2102483,35.8558
1605,2018,2018-04-20 22:00,야,금,1,1,0,0,경북,경주시,차대사람,차도통행중,운전자법규위반,안전운전 의무 불이행,단일로,기타단일로,사륜오토바이(ATV),보행자,129.2173975,35.84327548
1606,2018,2018-12-24 20:10,야,월,1,1,0,0,경북,경주시,차대사람,차도통행중,운전자법규위반,안전운전 의무 불이행,단일로,기타단일로,화물차,보행자,129.1997533,35.71670326
1607,2018,2018-12-10 08:58,주,월,1,1,0,0,경북,포항시,차대차,측면충돌,운전자법규위반,안전운전 의무 불이행,교차로,교차로내,승용차,자전거,129.35637590000002,36.02548393
1608,2018,2018-11-17 05:48,야,토,1,2,1,0,경북,포항시,차대차,측면충돌,운전자법규위반,중앙선 침범,단일로,기타단일로,승용차,농기계,129.265967,36.13521309
1609,2018,2018-08-25 18:47,야,토,1,2,1,0,경북,포항시,차대차,정면충돌,운전자법규위반,신호위반,교차로,교차로내,특수차,승합차,129.3471758,36.11518399
1610,2018,2018-10-09 05:40,야,화,1,1,0,0,경북,포항시,차대차,추돌,운전자법규위반,안전운전 의무 불이행,단일로,기타단일로,화물차,농기계,129.1565792,36.09165825
1611,2018,2018-10-12 16:56,주,금,1,1,0,0,경북,포항시,차량단독,공작물충돌,운전자법규위반,안전운전 의무 불이행,단일로,기타단일로,이륜차,없음,129.0836628,36.14366755
1612,2018,2018-12-22 19:20,야,토,1,1,0,0,경북,포항시,차대사람,차도통행중,운전자법규위반,안전운전 의무 불이행,단일로,기타단일로,승용차,보행자,129.3746616,36.06423165
1613,2018,2018-10-10 13:13,주,수,1,1,0,0,경북,안동시,차대사람,차도통행중,운전자법규위반,안전운전 의무 불이행,교차로,교차로내,승용차,보행자,128.7437472,36.56395577
1614,2018,2018-03-14 06:12,주,수,1,1,0,0,경북,안동시,차대사람,횡단중,운전자법규위반,안전운전 의무 불이행,교차로,교차로부근,승합차,보행자,128.7207565,36.56510389
1615,2018,2018-09-01 05:52,야,토,1,2,1,0,경북,안동시,차대차,측면충돌,운전자법규위반,안전운전 의무 불이행,단일로,기타단일로,승용차,농기계,128.76837609999998,36.62063124
1616,2018,2018-10-17 20:09,야,수,1,1,0,0,경북,김천시,차대사람,차도통행중,운전자법규위반,안전운전 의무 불이행,단일로,기타단일로,승용차,보행자,128.2196227,36.19786621
1617,2018,2018-07-16 07:00,주,월,1,1,0,0,경북,상주시,차대차,측면충돌,운전자법규위반,안전운전 의무 불이행,교차로,교차로내,화물차,자전거,128.09035459999998,36.58028675
1618,2018,2018-02-10 15:40,주,토,1,1,0,0,경북,상주시,철길건널목,철길건널목,운전자법규위반,철길건널목 통과방법위반,철길건널목,철길건널목,이륜차,기타,128.1672429,36.41599727
1619,2018,2018-04-25 01:55,야,수,1,1,0,0,경북,상주시,차대차,추돌,운전자법규위반,안전운전 의무 불이행,단일로,기타단일로,승용차,화물차,128.1827898,36.58111831
1620,2018,2018-07-30 10:10,주,월,1,1,0,0,경북,의성군,차대차,측면충돌,운전자법규위반,안전운전 의무 불이행,기타,기타,건설기계,농기계,128.665983,36.33888725
1621,2018,2018-10-29 18:00,야,월,1,1,0,0,경북,영주시,차대사람,횡단중,운전자법규위반,보행자 보호의무 위반,교차로,교차로횡단보도내,화물차,보행자,128.635913,36.81825521
1622,2018,2018-09-22 09:45,주,토,1,1,0,0,경북,영천시,차대차,측면충돌,운전자법규위반,신호위반,교차로,교차로내,이륜차,특수차,128.9778909,35.98001967
1623,2018,2018-06-09 19:48,야,토,1,2,0,1,경북,영천시,차대차,추돌,운전자법규위반,안전운전 의무 불이행,단일로,기타단일로,승용차,농기계,129.0398495,36.00124582
1624,2018,2018-06-30 09:05,주,토,1,1,0,0,경북,문경시,차량단독,전도,운전자법규위반,안전운전 의무 불이행,단일로,기타단일로,사륜오토바이(ATV),없음,128.08291210000002,36.74376185
1625,2018,2018-03-30 15:30,주,금,1,1,0,0,경북,문경시,차량단독,도로이탈 추락,운전자법규위반,안전운전 의무 불이행,단일로,기타단일로,승용차,없음,128.1321082,36.6548869
1626,2018,2018-10-03 21:45,야,수,1,1,0,0,경북,경산시,차대사람,횡단중,운전자법규위반,안전운전 의무 불이행,교차로,교차로내,승용차,보행자,128.825446,35.88357933
1627,2018,2018-02-17 19:23,야,토,1,1,0,0,경북,경산시,차대사람,횡단중,운전자법규위반,과속,교차로,교차로내,승용차,보행자,128.8505902,35.75466717
1628,2018,2018-04-10 09:50,주,화,1,1,0,0,경북,경산시,차대차,추돌,운전자법규위반,중앙선 침범,단일로,기타단일로,이륜차,승합차,128.7423044,35.82754434
1629,2018,2018-06-13 18:30,야,수,1,1,0,0,경북,영덕군,차량단독,전복,운전자법규위반,안전운전 의무 불이행,단일로,기타단일로,농기계,없음,129.3208169,36.55375261
1630,2018,2018-09-15 18:30,야,토,1,1,0,0,경북,예천군,차대차,측면충돌,운전자법규위반,안전운전 의무 불이행,교차로,교차로내,승용차,이륜차,128.4941938,36.57731414
1631,2018,2018-05-01 05:45,야,화,1,7,5,1,경북,청도군,차대차,측면충돌,운전자법규위반,교차로 통행방법 위반,교차로,교차로내,승용차,승용차,128.75055600000002,35.65032831
1632,2018,2018-04-25 17:20,주,수,1,3,1,1,경북,성주군,차대차,정면충돌,운전자법규위반,안전운전 의무 불이행,교차로,교차로내,승용차,승용차,128.3391015,35.83216293
1633,2018,2018-06-10 13:30,주,일,1,1,0,0,경북,성주군,차량단독,공작물충돌,운전자법규위반,안전운전 의무 불이행,단일로,기타단일로,승용차,없음,128.35646409999998,35.89415051
1634,2018,2018-02-16 14:50,주,금,1,1,0,0,경북,성주군,차량단독,공작물충돌,운전자법규위반,안전운전 의무 불이행,기타,기타,승용차,없음,128.1939428,35.86159724
1635,2018,2018-07-18 08:51,주,수,1,1,0,0,경북,울진군,차량단독,공작물충돌,운전자법규위반,안전운전 의무 불이행,교차로,교차로부근,승용차,없음,129.408018,36.67901115
1636,2018,2018-08-10 12:05,주,금,1,2,1,0,경북,울진군,차대차,측면충돌,운전자법규위반,신호위반,교차로,교차로내,승용차,승용차,129.4165783,36.88098841
1637,2018,2018-09-27 07:00,주,목,1,1,0,0,경북,울진군,차량단독,도로이탈 추락,운전자법규위반,안전운전 의무 불이행,단일로,기타단일로,승용차,없음,129.4601055,36.76081719
1638,2018,2018-04-28 13:10,주,토,1,3,0,2,경북,고령군,차량단독,공작물충돌,운전자법규위반,안전운전 의무 불이행,단일로,기타단일로,승용차,없음,128.302142,35.78238578
1639,2018,2018-11-21 07:50,주,수,1,2,1,0,경북,구미시,차대차,측면충돌,운전자법규위반,안전운전 의무 불이행,교차로,교차로내,화물차,승용차,128.2796561,36.31801579
1640,2018,2018-05-09 08:49,주,수,1,1,0,0,경북,구미시,차대차,측면충돌,운전자법규위반,안전운전 의무 불이행,단일로,기타단일로,화물차,이륜차,128.4055115,36.1111205
1641,2018,2018-05-17 01:10,야,목,1,1,0,0,경북,구미시,차대차,추돌,운전자법규위반,안전운전 의무 불이행,단일로,교량위,승용차,승용차,128.386759,36.12415285
1642,2018,2018-04-22 09:10,주,일,1,9,7,1,경북,구미시,차대차,측면충돌,운전자법규위반,직진 및 우회전차의 통행방해,교차로,교차로내,화물차,승용차,128.3561024,36.18472498
1643,2018,2018-12-15 23:36,야,토,1,1,0,0,경북,구미시,차대사람,횡단중,운전자법규위반,안전운전 의무 불이행,교차로,교차로내,승용차,보행자,128.3292273,36.13658254
1644,2018,2018-08-22 19:40,야,수,1,1,0,0,경북,포항시,차대사람,횡단중,운전자법규위반,안전운전 의무 불이행,교차로,교차로횡단보도내,승용차,보행자,129.5475673,35.98525058
1645,2018,2018-12-17 14:35,주,월,1,1,0,0,경북,포항시,차대차,기타,운전자법규위반,안전운전 의무 불이행,교차로,교차로부근,화물차,자전거,129.3615542,35.97387697
1646,2018,2018-07-20 07:45,주,금,1,5,2,2,경북,포항시,차대차,추돌,운전자법규위반,안전운전 의무 불이행,교차로,교차로부근,승용차,승합차,129.413888,35.94359421
1647,2018,2018-06-23 10:40,주,토,1,10,0,9,경북,영천시,차대차,기타,운전자법규위반,안전운전 의무 불이행,단일로,기타단일로,승용차,승용차,128.85890700000002,35.99136124
1648,2018,2018-07-01 08:46,주,일,1,2,1,0,경북,군위군,차량단독,공작물충돌,운전자법규위반,안전운전 의무 불이행,단일로,기타단일로,화물차,없음,128.5567705,36.19320062
1649,2018,2018-07-03 23:02,야,화,1,1,0,0,대구,달성군,차량단독,기타,운전자법규위반,안전운전 의무 불이행,단일로,기타단일로,승용차,없음,128.4827238,35.8009345
1650,2018,2018-05-24 02:30,야,목,1,1,0,0,경북,성주군,차대차,추돌,운전자법규위반,안전운전 의무 불이행,단일로,기타단일로,화물차,특수차,128.3177861,35.86642595
1651,2018,2018-08-07 01:00,야,화,1,1,0,0,대구,수성구,차대사람,횡단중,운전자법규위반,안전운전 의무 불이행,단일로,기타단일로,화물차,보행자,128.6931229,35.83526416
1652,2018,2018-05-19 13:10,주,토,1,1,0,0,경남,창원시(통합),차대차,기타,운전자법규위반,안전운전 의무 불이행,단일로,기타단일로,승용차,승용차,128.39875039999998,35.09470536
1653,2018,2018-05-21 11:45,주,월,1,1,0,0,경남,창원시(통합),차대사람,횡단중,운전자법규위반,안전운전 의무 불이행,교차로,교차로부근,승용차,보행자,128.4857836,35.11487587
1654,2018,2018-02-14 03:57,야,수,1,1,0,0,경남,창원시(통합),차대사람,기타,운전자법규위반,안전운전 의무 불이행,단일로,기타단일로,승용차,보행자,128.5600819,35.18404708
1655,2018,2018-12-19 06:10,주,수,1,1,0,0,경남,진주시,차량단독,전도,운전자법규위반,안전운전 의무 불이행,교차로,교차로부근,이륜차,없음,128.0691559,35.17482462
1656,2018,2018-09-29 15:20,주,토,1,1,0,0,경남,진주시,차대사람,횡단중,운전자법규위반,안전운전 의무 불이행,단일로,기타단일로,승용차,보행자,128.0649281,35.19231939
1657,2018,2018-11-21 14:10,주,수,1,1,0,0,경남,창원시(통합),차대사람,기타,운전자법규위반,안전운전 의무 불이행,단일로,기타단일로,화물차,보행자,128.767156,35.11520028
1658,2018,2018-08-13 10:10,주,월,1,1,0,0,경남,밀양시,차대사람,횡단중,운전자법규위반,안전운전 의무 불이행,단일로,기타단일로,승합차,보행자,128.6906813,35.44403632
1659,2018,2018-06-20 10:10,주,수,1,1,0,0,경남,밀양시,차량단독,도로이탈 추락,운전자법규위반,안전운전 의무 불이행,단일로,기타단일로,화물차,없음,128.6891823,35.52106647
1660,2018,2018-02-09 06:40,주,금,1,1,0,0,경남,김해시,차대사람,횡단중,운전자법규위반,신호위반,교차로,교차로횡단보도내,건설기계,보행자,128.8716678,35.23896538
1661,2018,2018-12-12 06:38,주,수,1,1,0,0,경남,김해시,차대사람,횡단중,운전자법규위반,안전운전 의무 불이행,교차로,교차로부근,승용차,보행자,128.9148929,35.24038816
1662,2018,2018-12-22 20:05,야,토,1,1,0,0,경남,김해시,차대사람,횡단중,운전자법규위반,보행자 보호의무 위반,단일로,기타단일로,승합차,보행자,128.8825655,35.22641703
1663,2018,2018-04-26 20:50,야,목,1,1,0,0,경남,거창군,차량단독,공작물충돌,운전자법규위반,안전운전 의무 불이행,단일로,기타단일로,원동기장치자전거,없음,127.9470825,35.65577515
1664,2018,2018-05-23 22:25,야,수,1,1,0,0,경남,합천군,차대사람,길가장자리구역통행중,운전자법규위반,과속,단일로,기타단일로,승용차,보행자,128.1735842,35.58562027
1665,2018,2018-05-09 09:40,주,수,1,1,0,0,경남,창녕군,차대사람,기타,운전자법규위반,안전운전 의무 불이행,단일로,기타단일로,화물차,보행자,128.4878237,35.55871411
1666,2018,2018-06-25 14:24,주,월,1,2,1,0,경남,함양군,차대차,정면충돌,운전자법규위반,중앙선 침범,단일로,기타단일로,화물차,화물차,127.74563529999999,35.6209649
1667,2018,2018-06-16 00:15,야,토,1,1,0,0,경남,함양군,차대사람,기타,운전자법규위반,안전운전 의무 불이행,교차로,교차로내,승용차,보행자,127.7009735,35.49521214
1668,2018,2018-09-04 09:36,주,화,1,1,0,0,경남,함양군,차대차,측면충돌,운전자법규위반,신호위반,교차로,교차로횡단보도내,화물차,자전거,127.78150600000001,35.52110925
1669,2018,2018-08-06 21:05,야,월,1,1,0,0,경남,함양군,차대차,추돌,운전자법규위반,안전운전 의무 불이행,단일로,기타단일로,화물차,농기계,127.7159489,35.50036184
1670,2018,2018-02-07 10:45,주,수,1,2,0,1,경남,양산시,차대차,측면충돌,운전자법규위반,안전운전 의무 불이행,단일로,기타단일로,화물차,화물차,129.0679442,35.33834366
1671,2018,2018-06-14 06:45,주,목,1,1,0,0,경남,양산시,차대사람,횡단중,운전자법규위반,안전운전 의무 불이행,단일로,기타단일로,승용차,보행자,129.07332659999997,35.311199200000004
1672,2018,2018-12-12 06:50,주,수,1,1,0,0,경남,양산시,차대차,정면충돌,운전자법규위반,중앙선 침범,단일로,기타단일로,화물차,이륜차,129.1635922,35.40650326
1673,2018,2018-03-05 19:25,야,월,1,2,1,0,경남,고성군,차대차,정면충돌,운전자법규위반,과속,단일로,기타단일로,승용차,승용차,128.3009122,34.97906175
1674,2018,2018-09-04 08:20,주,화,2,17,8,7,경남,고성군,차량단독,공작물충돌,운전자법규위반,안전운전 의무 불이행,단일로,기타단일로,승합차,없음,128.21891399999998,34.99334422
1675,2018,2018-09-02 13:10,주,일,3,8,4,1,경남,고성군,차대차,정면충돌,운전자법규위반,중앙선 침범,교차로,교차로부근,승용차,승용차,128.3562089,35.04361639
1676,2018,2018-09-25 17:15,주,화,1,1,0,0,경남,하동군,차대차,측면충돌,운전자법규위반,안전운전 의무 불이행,교차로,교차로내,원동기장치자전거,화물차,127.9072013,35.01967783
1677,2018,2018-07-20 13:40,주,금,1,2,1,0,경남,남해군,차대차,정면충돌,운전자법규위반,중앙선 침범,단일로,기타단일로,화물차,건설기계,127.9844885,34.81282207
1678,2018,2018-04-21 06:00,주,토,1,2,0,1,경남,함안군,차대차,측면충돌,운전자법규위반,신호위반,교차로,교차로내,이륜차,화물차,128.4268143,35.24182844
1679,2018,2018-04-02 20:32,야,월,1,1,0,0,경남,함안군,차대차,추돌,운전자법규위반,안전운전 의무 불이행,단일로,기타단일로,승용차,자전거,128.4079675,35.24301725
1680,2018,2018-10-21 18:20,야,일,1,1,0,0,경남,함안군,차대차,추돌,운전자법규위반,안전운전 의무 불이행,단일로,기타단일로,화물차,자전거,128.41957209999998,35.35562819
1681,2018,2018-11-05 06:20,주,월,1,1,0,0,경남,의령군,차대사람,차도통행중,운전자법규위반,안전운전 의무 불이행,단일로,지하차도(도로)내,건설기계,보행자,128.3578874,35.35188909
1682,2018,2018-02-13 04:00,야,화,1,1,0,0,경남,창원시(통합),차대사람,횡단중,운전자법규위반,신호위반,단일로,기타단일로,승용차,보행자,128.69183049999998,35.22019547
1683,2018,2018-08-05 21:00,야,일,1,1,0,0,경남,창원시(통합),차대사람,차도통행중,운전자법규위반,안전운전 의무 불이행,단일로,기타단일로,승용차,보행자,128.6663743,35.23950425
1684,2018,2018-03-27 01:48,야,화,1,1,0,0,경남,창원시(통합),차량단독,공작물충돌,운전자법규위반,안전운전 의무 불이행,교차로,교차로내,이륜차,없음,128.5089304,35.24580625
1685,2018,2018-01-01 18:28,야,월,1,1,0,0,경남,창원시(통합),차대사람,횡단중,운전자법규위반,안전운전 의무 불이행,교차로,교차로부근,승용차,보행자,128.6887888,35.27903946
1686,2018,2018-11-20 17:10,주,화,1,1,0,0,경남,창원시(통합),차대사람,기타,운전자법규위반,안전운전 의무 불이행,기타,기타,승용차,보행자,128.6226906,35.26275614
1687,2018,2018-11-06 19:20,야,화,1,2,0,0,경남,김해시,차대차,측면충돌,운전자법규위반,신호위반,교차로,교차로내,이륜차,승용차,128.8177298,35.17231195
1688,2018,2018-04-14 11:50,주,토,1,5,2,2,경남,김해시,차대차,측면충돌,운전자법규위반,중앙선 침범,교차로,교차로부근,승용차,승용차,128.8285964,35.20577008
1689,2018,2018-02-27 05:04,야,화,1,3,1,1,경남,창녕군,차대차,추돌,운전자법규위반,안전운전 의무 불이행,단일로,기타단일로,화물차,화물차,128.4789914,35.53467685
1690,2018,2018-08-17 05:23,야,금,1,1,0,0,경남,김해시,차량단독,전복,운전자법규위반,안전운전 의무 불이행,단일로,기타단일로,특수차,없음,128.7185008,35.27921265
1691,2018,2018-09-18 02:08,야,화,1,1,0,0,제주,제주시,차대사람,기타,운전자법규위반,안전운전 의무 불이행,교차로,교차로내,승용차,보행자,126.53244199999999,33.49484048
1692,2018,2018-08-16 03:47,야,목,1,1,0,0,제주,제주시,차대사람,기타,운전자법규위반,과속,단일로,기타단일로,승용차,보행자,126.5971672,33.48893438
1693,2018,2018-11-08 20:58,야,목,1,1,0,0,제주,서귀포시,차대사람,횡단중,운전자법규위반,안전운전 의무 불이행,교차로,교차로내,승용차,보행자,126.64813240000001,33.27202619
1694,2018,2018-07-04 00:23,야,수,1,1,0,0,제주,서귀포시,차량단독,기타,운전자법규위반,안전운전 의무 불이행,단일로,기타단일로,이륜차,없음,126.5456017,33.241390700000004
1695,2018,2018-02-01 01:15,야,목,1,1,0,0,제주,서귀포시,차대사람,기타,운전자법규위반,안전운전 의무 불이행,단일로,기타단일로,승용차,보행자,126.9092598,33.46433395
1696,2018,2018-11-29 16:50,주,목,1,2,1,0,제주,서귀포시,차대차,추돌,운전자법규위반,안전운전 의무 불이행,단일로,기타단일로,승용차,농기계,126.28206440000001,33.25305992
1697,2018,2018-10-28 07:17,주,일,1,1,0,0,제주,제주시,차량단독,전도,운전자법규위반,안전운전 의무 불이행,단일로,기타단일로,자전거,없음,126.16390359999998,33.32391705
1698,2018,2018-11-14 19:25,야,수,1,1,0,0,대구,남구,차대사람,횡단중,운전자법규위반,안전운전 의무 불이행,교차로,교차로횡단보도내,승용차,보행자,128.5981192,35.85552649
1699,2018,2018-12-14 13:55,주,금,1,1,0,0,대구,동구,차대사람,횡단중,운전자법규위반,보행자 보호의무 위반,단일로,기타단일로,화물차,보행자,128.6446415,35.89312893
1700,2018,2018-08-31 05:45,야,금,1,1,0,0,대구,동구,차대사람,기타,운전자법규위반,안전운전 의무 불이행,교차로,교차로횡단보도내,승용차,보행자,128.6155496,35.86810497
1701,2018,2018-05-04 09:11,주,금,1,1,0,0,대구,수성구,차대사람,횡단중,운전자법규위반,안전운전 의무 불이행,단일로,기타단일로,승용차,보행자,128.6305955,35.82550073
1702,2018,2018-04-21 05:30,야,토,1,2,0,1,대구,수성구,차대사람,기타,운전자법규위반,안전운전 의무 불이행,단일로,기타단일로,승용차,보행자,128.62199669999998,35.85935388
1703,2018,2018-06-02 09:10,주,토,1,1,0,0,대구,달성군,차대사람,보도통행중,운전자법규위반,보행자 보호의무 위반,교차로,교차로횡단보도내,화물차,보행자,128.42990690000002,35.7644526
1704,2018,2018-06-06 00:30,야,수,1,1,0,0,대구,달성군,차대사람,기타,운전자법규위반,안전운전 의무 불이행,단일로,기타단일로,승용차,보행자,128.3906017,35.88125308
1705,2018,2018-01-21 03:10,야,일,1,1,0,0,대구,북구,차대사람,횡단중,운전자법규위반,안전운전 의무 불이행,교차로,교차로횡단보도내,승용차,보행자,128.61166599999999,35.88188074
1706,2018,2018-01-13 07:00,주,토,1,1,0,0,대구,서구,차대사람,횡단중,운전자법규위반,신호위반,단일로,기타단일로,이륜차,보행자,128.5477432,35.86916631
1707,2018,2018-12-24 05:47,야,월,1,1,0,0,대구,서구,차대사람,차도통행중,운전자법규위반,안전운전 의무 불이행,단일로,기타단일로,화물차,보행자,128.57097620000002,35.86727459
1708,2018,2018-04-01 04:11,야,일,1,1,0,0,대구,중구,차대사람,기타,운전자법규위반,안전운전 의무 불이행,교차로,교차로부근,승용차,보행자,128.59878270000002,35.85954771
1709,2018,2018-09-12 11:00,주,수,1,1,0,0,대구,중구,차대사람,횡단중,운전자법규위반,안전운전 의무 불이행,교차로,교차로횡단보도내,건설기계,보행자,128.6032548,35.86569414
1710,2018,2018-08-03 06:20,주,금,1,1,0,0,대구,중구,차대차,측면충돌,운전자법규위반,안전운전 의무 불이행,단일로,기타단일로,승용차,자전거,128.6046108,35.85965023
1711,2018,2018-05-26 21:25,야,토,1,1,0,0,대구,달서구,차대사람,차도통행중,운전자법규위반,안전운전 의무 불이행,단일로,기타단일로,승용차,보행자,128.50233640000002,35.8354112
1712,2018,2018-03-30 10:58,주,금,1,1,0,0,대구,북구,차대사람,횡단중,운전자법규위반,보행자 보호의무 위반,교차로,교차로횡단보도내,승합차,보행자,128.5969098,35.92443467
1713,2018,2018-04-29 21:20,야,일,1,7,0,6,대구,북구,차대사람,차도통행중,운전자법규위반,과속,단일로,기타단일로,승용차,보행자,128.5472978,35.90600809
1714,2018,2018-08-20 03:47,야,월,1,1,0,0,대구,북구,차대사람,횡단중,운전자법규위반,과속,단일로,기타단일로,승용차,보행자,128.550616,35.91642818
1715,2018,2018-09-11 11:25,주,화,1,1,0,0,대구,북구,차대차,추돌,운전자법규위반,안전운전 의무 불이행,단일로,기타단일로,승용차,화물차,128.5746255,35.94617435
1716,2018,2018-01-14 08:20,주,일,1,1,0,0,인천,동구,차대사람,횡단중,운전자법규위반,신호위반,단일로,기타단일로,승용차,보행자,126.64503490000001,37.4753521
1717,2018,2018-10-10 10:01,주,수,1,10,2,7,인천,남구,차대차,추돌,운전자법규위반,안전운전 의무 불이행,교차로,교차로내,화물차,승용차,126.67891780000001,37.44435169
1718,2018,2018-11-03 00:50,야,토,1,1,0,0,인천,남구,차대차,추돌,운전자법규위반,보행자 보호의무 위반,단일로,기타단일로,이륜차,건설기계,126.65334650000001,37.45637552
1719,2018,2018-10-27 12:00,주,토,1,1,0,0,인천,남구,차대차,정면충돌,운전자법규위반,안전운전 의무 불이행,교차로,교차로부근,이륜차,화물차,126.6559118,37.45850303
1720,2018,2018-07-28 07:00,주,토,1,2,1,0,인천,남동구,차대차,기타,운전자법규위반,중앙선 침범,단일로,기타단일로,승용차,승용차,126.71815900000001,37.46911652
1721,2018,2018-01-22 04:30,야,월,1,1,0,0,인천,서구,차대사람,횡단중,운전자법규위반,과속,단일로,기타단일로,화물차,보행자,126.6832845,37.47940834
1722,2018,2018-08-25 13:18,주,토,1,1,0,0,인천,서구,차량단독,공작물충돌,운전자법규위반,안전운전 의무 불이행,단일로,기타단일로,화물차,없음,126.66077299999999,37.58787964
1723,2018,2018-01-12 07:15,주,금,1,1,0,0,인천,계양구,차대사람,횡단중,운전자법규위반,보행자 보호의무 위반,교차로,교차로횡단보도내,승용차,보행자,126.7380354,37.57077362
1724,2018,2018-03-20 19:25,야,화,1,1,0,0,인천,강화군,차대사람,횡단중,운전자법규위반,안전운전 의무 불이행,단일로,기타단일로,승용차,보행자,126.48128190000001,37.72407837
1725,2018,2018-06-20 04:00,야,수,1,1,0,0,인천,연수구,차대차,추돌,운전자법규위반,안전운전 의무 불이행,교차로,교차로부근,승용차,건설기계,126.68318500000001,37.42410082
1726,2018,2018-03-18 21:20,야,일,1,1,0,0,인천,남동구,차대차,측면충돌,운전자법규위반,신호위반,교차로,교차로내,자전거,승용차,126.7071498,37.39896289
1727,2018,2018-09-12 22:18,야,수,1,1,0,0,경기,안산시,차대차,추돌,운전자법규위반,안전운전 의무 불이행,단일로,기타단일로,승용차,화물차,126.7959875,37.3529065
1728,2018,2018-07-10 15:57,주,화,1,1,0,0,인천,계양구,차대차,추돌,운전자법규위반,안전운전 의무 불이행,단일로,기타단일로,화물차,화물차,126.7488308,37.54334299
1729,2018,2018-01-27 19:15,야,토,1,1,0,0,광주,서구,차대사람,길가장자리구역통행중,운전자법규위반,안전운전 의무 불이행,단일로,기타단일로,자전거,보행자,126.866638,35.14583991
1730,2018,2018-08-28 20:12,야,화,1,1,0,0,광주,남구,차대사람,횡단중,운전자법규위반,안전운전 의무 불이행,교차로,교차로횡단보도내,승용차,보행자,126.90449,35.149103000000004
1731,2018,2018-11-01 09:30,주,목,1,1,0,0,광주,북구,차대차,측면충돌,운전자법규위반,교차로 통행방법 위반,교차로,교차로내,이륜차,승용차,126.87476170000001,35.20893885
1732,2018,2018-11-03 00:19,야,토,1,2,1,0,광주,북구,차량단독,공작물충돌,운전자법규위반,안전운전 의무 불이행,교차로,교차로내,화물차,없음,126.89620670000001,35.16047043
1733,2018,2018-09-16 18:50,야,일,1,1,0,0,광주,북구,차량단독,공작물충돌,운전자법규위반,안전운전 의무 불이행,단일로,기타단일로,승용차,없음,126.8817515,35.24484408
1734,2018,2018-12-29 06:15,주,토,1,3,0,2,광주,광산구,차대차,추돌,운전자법규위반,안전거리 미확보,단일로,교량위,화물차,화물차,126.82030490000001,35.16108097
1735,2018,2018-11-02 15:50,주,금,1,1,0,0,광주,광산구,차대차,기타,운전자법규위반,안전거리 미확보,단일로,기타단일로,자전거,승용차,126.83147209999998,35.21734577
1736,2018,2018-02-01 18:30,야,목,1,4,0,3,광주,광산구,차대차,기타,운전자법규위반,안전운전 의무 불이행,단일로,기타단일로,승용차,승용차,126.8185575,35.16259503
1737,2018,2018-04-30 19:00,야,월,1,1,0,0,광주,광산구,차량단독,도로이탈 추락,운전자법규위반,안전운전 의무 불이행,교차로,교차로부근,자전거,없음,126.6820315,35.16357154
1738,2018,2018-04-20 01:43,야,금,1,1,0,0,광주,광산구,차량단독,도로이탈 추락,운전자법규위반,안전운전 의무 불이행,단일로,기타단일로,승용차,없음,126.81970030000001,35.16116775
1739,2018,2018-12-24 09:55,주,월,1,1,0,0,대전,중구,차대사람,횡단중,운전자법규위반,보행자 보호의무 위반,교차로,교차로내,승용차,보행자,127.4109399,36.32217506
1740,2018,2018-02-09 02:55,야,금,1,1,0,0,대전,중구,차대사람,횡단중,운전자법규위반,안전운전 의무 불이행,교차로,교차로부근,화물차,보행자,127.39708040000001,36.30542221
1741,2018,2018-11-12 13:06,주,월,1,1,0,0,대전,동구,차대차,측면충돌,운전자법규위반,안전운전 의무 불이행,교차로,교차로횡단보도내,건설기계,자전거,127.46301629999999,36.29008036
1742,2018,2018-10-23 16:30,주,화,1,1,0,0,대전,동구,차량단독,도로이탈 추락,운전자법규위반,안전운전 의무 불이행,단일로,기타단일로,화물차,없음,127.48156399999999,36.31293892
1743,2018,2018-08-30 05:46,야,목,1,1,0,0,대전,동구,차대사람,횡단중,운전자법규위반,안전운전 의무 불이행,교차로,교차로내,화물차,보행자,127.4329953,36.33927373
1744,2018,2018-09-02 07:25,주,일,1,5,0,4,대전,동구,차대차,추돌,운전자법규위반,안전운전 의무 불이행,단일로,지하차도(도로)내,승용차,농기계,127.46518640000001,36.31852486
1745,2018,2018-01-28 19:30,야,일,1,1,0,0,대전,대덕구,차대사람,횡단중,운전자법규위반,과속,교차로,교차로부근,승용차,보행자,127.40447309999999,36.44489619