,발생년,발생년월일시분,주야,요일,사망자수,사상자수,중상자수,경상자수,발생지시도,발생지시군구,사고유형_대분류,사고유형,법규위반_대분류,법규위반,도로형태_대분류,도로형태,가해자_당사자종별,피해자_당사자종별,경도,위도
1746,2018,2018-01-09 06:35,주,화,1,1,0,0,대전,대덕구,차대사람,차도통행중,운전자법규위반,안전운전 의무 불이행,단일로,기타단일로,승용차,보행자,127.42669599999999,36.37855914
1747,2018,2018-08-02 18:14,야,목,1,1,0,0,울산,북구,차량단독,공작물충돌,운전자법규위반,안전운전 의무 불이행,단일로,기타단일로,이륜차,없음,129.3103199,35.60424192
1748,2018,2018-03-15 23:20,야,목,1,1,0,0,울산,북구,차대사람,기타,운전자법규위반,안전운전 의무 불이행,단일로,기타단일로,승용차,보행자,129.35961640000002,35.58316217
1749,2018,2018-02-27 19:20,야,화,1,1,0,0,울산,중구,차대사람,횡단중,운전자법규위반,안전운전 의무 불이행,단일로,지하차도(도로)내,승용차,보행자,129.3425464,35.55097915
1750,2018,2018-04-21 02:40,야,토,1,1,0,0,울산,남구,차량단독,공작물충돌,운전자법규위반,안전운전 의무 불이행,단일로,기타단일로,원동기장치자전거,없음,129.3532739,35.54257491
1751,2018,2018-01-23 17:30,주,화,1,15,3,11,울산,남구,차대차,정면충돌,운전자법규위반,중앙선 침범,교차로,교차로부근,승용차,승용차,129.3474392,35.52815916
1752,2018,2018-09-21 20:40,야,금,1,1,0,0,울산,울주군,차대차,추돌,운전자법규위반,안전운전 의무 불이행,단일로,기타단일로,승용차,농기계,129.1524435,35.51294029
1753,2018,2018-05-22 06:30,주,화,1,1,0,0,울산,울주군,차량단독,전도,운전자법규위반,안전운전 의무 불이행,단일로,기타단일로,이륜차,없음,129.25919150000001,35.39612394
1754,2018,2018-06-28 06:58,주,목,1,11,3,7,울산,울주군,차대차,측면충돌,운전자법규위반,중앙선 침범,단일로,기타단일로,승용차,승합차,129.3367261,35.44465283
1755,2018,2018-07-30 18:20,야,월,1,1,0,0,경기,의정부시,차량단독,기타,운전자법규위반,안전운전 의무 불이행,단일로,기타단일로,승용차,없음,127.04830159999999,37.71313043
1756,2018,2018-04-06 00:24,야,금,2,2,0,0,경기,의정부시,차량단독,공작물충돌,운전자법규위반,안전운전 의무 불이행,교차로,교차로내,승용차,없음,127.0698091,37.7373664
1757,2018,2018-07-07 16:20,주,토,1,1,0,0,경기,고양시,차대차,측면충돌,운전자법규위반,중앙선 침범,단일로,기타단일로,승용차,이륜차,126.8556096,37.61310676
1758,2018,2018-07-02 09:45,주,월,1,1,0,0,경기,고양시,차대사람,횡단중,운전자법규위반,보행자 보호의무 위반,교차로,교차로내,승용차,보행자,126.83937900000001,37.62396821
1759,2018,2018-01-18 14:40,주,목,1,1,0,0,경기,고양시,차대사람,횡단중,운전자법규위반,안전운전 의무 불이행,단일로,기타단일로,화물차,보행자,126.8680915,37.60690998
1760,2018,2018-10-07 08:20,주,일,1,1,0,0,경기,고양시,차대사람,기타,운전자법규위반,안전운전 의무 불이행,단일로,기타단일로,승용차,보행자,126.893928,37.65650167
1761,2018,2018-03-19 19:45,야,월,1,1,0,0,경기,남양주시,차대차,측면충돌,운전자법규위반,안전운전 의무 불이행,교차로,교차로내,승용차,이륜차,127.21367959999999,37.60035863
1762,2018,2018-01-16 19:57,야,화,1,1,0,0,경기,남양주시,차대사람,횡단중,운전자법규위반,신호위반,교차로,교차로내,건설기계,보행자,127.3057348,37.64875907
1763,2018,2018-01-31 18:34,야,수,1,1,0,0,경기,남양주시,차대사람,차도통행중,운전자법규위반,안전운전 의무 불이행,단일로,기타단일로,승용차,보행자,127.2022658,37.74656331
1764,2018,2018-05-30 12:40,주,수,1,1,0,0,경기,남양주시,차대차,기타,운전자법규위반,직진 및 우회전차의 통행방해,교차로,교차로내,승용차,이륜차,127.2448716,37.65547531
1765,2018,2018-10-11 16:30,주,목,1,1,0,0,경기,남양주시,차대사람,기타,운전자법규위반,안전운전 의무 불이행,단일로,기타단일로,승용차,보행자,127.18535659999999,37.65983828
1766,2018,2018-11-08 21:55,야,목,2,2,0,0,경기,파주시,차량단독,공작물충돌,운전자법규위반,안전운전 의무 불이행,단일로,기타단일로,승용차,없음,126.78874590000001,37.85542832
1767,2018,2018-08-20 01:50,야,월,1,1,0,0,경기,파주시,차량단독,공작물충돌,운전자법규위반,안전운전 의무 불이행,단일로,기타단일로,승용차,없음,126.7860025,37.80040545
1768,2018,2018-05-25 06:44,주,금,1,2,1,0,경기,파주시,차대차,측면충돌,운전자법규위반,중앙선 침범,단일로,기타단일로,승용차,승용차,126.8480335,37.83014757
1769,2018,2018-02-28 22:01,야,수,1,1,0,0,경기,파주시,차량단독,공작물충돌,운전자법규위반,안전운전 의무 불이행,교차로,교차로부근,승용차,없음,126.69969909999999,37.76972929
1770,2018,2018-10-30 07:08,주,화,1,2,0,0,경기,양주시,차대차,측면충돌,운전자법규위반,신호위반,교차로,교차로내,이륜차,승합차,126.98534550000001,37.81944412
1771,2018,2018-08-08 10:35,주,수,2,17,4,11,경기,양주시,차대차,정면충돌,운전자법규위반,중앙선 침범,단일로,기타단일로,승용차,승합차,127.05693329999998,37.86000558
1772,2018,2018-09-12 15:45,주,수,1,2,1,0,경기,양주시,차대사람,횡단중,운전자법규위반,안전운전 의무 불이행,교차로,교차로부근,승용차,보행자,126.98244380000001,37.83960265
1773,2018,2018-08-13 00:23,야,월,1,2,1,0,경기,동두천시,차량단독,공작물충돌,운전자법규위반,안전운전 의무 불이행,교차로,교차로내,승용차,없음,127.08809340000002,37.89270983
1774,2018,2018-01-24 10:35,주,수,1,1,0,0,경기,동두천시,차대차,정면충돌,운전자법규위반,안전운전 의무 불이행,교차로,교차로내,건설기계,화물차,127.0623446,37.95602303
1775,2018,2018-05-21 07:31,주,월,1,1,0,0,경기,구리시,차대차,측면충돌,운전자법규위반,신호위반,단일로,기타단일로,승용차,자전거,127.12087179999999,37.56982971
1776,2018,2018-02-26 06:07,주,월,1,1,0,0,경기,포천시,차량단독,기타,운전자법규위반,안전운전 의무 불이행,단일로,기타단일로,승용차,없음,127.29869340000002,37.92155928
1777,2018,2018-09-29 08:11,주,토,1,2,0,1,경기,포천시,차대차,측면충돌,운전자법규위반,신호위반,교차로,교차로내,승용차,승용차,127.21527140000002,37.87737641
1778,2018,2018-01-11 15:00,주,목,1,1,0,0,경기,가평군,차대차,정면충돌,운전자법규위반,중앙선 침범,단일로,기타단일로,승용차,승합차,127.42960009999999,37.74818018
1779,2018,2018-06-25 11:30,주,월,1,1,0,0,경기,가평군,차대차,기타,운전자법규위반,안전운전 의무 불이행,단일로,기타단일로,원동기장치자전거,화물차,127.34967560000001,37.8215541
1780,2018,2018-06-15 15:45,주,금,1,1,0,0,경기,연천군,차대차,정면충돌,운전자법규위반,중앙선 침범,단일로,지하차도(도로)내,화물차,승합차,127.12372930000001,38.20155292
1781,2018,2018-10-13 19:27,야,토,1,1,0,0,경기,고양시,차량단독,기타,운전자법규위반,안전운전 의무 불이행,기타,기타,자전거,없음,126.76942849999999,37.68160114
1782,2018,2018-01-10 18:30,야,수,1,2,0,0,서울,중구,차대사람,보도통행중,운전자법규위반,기타(운전자법규위반),단일로,기타단일로,승용차,보행자,127.00279840000002,37.56449716
1783,2018,2018-08-21 20:38,야,화,1,1,0,0,서울,중구,차대사람,기타,운전자법규위반,안전운전 의무 불이행,교차로,교차로부근,승합차,보행자,126.98338059999999,37.56593706
1784,2018,2018-04-02 01:25,야,월,1,1,0,0,서울,서대문구,차대차,정면충돌,운전자법규위반,중앙선 침범,단일로,기타단일로,이륜차,승용차,126.941255,37.59209148
1785,2018,2018-06-30 03:10,야,토,1,1,0,0,서울,용산구,차량단독,공작물충돌,운전자법규위반,안전운전 의무 불이행,단일로,기타단일로,이륜차,없음,127.0106206,37.53018837
1786,2018,2018-02-23 20:10,야,금,1,6,0,5,서울,강북구,차대차,정면충돌,운전자법규위반,중앙선 침범,단일로,기타단일로,승용차,승합차,127.0242605,37.63135713
1787,2018,2018-02-24 05:45,야,토,1,1,0,0,서울,동대문구,차대사람,횡단중,운전자법규위반,안전운전 의무 불이행,교차로,교차로횡단보도내,승용차,보행자,127.054675,37.56551545
1788,2018,2018-03-07 15:20,주,수,1,1,0,0,서울,동대문구,차대사람,횡단중,운전자법규위반,안전운전 의무 불이행,교차로,교차로횡단보도내,화물차,보행자,127.0701006,37.57872331
1789,2018,2018-12-06 12:54,주,목,1,1,0,0,서울,광진구,차대사람,횡단중,운전자법규위반,안전운전 의무 불이행,교차로,교차로횡단보도내,승합차,보행자,127.0948719,37.53638429
1790,2018,2018-10-09 10:10,주,화,1,1,0,0,서울,마포구,차대사람,횡단중,운전자법규위반,신호위반,단일로,기타단일로,건설기계,보행자,126.9550659,37.55749033
1791,2018,2018-02-04 09:00,주,일,1,1,0,0,서울,마포구,차대사람,횡단중,운전자법규위반,안전운전 의무 불이행,단일로,기타단일로,승합차,보행자,126.94071840000001,37.55631458
1792,2018,2018-11-01 15:40,주,목,1,1,0,0,서울,영등포구,차대사람,횡단중,운전자법규위반,안전운전 의무 불이행,단일로,기타단일로,화물차,보행자,126.8918818,37.5109877
1793,2018,2018-07-20 11:19,주,금,1,1,0,0,서울,영등포구,차대차,측면충돌,운전자법규위반,안전운전 의무 불이행,단일로,기타단일로,건설기계,자전거,126.9059857,37.51601691
1794,2018,2018-08-29 09:25,주,수,1,1,0,0,서울,영등포구,차대사람,횡단중,운전자법규위반,신호위반,교차로,교차로부근,화물차,보행자,126.9338134,37.51870441
1795,2018,2018-09-03 06:10,주,월,1,3,2,0,서울,영등포구,차대사람,보도통행중,운전자법규위반,기타(운전자법규위반),단일로,기타단일로,승용차,보행자,126.9052737,37.521601700000005
1796,2018,2018-06-17 22:37,야,일,1,1,0,0,서울,영등포구,차대차,측면충돌,운전자법규위반,안전운전 의무 불이행,교차로,교차로내,자전거,승용차,126.90184440000002,37.49613019
1797,2018,2018-08-09 04:35,야,목,1,1,0,0,서울,영등포구,차대사람,기타,운전자법규위반,안전운전 의무 불이행,교차로,교차로내,승용차,보행자,126.9011733,37.49657747
1798,2018,2018-03-16 09:27,주,금,1,1,0,0,서울,영등포구,차대사람,기타,운전자법규위반,안전운전 의무 불이행,단일로,기타단일로,승합차,보행자,126.8943811,37.51675117
1799,2018,2018-03-11 03:20,야,일,1,2,0,1,서울,성동구,차대차,정면충돌,운전자법규위반,중앙선 침범,단일로,기타단일로,이륜차,승용차,127.025566,37.56500547
1800,2018,2018-01-15 19:35,야,월,1,1,0,0,서울,성동구,차대사람,횡단중,운전자법규위반,안전운전 의무 불이행,기타,기타,승용차,보행자,127.0315889,37.56336202
1801,2018,2018-07-12 09:53,주,목,1,1,0,0,서울,동작구,차대사람,차도통행중,운전자법규위반,기타(운전자법규위반),단일로,기타단일로,화물차,보행자,126.9231848,37.499949900000004
1802,2018,2018-01-04 07:29,주,목,1,1,0,0,서울,중랑구,차대사람,차도통행중,운전자법규위반,안전운전 의무 불이행,교차로,교차로부근,승용차,보행자,127.07669820000001,37.61362022
1803,2018,2018-02-27 03:26,야,화,1,1,0,0,서울,강남구,차대차,측면충돌,운전자법규위반,신호위반,교차로,교차로내,승용차,승용차,127.0307211,37.51394641
1804,2018,2018-05-30 16:55,주,수,1,1,0,0,서울,강서구,차대차,측면충돌,운전자법규위반,안전거리 미확보,단일로,기타단일로,자전거,승용차,126.8728838,37.55020516
1805,2018,2018-03-22 12:05,주,목,1,2,1,0,서울,강동구,차대사람,횡단중,운전자법규위반,안전운전 의무 불이행,단일로,기타단일로,승용차,보행자,127.1250747,37.540116499999996
1806,2018,2018-03-10 12:16,주,토,1,1,0,0,서울,송파구,차대사람,기타,운전자법규위반,안전운전 의무 불이행,교차로,교차로부근,승용차,보행자,127.0911469,37.50961917
1807,2018,2018-07-18 01:40,야,수,1,2,0,1,서울,송파구,차대사람,차도통행중,운전자법규위반,안전운전 의무 불이행,교차로,교차로부근,승용차,보행자,127.09699340000002,37.50391563
1808,2018,2018-09-20 14:08,주,목,1,1,0,0,서울,성북구,차대사람,횡단중,운전자법규위반,보행자 보호의무 위반,교차로,교차로횡단보도내,건설기계,보행자,127.04897179999999,37.61368876
1809,2018,2018-09-24 05:32,야,월,1,2,0,1,서울,서초구,차대차,측면충돌,운전자법규위반,중앙선 침범,단일로,기타단일로,승용차,승용차,127.0227872,37.49644631
1810,2018,2018-07-06 18:35,야,금,1,1,0,0,서울,도봉구,차대사람,기타,운전자법규위반,안전운전 의무 불이행,교차로,교차로내,건설기계,보행자,127.037527,37.64127052
1811,2018,2018-10-09 13:30,주,화,1,1,0,0,서울,은평구,차대차,기타,운전자법규위반,신호위반,교차로,교차로내,이륜차,승합차,126.9228582,37.61718636
1812,2018,2018-12-18 00:30,야,화,1,1,0,0,서울,은평구,차대사람,차도통행중,운전자법규위반,안전운전 의무 불이행,단일로,기타단일로,승용차,보행자,126.90777179999999,37.64634188
1813,2018,2018-10-29 09:35,주,월,1,1,0,0,서울,강남구,차대차,기타,운전자법규위반,안전거리 미확보,단일로,기타단일로,승합차,승용차,127.0613815,37.49346819
1814,2018,2018-11-14 05:48,야,수,1,1,0,0,서울,강남구,차대차,기타,운전자법규위반,신호위반,교차로,교차로내,이륜차,화물차,127.0467622,37.494071000000005
1815,2018,2018-08-11 07:00,주,토,1,2,1,0,부산,북구,차량단독,기타,운전자법규위반,안전운전 의무 불이행,단일로,기타단일로,이륜차,없음,129.0133395,35.2439665
1816,2018,2018-09-24 20:00,야,월,1,2,0,1,부산,영도구,차량단독,공작물충돌,운전자법규위반,안전운전 의무 불이행,단일로,고가도로위,승용차,없음,129.0572947,35.09918794
1817,2018,2018-07-28 05:20,야,토,1,2,1,0,부산,해운대구,차량단독,공작물충돌,운전자법규위반,안전운전 의무 불이행,단일로,기타단일로,이륜차,없음,129.17009040000002,35.16675744
1818,2018,2018-06-07 23:59,야,목,1,1,0,0,부산,해운대구,차대사람,기타,운전자법규위반,안전운전 의무 불이행,단일로,기타단일로,화물차,보행자,129.1628452,35.16034765
1819,2018,2018-08-12 04:59,야,일,1,1,0,0,부산,해운대구,차대차,정면충돌,운전자법규위반,신호위반,교차로,교차로내,이륜차,승용차,129.1260114,35.17906899
1820,2018,2018-04-14 19:28,야,토,1,1,0,0,부산,금정구,차대사람,기타,운전자법규위반,안전운전 의무 불이행,단일로,기타단일로,승용차,보행자,129.1765027,35.31730721
1821,2018,2018-07-02 04:55,야,월,1,1,0,0,부산,연제구,차대사람,횡단중,운전자법규위반,과속,단일로,기타단일로,승용차,보행자,129.0894711,35.17426173
1822,2018,2018-11-03 22:19,야,토,1,1,0,0,부산,강서구,차대차,기타,운전자법규위반,중앙선 침범,단일로,기타단일로,승용차,이륜차,128.9015853,35.08431788
1823,2018,2018-01-17 22:55,야,수,1,1,0,0,부산,사상구,차대차,정면충돌,운전자법규위반,중앙선 침범,단일로,기타단일로,이륜차,승용차,128.9662041,35.12422609
1824,2018,2018-01-27 21:10,야,토,1,3,0,2,부산,사상구,차대사람,횡단중,운전자법규위반,안전운전 의무 불이행,단일로,기타단일로,승용차,보행자,128.9860877,35.18269726
1825,2018,2018-11-16 13:45,주,금,1,1,0,0,부산,사상구,차대사람,기타,운전자법규위반,보행자 보호의무 위반,단일로,기타단일로,건설기계,보행자,128.9821629,35.19274427
1826,2018,2018-08-02 14:38,주,목,1,2,0,1,부산,기장군,차대차,추돌,운전자법규위반,과속,단일로,기타단일로,승용차,화물차,129.2302973,35.32172144
1827,2018,2018-06-18 07:20,주,월,1,6,4,1,울산,울주군,차대차,추돌,운전자법규위반,안전거리 미확보,단일로,기타단일로,특수차,승용차,129.283349,35.47008317
1828,2018,2018-08-27 18:05,야,월,1,7,3,3,경남,양산시,차대차,측면충돌,운전자법규위반,안전운전 의무 불이행,단일로,기타단일로,승합차,화물차,129.05134750000002,35.37780364
1829,2018,2018-04-23 05:10,야,월,1,6,3,2,경남,김해시,차대차,측면충돌,운전자법규위반,안전운전 의무 불이행,단일로,기타단일로,승용차,승용차,128.907309,35.35973232
1830,2018,2018-10-05 15:05,주,금,1,1,0,0,경기,수원시,차대사람,횡단중,운전자법규위반,안전운전 의무 불이행,단일로,기타단일로,승용차,보행자,127.0304476,37.28065162
1831,2018,2018-12-09 18:56,야,일,1,2,0,1,경기,수원시,차대사람,횡단중,운전자법규위반,안전운전 의무 불이행,단일로,기타단일로,승용차,보행자,127.00858490000002,37.29643635
1832,2018,2018-04-22 11:00,주,일,1,1,0,0,경기,수원시,차대사람,횡단중,운전자법규위반,안전운전 의무 불이행,단일로,기타단일로,승용차,보행자,127.00119199999999,37.29342183
1833,2018,2018-08-15 23:25,야,수,1,1,0,0,경기,성남시,차대사람,기타,운전자법규위반,안전운전 의무 불이행,단일로,기타단일로,승용차,보행자,127.11920520000001,37.43432273
1834,2018,2018-12-17 21:10,야,월,1,1,0,0,경기,성남시,차대사람,기타,운전자법규위반,안전운전 의무 불이행,교차로,교차로내,승용차,보행자,127.15993049999999,37.45211378
1835,2018,2018-05-04 20:20,야,금,1,2,0,1,경기,평택시,차대차,기타,운전자법규위반,신호위반,교차로,교차로내,승용차,승용차,126.9236554,36.98975457
1836,2018,2018-12-19 06:40,주,수,1,1,0,0,경기,평택시,차대사람,횡단중,운전자법규위반,안전운전 의무 불이행,교차로,교차로내,승용차,보행자,127.03551409999999,37.07246438
1837,2018,2018-07-29 04:45,야,일,1,1,0,0,경기,평택시,차대사람,횡단중,운전자법규위반,과속,단일로,기타단일로,승용차,보행자,127.0536402,36.94892037
1838,2018,2018-07-10 00:00,야,화,1,1,0,0,경기,평택시,차대사람,기타,운전자법규위반,안전운전 의무 불이행,교차로,교차로내,승용차,보행자,126.85720740000001,36.96326284
1839,2018,2018-10-02 18:06,야,화,1,1,0,0,경기,평택시,차대차,기타,운전자법규위반,앞지르기 방법위반,단일로,기타단일로,이륜차,화물차,126.895455,36.98766721
1840,2018,2018-06-14 07:30,주,목,1,1,0,0,경기,안성시,차대차,측면충돌,운전자법규위반,안전거리 미확보,단일로,기타단일로,이륜차,승용차,127.2594009,37.02345183
1841,2018,2018-02-21 14:12,주,수,1,1,0,0,경기,안성시,차대사람,차도통행중,운전자법규위반,안전운전 의무 불이행,교차로,교차로부근,화물차,보행자,127.29486659999999,37.05844003
1842,2018,2018-04-06 15:01,주,금,1,1,0,0,경기,안양시,차대사람,횡단중,운전자법규위반,안전운전 의무 불이행,교차로,교차로부근,화물차,보행자,126.97680390000001,37.40181564
1843,2018,2018-10-02 18:10,야,화,1,1,0,0,경기,이천시,차대차,측면충돌,운전자법규위반,중앙선 침범,단일로,기타단일로,자전거,승용차,127.4343551,37.31033731
1844,2018,2018-07-28 16:29,주,토,1,1,0,0,경기,광주시,차량단독,공작물충돌,운전자법규위반,안전운전 의무 불이행,단일로,기타단일로,이륜차,없음,127.312385,37.35192318
1845,2018,2018-06-21 19:22,야,목,1,1,0,0,경기,여주시,차량단독,공작물충돌,운전자법규위반,안전운전 의무 불이행,단일로,기타단일로,이륜차,없음,127.71445530000001,37.35231023
1846,2018,2018-03-27 13:45,주,화,1,1,0,0,경기,여주시,차대차,정면충돌,운전자법규위반,안전운전 의무 불이행,교차로,교차로내,화물차,화물차,127.55647150000001,37.22149983
1847,2018,2018-05-11 13:40,주,금,1,1,0,0,경기,여주시,차량단독,기타,운전자법규위반,안전운전 의무 불이행,단일로,고가도로위,원동기장치자전거,없음,127.62277350000001,37.40288241
1848,2018,2018-03-09 16:50,주,금,1,2,0,0,경기,용인시,차량단독,공작물충돌,운전자법규위반,안전운전 의무 불이행,단일로,교량위,승용차,없음,127.0868382,37.27249693
1849,2018,2018-06-12 10:20,주,화,1,2,0,1,경기,김포시,차대차,기타,운전자법규위반,신호위반,교차로,교차로내,화물차,승용차,126.6442549,37.65052013
1850,2018,2018-12-20 07:35,주,목,1,1,0,0,경기,김포시,차대차,기타,운전자법규위반,부당한 회전,단일로,기타단일로,특수차,화물차,126.59159240000001,37.711541600000004
1851,2018,2018-08-25 15:32,주,토,1,2,1,0,경기,김포시,차대사람,보도통행중,운전자법규위반,기타(운전자법규위반),교차로,교차로부근,승용차,보행자,126.721461,37.600860100000006
1852,2018,2018-11-13 10:50,주,화,1,1,0,0,경기,김포시,차대사람,차도통행중,운전자법규위반,과속,단일로,교량위,화물차,보행자,126.6415504,37.64025249
1853,2018,2018-05-20 16:12,주,일,1,1,0,0,경기,양평군,차량단독,전도,운전자법규위반,안전운전 의무 불이행,단일로,고가도로위,이륜차,없음,127.4717943,37.50302232
1854,2018,2018-08-24 22:20,야,금,1,1,0,0,경기,오산시,차대차,측면충돌,운전자법규위반,신호위반,교차로,교차로내,승용차,이륜차,127.0697612,37.13553071
1855,2018,2018-12-12 11:13,주,수,1,1,0,0,경기,오산시,차대사람,기타,운전자법규위반,교차로 통행방법 위반,교차로,교차로내,승용차,보행자,127.0677557,37.14370826
1856,2018,2018-06-25 14:13,주,월,1,4,3,0,경기,광명시,차대차,추돌,운전자법규위반,안전운전 의무 불이행,교차로,교차로부근,승합차,승용차,126.88825159999999,37.45248898
1857,2018,2018-04-21 01:05,야,토,1,1,0,0,경기,광명시,차대차,추돌,운전자법규위반,안전운전 의무 불이행,단일로,기타단일로,승용차,화물차,126.8997828,37.43705369
1858,2018,2018-07-17 23:00,야,화,1,1,0,0,경기,안산시,차대사람,횡단중,운전자법규위반,안전운전 의무 불이행,단일로,기타단일로,승용차,보행자,126.8020915,37.32289087
1859,2018,2018-01-10 23:30,야,수,1,1,0,0,경기,안산시,차대사람,횡단중,운전자법규위반,과속,단일로,기타단일로,승용차,보행자,126.82945900000001,37.31048392
1860,2018,2018-04-24 04:30,야,화,1,1,0,0,경기,과천시,차대사람,차도통행중,운전자법규위반,안전운전 의무 불이행,단일로,기타단일로,승용차,보행자,126.99002730000001,37.41788176
1861,2018,2018-03-22 10:00,주,목,1,1,0,0,경기,성남시,차대사람,기타,운전자법규위반,안전운전 의무 불이행,단일로,기타단일로,승합차,보행자,127.14429309999998,37.43797032
1862,2018,2018-04-09 16:05,주,월,1,1,0,0,경기,시흥시,차대사람,횡단중,운전자법규위반,안전운전 의무 불이행,교차로,교차로내,승용차,보행자,126.7316898,37.36456663
1863,2018,2018-05-12 07:55,주,토,1,2,0,1,경기,시흥시,차대차,정면충돌,운전자법규위반,중앙선 침범,단일로,기타단일로,승용차,승용차,126.8026922,37.44703061
1864,2018,2018-03-07 11:55,주,수,1,2,0,1,경기,안산시,차대차,측면충돌,운전자법규위반,부당한 회전,교차로,교차로내,자전거,승용차,126.84997290000001,37.31725957
1865,2018,2018-08-29 01:22,야,수,1,1,0,0,경기,수원시,차대사람,횡단중,운전자법규위반,안전운전 의무 불이행,단일로,기타단일로,승용차,보행자,127.0040232,37.26773507
1866,2018,2018-06-02 16:49,주,토,1,1,0,0,경기,수원시,차대차,측면충돌,운전자법규위반,신호위반,교차로,교차로내,승용차,이륜차,126.9796709,37.2762208
1867,2018,2018-09-21 10:55,주,금,1,2,0,1,경기,성남시,차대차,정면충돌,운전자법규위반,안전운전 의무 불이행,단일로,기타단일로,화물차,화물차,127.0986686,37.40221096
1868,2018,2018-12-14 17:20,주,금,1,3,0,2,경기,남양주시,차대차,추돌,운전자법규위반,안전운전 의무 불이행,단일로,기타단일로,승용차,승용차,127.11123319999999,37.66769685
1869,2018,2018-10-09 20:30,야,화,2,2,0,0,경기,화성시,차대차,기타,운전자법규위반,중앙선 침범,단일로,기타단일로,이륜차,승용차,126.68896799999999,37.11845656
1870,2018,2018-03-22 06:25,주,목,1,1,0,0,경기,화성시,차량단독,공작물충돌,운전자법규위반,안전운전 의무 불이행,단일로,기타단일로,화물차,없음,126.92628570000001,37.11215347
1871,2018,2018-10-21 13:15,주,일,1,2,1,0,경기,화성시,차량단독,공작물충돌,운전자법규위반,안전운전 의무 불이행,단일로,기타단일로,승용차,없음,126.67358459999998,37.16468206
1872,2018,2018-08-12 13:50,주,일,1,1,0,0,경기,화성시,차대차,측면충돌,운전자법규위반,안전운전 의무 불이행,교차로,교차로내,승용차,이륜차,126.7247031,37.20257955
1873,2018,2018-01-09 12:48,주,화,1,1,0,0,경기,화성시,차대사람,횡단중,운전자법규위반,안전운전 의무 불이행,단일로,기타단일로,화물차,보행자,126.87564609999998,37.19727868
1874,2018,2018-08-03 20:00,야,금,1,1,0,0,경기,의왕시,차대사람,차도통행중,운전자법규위반,안전운전 의무 불이행,교차로,교차로부근,승용차,보행자,126.9647399,37.33622258
1875,2018,2018-04-25 13:30,주,수,1,1,0,0,경기,하남시,차대사람,횡단중,운전자법규위반,과속,단일로,기타단일로,승용차,보행자,127.2343314,37.4919917
1876,2018,2018-05-24 08:56,주,목,1,1,0,0,경기,하남시,차대사람,기타,운전자법규위반,신호위반,교차로,교차로부근,승용차,보행자,127.19956040000001,37.54208715
1877,2018,2018-03-18 18:55,야,일,1,1,0,0,경기,안양시,차대사람,횡단중,운전자법규위반,안전운전 의무 불이행,단일로,기타단일로,승합차,보행자,126.91161670000001,37.40254579
1878,2018,2018-08-12 23:22,야,일,1,1,0,0,강원,춘천시,차량단독,전도,운전자법규위반,안전운전 의무 불이행,단일로,지하차도(도로)내,자전거,없음,127.77257009999998,37.80555261
1879,2018,2018-04-22 16:39,주,일,1,1,0,0,강원,강릉시,차대사람,차도통행중,운전자법규위반,안전운전 의무 불이행,교차로,교차로내,화물차,보행자,128.8993343,37.74988911
1880,2018,2018-12-09 13:15,주,일,1,1,0,0,강원,강릉시,차대차,기타,운전자법규위반,안전운전 의무 불이행,단일로,기타단일로,자전거,승용차,128.8109605,37.91502422
1881,2018,2018-11-26 06:45,주,월,1,1,0,0,강원,속초시,차대차,추돌,운전자법규위반,안전운전 의무 불이행,단일로,기타단일로,승용차,농기계,128.60487369999998,38.17304744
1882,2018,2018-12-12 07:41,주,수,1,1,0,0,강원,삼척시,차량단독,공작물충돌,운전자법규위반,안전운전 의무 불이행,단일로,기타단일로,승용차,없음,129.18799479999998,37.42595129
1883,2018,2018-03-28 13:20,주,수,1,2,1,0,강원,영월군,차대차,측면충돌,운전자법규위반,서행 및 일시정지위반,교차로,교차로내,화물차,이륜차,128.4170965,37.21170172
1884,2018,2018-05-15 15:45,주,화,2,2,0,0,강원,홍천군,차량단독,도로이탈 추락,운전자법규위반,안전운전 의무 불이행,단일로,기타단일로,화물차,없음,127.98348909999999,37.67155583
1885,2018,2018-09-01 15:05,주,토,1,1,0,0,강원,평창군,차대사람,기타,운전자법규위반,안전운전 의무 불이행,단일로,기타단일로,승용차,보행자,128.30890829999998,37.4300834
1886,2018,2018-09-30 10:23,주,일,1,1,0,0,강원,평창군,차대차,정면충돌,운전자법규위반,안전운전 의무 불이행,단일로,기타단일로,자전거,화물차,128.7254246,37.61552351
1887,2018,2018-12-22 11:15,주,토,2,8,4,2,강원,평창군,차대차,정면충돌,운전자법규위반,중앙선 침범,단일로,기타단일로,승용차,승용차,128.4182858,37.41508353
1888,2018,2018-09-12 12:15,주,수,1,1,0,0,강원,화천군,차량단독,공작물충돌,운전자법규위반,안전운전 의무 불이행,단일로,터널안,이륜차,없음,127.72835239999999,38.12742638
1889,2018,2018-03-13 05:00,야,화,2,2,0,0,강원,태백시,차량단독,도로이탈 추락,운전자법규위반,안전운전 의무 불이행,단일로,기타단일로,승용차,없음,129.029078,37.09630811
1890,2018,2018-01-19 17:49,주,금,1,1,0,0,강원,태백시,차량단독,전도,운전자법규위반,안전운전 의무 불이행,단일로,기타단일로,사륜오토바이(ATV),없음,129.0338267,37.12923571