,발생년,발생년월일시분,주야,요일,사망자수,사상자수,중상자수,경상자수,발생지시도,발생지시군구,사고유형_대분류,사고유형,법규위반_대분류,법규위반,도로형태_대분류,도로형태,가해자_당사자종별,피해자_당사자종별,경도,위도
1891,2018,2018-04-08 20:26,야,일,1,1,0,0,강원,정선군,차량단독,공작물충돌,운전자법규위반,안전운전 의무 불이행,단일로,기타단일로,화물차,없음,128.81505259999997,37.22000816
1892,2018,2018-09-08 18:24,야,토,1,1,0,0,강원,인제군,차량단독,기타,운전자법규위반,안전운전 의무 불이행,단일로,교량위,이륜차,없음,128.0823697,37.97510677
1893,2018,2018-12-11 19:52,야,화,1,1,0,0,강원,인제군,차대사람,횡단중,운전자법규위반,안전운전 의무 불이행,교차로,교차로내,승용차,보행자,128.244352,38.13901622
1894,2018,2018-07-28 14:27,주,토,1,1,0,0,강원,인제군,차량단독,도로이탈 추락,운전자법규위반,안전운전 의무 불이행,단일로,기타단일로,이륜차,없음,128.13837790000002,38.01596845
1895,2018,2018-08-20 23:40,야,월,2,6,2,1,강원,고성군,차대차,정면충돌,운전자법규위반,중앙선 침범,단일로,기타단일로,승용차,승용차,128.471997,38.21238962
1896,2018,2018-02-10 10:40,주,토,1,2,1,0,충북,단양군,차대차,추돌,운전자법규위반,안전운전 의무 불이행,단일로,기타단일로,승용차,특수차,128.2293466,37.04830766
1897,2018,2018-08-07 20:35,야,화,1,7,4,2,강원,양양군,차대차,추돌,운전자법규위반,안전운전 의무 불이행,단일로,기타단일로,특수차,승용차,128.5904552,38.07458657
1898,2018,2018-01-09 00:55,야,화,1,1,0,0,강원,홍천군,차량단독,공작물충돌,운전자법규위반,안전운전 의무 불이행,단일로,기타단일로,화물차,없음,128.0033576,37.75737709
1899,2018,2018-01-29 13:38,주,월,1,1,0,0,충북,청주시,차대사람,기타,운전자법규위반,안전운전 의무 불이행,교차로,교차로내,화물차,보행자,127.53611459999999,36.72194377
1900,2018,2018-09-25 03:40,야,화,1,1,0,0,충북,청주시,차량단독,기타,운전자법규위반,안전운전 의무 불이행,단일로,기타단일로,이륜차,없음,127.48372309999999,36.64268001
1901,2018,2018-06-08 21:14,야,금,1,1,0,0,충북,청주시,차대사람,기타,운전자법규위반,안전운전 의무 불이행,교차로,교차로부근,승용차,보행자,127.4918761,36.66413644
1902,2018,2018-11-23 13:15,주,금,1,1,0,0,충북,청주시,차대차,기타,운전자법규위반,신호위반,교차로,교차로내,승합차,이륜차,127.48334709999999,36.67459287
1903,2018,2018-07-08 12:50,주,일,1,1,0,0,충북,충주시,차량단독,공작물충돌,운전자법규위반,안전운전 의무 불이행,단일로,기타단일로,이륜차,없음,127.8363818,36.98973958
1904,2018,2018-07-27 05:10,야,금,1,1,0,0,충북,충주시,차량단독,기타,운전자법규위반,안전운전 의무 불이행,기타,기타,자전거,없음,127.94625190000001,36.97856015
1905,2018,2018-06-22 08:43,주,금,1,1,0,0,충북,충주시,차대차,측면충돌,운전자법규위반,안전운전 의무 불이행,교차로,교차로횡단보도내,승용차,자전거,127.9199865,36.96696429
1906,2018,2018-06-05 17:55,주,화,1,1,0,0,충북,충주시,차대차,정면충돌,운전자법규위반,안전운전 의무 불이행,교차로,교차로내,원동기장치자전거,화물차,127.9136429,37.08374913
1907,2018,2018-12-04 19:28,야,화,1,9,0,7,충북,제천시,차대차,측면충돌,운전자법규위반,안전운전 의무 불이행,단일로,기타단일로,승용차,승합차,128.1998628,37.1315773
1908,2018,2018-03-19 00:30,야,월,1,1,0,0,충북,제천시,차대차,추돌,운전자법규위반,안전운전 의무 불이행,교차로,교차로부근,화물차,화물차,128.22121529999998,37.13647103
1909,2018,2018-08-02 06:40,주,목,1,2,1,0,충북,제천시,차대차,추돌,운전자법규위반,안전운전 의무 불이행,단일로,기타단일로,화물차,농기계,128.2571959,37.09267188
1910,2018,2018-08-10 18:55,야,금,1,3,2,0,충북,제천시,차대차,정면충돌,운전자법규위반,과속,교차로,교차로부근,승용차,화물차,128.2342342,37.11411651
1911,2018,2018-07-04 18:00,야,수,1,1,0,0,충북,제천시,차대차,측면충돌,운전자법규위반,안전운전 의무 불이행,교차로,교차로내,이륜차,승용차,128.1671156,37.00089854
1912,2018,2018-07-24 08:40,주,화,1,1,0,0,충북,영동군,차대차,측면충돌,운전자법규위반,안전운전 의무 불이행,단일로,기타단일로,화물차,이륜차,127.76237069999999,36.16339087
1913,2018,2018-12-12 12:40,주,수,1,1,0,0,충북,괴산군,차량단독,기타,정비불량,정비불량 제차의 운전금지위반,단일로,기타단일로,화물차,없음,127.81960320000002,36.80643911
1914,2018,2018-05-14 10:40,주,월,1,1,0,0,충북,괴산군,차량단독,도로이탈 추락,운전자법규위반,안전운전 의무 불이행,교차로,교차로부근,원동기장치자전거,없음,127.7133713,36.79821233
1915,2018,2018-05-17 19:00,야,목,1,1,0,0,충북,보은군,차량단독,도로이탈 추락,운전자법규위반,안전운전 의무 불이행,단일로,지하차도(도로)내,이륜차,없음,127.7433937,36.50181113
1916,2018,2018-01-31 18:46,야,수,1,1,0,0,충북,음성군,차대차,추돌,운전자법규위반,안전운전 의무 불이행,단일로,기타단일로,화물차,승합차,127.65631929999999,37.00375208
1917,2018,2018-10-31 13:40,주,수,1,1,0,0,충북,옥천군,차대차,측면충돌,운전자법규위반,교차로 통행방법 위반,교차로,교차로내,이륜차,승용차,127.5241422,36.28586438
1918,2018,2018-11-26 07:00,주,월,1,1,0,0,충북,옥천군,차대사람,길가장자리구역통행중,운전자법규위반,안전운전 의무 불이행,단일로,기타단일로,승용차,보행자,127.65941129999999,36.24387439
1919,2018,2018-07-01 21:15,야,일,1,1,0,0,충북,옥천군,차대사람,횡단중,운전자법규위반,안전운전 의무 불이행,교차로,교차로부근,승용차,보행자,127.6049239,36.27170248
1920,2018,2018-10-10 18:37,야,수,1,1,0,0,충북,옥천군,차대사람,횡단중,운전자법규위반,안전운전 의무 불이행,단일로,기타단일로,승용차,보행자,127.6680638,36.39655722
1921,2018,2018-02-09 08:40,주,금,1,2,1,0,충북,단양군,차대차,기타,운전자법규위반,안전거리 미확보,단일로,기타단일로,화물차,승용차,128.3434633,36.97028196
1922,2018,2018-02-06 23:10,야,화,1,1,0,0,충북,진천군,차량단독,공작물충돌,운전자법규위반,안전운전 의무 불이행,단일로,기타단일로,승용차,없음,127.442153,36.88115336
1923,2018,2018-09-08 01:30,야,토,1,1,0,0,충북,진천군,차대사람,기타,운전자법규위반,안전운전 의무 불이행,단일로,기타단일로,화물차,보행자,127.4342265,36.80734617
1924,2018,2018-01-23 10:45,주,화,1,3,0,2,충북,청주시,차대차,기타,운전자법규위반,안전운전 의무 불이행,교차로,교차로부근,화물차,화물차,127.4664416,36.58618831
1925,2018,2018-10-19 15:45,주,금,1,1,0,0,충북,청주시,차대차,측면충돌,운전자법규위반,신호위반,교차로,교차로내,승용차,화물차,127.33278190000001,36.63619018
1926,2018,2018-11-28 13:30,주,수,1,1,0,0,충북,청주시,차대차,측면충돌,운전자법규위반,신호위반,단일로,기타단일로,자전거,승용차,127.4872404,36.61506751
1927,2018,2018-04-01 17:55,주,일,1,1,0,0,충북,청주시,차량단독,전도,운전자법규위반,안전운전 의무 불이행,단일로,기타단일로,화물차,없음,127.7155752,36.62834159
1928,2018,2018-12-20 06:34,주,목,1,2,0,1,충북,청주시,차대사람,횡단중,운전자법규위반,안전운전 의무 불이행,교차로,교차로횡단보도내,승용차,보행자,127.50253810000001,36.60377234
1929,2018,2018-06-10 08:24,주,일,1,1,0,0,충북,청주시,차대사람,횡단중,운전자법규위반,안전운전 의무 불이행,교차로,교차로내,건설기계,보행자,127.4769625,36.61776146
1930,2018,2018-05-08 07:20,주,화,1,1,0,0,충북,청주시,차대사람,기타,운전자법규위반,보행자 보호의무 위반,교차로,교차로횡단보도내,화물차,보행자,127.5116633,36.61230903
1931,2018,2018-01-08 07:25,주,월,1,1,0,0,충북,청주시,차대사람,횡단중,운전자법규위반,안전운전 의무 불이행,교차로,교차로부근,승용차,보행자,127.4996756,36.6272655
1932,2018,2018-08-17 11:45,주,금,1,3,0,2,충북,진천군,차대차,추돌,운전자법규위반,안전운전 의무 불이행,단일로,기타단일로,승용차,승용차,127.47608149999999,36.89859024
1933,2018,2018-08-31 00:15,야,금,1,1,0,0,충북,청주시,차대차,추돌,운전자법규위반,안전운전 의무 불이행,단일로,기타단일로,화물차,화물차,127.4867049,36.54236993
1934,2018,2018-10-29 09:40,주,월,1,19,4,13,경기,이천시,차대차,추돌,운전자법규위반,안전거리 미확보,단일로,기타단일로,승합차,승용차,127.42541820000001,37.24087909
1935,2018,2018-09-23 18:42,야,일,1,4,1,0,충북,충주시,차대차,기타,운전자법규위반,안전거리 미확보,단일로,기타단일로,불명,승용차,127.7430992,37.04243998
1936,2018,2018-10-20 23:59,야,토,1,3,2,0,충북,보은군,차대차,추돌,운전자법규위반,안전운전 의무 불이행,단일로,기타단일로,승용차,화물차,127.60864070000001,36.4867968
1937,2018,2018-08-07 16:30,주,화,1,1,0,0,충남,서산시,차대사람,기타,운전자법규위반,안전운전 의무 불이행,단일로,기타단일로,건설기계,보행자,126.4424933,36.76262996
1938,2018,2018-04-19 16:50,주,목,1,1,0,0,충남,서산시,차대차,측면충돌,운전자법규위반,신호위반,교차로,교차로내,자전거,화물차,126.54359479999998,36.70223232
1939,2018,2018-09-17 19:10,야,월,1,1,0,0,충남,서산시,차대사람,횡단중,운전자법규위반,안전운전 의무 불이행,단일로,기타단일로,화물차,보행자,126.4979689,36.82757174
1940,2018,2018-09-01 16:35,주,토,1,1,0,0,충남,천안시,차대차,측면충돌,운전자법규위반,안전운전 의무 불이행,교차로,교차로내,화물차,이륜차,127.22052830000001,36.90259998
1941,2018,2018-09-10 04:35,야,월,1,1,0,0,충남,천안시,차대사람,횡단중,운전자법규위반,안전운전 의무 불이행,단일로,기타단일로,승용차,보행자,127.13706189999999,36.82434407
1942,2018,2018-02-13 18:40,야,화,1,1,0,0,충남,논산시,차대차,추돌,운전자법규위반,안전운전 의무 불이행,단일로,교량위,승용차,자전거,127.00689409999998,36.15411619
1943,2018,2018-05-05 00:15,야,토,1,1,0,0,충남,논산시,차량단독,공작물충돌,운전자법규위반,안전운전 의무 불이행,교차로,교차로부근,승용차,없음,127.2167577,36.21042294
1944,2018,2018-07-17 12:00,주,화,1,1,0,0,충남,논산시,차량단독,전도,운전자법규위반,안전운전 의무 불이행,단일로,기타단일로,원동기장치자전거,없음,127.03942450000001,36.24108357
1945,2018,2018-09-04 10:00,주,화,1,1,0,0,충남,논산시,차량단독,공작물충돌,운전자법규위반,안전운전 의무 불이행,단일로,기타단일로,이륜차,없음,127.0532117,36.17292422
1946,2018,2018-09-06 17:30,주,목,1,2,0,1,충남,논산시,차량단독,공작물충돌,운전자법규위반,안전운전 의무 불이행,단일로,기타단일로,화물차,없음,127.09266409999998,36.08042879999999
1947,2018,2018-04-30 12:15,주,월,1,2,1,0,충남,논산시,차대사람,기타,운전자법규위반,안전운전 의무 불이행,단일로,기타단일로,승용차,보행자,127.08553290000002,36.20524415
1948,2018,2018-04-01 13:13,주,일,1,2,1,0,충남,논산시,차량단독,공작물충돌,운전자법규위반,안전운전 의무 불이행,단일로,기타단일로,화물차,없음,127.1302947,36.12515161
1949,2018,2018-09-01 06:40,주,토,1,1,0,0,충남,홍성군,차대차,측면충돌,운전자법규위반,교차로 통행방법 위반,교차로,교차로내,승용차,이륜차,126.66232590000001,36.61481027
1950,2018,2018-06-08 12:46,주,금,1,1,0,0,충남,아산시,차대차,측면충돌,운전자법규위반,안전운전 의무 불이행,교차로,교차로내,화물차,이륜차,126.9719604,36.90086285
1951,2018,2018-09-10 23:10,야,월,1,1,0,0,충남,아산시,차대사람,횡단중,운전자법규위반,안전운전 의무 불이행,기타,기타,승용차,보행자,126.97711170000001,36.78729316
1952,2018,2018-09-29 02:24,야,토,1,1,0,0,충남,아산시,차대차,기타,운전자법규위반,안전운전 의무 불이행,단일로,기타단일로,화물차,이륜차,126.9986561,36.78681799
1953,2018,2018-02-01 08:00,주,목,1,1,0,0,충남,아산시,차량단독,기타,운전자법규위반,안전운전 의무 불이행,단일로,기타단일로,이륜차,없음,127.03156809999999,36.79313621
1954,2018,2018-03-18 20:35,야,일,1,1,0,0,충남,보령시,차량단독,공작물충돌,운전자법규위반,안전운전 의무 불이행,단일로,기타단일로,승용차,없음,126.60180030000001,36.30765479
1955,2018,2018-06-29 08:12,주,금,1,1,0,0,충남,보령시,차대사람,횡단중,운전자법규위반,신호위반,교차로,교차로부근,승합차,보행자,126.6036602,36.35533165
1956,2018,2018-03-16 02:15,야,금,1,1,0,0,충남,보령시,차대사람,길가장자리구역통행중,운전자법규위반,안전운전 의무 불이행,단일로,기타단일로,승용차,보행자,126.49418490000002,36.50811885
1957,2018,2018-12-06 18:20,야,목,1,1,0,0,충남,공주시,차대사람,횡단중,운전자법규위반,보행자 보호의무 위반,단일로,기타단일로,승용차,보행자,127.1294315,36.47287431
1958,2018,2018-09-07 14:30,주,금,1,2,0,1,충남,공주시,차대차,추돌,운전자법규위반,안전운전 의무 불이행,교차로,교차로부근,승합차,이륜차,127.05661229999998,36.47026401
1959,2018,2018-05-23 11:24,주,수,1,1,0,0,충남,공주시,차량단독,기타,운전자법규위반,안전운전 의무 불이행,단일로,기타단일로,승용차,없음,127.13872140000001,36.34941163
1960,2018,2018-06-04 00:30,야,월,1,1,0,0,충남,공주시,차대차,측면충돌,운전자법규위반,직진 및 우회전차의 통행방해,교차로,교차로내,승용차,이륜차,127.1407663,36.46452485
1961,2018,2018-01-06 16:27,주,토,1,1,0,0,충남,공주시,차대차,측면충돌,운전자법규위반,안전운전 의무 불이행,교차로,교차로부근,화물차,이륜차,127.03686699999999,36.40262913
1962,2018,2018-01-25 12:00,주,목,1,1,0,0,충남,공주시,차대사람,횡단중,운전자법규위반,보행자 보호의무 위반,단일로,기타단일로,승용차,보행자,127.1337834,36.45419024
1963,2018,2018-01-13 23:40,야,토,1,1,0,0,세종,세종,차대사람,기타,운전자법규위반,안전운전 의무 불이행,단일로,기타단일로,화물차,보행자,127.2761581,36.59779255
1964,2018,2018-09-06 04:43,야,목,1,2,1,0,충남,예산군,차량단독,공작물충돌,운전자법규위반,안전운전 의무 불이행,교차로,교차로내,승용차,없음,126.6722193,36.67468291
1965,2018,2018-04-14 13:07,주,토,3,5,0,2,충남,예산군,차대차,측면충돌,운전자법규위반,중앙선 침범,교차로,교차로부근,승용차,승용차,126.7706574,36.53687697
1966,2018,2018-11-04 19:20,야,일,1,2,0,1,충남,부여군,차대차,정면충돌,운전자법규위반,중앙선 침범,기타,기타,이륜차,승용차,126.89889529999999,36.27604383
1967,2018,2018-03-23 12:33,주,금,1,3,0,2,충남,부여군,차대차,측면충돌,운전자법규위반,교차로 통행방법 위반,교차로,교차로내,이륜차,승합차,126.88996740000002,36.27583635
1968,2018,2018-09-02 19:15,야,일,1,1,0,0,충남,당진시,차대사람,횡단중,운전자법규위반,안전운전 의무 불이행,단일로,기타단일로,화물차,보행자,126.51155190000001,36.95868902
1969,2018,2018-04-28 21:08,야,토,1,1,0,0,충남,당진시,차대사람,기타,운전자법규위반,안전운전 의무 불이행,단일로,기타단일로,승용차,보행자,126.7331014,36.86460342
1970,2018,2018-08-26 20:30,야,일,1,1,0,0,충남,당진시,차대사람,길가장자리구역통행중,운전자법규위반,안전운전 의무 불이행,교차로,교차로부근,승용차,보행자,126.5398175,36.87593623
1971,2018,2018-10-06 08:17,주,토,1,1,0,0,충남,금산군,차대사람,기타,운전자법규위반,안전운전 의무 불이행,교차로,교차로내,화물차,보행자,127.4862903,36.10407446
1972,2018,2018-07-08 14:10,주,일,1,3,2,0,충남,금산군,차량단독,공작물충돌,운전자법규위반,안전운전 의무 불이행,단일로,기타단일로,승용차,없음,127.3785324,36.20635094
1973,2018,2018-03-10 13:43,주,토,1,2,0,1,충남,청양군,차량단독,도로이탈 추락,운전자법규위반,안전운전 의무 불이행,교차로,교차로부근,사륜오토바이(ATV),없음,126.74419669999999,36.36852784
1974,2018,2018-11-28 05:45,야,수,1,1,0,0,충남,청양군,차대사람,횡단중,운전자법규위반,안전운전 의무 불이행,단일로,기타단일로,승용차,보행자,126.81244939999999,36.45224896
1975,2018,2018-11-14 03:55,야,수,1,1,0,0,충남,천안시,차대차,측면충돌,운전자법규위반,안전운전 의무 불이행,교차로,교차로내,승합차,이륜차,127.2654582,36.73801697
1976,2018,2018-01-02 07:50,주,화,1,1,0,0,충남,천안시,차대차,측면충돌,운전자법규위반,중앙선 침범,단일로,기타단일로,화물차,특수차,127.37579040000001,36.81086031
1977,2018,2018-07-11 18:20,야,수,1,2,1,0,충남,천안시,차대차,측면충돌,운전자법규위반,안전운전 의무 불이행,교차로,교차로부근,이륜차,화물차,127.302305,36.75241741
1978,2018,2018-10-19 16:04,주,금,1,1,0,0,충남,태안군,차대사람,횡단중,운전자법규위반,안전운전 의무 불이행,기타,기타,승용차,보행자,126.24790279999999,36.74648967
1979,2018,2018-05-17 15:21,주,목,1,1,0,0,충북,영동군,차대차,추돌,운전자법규위반,안전운전 의무 불이행,기타,기타,화물차,건설기계,127.86245559999999,36.23291673
1980,2018,2018-04-16 05:55,야,월,1,1,0,0,충남,당진시,차량단독,기타,운전자법규위반,안전운전 의무 불이행,기타,기타,특수차,없음,126.61762320000001,36.85220073
1981,2018,2018-02-07 07:32,주,수,1,1,0,0,충북,청주시,차대차,기타,운전자법규위반,안전운전 의무 불이행,단일로,기타단일로,승용차,화물차,127.36627709999999,36.68463279
1982,2018,2018-10-30 11:20,주,화,1,1,0,0,전북,전주시,차대차,측면충돌,운전자법규위반,중앙선 침범,교차로,교차로내,화물차,이륜차,127.1496801,35.80703095
1983,2018,2018-09-22 00:58,야,토,1,1,0,0,전북,전주시,차대사람,차도통행중,운전자법규위반,안전운전 의무 불이행,단일로,기타단일로,승용차,보행자,127.12676470000001,35.80146844
1984,2018,2018-02-24 20:03,야,토,1,1,0,0,전북,전주시,차대차,기타,운전자법규위반,안전운전 의무 불이행,단일로,기타단일로,이륜차,특수차,127.1270941,35.83043838
1985,2018,2018-04-25 17:40,주,수,1,1,0,0,전북,전주시,차대사람,횡단중,운전자법규위반,보행자 보호의무 위반,교차로,교차로횡단보도내,승합차,보행자,127.1362679,35.79674152
1986,2018,2018-08-03 15:30,주,금,1,1,0,0,전북,전주시,차대사람,횡단중,운전자법규위반,안전운전 의무 불이행,단일로,기타단일로,승용차,보행자,127.10667590000001,35.80392892
1987,2018,2018-12-03 16:45,주,월,1,1,0,0,전북,전주시,차대차,측면충돌,운전자법규위반,안전운전 의무 불이행,교차로,교차로내,원동기장치자전거,승용차,127.05850349999999,35.83275756
1988,2018,2018-11-15 06:05,주,목,1,1,0,0,전북,전주시,차대사람,횡단중,운전자법규위반,안전운전 의무 불이행,단일로,기타단일로,화물차,보행자,127.12116780000001,35.85899192
1989,2018,2018-10-01 05:10,야,월,1,1,0,0,전북,전주시,차대사람,횡단중,운전자법규위반,과속,교차로,교차로내,승용차,보행자,127.12659450000001,35.89400027
1990,2018,2018-09-21 06:00,주,금,1,1,0,0,전북,전주시,차대사람,횡단중,운전자법규위반,과속,교차로,교차로부근,승합차,보행자,127.13794150000001,35.83835165
1991,2018,2018-07-19 14:25,주,목,1,1,0,0,전북,전주시,차대차,추돌,운전자법규위반,안전운전 의무 불이행,단일로,기타단일로,승용차,농기계,127.1285713,35.89068579
1992,2018,2018-10-29 05:15,야,월,1,1,0,0,전북,군산시,차량단독,공작물충돌,운전자법규위반,안전운전 의무 불이행,단일로,기타단일로,승용차,없음,126.68520159999998,35.94885965
1993,2018,2018-05-15 21:40,야,화,1,2,1,0,전북,군산시,차대차,정면충돌,운전자법규위반,중앙선 침범,단일로,기타단일로,원동기장치자전거,승용차,126.83694550000001,35.94023709
1994,2018,2018-02-03 00:40,야,토,1,1,0,0,전북,군산시,차량단독,공작물충돌,운전자법규위반,안전운전 의무 불이행,기타,기타,승용차,없음,126.68822409999999,35.96674478
1995,2018,2018-12-21 18:15,야,금,1,1,0,0,전북,익산시,차대사람,길가장자리구역통행중,운전자법규위반,안전운전 의무 불이행,단일로,기타단일로,승합차,보행자,127.0076345,36.02480696
1996,2018,2018-06-23 21:05,야,토,1,1,0,0,전북,익산시,차대차,기타,운전자법규위반,교차로 통행방법 위반,교차로,교차로내,승용차,이륜차,126.9695726,35.9543734
1997,2018,2018-05-30 09:30,주,수,1,1,0,0,전북,익산시,차대차,측면충돌,운전자법규위반,중앙선 침범,단일로,기타단일로,자전거,승용차,126.97870320000001,35.98590765
1998,2018,2018-11-07 17:56,주,수,1,1,0,0,전북,익산시,차대사람,횡단중,운전자법규위반,안전운전 의무 불이행,교차로,교차로내,화물차,보행자,126.9676703,36.04128926
1999,2018,2018-02-15 19:20,야,목,1,1,0,0,전북,익산시,차대사람,횡단중,운전자법규위반,안전운전 의무 불이행,단일로,기타단일로,이륜차,보행자,126.96570420000002,35.94622751
2000,2018,2018-08-21 08:45,주,화,1,1,0,0,전북,정읍시,차대차,측면충돌,운전자법규위반,안전운전 의무 불이행,교차로,교차로내,승용차,화물차,126.758661,35.61700412
2001,2018,2018-09-27 07:05,주,목,1,1,0,0,전북,정읍시,차량단독,공작물충돌,운전자법규위반,안전운전 의무 불이행,단일로,기타단일로,화물차,없음,126.88956599999999,35.67391099
2002,2018,2018-02-07 09:45,주,수,1,7,0,6,전북,김제시,차대차,추돌,운전자법규위반,안전운전 의무 불이행,단일로,기타단일로,승용차,승용차,127.0638244,35.79111338
2003,2018,2018-05-12 12:30,주,토,2,5,3,0,전북,김제시,차대차,정면충돌,운전자법규위반,중앙선 침범,단일로,기타단일로,승용차,화물차,126.9105281,35.78625267
2004,2018,2018-09-08 12:07,주,토,1,1,0,0,전북,김제시,차대사람,기타,운전자법규위반,기타(운전자법규위반),단일로,기타단일로,승용차,보행자,126.85821329999999,35.818018
2005,2018,2018-07-26 12:00,주,목,1,3,0,2,전북,남원시,차대차,측면충돌,운전자법규위반,중앙선 침범,단일로,기타단일로,화물차,승용차,127.59553840000001,35.48485346
2006,2018,2018-05-14 17:15,주,월,1,1,0,0,전북,남원시,차대차,기타,운전자법규위반,안전운전 의무 불이행,단일로,기타단일로,화물차,이륜차,127.2328162,35.33571195
2007,2018,2018-04-09 07:10,주,월,1,1,0,0,전북,남원시,차대차,측면충돌,운전자법규위반,안전운전 의무 불이행,교차로,교차로내,이륜차,농기계,127.3365462,35.34205616
2008,2018,2018-02-09 15:40,주,금,1,1,0,0,전북,남원시,차대차,기타,운전자법규위반,안전운전 의무 불이행,단일로,기타단일로,사륜오토바이(ATV),화물차,127.4730419,35.49061027
2009,2018,2018-05-20 08:40,주,일,1,1,0,0,전북,임실군,차량단독,공작물충돌,운전자법규위반,안전운전 의무 불이행,교차로,교차로내,농기계,없음,127.1679241,35.71707978
2010,2018,2018-03-15 12:00,주,목,1,1,0,0,전북,무주군,차량단독,기타,운전자법규위반,안전운전 의무 불이행,단일로,교량위,원동기장치자전거,없음,127.6766127,36.00843121
2011,2018,2018-09-19 05:35,야,수,1,1,0,0,전북,완주군,차대사람,횡단중,운전자법규위반,보행자 보호의무 위반,교차로,교차로횡단보도내,화물차,보행자,127.02620970000001,35.82107323
2012,2018,2018-07-24 12:45,주,화,1,2,1,0,전북,완주군,차량단독,공작물충돌,운전자법규위반,안전운전 의무 불이행,교차로,교차로내,화물차,없음,127.044253,35.90256074
2013,2018,2018-12-18 16:20,주,화,1,2,0,1,전북,완주군,차대차,측면충돌,운전자법규위반,교차로 통행방법 위반,교차로,교차로내,이륜차,승용차,127.208734,35.97266954
2014,2018,2018-10-26 05:50,야,금,1,1,0,0,전북,완주군,차량단독,공작물충돌,운전자법규위반,안전운전 의무 불이행,단일로,기타단일로,화물차,없음,127.10352490000001,35.63876802
2015,2018,2018-06-29 21:20,야,금,1,1,0,0,전북,남원시,차대차,기타,운전자법규위반,과속,단일로,기타단일로,승용차,승용차,127.32312009999998,35.37806785
2016,2018,2018-02-25 11:20,주,일,1,1,0,0,충남,보령시,차량단독,전도,운전자법규위반,안전운전 의무 불이행,단일로,기타단일로,화물차,없음,126.5804508,36.43622718
2017,2018,2018-11-14 16:37,주,수,1,2,1,0,전남,신안군,차대차,정면충돌,운전자법규위반,중앙선 침범,단일로,기타단일로,승용차,화물차,126.32620320000001,34.89281271
2018,2018,2018-05-11 02:58,야,금,1,5,1,3,전남,목포시,차대차,기타,운전자법규위반,신호위반,교차로,교차로내,원동기장치자전거,승용차,126.4328607,34.80980151
2019,2018,2018-07-17 08:00,주,화,1,1,0,0,전남,신안군,차대차,측면충돌,운전자법규위반,교차로 통행방법 위반,단일로,기타단일로,사륜오토바이(ATV),화물차,126.13158590000002,34.77969059
2020,2018,2018-11-12 08:30,주,월,1,1,0,0,전남,신안군,차량단독,공작물충돌,운전자법규위반,안전운전 의무 불이행,교차로,교차로부근,이륜차,없음,126.13939309999999,35.0024189
2021,2018,2018-07-08 19:30,야,일,1,1,0,0,전남,신안군,차량단독,기타,운전자법규위반,기타(운전자법규위반),교차로,교차로부근,승합차,없음,126.3336908,34.86013514
2022,2018,2018-05-04 08:02,주,금,1,1,0,0,전남,목포시,차대사람,차도통행중,운전자법규위반,안전운전 의무 불이행,단일로,기타단일로,승합차,보행자,126.42431599999999,34.82457753
2023,2018,2018-11-03 04:58,야,토,1,1,0,0,전남,여수시,차대사람,횡단중,운전자법규위반,안전운전 의무 불이행,단일로,기타단일로,화물차,보행자,127.72749740000002,34.75189527
2024,2018,2018-05-28 19:50,야,월,1,1,0,0,전남,여수시,차대사람,횡단중,운전자법규위반,안전운전 의무 불이행,교차로,교차로횡단보도내,화물차,보행자,127.64694640000002,34.76084482
2025,2018,2018-03-23 23:50,야,금,2,2,0,0,전남,여수시,차대차,측면충돌,운전자법규위반,신호위반,교차로,교차로내,이륜차,승용차,127.7161613,34.75797317
2026,2018,2018-01-12 08:50,주,금,1,2,0,1,전남,여수시,차량단독,공작물충돌,운전자법규위반,안전운전 의무 불이행,단일로,교량위,건설기계,없음,127.6513676,34.79865628
2027,2018,2018-02-24 16:44,주,토,1,1,0,0,전남,여수시,차량단독,공작물충돌,운전자법규위반,안전운전 의무 불이행,단일로,기타단일로,승용차,없음,127.61484170000001,34.76158182
2028,2018,2018-03-27 14:30,주,화,1,1,0,0,전남,순천시,차대사람,차도통행중,운전자법규위반,안전운전 의무 불이행,단일로,기타단일로,승용차,보행자,127.48522779999999,34.96859177
2029,2018,2018-06-08 23:10,야,금,1,1,0,0,전남,순천시,차대사람,횡단중,운전자법규위반,안전운전 의무 불이행,교차로,교차로내,승용차,보행자,127.4993758,34.94594881
2030,2018,2018-03-26 16:10,주,월,1,1,0,0,전남,순천시,차량단독,기타,운전자법규위반,안전운전 의무 불이행,단일로,기타단일로,원동기장치자전거,없음,127.45504809999998,35.16066641
2031,2018,2018-10-02 12:00,주,화,1,3,0,1,전남,순천시,차대차,측면충돌,운전자법규위반,신호위반,교차로,교차로부근,이륜차,화물차,127.5148572,34.98451572
2032,2018,2018-11-20 09:08,주,화,1,1,0,0,전남,순천시,차대차,기타,운전자법규위반,안전운전 의무 불이행,단일로,기타단일로,자전거,승용차,127.5227574,34.94642461
2033,2018,2018-08-20 11:10,주,월,1,4,2,1,전남,나주시,차대차,정면충돌,운전자법규위반,중앙선 침범,단일로,기타단일로,승용차,화물차,126.83084209999998,34.97797743
2034,2018,2018-05-08 17:00,주,화,1,1,0,0,전남,나주시,차량단독,도로이탈 추락,운전자법규위반,안전운전 의무 불이행,단일로,기타단일로,농기계,없음,126.67943159999999,35.0928675