,발생년,발생년월일시분,주야,요일,사망자수,사상자수,중상자수,경상자수,발생지시도,발생지시군구,사고유형_대분류,사고유형,법규위반_대분류,법규위반,도로형태_대분류,도로형태,가해자_당사자종별,피해자_당사자종별,경도,위도
2179,2018,2018-04-18 21:30,야,수,1,1,0,0,인천,부평구,차대사람,횡단중,운전자법규위반,보행자 보호의무 위반,교차로,교차로내,승합차,보행자,126.7255007,37.50721974
2180,2018,2018-06-14 06:10,주,목,1,1,0,0,경기,시흥시,차대차,추돌,운전자법규위반,안전운전 의무 불이행,단일로,기타단일로,승용차,화물차,126.8689795,37.37377956
2181,2018,2018-01-19 03:30,야,금,1,2,0,1,서울,금천구,차대사람,차도통행중,운전자법규위반,과속,단일로,기타단일로,승용차,보행자,126.89732790000001,37.44717251
2182,2018,2018-07-31 21:10,야,화,1,1,0,0,광주,동구,차대차,기타,운전자법규위반,안전거리 미확보,단일로,기타단일로,승용차,승용차,126.93901770000001,35.13440318
2183,2018,2018-07-25 13:59,주,수,1,1,0,0,광주,서구,차대사람,횡단중,운전자법규위반,안전운전 의무 불이행,단일로,기타단일로,특수차,보행자,126.90071440000001,35.15382381
2184,2018,2018-03-13 06:40,주,화,1,2,0,1,광주,남구,차대차,추돌,운전자법규위반,안전거리 미확보,단일로,기타단일로,화물차,화물차,126.8742237,35.11543231
2185,2018,2018-09-19 09:40,주,수,1,1,0,0,광주,남구,차대차,측면충돌,운전자법규위반,교차로 통행방법 위반,교차로,교차로내,승용차,자전거,126.9105928,35.13289947
2186,2018,2018-10-25 15:00,주,목,1,1,0,0,광주,남구,차대사람,횡단중,운전자법규위반,보행자 보호의무 위반,교차로,교차로내,화물차,보행자,126.9039097,35.14714802
2187,2018,2018-11-20 08:35,주,화,1,1,0,0,광주,북구,차대사람,기타,운전자법규위반,안전운전 의무 불이행,단일로,기타단일로,승합차,보행자,126.90119340000001,35.2002178
2188,2018,2018-11-10 23:38,야,토,1,1,0,0,광주,북구,차대사람,기타,운전자법규위반,안전운전 의무 불이행,단일로,기타단일로,승용차,보행자,126.9034577,35.15793920000001
2189,2018,2018-08-21 22:35,야,화,1,1,0,0,광주,북구,차대사람,횡단중,운전자법규위반,안전운전 의무 불이행,단일로,기타단일로,승용차,보행자,126.90896210000001,35.17261886
2190,2018,2018-01-16 06:55,주,화,1,1,0,0,광주,북구,차대사람,횡단중,운전자법규위반,안전운전 의무 불이행,단일로,기타단일로,승용차,보행자,126.9255721,35.17335701
2191,2018,2018-11-09 03:59,야,금,1,1,0,0,광주,광산구,차대사람,차도통행중,운전자법규위반,안전운전 의무 불이행,단일로,지하차도(도로)내,승용차,보행자,126.83250509999999,35.18644142
2192,2018,2018-08-23 15:52,주,목,1,1,0,0,광주,광산구,차대사람,횡단중,운전자법규위반,안전운전 의무 불이행,교차로,교차로부근,화물차,보행자,126.80115220000002,35.14019596
2193,2018,2018-04-14 22:35,야,토,1,1,0,0,광주,광산구,차대차,측면충돌,운전자법규위반,중앙선 침범,단일로,기타단일로,승용차,이륜차,126.81940520000002,35.18341096
2194,2018,2018-10-21 19:25,야,일,1,1,0,0,광주,광산구,차대사람,차도통행중,운전자법규위반,안전운전 의무 불이행,단일로,기타단일로,승용차,보행자,126.7792105,35.13203419
2195,2018,2018-03-27 10:20,주,화,1,1,0,0,광주,광산구,차대차,기타,운전자법규위반,신호위반,교차로,교차로내,승용차,이륜차,126.80455500000001,35.17709588
2196,2018,2018-10-30 05:43,야,화,1,1,0,0,대전,중구,차대사람,차도통행중,운전자법규위반,안전운전 의무 불이행,단일로,기타단일로,승용차,보행자,127.386454,36.30560192
2197,2018,2018-02-03 03:11,야,토,1,1,0,0,대전,중구,차대사람,횡단중,운전자법규위반,과속,단일로,기타단일로,승용차,보행자,127.4383659,36.31166229
2198,2018,2018-07-01 20:45,야,일,1,1,0,0,대전,동구,차대사람,기타,운전자법규위반,안전운전 의무 불이행,단일로,기타단일로,승합차,보행자,127.43723429999999,36.333650399999996
2199,2018,2018-07-12 00:35,야,목,1,1,0,0,대전,동구,차대사람,횡단중,운전자법규위반,안전운전 의무 불이행,단일로,교량위,승용차,보행자,127.4185989,36.33860666
2200,2018,2018-06-12 14:39,주,화,1,1,0,0,대전,동구,차대사람,횡단중,운전자법규위반,보행자 보호의무 위반,교차로,교차로내,승용차,보행자,127.4425195,36.34386754
2201,2018,2018-01-19 06:55,주,금,1,1,0,0,대전,동구,차대차,기타,운전자법규위반,부당한 회전,단일로,기타단일로,자전거,화물차,127.42257859999998,36.33694145
2202,2018,2018-06-25 11:54,주,월,1,1,0,0,대전,서구,차대차,측면충돌,운전자법규위반,신호위반,교차로,교차로내,화물차,이륜차,127.3746335,36.32810171
2203,2018,2018-04-16 21:40,야,월,1,1,0,0,대전,서구,차대사람,기타,운전자법규위반,안전운전 의무 불이행,교차로,교차로내,승용차,보행자,127.3479321,36.30815558
2204,2018,2018-09-07 00:18,야,금,1,1,0,0,대전,서구,차대사람,차도통행중,운전자법규위반,안전운전 의무 불이행,단일로,기타단일로,승용차,보행자,127.37550790000002,36.33871379
2205,2018,2018-10-03 06:45,주,수,1,1,0,0,대전,서구,차량단독,전복,운전자법규위반,안전운전 의무 불이행,단일로,기타단일로,이륜차,없음,127.3484055,36.30528025
2206,2018,2018-06-07 13:41,주,목,1,4,0,3,대전,대덕구,차대차,추돌,운전자법규위반,안전운전 의무 불이행,단일로,기타단일로,화물차,건설기계,127.4122436,36.38157856
2207,2018,2018-08-30 00:08,야,목,1,1,0,0,대전,대덕구,차량단독,기타,운전자법규위반,안전운전 의무 불이행,단일로,고가도로위,승용차,없음,127.39656029999999,36.43756919
2208,2018,2018-09-21 21:30,야,금,1,1,0,0,대전,유성구,차대사람,보도통행중,운전자법규위반,보행자 보호의무 위반,교차로,교차로횡단보도내,화물차,보행자,127.32054280000001,36.30278946
2209,2018,2018-04-21 03:42,야,토,1,1,0,0,울산,중구,차대차,추돌,운전자법규위반,안전운전 의무 불이행,교차로,교차로부근,승용차,이륜차,129.3276835,35.558588799999995
2210,2018,2018-06-17 21:50,야,일,1,1,0,0,울산,남구,차대사람,횡단중,운전자법규위반,안전운전 의무 불이행,단일로,기타단일로,승용차,보행자,129.28723100000002,35.54681758
2211,2018,2018-11-02 17:25,주,금,1,2,0,1,울산,남구,차대사람,기타,운전자법규위반,안전운전 의무 불이행,단일로,기타단일로,화물차,보행자,129.3097876,35.53988195
2212,2018,2018-08-21 11:20,주,화,1,1,0,0,울산,남구,차량단독,전도,운전자법규위반,안전운전 의무 불이행,단일로,기타단일로,특수차,없음,129.3572532,35.49029811
2213,2018,2018-02-08 06:54,주,목,1,1,0,0,울산,동구,차대사람,횡단중,운전자법규위반,신호위반,교차로,교차로내,화물차,보행자,129.4251522,35.50453207
2214,2018,2018-06-18 22:04,야,월,1,1,0,0,울산,북구,차대사람,횡단중,운전자법규위반,보행자 보호의무 위반,단일로,기타단일로,승용차,보행자,129.4573125,35.60709973
2215,2018,2018-11-18 18:05,야,일,1,1,0,0,울산,동구,차대사람,차도통행중,운전자법규위반,과속,단일로,기타단일로,승용차,보행자,129.42729309999999,35.49539271
2216,2018,2018-08-10 14:50,주,금,1,2,0,1,울산,울주군,차대차,추돌,운전자법규위반,안전운전 의무 불이행,단일로,기타단일로,자전거,자전거,129.18972639999998,35.55407467
2217,2018,2018-10-12 12:55,주,금,1,1,0,0,경기,의정부시,차대차,측면충돌,운전자법규위반,신호위반,교차로,교차로내,자전거,승용차,127.04365370000001,37.72915613
2218,2018,2018-06-23 05:35,야,토,1,4,3,0,경기,의정부시,차대차,정면충돌,운전자법규위반,중앙선 침범,단일로,기타단일로,승용차,승용차,127.00972949999999,37.73673524
2219,2018,2018-04-30 15:10,주,월,1,1,0,0,경기,고양시,차량단독,공작물충돌,운전자법규위반,안전운전 의무 불이행,단일로,기타단일로,원동기장치자전거,없음,126.78236570000001,37.65714657
2220,2018,2018-06-26 01:08,야,화,1,1,0,0,경기,고양시,차대사람,기타,운전자법규위반,과속,교차로,교차로횡단보도내,승용차,보행자,126.7909226,37.64073109
2221,2018,2018-02-19 17:46,주,월,1,1,0,0,경기,고양시,차대사람,횡단중,운전자법규위반,안전운전 의무 불이행,교차로,교차로내,화물차,보행자,126.7868841,37.67308234
2222,2018,2018-05-05 11:35,주,토,1,2,0,1,경기,남양주시,차대차,정면충돌,운전자법규위반,중앙선 침범,교차로,교차로부근,승용차,승합차,127.18955079999999,37.74705327
2223,2018,2018-06-09 07:40,주,토,1,2,0,1,경기,남양주시,차대차,추돌,운전자법규위반,안전운전 의무 불이행,단일로,기타단일로,승용차,화물차,127.1554611,37.64224172
2224,2018,2018-12-20 04:48,야,목,1,1,0,0,경기,남양주시,차대사람,횡단중,운전자법규위반,안전운전 의무 불이행,교차로,교차로내,승용차,보행자,127.1119038,37.65038978
2225,2018,2018-12-03 07:25,주,월,1,1,0,0,경기,파주시,차대사람,횡단중,운전자법규위반,보행자 보호의무 위반,교차로,교차로횡단보도내,승용차,보행자,126.7749412,37.75831901
2226,2018,2018-07-08 19:20,야,일,1,6,0,5,경기,양주시,차대차,측면충돌,운전자법규위반,중앙선 침범,단일로,기타단일로,승용차,승용차,127.05117890000001,37.82472465
2227,2018,2018-09-27 06:40,주,목,1,1,0,0,경기,양주시,차대사람,횡단중,운전자법규위반,안전운전 의무 불이행,단일로,기타단일로,화물차,보행자,126.99665829999999,37.79321077
2228,2018,2018-12-01 02:42,야,토,1,3,2,0,경기,양주시,차대차,정면충돌,운전자법규위반,중앙선 침범,단일로,기타단일로,승용차,승용차,126.94908970000002,37.72760745
2229,2018,2018-06-10 00:04,야,일,1,1,0,0,경기,동두천시,차대사람,횡단중,운전자법규위반,안전운전 의무 불이행,단일로,기타단일로,승용차,보행자,127.0580335,37.91180748
2230,2018,2018-06-04 07:50,주,월,1,1,0,0,경기,동두천시,차량단독,기타,운전자법규위반,안전운전 의무 불이행,단일로,기타단일로,기타,없음,127.0322858,37.90515555
2231,2018,2018-09-14 13:30,주,금,1,1,0,0,경기,동두천시,차대사람,횡단중,운전자법규위반,보행자 보호의무 위반,단일로,기타단일로,승용차,보행자,127.053528,37.89118679
2232,2018,2018-08-18 19:50,야,토,1,1,0,0,경기,동두천시,차대사람,횡단중,운전자법규위반,안전운전 의무 불이행,단일로,기타단일로,승용차,보행자,127.06332179999998,37.90437349
2233,2018,2018-12-28 02:20,야,금,2,5,1,2,경기,구리시,차대차,정면충돌,운전자법규위반,중앙선 침범,단일로,기타단일로,승용차,승용차,127.13706609999998,37.59738888
2234,2018,2018-03-24 19:00,야,토,1,1,0,0,경기,가평군,차대차,측면충돌,운전자법규위반,중앙선 침범,단일로,기타단일로,사륜오토바이(ATV),승용차,127.4793258,37.6390565
2235,2018,2018-05-18 23:43,야,금,1,1,0,0,서울,서대문구,차대사람,횡단중,운전자법규위반,안전운전 의무 불이행,단일로,기타단일로,승용차,보행자,126.9149591,37.56961078
2236,2018,2018-08-11 00:40,야,토,1,1,0,0,서울,용산구,차대사람,횡단중,운전자법규위반,보행자 보호의무 위반,단일로,기타단일로,승용차,보행자,126.9998183,37.53601092
2237,2018,2018-10-17 20:20,야,수,1,1,0,0,서울,성북구,차대사람,횡단중,운전자법규위반,신호위반,교차로,교차로내,화물차,보행자,127.0091217,37.61547662
2238,2018,2018-07-22 20:45,야,일,1,1,0,0,서울,강북구,차대사람,횡단중,운전자법규위반,보행자 보호의무 위반,교차로,교차로내,승합차,보행자,127.0135447,37.63399943
2239,2018,2018-03-26 17:10,주,월,1,1,0,0,서울,동대문구,차대차,측면충돌,운전자법규위반,교차로 통행방법 위반,교차로,교차로내,화물차,자전거,127.06881570000002,37.58944466
2240,2018,2018-11-19 06:10,주,월,1,1,0,0,서울,동대문구,차대차,기타,운전자법규위반,안전운전 의무 불이행,교차로,교차로내,화물차,자전거,127.06034220000001,37.59633754
2241,2018,2018-10-09 12:12,주,화,1,1,0,0,서울,동대문구,차대차,기타,운전자법규위반,안전거리 미확보,교차로,교차로횡단보도내,자전거,화물차,127.0310469,37.57396874
2242,2018,2018-12-11 17:20,주,화,1,1,0,0,서울,동대문구,차대사람,기타,운전자법규위반,보행자 보호의무 위반,교차로,교차로부근,이륜차,보행자,127.0465774,37.57509301
2243,2018,2018-07-11 01:12,야,수,1,1,0,0,서울,광진구,차대사람,차도통행중,운전자법규위반,안전운전 의무 불이행,기타,기타,승용차,보행자,127.0638025,37.53231667
2244,2018,2018-03-03 08:10,주,토,1,1,0,0,서울,광진구,차량단독,공작물충돌,운전자법규위반,안전운전 의무 불이행,단일로,교량위,승용차,없음,127.1089348,37.5460789
2245,2018,2018-10-26 02:35,야,금,1,1,0,0,서울,마포구,차량단독,공작물충돌,운전자법규위반,안전운전 의무 불이행,단일로,기타단일로,승용차,없음,126.89585590000002,37.55978005
2246,2018,2018-08-27 03:20,야,월,1,1,0,0,서울,마포구,차량단독,공작물충돌,운전자법규위반,안전운전 의무 불이행,단일로,기타단일로,승용차,없음,126.8963851,37.56014329
2247,2018,2018-05-19 00:50,야,토,1,1,0,0,서울,영등포구,차대차,기타,운전자법규위반,중앙선 침범,단일로,교량위,승용차,원동기장치자전거,126.8820019,37.52357336
2248,2018,2018-01-07 21:51,야,일,1,1,0,0,서울,영등포구,차대사람,횡단중,운전자법규위반,과속,단일로,기타단일로,승용차,보행자,126.91679620000001,37.51696312
2249,2018,2018-08-27 20:28,야,월,1,1,0,0,서울,관악구,차량단독,기타,운전자법규위반,안전운전 의무 불이행,단일로,기타단일로,자전거,없음,126.90970209999999,37.48378509
2250,2018,2018-08-26 04:00,야,일,1,1,0,0,서울,관악구,차대사람,횡단중,운전자법규위반,신호위반,교차로,교차로내,이륜차,보행자,126.909848,37.48105471
2251,2018,2018-11-01 22:35,야,목,1,1,0,0,서울,금천구,차대사람,횡단중,운전자법규위반,신호위반,교차로,교차로횡단보도내,승용차,보행자,126.897975,37.46939434
2252,2018,2018-04-14 05:04,야,토,1,1,0,0,서울,동작구,차대사람,기타,운전자법규위반,안전운전 의무 불이행,단일로,기타단일로,이륜차,보행자,126.9643514,37.50823792
2253,2018,2018-03-03 04:50,야,토,1,2,0,1,서울,중랑구,차대사람,횡단중,운전자법규위반,과속,교차로,교차로횡단보도내,승용차,보행자,127.07992150000001,37.57436009
2254,2018,2018-11-23 12:30,주,금,1,2,0,1,서울,중랑구,차대차,측면충돌,운전자법규위반,신호위반,교차로,교차로내,이륜차,승용차,127.09706580000001,37.59981081
2255,2018,2018-08-13 15:23,주,월,1,1,0,0,서울,중랑구,차대사람,횡단중,운전자법규위반,중앙선 침범,단일로,기타단일로,화물차,보행자,127.0934024,37.592263
2256,2018,2018-03-22 18:55,야,목,1,1,0,0,서울,중랑구,차대사람,횡단중,운전자법규위반,보행자 보호의무 위반,단일로,기타단일로,특수차,보행자,127.0931342,37.60616082
2257,2018,2018-09-30 12:16,주,일,1,1,0,0,서울,강남구,차대차,측면충돌,운전자법규위반,안전운전 의무 불이행,단일로,기타단일로,승합차,자전거,127.03393170000001,37.53080546
2258,2018,2018-11-14 18:07,야,수,1,1,0,0,서울,강동구,차대사람,길가장자리구역통행중,운전자법규위반,안전운전 의무 불이행,단일로,지하차도(도로)내,건설기계,보행자,127.12383100000001,37.55108203
2259,2018,2018-04-08 09:34,주,일,1,1,0,0,서울,강동구,차대사람,길가장자리구역통행중,운전자법규위반,안전운전 의무 불이행,단일로,지하차도(도로)내,승용차,보행자,127.1363288,37.53026382
2260,2018,2018-01-27 06:53,주,토,1,1,0,0,서울,송파구,차대사람,횡단중,운전자법규위반,신호위반,단일로,기타단일로,승용차,보행자,127.11966340000001,37.51481883
2261,2018,2018-07-21 09:23,주,토,1,3,0,2,서울,송파구,차대차,측면충돌,운전자법규위반,신호위반,교차로,교차로부근,승용차,승합차,127.10314009999999,37.50971415
2262,2018,2018-11-15 20:45,야,목,1,4,0,3,서울,구로구,차량단독,공작물충돌,운전자법규위반,안전운전 의무 불이행,교차로,교차로부근,승용차,없음,126.8417986,37.4997498
2263,2018,2018-01-10 20:27,야,수,1,1,0,0,서울,구로구,차대사람,횡단중,운전자법규위반,안전운전 의무 불이행,교차로,교차로내,승합차,보행자,126.84197830000001,37.49989502
2264,2018,2018-01-26 11:05,주,금,1,2,1,0,서울,구로구,차대사람,횡단중,운전자법규위반,보행자 보호의무 위반,교차로,교차로횡단보도내,건설기계,보행자,126.89257820000002,37.48089507
2265,2018,2018-11-21 10:28,주,수,1,1,0,0,서울,서초구,차대사람,기타,운전자법규위반,안전운전 의무 불이행,교차로,교차로횡단보도내,건설기계,보행자,127.0267318,37.48805249
2266,2018,2018-07-26 05:39,야,목,1,1,0,0,서울,양천구,차대차,기타,운전자법규위반,안전운전 의무 불이행,단일로,기타단일로,승용차,화물차,126.8350866,37.5294477
2267,2018,2018-01-26 01:22,야,금,1,1,0,0,서울,노원구,차대사람,횡단중,운전자법규위반,안전운전 의무 불이행,단일로,기타단일로,승용차,보행자,127.05533700000001,37.67687864
2268,2018,2018-06-09 02:13,야,토,1,1,0,0,서울,노원구,차량단독,공작물충돌,운전자법규위반,안전운전 의무 불이행,단일로,기타단일로,화물차,없음,127.0600591,37.63383052
2269,2018,2018-06-13 01:43,야,수,1,2,0,0,서울,노원구,차대사람,횡단중,운전자법규위반,안전운전 의무 불이행,단일로,지하차도(도로)내,승용차,보행자,127.0691473,37.63407136
2270,2018,2018-02-27 10:30,주,화,1,1,0,0,서울,노원구,차대차,측면충돌,운전자법규위반,안전거리 미확보,단일로,지하차도(도로)내,자전거,건설기계,127.0678994,37.65776297
2271,2018,2018-02-26 05:15,야,월,1,1,0,0,서울,동작구,차대사람,기타,운전자법규위반,안전운전 의무 불이행,단일로,기타단일로,승합차,보행자,126.98190859999998,37.48280691
2272,2018,2018-03-20 12:07,주,화,1,1,0,0,부산,서구,차량단독,기타,운전자법규위반,안전운전 의무 불이행,단일로,기타단일로,승합차,없음,129.0152749,35.08162672
2273,2018,2018-05-06 08:38,주,일,1,1,0,0,부산,서구,차량단독,공작물충돌,운전자법규위반,안전운전 의무 불이행,단일로,기타단일로,승용차,없음,129.01032479999998,35.10963699
2274,2018,2018-04-21 05:17,야,토,2,2,0,0,부산,남구,차대차,정면충돌,운전자법규위반,중앙선 침범,단일로,기타단일로,이륜차,승용차,129.0769363,35.13414008
2275,2018,2018-06-24 05:30,야,일,1,2,1,0,부산,동래구,차대차,기타,운전자법규위반,신호위반,교차로,교차로내,이륜차,승용차,129.0838973,35.20164421
2276,2018,2018-04-05 07:15,주,목,1,2,1,0,부산,해운대구,차량단독,도로이탈 기타,운전자법규위반,안전운전 의무 불이행,단일로,기타단일로,이륜차,없음,129.12246389999999,35.17461761
2277,2018,2018-05-11 18:05,야,금,1,1,0,0,부산,부산진구,차대사람,횡단중,운전자법규위반,안전운전 의무 불이행,단일로,기타단일로,승용차,보행자,129.0330122,35.16743411
2278,2018,2018-06-13 03:20,야,수,1,4,1,2,부산,부산진구,차대차,기타,운전자법규위반,신호위반,교차로,교차로내,이륜차,승용차,129.0655196,35.14948204
2279,2018,2018-09-05 23:20,야,수,1,1,0,0,부산,금정구,차대사람,횡단중,운전자법규위반,신호위반,교차로,교차로부근,승합차,보행자,129.0908561,35.22896144
2280,2018,2018-03-19 01:40,야,월,1,1,0,0,부산,금정구,차대사람,기타,운전자법규위반,과속,단일로,기타단일로,승합차,보행자,129.0871337,35.22232049
2281,2018,2018-03-03 02:15,야,토,1,5,2,2,부산,금정구,차대차,정면충돌,운전자법규위반,중앙선 침범,단일로,기타단일로,승용차,승용차,129.1079472,35.24590182
2282,2018,2018-04-30 09:35,주,월,1,1,0,0,부산,사상구,차대사람,횡단중,운전자법규위반,안전운전 의무 불이행,단일로,기타단일로,이륜차,보행자,128.999987,35.14781373
2283,2018,2018-07-30 10:18,주,월,1,1,0,0,부산,기장군,차량단독,공작물충돌,운전자법규위반,안전운전 의무 불이행,교차로,교차로부근,이륜차,없음,129.24228929999998,35.31713516
2284,2018,2018-12-06 09:46,주,목,1,1,0,0,부산,기장군,차대사람,횡단중,운전자법규위반,안전운전 의무 불이행,교차로,교차로부근,화물차,보행자,129.2166239,35.23942306
2285,2018,2018-11-02 09:29,주,금,1,2,1,0,울산,울주군,차대차,기타,운전자법규위반,안전운전 의무 불이행,단일로,기타단일로,화물차,화물차,129.2525551,35.50953467
2286,2018,2018-05-28 20:25,야,월,1,1,0,0,경기,수원시,차대차,기타,운전자법규위반,보행자 보호의무 위반,단일로,기타단일로,승용차,승용차,127.0065479,37.28182536
2287,2018,2018-05-19 05:50,야,토,1,1,0,0,경기,수원시,차대차,기타,운전자법규위반,기타(운전자법규위반),기타,기타,승용차,승용차,127.0089122,37.28426895
2288,2018,2018-11-17 21:25,야,토,1,1,0,0,경기,수원시,차대차,추돌,운전자법규위반,안전운전 의무 불이행,단일로,기타단일로,승용차,특수차,126.9892845,37.28575431
2289,2018,2018-01-24 22:35,야,수,1,1,0,0,경기,수원시,차대사람,횡단중,운전자법규위반,과속,교차로,교차로부근,승용차,보행자,126.98394809999999,37.28416275
2290,2018,2018-05-25 12:10,주,금,1,1,0,0,경기,성남시,차대사람,횡단중,운전자법규위반,신호위반,단일로,기타단일로,승합차,보행자,127.1281231,37.43901121
2291,2018,2018-04-27 09:08,주,금,1,2,1,0,경기,성남시,차대차,기타,운전자법규위반,안전거리 미확보,단일로,기타단일로,승용차,승용차,127.1266564,37.44754256
2292,2018,2018-01-01 07:25,주,월,1,1,0,0,경기,평택시,차량단독,전도,운전자법규위반,안전운전 의무 불이행,단일로,기타단일로,이륜차,없음,126.956149,36.95409383
2293,2018,2018-04-03 20:30,야,화,1,1,0,0,경기,평택시,차대사람,횡단중,운전자법규위반,중앙선 침범,단일로,기타단일로,화물차,보행자,127.0934602,37.01560762
2294,2018,2018-04-18 14:50,주,수,1,3,0,2,경기,평택시,차대차,추돌,운전자법규위반,안전운전 의무 불이행,단일로,기타단일로,이륜차,승용차,126.9136483,36.92459481
2295,2018,2018-05-19 20:25,야,토,1,1,0,0,경기,평택시,차대사람,기타,운전자법규위반,안전운전 의무 불이행,단일로,기타단일로,승용차,보행자,127.0401751,37.01218599
2296,2018,2018-01-06 11:10,주,토,1,1,0,0,경기,평택시,차량단독,공작물충돌,운전자법규위반,안전운전 의무 불이행,단일로,기타단일로,승용차,없음,126.9078877,36.99142574
2297,2018,2018-09-02 13:20,주,일,1,1,0,0,경기,평택시,차량단독,공작물충돌,운전자법규위반,안전운전 의무 불이행,교차로,교차로내,이륜차,없음,126.85655659999999,36.98412925
2298,2018,2018-01-02 08:18,주,화,1,1,0,0,경기,평택시,차대사람,보도통행중,운전자법규위반,보행자 보호의무 위반,교차로,교차로횡단보도내,승용차,보행자,127.1130936,36.99441737
2299,2018,2018-07-01 11:55,주,일,1,1,0,0,경기,안성시,차대차,정면충돌,운전자법규위반,안전운전 의무 불이행,교차로,교차로내,농기계,이륜차,127.28094809999999,36.98586743
2300,2018,2018-03-23 19:39,야,금,1,1,0,0,경기,안성시,차대사람,차도통행중,운전자법규위반,안전운전 의무 불이행,단일로,기타단일로,승용차,보행자,127.48248899999999,37.10098334
2301,2018,2018-10-24 15:28,주,수,1,2,0,1,경기,안성시,차대차,추돌,운전자법규위반,안전운전 의무 불이행,단일로,기타단일로,화물차,건설기계,127.247092,37.05012674
2302,2018,2018-07-03 01:00,야,화,1,1,0,0,경기,안양시,차대사람,횡단중,운전자법규위반,안전운전 의무 불이행,교차로,교차로횡단보도내,승합차,보행자,126.9496818,37.40564953
2303,2018,2018-03-02 19:25,야,금,1,1,0,0,경기,광주시,차대차,기타,운전자법규위반,신호위반,교차로,교차로부근,이륜차,승합차,127.25626470000002,37.41918114
2304,2018,2018-11-17 11:40,주,토,1,1,0,0,경기,광주시,차량단독,공작물충돌,운전자법규위반,안전운전 의무 불이행,교차로,교차로내,화물차,없음,127.2049613,37.37769995
2305,2018,2018-03-28 13:20,주,수,1,1,0,0,경기,광주시,차량단독,공작물충돌,운전자법규위반,안전운전 의무 불이행,단일로,기타단일로,승용차,없음,127.30319779999999,37.42826433
2306,2018,2018-06-17 19:27,야,일,1,1,0,0,경기,광주시,차량단독,공작물충돌,운전자법규위반,안전운전 의무 불이행,기타,기타,승용차,없음,127.3391197,37.32684081
2307,2018,2018-05-02 05:30,야,수,1,3,0,2,경기,광주시,차대차,추돌,운전자법규위반,안전운전 의무 불이행,단일로,기타단일로,화물차,화물차,127.2778598,37.469439200000004
2308,2018,2018-09-16 04:00,야,일,1,1,0,0,경기,광주시,차대사람,횡단중,운전자법규위반,신호위반,단일로,기타단일로,승용차,보행자,127.24937820000001,37.41696738
2309,2018,2018-09-02 17:47,주,일,1,1,0,0,경기,광주시,차대차,측면충돌,운전자법규위반,교차로 통행방법 위반,교차로,교차로내,이륜차,승용차,127.3111054,37.47041642
2310,2018,2018-08-19 14:25,주,일,1,1,0,0,경기,여주시,차대차,기타,운전자법규위반,중앙선 침범,단일로,기타단일로,자전거,승용차,127.5806873,37.2992859
2311,2018,2018-03-01 07:00,주,목,1,1,0,0,경기,여주시,차량단독,도로이탈 기타,운전자법규위반,안전운전 의무 불이행,단일로,기타단일로,화물차,없음,127.7439091,37.24241814
2312,2018,2018-06-28 06:20,주,목,1,2,1,0,경기,용인시,차량단독,공작물충돌,운전자법규위반,안전운전 의무 불이행,기타,기타,승용차,없음,127.13803390000001,37.26091031
2313,2018,2018-08-03 21:10,야,금,1,1,0,0,경기,용인시,차대사람,횡단중,운전자법규위반,보행자 보호의무 위반,교차로,교차로횡단보도내,승용차,보행자,127.2006487,37.23482734
2314,2018,2018-11-29 23:15,야,목,1,1,0,0,경기,용인시,차량단독,기타,운전자법규위반,안전운전 의무 불이행,단일로,기타단일로,승합차,없음,127.1533467,37.23184088
2315,2018,2018-10-18 15:30,주,목,1,1,0,0,경기,김포시,차대차,기타,운전자법규위반,신호위반,교차로,교차로내,이륜차,이륜차,126.54786170000001,37.63750558
2316,2018,2018-01-11 18:55,야,목,1,12,1,9,경기,김포시,차대차,기타,운전자법규위반,안전운전 의무 불이행,단일로,기타단일로,승합차,화물차,126.7809084,37.59426999
2317,2018,2018-05-12 17:50,주,토,1,1,0,0,경기,양평군,차량단독,도로이탈 추락,운전자법규위반,안전운전 의무 불이행,단일로,기타단일로,승용차,없음,127.38046580000001,37.64620851
2318,2018,2018-09-03 15:00,주,월,1,4,2,1,경기,양평군,차대차,정면충돌,운전자법규위반,중앙선 침범,단일로,기타단일로,승용차,승용차,127.32842420000001,37.56229174
2319,2018,2018-06-29 14:50,주,금,1,1,0,0,경기,양평군,차량단독,공작물충돌,운전자법규위반,안전운전 의무 불이행,단일로,기타단일로,승용차,없음,127.45717549999999,37.50522627
2320,2018,2018-01-26 18:40,야,금,1,1,0,0,경기,양평군,차대사람,횡단중,운전자법규위반,안전운전 의무 불이행,단일로,기타단일로,화물차,보행자,127.4454152,37.51174731
2321,2018,2018-08-25 02:30,야,토,1,1,0,0,경기,부천시,차대사람,횡단중,운전자법규위반,안전거리 미확보,교차로,교차로내,승용차,보행자,126.8129295,37.48467707
2322,2018,2018-03-24 04:55,야,토,1,1,0,0,경기,부천시,차대사람,횡단중,운전자법규위반,안전운전 의무 불이행,기타,기타,승용차,보행자,126.7956226,37.47155062
2323,2018,2018-12-27 00:10,야,목,1,1,0,0,경기,오산시,차대사람,횡단중,운전자법규위반,과속,단일로,기타단일로,승용차,보행자,127.06556200000001,37.14926196
2324,2018,2018-09-10 19:20,야,월,1,1,0,0,경기,화성시,차대사람,횡단중,운전자법규위반,안전운전 의무 불이행,교차로,교차로내,승합차,보행자,127.12620349999999,37.20386886