,발생년,발생년월일시분,주야,요일,사망자수,사상자수,중상자수,경상자수,발생지시도,발생지시군구,사고유형_대분류,사고유형,법규위반_대분류,법규위반,도로형태_대분류,도로형태,가해자_당사자종별,피해자_당사자종별,경도,위도
2325,2018,2018-08-02 20:01,야,목,1,1,0,0,경기,화성시,차대사람,기타,운전자법규위반,과속,교차로,교차로횡단보도내,승용차,보행자,127.07391240000001,37.20033008
2326,2018,2018-05-24 03:50,야,목,1,1,0,0,경기,부천시,차량단독,공작물충돌,운전자법규위반,안전운전 의무 불이행,단일로,기타단일로,이륜차,없음,126.7646742,37.51265284
2327,2018,2018-06-01 21:55,야,금,1,1,0,0,경기,광명시,차량단독,기타,운전자법규위반,안전운전 의무 불이행,단일로,지하차도(도로)내,이륜차,없음,126.8949683,37.43975126
2328,2018,2018-11-23 08:50,주,금,1,1,0,0,경기,광명시,차대차,측면충돌,운전자법규위반,신호위반,교차로,교차로내,승용차,이륜차,126.8599044,37.41563539
2329,2018,2018-11-06 05:12,야,화,1,1,0,0,경기,안산시,차량단독,공작물충돌,운전자법규위반,안전운전 의무 불이행,단일로,기타단일로,화물차,없음,126.8060392,37.30107371
2330,2018,2018-08-20 18:01,야,월,1,1,0,0,경기,안산시,차대사람,횡단중,운전자법규위반,안전운전 의무 불이행,교차로,교차로횡단보도내,특수차,보행자,126.81164890000001,37.33428616
2331,2018,2018-06-20 17:05,주,수,1,1,0,0,경기,안산시,차대차,추돌,운전자법규위반,안전운전 의무 불이행,교차로,교차로내,건설기계,자전거,126.7783092,37.29469736
2332,2018,2018-04-24 15:45,주,화,1,1,0,0,경기,안산시,차대사람,횡단중,운전자법규위반,보행자 보호의무 위반,단일로,기타단일로,승합차,보행자,126.81675030000001,37.34560094
2333,2018,2018-11-22 04:45,야,목,1,1,0,0,경기,수원시,차대사람,횡단중,운전자법규위반,과속,단일로,기타단일로,승용차,보행자,127.0284751,37.27135943
2334,2018,2018-09-21 21:55,야,금,1,1,0,0,경기,수원시,차대사람,차도통행중,운전자법규위반,안전운전 의무 불이행,단일로,기타단일로,승용차,보행자,127.0277777,37.25478902
2335,2018,2018-10-15 04:40,야,월,1,1,0,0,경기,성남시,차량단독,공작물충돌,운전자법규위반,안전운전 의무 불이행,단일로,터널안,승용차,없음,127.12911399999999,37.42148263
2336,2018,2018-02-27 23:28,야,화,1,1,0,0,경기,성남시,차대사람,차도통행중,운전자법규위반,안전운전 의무 불이행,교차로,교차로부근,승용차,보행자,127.13936480000001,37.37662575
2337,2018,2018-04-21 02:30,야,토,1,3,0,2,경기,시흥시,차대차,측면충돌,운전자법규위반,신호위반,교차로,교차로내,이륜차,승용차,126.73176629999999,37.3548504
2338,2018,2018-05-17 15:00,주,목,1,1,0,0,경기,시흥시,차대차,추돌,운전자법규위반,안전운전 의무 불이행,단일로,기타단일로,승용차,화물차,126.7102598,37.33618566
2339,2018,2018-02-09 19:25,야,금,1,1,0,0,경기,시흥시,차대사람,길가장자리구역통행중,운전자법규위반,안전운전 의무 불이행,교차로,교차로내,승용차,보행자,126.8725899,37.375592499999996
2340,2018,2018-06-25 21:40,야,월,1,3,1,1,경기,시흥시,차대사람,횡단중,운전자법규위반,신호위반,교차로,교차로내,화물차,보행자,126.8467007,37.37841783
2341,2018,2018-05-24 04:50,야,목,1,1,0,0,경기,시흥시,차대사람,기타,운전자법규위반,안전운전 의무 불이행,단일로,기타단일로,승용차,보행자,126.78643670000001,37.34319558
2342,2018,2018-08-18 14:50,주,토,1,1,0,0,경기,시흥시,차량단독,공작물충돌,운전자법규위반,안전운전 의무 불이행,단일로,기타단일로,이륜차,없음,126.71897609999999,37.35892193
2343,2018,2018-03-25 07:05,주,일,1,3,0,2,경기,안산시,차량단독,공작물충돌,운전자법규위반,과속,단일로,기타단일로,승용차,없음,126.85541370000001,37.30260585
2344,2018,2018-09-26 06:30,주,수,1,3,0,2,경기,화성시,차대차,기타,운전자법규위반,안전거리 미확보,단일로,기타단일로,화물차,화물차,126.8924561,37.26775593
2345,2018,2018-01-12 04:30,야,금,1,2,0,0,경기,성남시,차대차,추돌,운전자법규위반,안전운전 의무 불이행,단일로,기타단일로,승용차,승용차,127.09887490000001,37.40165281
2346,2018,2018-04-15 16:15,주,일,1,1,0,0,경기,구리시,차량단독,전복,운전자법규위반,안전운전 의무 불이행,단일로,터널안,승용차,없음,127.1274062,37.57882796
2347,2018,2018-11-23 20:10,야,금,1,1,0,0,경기,화성시,차대사람,기타,운전자법규위반,안전운전 의무 불이행,기타,기타,승용차,보행자,126.94192849999999,37.20437899
2348,2018,2018-09-03 17:53,주,월,1,3,0,2,경기,화성시,차량단독,공작물충돌,운전자법규위반,안전운전 의무 불이행,단일로,기타단일로,화물차,없음,126.8997842,37.12008991
2349,2018,2018-02-17 21:45,야,토,1,1,0,0,경기,화성시,차량단독,공작물충돌,운전자법규위반,안전운전 의무 불이행,단일로,기타단일로,화물차,없음,126.8896595,37.24253867
2350,2018,2018-03-28 15:40,주,수,1,1,0,0,경기,화성시,차대사람,기타,운전자법규위반,안전운전 의무 불이행,교차로,교차로부근,건설기계,보행자,126.88117859999998,37.16691247
2351,2018,2018-10-23 20:10,야,화,1,1,0,0,경기,화성시,차량단독,전복,운전자법규위반,안전운전 의무 불이행,단일로,기타단일로,승용차,없음,126.87442790000001,37.15644779
2352,2018,2018-05-06 10:15,주,일,1,1,0,0,경기,화성시,차량단독,공작물충돌,운전자법규위반,안전운전 의무 불이행,단일로,기타단일로,화물차,없음,126.89906780000001,37.23052614
2353,2018,2018-11-28 14:13,주,수,1,1,0,0,경기,의왕시,차대사람,횡단중,운전자법규위반,안전운전 의무 불이행,단일로,기타단일로,승합차,보행자,127.0002084,37.39083
2354,2018,2018-11-15 06:45,주,목,1,1,0,0,경기,하남시,차대차,측면충돌,운전자법규위반,안전거리 미확보,단일로,기타단일로,화물차,자전거,127.2013397,37.55856845
2355,2018,2018-10-22 15:45,주,월,1,1,0,0,경기,안양시,차대차,측면충돌,운전자법규위반,안전운전 의무 불이행,교차로,교차로내,건설기계,자전거,126.91333279999999,37.40851237
2356,2018,2018-05-05 07:10,주,토,1,1,0,0,경기,안양시,차대차,정면충돌,운전자법규위반,교차로 통행방법 위반,교차로,교차로내,승용차,이륜차,126.90946000000001,37.41245009
2357,2018,2018-10-17 23:15,야,수,1,2,1,0,강원,춘천시,차량단독,도로이탈 기타,운전자법규위반,안전운전 의무 불이행,단일로,기타단일로,이륜차,없음,127.64588,37.82183729
2358,2018,2018-12-06 23:59,야,목,1,1,0,0,강원,춘천시,차대사람,횡단중,운전자법규위반,안전운전 의무 불이행,단일로,기타단일로,승합차,보행자,127.72502309999999,37.87099822
2359,2018,2018-08-08 11:10,주,수,1,1,0,0,강원,강릉시,차량단독,도로이탈 추락,운전자법규위반,안전운전 의무 불이행,교차로,교차로내,사륜오토바이(ATV),없음,128.9994635,37.61672211
2360,2018,2018-05-27 13:55,주,일,1,3,0,2,강원,강릉시,차대차,측면충돌,운전자법규위반,중앙선 침범,단일로,기타단일로,화물차,승합차,128.9340688,37.77925981
2361,2018,2018-06-07 06:03,주,목,1,1,0,0,강원,원주시,차대차,정면충돌,운전자법규위반,중앙선 침범,단일로,기타단일로,승용차,승용차,127.9504995,37.39402063
2362,2018,2018-01-09 17:53,주,화,1,1,0,0,강원,원주시,차대사람,횡단중,운전자법규위반,과속,단일로,기타단일로,승용차,보행자,128.0240902,37.43770419
2363,2018,2018-06-08 10:45,주,금,1,2,0,0,강원,영월군,차대차,측면충돌,운전자법규위반,서행 및 일시정지위반,교차로,교차로내,화물차,사륜오토바이(ATV),128.36601000000002,37.17500866
2364,2018,2018-09-17 17:00,주,월,1,2,0,0,강원,영월군,차량단독,도로이탈 추락,운전자법규위반,안전운전 의무 불이행,단일로,지하차도(도로)내,사륜오토바이(ATV),없음,128.4286275,37.24292208
2365,2018,2018-05-23 16:20,주,수,1,1,0,0,강원,횡성군,차량단독,도로이탈 추락,운전자법규위반,안전운전 의무 불이행,단일로,기타단일로,사륜오토바이(ATV),없음,128.16774109999997,37.57239877
2366,2018,2018-08-10 05:55,야,금,1,1,0,0,강원,고성군,차대사람,횡단중,운전자법규위반,보행자 보호의무 위반,교차로,교차로횡단보도내,승용차,보행자,128.5692678,38.24418598
2367,2018,2018-03-29 19:45,야,목,1,1,0,0,강원,양구군,차대차,추돌,운전자법규위반,안전운전 의무 불이행,단일로,기타단일로,이륜차,화물차,128.0503373,38.1290973
2368,2018,2018-05-05 13:00,주,토,1,1,0,0,강원,동해시,차대차,기타,운전자법규위반,안전운전 의무 불이행,단일로,기타단일로,이륜차,승용차,129.1035718,37.51055925
2369,2018,2018-10-01 02:05,야,월,1,1,0,0,강원,동해시,차대사람,횡단중,운전자법규위반,안전운전 의무 불이행,교차로,교차로부근,승용차,보행자,129.10510390000002,37.52751929
2370,2018,2018-03-04 20:53,야,일,3,8,4,1,강원,홍천군,차대차,추돌,운전자법규위반,안전운전 의무 불이행,단일로,교량위,승용차,승용차,127.8407148,37.70580602
2371,2018,2018-12-09 21:35,야,일,1,2,0,1,강원,원주시,차대차,추돌,운전자법규위반,안전운전 의무 불이행,단일로,기타단일로,화물차,화물차,127.93894340000001,37.45985785
2372,2018,2018-06-13 02:55,야,수,1,1,0,0,충북,청주시,차대사람,횡단중,운전자법규위반,안전운전 의무 불이행,단일로,기타단일로,승용차,보행자,127.48975290000001,36.64195948
2373,2018,2018-06-06 07:25,주,수,1,1,0,0,충북,청주시,차대차,정면충돌,운전자법규위반,신호위반,교차로,교차로내,화물차,승용차,127.4150553,36.71663623
2374,2018,2018-08-08 10:30,주,수,1,1,0,0,충북,청주시,차대사람,기타,운전자법규위반,안전운전 의무 불이행,단일로,기타단일로,화물차,보행자,127.4852777,36.64506016
2375,2018,2018-10-07 06:10,주,일,1,1,0,0,충북,청주시,차대사람,횡단중,운전자법규위반,중앙선 침범,교차로,교차로부근,화물차,보행자,127.4806778,36.69764359
2376,2018,2018-11-14 23:12,야,수,1,1,0,0,충북,청주시,차량단독,공작물충돌,운전자법규위반,안전운전 의무 불이행,교차로,교차로내,승용차,없음,127.4732077,36.70677422
2377,2018,2018-11-23 20:53,야,금,1,2,1,0,충북,청주시,차대차,측면충돌,운전자법규위반,신호위반,교차로,교차로내,승용차,화물차,127.4151112,36.71669036
2378,2018,2018-08-01 09:45,주,수,1,3,0,2,충북,청주시,차대차,정면충돌,운전자법규위반,중앙선 침범,교차로,교차로내,승용차,승용차,127.4833024,36.67412409
2379,2018,2018-05-01 21:40,야,화,1,1,0,0,충북,충주시,차량단독,전도,운전자법규위반,안전운전 의무 불이행,교차로,교차로부근,이륜차,없음,127.7320983,36.99746043
2380,2018,2018-07-31 10:10,주,화,1,2,0,1,충북,제천시,차량단독,도로이탈 기타,운전자법규위반,안전운전 의무 불이행,단일로,기타단일로,화물차,없음,128.02545039999998,37.12018344
2381,2018,2018-03-13 10:24,주,화,1,1,0,0,충북,제천시,차대사람,횡단중,운전자법규위반,신호위반,교차로,교차로부근,화물차,보행자,128.19874380000002,37.10047635
2382,2018,2018-12-26 08:25,주,수,1,3,2,0,충북,제천시,차대차,측면충돌,운전자법규위반,중앙선 침범,단일로,기타단일로,승용차,승용차,128.0861103,36.91651909
2383,2018,2018-07-16 06:25,주,월,1,2,0,1,충북,제천시,차대차,측면충돌,운전자법규위반,안전운전 의무 불이행,교차로,교차로내,이륜차,승용차,128.2166786,37.12650378
2384,2018,2018-08-10 10:11,주,금,1,1,0,0,충북,괴산군,차대사람,횡단중,운전자법규위반,안전운전 의무 불이행,교차로,교차로내,승용차,보행자,127.6359504,36.77423862
2385,2018,2018-06-02 21:05,야,토,1,1,0,0,충북,보은군,차대사람,길가장자리구역통행중,운전자법규위반,안전운전 의무 불이행,단일로,지하차도(도로)내,화물차,보행자,127.65628819999999,36.58565785
2386,2018,2018-08-28 14:50,주,화,1,1,0,0,충북,보은군,차량단독,기타,운전자법규위반,교차로 통행방법 위반,교차로,교차로내,이륜차,없음,127.72797179999999,36.40957968
2387,2018,2018-02-07 18:35,야,수,1,1,0,0,충북,음성군,차대사람,기타,운전자법규위반,안전운전 의무 불이행,교차로,교차로내,승용차,보행자,127.4943028,36.98649307
2388,2018,2018-08-01 12:50,주,수,1,1,0,0,충북,옥천군,차대차,추돌,운전자법규위반,안전거리 미확보,단일로,기타단일로,화물차,화물차,127.62775069999999,36.25287386
2389,2018,2018-03-27 14:50,주,화,1,1,0,0,충북,단양군,차대사람,횡단중,운전자법규위반,보행자 보호의무 위반,단일로,기타단일로,승용차,보행자,128.3690681,36.98329405
2390,2018,2018-06-17 02:30,야,일,1,1,0,0,충북,단양군,차대사람,기타,운전자법규위반,안전운전 의무 불이행,단일로,기타단일로,승용차,보행자,128.4865758,37.076853299999996
2391,2018,2018-08-16 09:20,주,목,1,1,0,0,충북,진천군,차대차,측면충돌,운전자법규위반,신호위반,교차로,교차로내,특수차,이륜차,127.45119820000001,36.86246109
2392,2018,2018-04-12 07:20,주,목,1,4,1,2,충북,진천군,차대차,기타,운전자법규위반,안전거리 미확보,교차로,교차로부근,승용차,승용차,127.51088030000001,36.76930358
2393,2018,2018-02-13 05:50,야,화,1,1,0,0,충북,청주시,차대사람,횡단중,운전자법규위반,안전운전 의무 불이행,교차로,교차로횡단보도내,화물차,보행자,127.4294608,36.62490072
2394,2018,2018-02-13 21:08,야,화,1,1,0,0,충북,청주시,차대사람,횡단중,운전자법규위반,안전운전 의무 불이행,단일로,기타단일로,승용차,보행자,127.4445531,36.63384255
2395,2018,2018-04-21 13:55,주,토,1,1,0,0,충북,청주시,차량단독,도로이탈 추락,운전자법규위반,안전운전 의무 불이행,단일로,기타단일로,화물차,없음,127.411422,36.60401892
2396,2018,2018-09-16 19:00,야,일,1,5,3,1,충북,청주시,차대차,측면충돌,운전자법규위반,신호위반,교차로,교차로내,승용차,승용차,127.4232122,36.68907427
2397,2018,2018-12-04 10:10,주,화,1,1,0,0,충북,청주시,차량단독,전도,운전자법규위반,안전운전 의무 불이행,단일로,기타단일로,이륜차,없음,127.3100841,36.60491921
2398,2018,2018-01-26 19:00,야,금,1,1,0,0,충북,청주시,차대사람,횡단중,운전자법규위반,안전운전 의무 불이행,단일로,지하차도(도로)내,승용차,보행자,127.5057354,36.59585703
2399,2018,2018-07-08 15:30,주,일,1,3,1,1,충북,청주시,차량단독,공작물충돌,운전자법규위반,안전운전 의무 불이행,단일로,지하차도(도로)내,승용차,없음,127.56785649999999,36.57556299
2400,2018,2018-04-02 14:02,주,월,1,1,0,0,충북,청주시,차량단독,공작물충돌,운전자법규위반,안전운전 의무 불이행,단일로,기타단일로,화물차,없음,127.5026024,36.52064415
2401,2018,2018-07-18 09:20,주,수,1,1,0,0,경기,광주시,차대차,추돌,운전자법규위반,안전운전 의무 불이행,단일로,기타단일로,화물차,특수차,127.2664937,37.45148001
2402,2018,2018-04-04 13:25,주,수,1,12,0,1,충남,서산시,차대차,측면충돌,운전자법규위반,교차로 통행방법 위반,교차로,교차로내,승합차,화물차,126.5342081,36.65968
2403,2018,2018-10-22 06:30,주,월,1,1,0,0,충남,서산시,차대사람,횡단중,운전자법규위반,과속,단일로,기타단일로,승용차,보행자,126.4556879,36.77774639
2404,2018,2018-06-22 21:50,야,금,1,1,0,0,충남,서산시,차대차,추돌,운전자법규위반,안전운전 의무 불이행,단일로,기타단일로,화물차,이륜차,126.3980983,36.77636148
2405,2018,2018-09-25 07:40,주,화,1,1,0,0,충남,서산시,차대차,측면충돌,운전자법규위반,신호위반,교차로,교차로내,특수차,화물차,126.4999044,36.83135601
2406,2018,2018-07-28 00:05,야,토,2,3,1,0,충남,천안시,차대차,정면충돌,운전자법규위반,중앙선 침범,단일로,기타단일로,승용차,승용차,127.10640910000001,36.92633645
2407,2018,2018-12-31 12:20,주,월,1,3,0,2,충남,천안시,차대차,추돌,운전자법규위반,안전운전 의무 불이행,단일로,기타단일로,화물차,화물차,127.14635690000001,36.89023274
2408,2018,2018-02-15 02:20,야,목,1,2,0,1,충남,천안시,차대차,추돌,운전자법규위반,안전운전 의무 불이행,교차로,교차로부근,이륜차,승용차,127.1087853,36.81272467
2409,2018,2018-12-24 17:55,주,월,1,1,0,0,충남,논산시,차대사람,차도통행중,운전자법규위반,안전운전 의무 불이행,단일로,기타단일로,승용차,보행자,127.06898909999998,36.11219854
2410,2018,2018-10-10 18:16,야,수,1,1,0,0,충남,논산시,차대사람,횡단중,운전자법규위반,안전운전 의무 불이행,단일로,기타단일로,승용차,보행자,127.1031642,36.12814817
2411,2018,2018-03-02 14:35,주,금,1,1,0,0,충남,논산시,차량단독,전복,운전자법규위반,안전운전 의무 불이행,단일로,기타단일로,화물차,없음,127.13171340000001,36.0974056
2412,2018,2018-01-06 23:35,야,토,1,1,0,0,충남,홍성군,차대사람,차도통행중,운전자법규위반,과속,단일로,기타단일로,승용차,보행자,126.61988249999999,36.5040191
2413,2018,2018-10-17 07:10,주,수,1,1,0,0,충남,홍성군,차대차,측면충돌,운전자법규위반,중앙선 침범,단일로,기타단일로,이륜차,화물차,126.6663373,36.60055905
2414,2018,2018-10-18 12:35,주,목,1,2,1,0,충남,홍성군,차대사람,기타,운전자법규위반,안전운전 의무 불이행,교차로,교차로부근,화물차,보행자,126.57583500000001,36.5853148
2415,2018,2018-12-17 05:57,야,월,1,1,0,0,충남,홍성군,차대사람,횡단중,운전자법규위반,중앙선 침범,단일로,기타단일로,승용차,보행자,126.72653770000001,36.5888671
2416,2018,2018-09-25 19:40,야,화,1,1,0,0,충남,홍성군,차대사람,횡단중,운전자법규위반,안전운전 의무 불이행,단일로,기타단일로,승합차,보행자,126.6277206,36.53094995
2417,2018,2018-10-26 18:10,야,금,1,1,0,0,충남,홍성군,차대사람,횡단중,운전자법규위반,과속,기타,기타,승용차,보행자,126.64662450000002,36.55603075
2418,2018,2018-12-18 07:06,주,화,1,1,0,0,충남,홍성군,차대사람,횡단중,운전자법규위반,안전운전 의무 불이행,교차로,교차로내,승용차,보행자,126.6594256,36.62960104
2419,2018,2018-12-20 20:30,야,목,1,1,0,0,충남,아산시,차대사람,기타,운전자법규위반,안전운전 의무 불이행,단일로,기타단일로,승용차,보행자,127.0728723,36.80716527
2420,2018,2018-04-05 05:50,야,목,1,1,0,0,충남,아산시,차대사람,기타,운전자법규위반,안전운전 의무 불이행,교차로,교차로부근,승용차,보행자,127.0153574,36.761583
2421,2018,2018-03-20 14:30,주,화,1,1,0,0,충남,서천군,차대차,추돌,운전자법규위반,신호위반,교차로,교차로부근,화물차,자전거,126.67405749999999,36.09356533
2422,2018,2018-02-26 10:35,주,월,1,1,0,0,충남,공주시,차대사람,기타,운전자법규위반,중앙선 침범,교차로,교차로부근,승용차,보행자,127.1225163,36.44872799
2423,2018,2018-02-09 19:45,야,금,1,1,0,0,충남,공주시,차대차,기타,운전자법규위반,안전운전 의무 불이행,단일로,기타단일로,화물차,화물차,126.95257179999999,36.55595288
2424,2018,2018-10-24 10:35,주,수,1,1,0,0,충남,공주시,차대차,측면충돌,운전자법규위반,과속,교차로,교차로내,화물차,농기계,126.9715783,36.58067655
2425,2018,2018-03-09 06:00,주,금,1,1,0,0,세종,세종,차량단독,공작물충돌,운전자법규위반,안전운전 의무 불이행,단일로,기타단일로,화물차,없음,127.2163581,36.43768275
2426,2018,2018-12-09 18:20,야,일,1,1,0,0,충남,예산군,차대차,정면충돌,운전자법규위반,직진 및 우회전차의 통행방해,교차로,교차로내,화물차,이륜차,126.66119909999999,36.69398725
2427,2018,2018-11-26 14:50,주,월,1,1,0,0,충남,예산군,차대사람,횡단중,운전자법규위반,안전운전 의무 불이행,교차로,교차로내,승용차,보행자,126.84840870000001,36.67660667
2428,2018,2018-08-02 10:50,주,목,1,3,0,2,충남,예산군,차대차,추돌,운전자법규위반,안전거리 미확보,교차로,교차로내,화물차,승용차,126.8387914,36.71886874
2429,2018,2018-01-22 09:07,주,월,1,1,0,0,충남,예산군,차대차,측면충돌,운전자법규위반,안전운전 의무 불이행,단일로,기타단일로,승합차,자전거,126.8310345,36.732717
2430,2018,2018-09-04 13:55,주,화,1,1,0,0,충남,부여군,차대사람,횡단중,운전자법규위반,안전운전 의무 불이행,단일로,기타단일로,화물차,보행자,126.71459660000001,36.29126604
2431,2018,2018-03-31 02:00,야,토,2,3,1,0,충남,부여군,차량단독,도로이탈 추락,운전자법규위반,과속,단일로,기타단일로,승용차,없음,126.86500690000001,36.10751351
2432,2018,2018-03-17 22:53,야,토,1,1,0,0,충남,부여군,차대차,기타,운전자법규위반,과속,단일로,기타단일로,승용차,승용차,126.97781370000001,36.25437174
2433,2018,2018-03-17 12:10,주,토,1,3,1,1,충남,당진시,차대차,측면충돌,운전자법규위반,안전운전 의무 불이행,단일로,기타단일로,승용차,화물차,126.5883706,36.99167347
2434,2018,2018-06-06 20:15,야,수,1,2,0,1,충남,당진시,차대차,추돌,운전자법규위반,안전운전 의무 불이행,교차로,교차로부근,승용차,승용차,126.5788926,36.98928367
2435,2018,2018-04-28 17:58,주,토,1,1,0,0,충남,금산군,차대차,측면충돌,운전자법규위반,교차로 통행방법 위반,교차로,교차로내,화물차,이륜차,127.5114999,36.11156681
2436,2018,2018-01-13 18:00,야,토,1,1,0,0,충남,금산군,차대차,정면충돌,운전자법규위반,중앙선 침범,단일로,기타단일로,승용차,화물차,127.54675520000002,36.11134186
2437,2018,2018-04-20 08:35,주,금,1,1,0,0,충남,천안시,차대사람,기타,운전자법규위반,안전운전 의무 불이행,단일로,기타단일로,승용차,보행자,127.1478315,36.80857376
2438,2018,2018-10-01 14:05,주,월,1,1,0,0,충남,천안시,차대차,측면충돌,운전자법규위반,신호위반,교차로,교차로내,승용차,승용차,127.15827409999999,36.81243546
2439,2018,2018-06-26 06:40,주,화,1,1,0,0,충남,태안군,차량단독,도로이탈 기타,운전자법규위반,안전운전 의무 불이행,단일로,기타단일로,승용차,없음,126.22543,36.76564953
2440,2018,2018-11-07 13:10,주,수,1,1,0,0,충남,공주시,차대차,추돌,운전자법규위반,안전운전 의무 불이행,단일로,기타단일로,화물차,화물차,127.06349679999998,36.28713467
2441,2018,2018-11-05 11:15,주,월,1,1,0,0,대전,대덕구,차대차,추돌,운전자법규위반,안전운전 의무 불이행,단일로,기타단일로,승용차,화물차,127.4185122,36.42174632
2442,2018,2018-03-11 01:15,야,일,1,1,0,0,충북,청주시,차대차,추돌,운전자법규위반,안전운전 의무 불이행,단일로,기타단일로,승용차,승용차,127.4312683,36.54149443
2443,2018,2018-03-21 15:10,주,수,1,4,1,2,대전,동구,차량단독,기타,운전자법규위반,안전운전 의무 불이행,단일로,기타단일로,승용차,없음,127.4605324,36.29106225
2444,2018,2018-03-23 22:40,야,금,1,1,0,0,전북,전주시,차대사람,횡단중,운전자법규위반,안전운전 의무 불이행,교차로,교차로부근,화물차,보행자,127.1412649,35.79863641
2445,2018,2018-06-25 13:40,주,월,1,1,0,0,전북,전주시,차대사람,기타,운전자법규위반,안전운전 의무 불이행,단일로,기타단일로,화물차,보행자,127.14823929999999,35.82328921
2446,2018,2018-01-04 20:05,야,목,1,1,0,0,전북,전주시,차대사람,횡단중,운전자법규위반,과속,교차로,교차로횡단보도내,승용차,보행자,127.11237759999999,35.80220822
2447,2018,2018-10-13 01:55,야,토,1,1,0,0,전북,전주시,차량단독,기타,운전자법규위반,안전운전 의무 불이행,단일로,기타단일로,이륜차,없음,127.10931059999999,35.84222908
2448,2018,2018-07-04 16:30,주,수,1,1,0,0,전북,전주시,차대차,측면충돌,운전자법규위반,신호위반,교차로,교차로내,이륜차,승용차,127.1294281,35.83945452
2449,2018,2018-12-09 19:40,야,일,1,1,0,0,전북,군산시,차대사람,횡단중,운전자법규위반,과속,교차로,교차로횡단보도내,승용차,보행자,126.71003909999999,35.99110206
2450,2018,2018-01-04 07:20,주,목,1,1,0,0,전북,군산시,차대사람,횡단중,운전자법규위반,안전운전 의무 불이행,단일로,기타단일로,승용차,보행자,126.7265626,35.97219198
2451,2018,2018-06-01 21:12,야,금,1,1,0,0,전북,군산시,차량단독,기타,운전자법규위반,안전운전 의무 불이행,단일로,기타단일로,이륜차,없음,126.68598590000002,35.94266214
2452,2018,2018-12-24 07:17,주,월,1,1,0,0,전북,익산시,차대차,측면충돌,운전자법규위반,직진 및 우회전차의 통행방해,교차로,교차로내,자전거,승용차,126.95863659999999,35.95212289
2453,2018,2018-10-29 20:06,야,월,1,1,0,0,전북,익산시,차대사람,기타,운전자법규위반,안전운전 의무 불이행,단일로,기타단일로,화물차,보행자,126.9638014,35.97200625
2454,2018,2018-05-10 18:00,야,목,1,1,0,0,전북,익산시,차량단독,전도,운전자법규위반,안전운전 의무 불이행,교차로,교차로내,화물차,없음,126.97370990000002,36.06454499
2455,2018,2018-06-01 20:30,야,금,1,4,2,1,전북,정읍시,차대차,정면충돌,운전자법규위반,중앙선 침범,단일로,기타단일로,승용차,승용차,126.8753764,35.54074141
2456,2018,2018-11-12 10:30,주,월,1,1,0,0,전북,정읍시,차량단독,전도,운전자법규위반,안전운전 의무 불이행,단일로,기타단일로,자전거,없음,126.85592949999999,35.70713998
2457,2018,2018-01-31 20:10,야,수,1,1,0,0,전북,김제시,차대사람,횡단중,운전자법규위반,안전운전 의무 불이행,단일로,기타단일로,승합차,보행자,126.7901711,35.81039289
2458,2018,2018-04-27 02:10,야,금,1,1,0,0,전북,김제시,차대차,추돌,운전자법규위반,안전운전 의무 불이행,단일로,기타단일로,승용차,농기계,127.05000079999999,35.79343279
2459,2018,2018-09-13 11:30,주,목,1,2,0,1,전북,김제시,차대차,측면충돌,운전자법규위반,직진 및 우회전차의 통행방해,교차로,교차로내,이륜차,화물차,126.95103059999998,35.72525249
2460,2018,2018-11-16 06:35,주,금,1,1,0,0,전북,남원시,차대차,기타,운전자법규위반,중앙선 침범,단일로,기타단일로,건설기계,자전거,127.2981293,35.31799053
2461,2018,2018-01-22 10:20,주,월,1,1,0,0,전북,남원시,차대차,추돌,운전자법규위반,안전운전 의무 불이행,단일로,기타단일로,이륜차,화물차,127.3241018,35.34119471
2462,2018,2018-11-21 18:05,야,수,1,1,0,0,전북,고창군,차대사람,차도통행중,운전자법규위반,안전운전 의무 불이행,단일로,기타단일로,승용차,보행자,126.59511129999999,35.33479357
2463,2018,2018-10-27 18:15,야,토,2,2,0,0,전북,고창군,차대차,추돌,운전자법규위반,안전운전 의무 불이행,단일로,기타단일로,화물차,농기계,126.51260320000002,35.46353136
2464,2018,2018-09-04 19:10,야,화,1,1,0,0,전북,고창군,차대사람,기타,운전자법규위반,안전운전 의무 불이행,교차로,교차로내,승합차,보행자,126.5516103,35.52409288
2465,2018,2018-09-25 21:20,야,화,1,1,0,0,전북,부안군,차대사람,차도통행중,운전자법규위반,안전운전 의무 불이행,단일로,기타단일로,승용차,보행자,126.7333314,35.742169399999995
2466,2018,2018-02-23 07:45,주,금,1,4,1,2,전북,진안군,차대차,측면충돌,운전자법규위반,안전운전 의무 불이행,단일로,기타단일로,승용차,승용차,127.4054105,35.84295316
2467,2018,2018-06-24 17:08,주,일,1,1,0,0,전북,순창군,차대차,측면충돌,운전자법규위반,안전운전 의무 불이행,단일로,기타단일로,화물차,자전거,127.23147469999999,35.42613346
2468,2018,2018-01-19 20:00,야,금,1,1,0,0,전북,무주군,차대사람,횡단중,운전자법규위반,과속,단일로,지하차도(도로)내,승용차,보행자,127.79871580000001,35.99701136
2469,2018,2018-07-11 19:32,야,수,1,2,1,0,전북,완주군,차대차,추돌,운전자법규위반,안전운전 의무 불이행,교차로,교차로부근,승용차,원동기장치자전거,127.1524672,35.95132237