,발생년,발생년월일시분,주야,요일,사망자수,사상자수,중상자수,경상자수,발생지시도,발생지시군구,사고유형_대분류,사고유형,법규위반_대분류,법규위반,도로형태_대분류,도로형태,가해자_당사자종별,피해자_당사자종별,경도,위도
2470,2018,2018-02-02 12:10,주,금,1,1,0,0,전북,완주군,차량단독,전도,운전자법규위반,안전운전 의무 불이행,단일로,기타단일로,특수차,없음,127.1742795,35.88156526
2471,2018,2018-05-07 00:40,야,월,1,1,0,0,충남,당진시,차대차,추돌,운전자법규위반,안전운전 의무 불이행,단일로,교량위,승합차,승용차,126.60938130000001,36.84520722
2472,2018,2018-07-18 00:30,야,수,1,1,0,0,전북,부안군,차대차,추돌,운전자법규위반,안전운전 의무 불이행,단일로,기타단일로,화물차,화물차,126.6955005,35.60638443
2473,2018,2018-01-12 23:15,야,금,1,4,1,1,충남,당진시,차대차,추돌,운전자법규위반,안전운전 의무 불이행,단일로,기타단일로,승용차,건설기계,126.64333729999998,36.86080824
2474,2018,2018-09-14 13:40,주,금,1,1,0,0,전남,목포시,차량단독,기타,운전자법규위반,기타(운전자법규위반),단일로,기타단일로,승용차,없음,126.42759140000001,34.79796071
2475,2018,2018-12-14 20:54,야,금,1,1,0,0,전남,목포시,차대사람,기타,운전자법규위반,안전운전 의무 불이행,단일로,기타단일로,승용차,보행자,126.3900439,34.79966733
2476,2018,2018-01-07 21:08,야,일,1,1,0,0,전남,목포시,차대사람,횡단중,운전자법규위반,안전운전 의무 불이행,교차로,교차로횡단보도내,승용차,보행자,126.399432,34.81198345
2477,2018,2018-10-12 04:45,야,금,1,1,0,0,전남,여수시,차량단독,공작물충돌,운전자법규위반,안전운전 의무 불이행,단일로,기타단일로,승합차,없음,127.7089926,34.78362318
2478,2018,2018-10-23 06:40,주,화,1,1,0,0,전남,여수시,차대사람,횡단중,운전자법규위반,과속,단일로,기타단일로,승용차,보행자,127.6351919,34.79485451
2479,2018,2018-10-09 12:35,주,화,1,1,0,0,전남,나주시,차량단독,도로이탈 추락,운전자법규위반,안전운전 의무 불이행,교차로,교차로부근,사륜오토바이(ATV),없음,126.60149550000001,35.0198203
2480,2018,2018-10-20 12:25,주,토,1,1,0,0,전남,나주시,차량단독,전도,운전자법규위반,안전운전 의무 불이행,교차로,교차로부근,농기계,없음,126.68313540000001,35.08846516
2481,2018,2018-12-31 06:55,주,월,1,1,0,0,전남,나주시,차대사람,횡단중,운전자법규위반,과속,교차로,교차로부근,승용차,보행자,126.77550729999999,35.02208489
2482,2018,2018-05-20 20:08,야,일,1,2,0,1,전남,나주시,차대차,추돌,운전자법규위반,과속,단일로,기타단일로,승용차,농기계,126.6137687,34.939779200000004
2483,2018,2018-02-07 02:19,야,수,1,2,0,1,전남,나주시,차량단독,전도,운전자법규위반,안전운전 의무 불이행,단일로,기타단일로,승용차,없음,126.7104257,35.06536576
2484,2018,2018-03-15 15:57,주,목,1,2,1,0,전남,고흥군,차대차,정면충돌,운전자법규위반,중앙선 침범,단일로,기타단일로,승용차,화물차,127.42567079999999,34.52042853
2485,2018,2018-06-25 08:10,주,월,2,3,1,0,전남,고흥군,차대차,정면충돌,운전자법규위반,중앙선 침범,단일로,기타단일로,승용차,화물차,127.22358179999999,34.53008536
2486,2018,2018-12-21 11:30,주,금,1,1,0,0,전남,해남군,차량단독,기타,운전자법규위반,안전운전 의무 불이행,단일로,기타단일로,화물차,없음,126.44615230000001,34.64565811
2487,2018,2018-09-08 22:00,야,토,1,1,0,0,전남,해남군,차대사람,횡단중,운전자법규위반,안전운전 의무 불이행,단일로,기타단일로,승용차,보행자,126.3110298,34.57904884
2488,2018,2018-08-18 18:40,야,토,1,1,0,0,전남,해남군,차량단독,도로이탈 추락,운전자법규위반,안전운전 의무 불이행,단일로,기타단일로,이륜차,없음,126.67217579999999,34.56705444
2489,2018,2018-05-16 11:35,주,수,1,1,0,0,전남,보성군,차대사람,차도통행중,운전자법규위반,안전운전 의무 불이행,단일로,기타단일로,승용차,보행자,127.1574837,34.77119188
2490,2018,2018-11-14 14:30,주,수,1,1,0,0,전남,보성군,차량단독,전도,운전자법규위반,안전운전 의무 불이행,단일로,기타단일로,사륜오토바이(ATV),없음,127.118757,34.93270539
2491,2018,2018-09-17 19:10,야,월,1,1,0,0,전남,영광군,차대사람,차도통행중,운전자법규위반,안전운전 의무 불이행,단일로,기타단일로,화물차,보행자,126.5263297,35.21448268
2492,2018,2018-08-15 06:24,주,수,1,1,0,0,전남,영광군,차대차,기타,운전자법규위반,안전운전 의무 불이행,단일로,기타단일로,화물차,불명,126.4400537,35.39127437
2493,2018,2018-06-07 11:30,주,목,1,1,0,0,전남,화순군,차량단독,공작물충돌,운전자법규위반,안전운전 의무 불이행,단일로,기타단일로,승용차,없음,127.11350990000001,35.06276714
2494,2018,2018-07-19 23:39,야,목,1,2,1,0,전남,화순군,차량단독,기타,운전자법규위반,안전운전 의무 불이행,단일로,기타단일로,원동기장치자전거,없음,127.0045835,35.07405749
2495,2018,2018-04-26 08:45,주,목,1,1,0,0,전남,함평군,차량단독,공작물충돌,운전자법규위반,안전운전 의무 불이행,단일로,기타단일로,승용차,없음,126.5822112,35.05980247
2496,2018,2018-10-20 07:00,주,토,1,1,0,0,전남,영암군,차대사람,횡단중,운전자법규위반,보행자 보호의무 위반,단일로,기타단일로,화물차,보행자,126.519641,34.73295298
2497,2018,2018-01-23 11:00,주,화,1,1,0,0,전남,영암군,차대차,기타,운전자법규위반,안전운전 의무 불이행,교차로,교차로내,화물차,원동기장치자전거,126.69960690000002,34.80305565
2498,2018,2018-07-28 10:10,주,토,1,1,0,0,전남,장성군,차대차,정면충돌,운전자법규위반,중앙선 침범,단일로,기타단일로,이륜차,건설기계,126.6305943,35.29741137
2499,2018,2018-11-13 16:10,주,화,1,1,0,0,전남,강진군,차량단독,공작물충돌,운전자법규위반,안전운전 의무 불이행,단일로,기타단일로,사륜오토바이(ATV),없음,126.7156728,34.70368901
2500,2018,2018-10-30 16:40,주,화,1,1,0,0,전남,담양군,차대차,측면충돌,운전자법규위반,안전운전 의무 불이행,교차로,교차로내,화물차,이륜차,126.97321000000001,35.22624193
2501,2018,2018-09-23 17:30,주,일,1,1,0,0,전남,담양군,차량단독,기타,운전자법규위반,안전운전 의무 불이행,단일로,기타단일로,자전거,없음,126.98016480000001,35.32503597
2502,2018,2018-11-07 07:00,주,수,1,2,1,0,전남,완도군,차대차,측면충돌,운전자법규위반,신호위반,단일로,기타단일로,승용차,화물차,126.77676740000001,34.35460151
2503,2018,2018-02-22 09:40,주,목,1,1,0,0,전남,무안군,차대사람,횡단중,운전자법규위반,안전운전 의무 불이행,단일로,기타단일로,승용차,보행자,126.4750706,34.81444666
2504,2018,2018-09-13 10:45,주,목,1,1,0,0,전남,진도군,차대차,기타,운전자법규위반,교차로 통행방법 위반,교차로,교차로내,사륜오토바이(ATV),화물차,126.2767125,34.39716391
2505,2018,2018-08-22 04:45,야,수,1,1,0,0,전남,광양시,차대차,측면충돌,운전자법규위반,중앙선 침범,단일로,기타단일로,승용차,특수차,127.71460159999998,34.93180015
2506,2018,2018-08-02 23:45,야,목,1,2,1,0,전남,구례군,차량단독,공작물충돌,운전자법규위반,안전운전 의무 불이행,교차로,교차로내,승용차,없음,127.4646527,35.21603947
2507,2018,2018-02-08 12:48,주,목,1,1,0,0,전북,익산시,차량단독,공작물충돌,운전자법규위반,안전운전 의무 불이행,단일로,기타단일로,화물차,없음,127.0801344,35.92791831
2508,2018,2018-03-17 19:48,야,토,1,1,0,0,경북,경주시,차대사람,기타,운전자법규위반,안전운전 의무 불이행,단일로,기타단일로,승용차,보행자,129.2070952,35.84405336
2509,2018,2018-05-07 19:00,야,월,1,1,0,0,경북,경주시,차대차,측면충돌,운전자법규위반,안전운전 의무 불이행,단일로,기타단일로,원동기장치자전거,승합차,129.2266094,36.01502796
2510,2018,2018-08-20 20:50,야,월,1,2,1,0,경북,포항시,차대차,정면충돌,운전자법규위반,중앙선 침범,단일로,기타단일로,승용차,화물차,129.3246126,36.04458645
2511,2018,2018-09-03 05:40,야,월,1,1,0,0,경북,안동시,차대사람,횡단중,운전자법규위반,신호위반,교차로,교차로내,승용차,보행자,128.6931706,36.5668796
2512,2018,2018-01-11 19:30,야,목,1,1,0,0,경북,김천시,차대차,추돌,운전자법규위반,안전운전 의무 불이행,단일로,기타단일로,승용차,이륜차,128.0289297,36.13831223
2513,2018,2018-11-20 16:35,주,화,1,1,0,0,경북,김천시,차량단독,전도,운전자법규위반,안전운전 의무 불이행,교차로,교차로부근,농기계,없음,128.0280957,36.1183553
2514,2018,2018-12-02 11:00,주,일,1,1,0,0,경북,김천시,차대사람,횡단중,운전자법규위반,교차로 통행방법 위반,교차로,교차로내,화물차,보행자,128.1279689,36.12115508
2515,2018,2018-05-08 17:00,주,화,1,1,0,0,경북,상주시,차대사람,횡단중,운전자법규위반,안전운전 의무 불이행,단일로,기타단일로,화물차,보행자,127.92029,36.56046247
2516,2018,2018-10-05 08:52,주,금,1,1,0,0,경북,상주시,차량단독,도로이탈 추락,운전자법규위반,안전운전 의무 불이행,단일로,기타단일로,승용차,없음,128.17868629999998,36.38129655
2517,2018,2018-08-25 03:40,야,토,1,2,1,0,경북,의성군,차대차,추돌,운전자법규위반,안전운전 의무 불이행,단일로,교량위,승용차,농기계,128.6661761,36.42946614
2518,2018,2018-10-10 17:10,주,수,1,1,0,0,경북,의성군,차대차,측면충돌,운전자법규위반,안전운전 의무 불이행,단일로,기타단일로,이륜차,화물차,128.7383869,36.23035891
2519,2018,2018-10-11 12:30,주,목,1,3,2,0,경북,의성군,차대차,정면충돌,운전자법규위반,중앙선 침범,기타,기타,이륜차,승용차,128.6758158,36.22046069
2520,2018,2018-08-03 23:15,야,금,1,1,0,0,경북,영주시,차대사람,기타,운전자법규위반,안전운전 의무 불이행,단일로,기타단일로,승용차,보행자,128.6135013,36.81171555
2521,2018,2018-08-17 11:03,주,금,1,1,0,0,경북,영천시,차량단독,공작물충돌,운전자법규위반,안전운전 의무 불이행,단일로,기타단일로,건설기계,없음,128.93862190000002,36.15958821
2522,2018,2018-01-17 21:30,야,수,1,1,0,0,경북,문경시,차대사람,길가장자리구역통행중,운전자법규위반,안전운전 의무 불이행,단일로,기타단일로,승용차,보행자,128.3191014,36.76163459
2523,2018,2018-10-09 04:35,야,화,1,1,0,0,경북,문경시,차대차,추돌,운전자법규위반,안전운전 의무 불이행,단일로,기타단일로,승용차,화물차,128.1885352,36.59622122
2524,2018,2018-08-29 14:25,주,수,2,2,0,0,경북,경산시,차량단독,기타,운전자법규위반,안전운전 의무 불이행,단일로,기타단일로,화물차,없음,128.8795457,35.75786359
2525,2018,2018-12-23 15:20,주,일,1,1,0,0,경북,경산시,차대차,측면충돌,운전자법규위반,중앙선 침범,단일로,기타단일로,화물차,이륜차,128.7929738,35.87391721
2526,2018,2018-04-05 21:31,야,목,1,1,0,0,경북,경산시,차대사람,횡단중,운전자법규위반,보행자 보호의무 위반,단일로,기타단일로,승용차,보행자,128.7302084,35.82063665
2527,2018,2018-01-11 19:14,야,목,1,4,1,2,경북,경산시,차대차,기타,운전자법규위반,안전운전 의무 불이행,단일로,기타단일로,승용차,승용차,128.83125829999997,35.87475211
2528,2018,2018-02-24 15:15,주,토,1,1,0,0,경북,경산시,차량단독,공작물충돌,운전자법규위반,안전운전 의무 불이행,단일로,기타단일로,화물차,없음,128.7785276,35.77579395
2529,2018,2018-09-23 18:54,야,일,1,1,0,0,경북,영덕군,차대사람,횡단중,운전자법규위반,안전운전 의무 불이행,교차로,교차로내,화물차,보행자,129.3789951,36.36017936
2530,2018,2018-04-28 05:55,야,토,1,1,0,0,경북,영덕군,차대차,정면충돌,운전자법규위반,안전운전 의무 불이행,교차로,교차로내,이륜차,승용차,129.380347,36.35754404
2531,2018,2018-10-26 11:40,주,금,1,1,0,0,경북,영덕군,차대차,기타,운전자법규위반,중앙선 침범,단일로,기타단일로,자전거,승용차,129.3523989,36.54196278
2532,2018,2018-03-26 11:09,주,월,1,1,0,0,경북,영덕군,차대차,측면충돌,운전자법규위반,안전운전 의무 불이행,교차로,교차로내,승용차,건설기계,129.378455,36.41463189
2533,2018,2018-10-26 23:50,야,금,1,2,1,0,경북,예천군,차대사람,기타,운전자법규위반,과속,단일로,기타단일로,승용차,보행자,128.4785223,36.63207258
2534,2018,2018-11-25 16:10,주,일,1,3,2,0,경북,예천군,차대차,측면충돌,운전자법규위반,안전운전 의무 불이행,교차로,교차로내,화물차,화물차,128.4226185,36.68254974
2535,2018,2018-12-17 21:00,야,월,1,1,0,0,경북,청도군,차량단독,도로이탈 추락,운전자법규위반,안전운전 의무 불이행,단일로,기타단일로,이륜차,없음,128.96390159999999,35.81440221
2536,2018,2018-07-27 20:20,야,금,1,1,0,0,경북,청도군,차대사람,기타,운전자법규위반,안전운전 의무 불이행,단일로,기타단일로,승용차,보행자,128.74724270000002,35.63970601
2537,2018,2018-05-04 21:50,야,금,1,1,0,0,경북,성주군,차량단독,전도,운전자법규위반,안전운전 의무 불이행,단일로,기타단일로,이륜차,없음,128.25768259999998,36.00435599
2538,2018,2018-05-24 20:20,야,목,1,1,0,0,경북,성주군,차대차,정면충돌,운전자법규위반,중앙선 침범,단일로,기타단일로,원동기장치자전거,화물차,128.3924691,35.92424432
2539,2018,2018-11-10 15:20,주,토,1,1,0,0,경북,성주군,차량단독,도로이탈 기타,운전자법규위반,안전운전 의무 불이행,교차로,교차로부근,화물차,없음,128.1990446,35.96819826
2540,2018,2018-11-19 17:35,주,월,1,1,0,0,경북,성주군,차대사람,횡단중,운전자법규위반,안전운전 의무 불이행,단일로,기타단일로,승용차,보행자,128.3288349,35.91481022
2541,2018,2018-05-06 20:26,야,일,1,9,3,5,경북,고령군,차대차,정면충돌,운전자법규위반,중앙선 침범,단일로,기타단일로,승용차,승용차,128.2155049,35.652522999999995
2542,2018,2018-10-08 23:10,야,월,1,1,0,0,경북,구미시,차대사람,횡단중,운전자법규위반,과속,단일로,기타단일로,승용차,보행자,128.4226606,36.13627785
2543,2018,2018-05-19 23:02,야,토,2,4,0,2,경북,구미시,차대사람,횡단중,운전자법규위반,안전운전 의무 불이행,단일로,기타단일로,승합차,보행자,128.3557142,36.12138552
2544,2018,2018-07-10 19:43,야,화,1,1,0,0,경북,구미시,차대차,측면충돌,운전자법규위반,안전운전 의무 불이행,교차로,교차로부근,화물차,자전거,128.35952079999998,36.09443808
2545,2018,2018-05-08 10:08,주,화,1,1,0,0,경북,구미시,차대차,기타,운전자법규위반,안전운전 의무 불이행,단일로,교량위,건설기계,원동기장치자전거,128.3564816,36.12656392
2546,2018,2018-03-03 04:33,야,토,1,1,0,0,경북,포항시,차량단독,기타,운전자법규위반,안전운전 의무 불이행,단일로,기타단일로,이륜차,없음,129.422286,35.99186732
2547,2018,2018-10-14 08:14,주,일,1,2,0,1,경북,포항시,차대사람,횡단중,운전자법규위반,신호위반,교차로,교차로내,승용차,보행자,129.33599180000002,36.00832778
2548,2018,2018-10-20 04:20,야,토,1,1,0,0,경북,포항시,차대차,기타,운전자법규위반,신호위반,교차로,교차로횡단보도내,승용차,화물차,129.3776007,36.00661074
2549,2018,2018-07-13 00:02,야,금,1,6,0,4,대구,달성군,차대차,기타,운전자법규위반,기타(운전자법규위반),단일로,기타단일로,불명,화물차,128.46386529999998,35.93719777
2550,2018,2018-06-17 01:36,야,일,1,4,1,2,경북,고령군,차량단독,기타,운전자법규위반,안전운전 의무 불이행,단일로,기타단일로,승용차,없음,128.2852026,35.71151419
2551,2018,2018-03-18 17:00,주,일,1,3,1,1,경북,청도군,차대차,측면충돌,운전자법규위반,안전운전 의무 불이행,단일로,기타단일로,화물차,화물차,128.77043659999998,35.57968876
2552,2018,2018-04-21 02:05,야,토,1,1,0,0,경북,김천시,차량단독,공작물충돌,운전자법규위반,안전운전 의무 불이행,단일로,기타단일로,특수차,없음,128.2668765,36.15555365
2553,2018,2018-04-20 15:00,주,금,1,6,2,3,경북,구미시,차대차,추돌,운전자법규위반,안전운전 의무 불이행,단일로,기타단일로,화물차,승용차,128.2575996,36.26740168
2554,2018,2018-05-14 10:37,주,월,1,1,0,0,경북,포항시,차대차,정면충돌,운전자법규위반,중앙선 침범,단일로,기타단일로,이륜차,승용차,129.1942777,36.08347765
2555,2018,2018-10-15 20:04,야,월,2,12,8,2,경북,상주시,차대차,추돌,운전자법규위반,안전운전 의무 불이행,단일로,기타단일로,화물차,승합차,128.1490292,36.57798943
2556,2018,2018-11-26 22:50,야,월,1,1,0,0,경남,창원시(통합),차대사람,횡단중,운전자법규위반,신호위반,교차로,교차로내,승합차,보행자,128.55858270000002,35.20224674
2557,2018,2018-06-09 04:31,야,토,1,2,0,1,경남,진주시,차대차,측면충돌,운전자법규위반,신호위반,교차로,교차로내,승용차,승용차,128.08510959999998,35.19125875
2558,2018,2018-07-02 19:55,야,월,1,1,0,0,경남,진주시,차대사람,횡단중,운전자법규위반,안전운전 의무 불이행,교차로,교차로내,승합차,보행자,128.116949,35.18642993
2559,2018,2018-12-17 04:45,야,월,1,2,1,0,경남,창원시(통합),차대차,기타,운전자법규위반,안전운전 의무 불이행,단일로,기타단일로,화물차,승용차,128.75424990000002,35.10936558
2560,2018,2018-11-17 20:10,야,토,1,1,0,0,경남,창원시(통합),차대사람,횡단중,운전자법규위반,안전운전 의무 불이행,교차로,교차로내,이륜차,보행자,128.6909153,35.15373481
2561,2018,2018-05-15 11:20,주,화,1,1,0,0,경남,통영시,차대차,측면충돌,운전자법규위반,신호위반,교차로,교차로내,원동기장치자전거,화물차,128.4315102,34.84998727
2562,2018,2018-08-07 19:24,야,화,1,1,0,0,경남,사천시,차대사람,횡단중,운전자법규위반,과속,교차로,교차로횡단보도내,승용차,보행자,128.0797322,34.94843393
2563,2018,2018-10-12 22:20,야,금,1,1,0,0,경남,사천시,차대사람,횡단중,운전자법규위반,보행자 보호의무 위반,교차로,교차로부근,승용차,보행자,128.0688906,34.92948558
2564,2018,2018-03-14 12:35,주,수,1,1,0,0,경남,사천시,차대사람,기타,운전자법규위반,안전운전 의무 불이행,단일로,기타단일로,승용차,보행자,128.124204,34.95240661
2565,2018,2018-12-20 06:51,주,목,1,1,0,0,경남,밀양시,차대사람,길가장자리구역통행중,운전자법규위반,안전운전 의무 불이행,단일로,기타단일로,승용차,보행자,128.76887340000002,35.42433308
2566,2018,2018-05-04 16:55,주,금,1,1,0,0,경남,밀양시,차대사람,길가장자리구역통행중,운전자법규위반,안전운전 의무 불이행,단일로,기타단일로,화물차,보행자,128.7909994,35.50481873
2567,2018,2018-07-17 11:05,주,화,1,1,0,0,경남,거창군,차대사람,차도통행중,운전자법규위반,안전운전 의무 불이행,단일로,기타단일로,화물차,보행자,128.0188492,35.67664866
2568,2018,2018-11-20 09:50,주,화,1,1,0,0,경남,거창군,차대차,측면충돌,운전자법규위반,직진 및 우회전차의 통행방해,교차로,교차로내,이륜차,승용차,127.9150925,35.71616389
2569,2018,2018-09-06 10:20,주,목,1,1,0,0,경남,합천군,차대사람,횡단중,운전자법규위반,안전운전 의무 불이행,교차로,교차로횡단보도내,화물차,보행자,128.1700783,35.56756197
2570,2018,2018-08-04 16:16,주,토,1,4,0,3,경남,창녕군,차량단독,공작물충돌,운전자법규위반,안전운전 의무 불이행,단일로,기타단일로,승용차,없음,128.5377284,35.49528086
2571,2018,2018-02-05 19:20,야,월,1,1,0,0,경남,함양군,차대사람,길가장자리구역통행중,운전자법규위반,안전운전 의무 불이행,단일로,기타단일로,승용차,보행자,127.7824085,35.54892337
2572,2018,2018-04-17 19:15,야,화,1,1,0,0,경남,양산시,차량단독,공작물충돌,운전자법규위반,안전운전 의무 불이행,교차로,교차로내,화물차,없음,129.0796307,35.46032729
2573,2018,2018-03-29 18:50,야,목,1,1,0,0,경남,고성군,차대사람,차도통행중,운전자법규위반,안전운전 의무 불이행,단일로,기타단일로,화물차,보행자,128.3235545,34.97768395
2574,2018,2018-04-18 13:45,주,수,2,2,0,0,경남,고성군,차량단독,공작물충돌,운전자법규위반,안전운전 의무 불이행,단일로,기타단일로,승용차,없음,128.3618125,35.00296389
2575,2018,2018-10-17 18:08,야,수,1,1,0,0,경남,고성군,차대사람,횡단중,운전자법규위반,보행자 보호의무 위반,단일로,기타단일로,승용차,보행자,128.3520554,35.02583696
2576,2018,2018-12-10 06:35,주,월,1,1,0,0,경남,고성군,차대사람,기타,운전자법규위반,안전운전 의무 불이행,교차로,교차로내,화물차,보행자,128.2451058,35.05290684
2577,2018,2018-03-12 11:50,주,월,1,1,0,0,경남,하동군,차대차,정면충돌,운전자법규위반,안전운전 의무 불이행,교차로,교차로부근,화물차,자전거,127.88380959999999,35.17879085
2578,2018,2018-06-29 22:03,야,금,1,1,0,0,경남,하동군,차량단독,공작물충돌,운전자법규위반,안전운전 의무 불이행,단일로,기타단일로,이륜차,없음,127.7762791,35.08780267
2579,2018,2018-04-14 17:45,주,토,1,1,0,0,경남,거제시,차대차,기타,운전자법규위반,안전운전 의무 불이행,단일로,기타단일로,승용차,이륜차,128.7056876,34.86216760000001
2580,2018,2018-04-27 08:14,주,금,1,1,0,0,경남,산청군,차량단독,도로이탈 추락,운전자법규위반,안전운전 의무 불이행,단일로,기타단일로,화물차,없음,127.9202899,35.40146903
2581,2018,2018-07-27 20:00,야,금,1,1,0,0,경남,산청군,차량단독,공작물충돌,운전자법규위반,안전운전 의무 불이행,단일로,기타단일로,화물차,없음,127.92124840000001,35.40154684
2582,2018,2018-03-12 09:10,주,월,1,2,0,1,경남,산청군,차대차,추돌,운전자법규위반,안전운전 의무 불이행,단일로,기타단일로,승용차,농기계,127.9409565,35.33795314
2583,2018,2018-01-20 21:45,야,토,1,1,0,0,경남,함안군,차량단독,공작물충돌,운전자법규위반,안전운전 의무 불이행,단일로,기타단일로,승용차,없음,128.3646535,35.27622741
2584,2018,2018-07-26 22:15,야,목,1,1,0,0,경남,함안군,차대차,추돌,운전자법규위반,안전운전 의무 불이행,단일로,기타단일로,승용차,자전거,128.491389,35.38554498
2585,2018,2018-11-15 20:05,야,목,1,1,0,0,경남,함안군,차대사람,차도통행중,운전자법규위반,안전운전 의무 불이행,단일로,기타단일로,승용차,보행자,128.513365,35.34943219
2586,2018,2018-04-18 13:38,주,수,1,1,0,0,경남,의령군,차대차,측면충돌,운전자법규위반,교차로 통행방법 위반,교차로,교차로내,이륜차,화물차,128.4267598,35.40094423
2587,2018,2018-02-12 19:08,야,월,1,1,0,0,경남,창원시(통합),차대사람,차도통행중,운전자법규위반,안전운전 의무 불이행,단일로,기타단일로,승용차,보행자,128.6808147,35.24250193
2588,2018,2018-06-27 17:25,주,수,1,1,0,0,경남,창원시(통합),차대차,측면충돌,운전자법규위반,안전운전 의무 불이행,교차로,교차로부근,원동기장치자전거,승용차,128.5784803,35.246513799999995
2589,2018,2018-04-15 12:50,주,일,1,1,0,0,경남,창원시(통합),차대차,기타,운전자법규위반,차로위반(진로변경 위반),단일로,기타단일로,원동기장치자전거,승용차,128.57422350000002,35.22043069
2590,2018,2018-08-11 17:01,주,토,1,1,0,0,경남,창원시(통합),차량단독,공작물충돌,운전자법규위반,안전운전 의무 불이행,단일로,기타단일로,이륜차,없음,128.629517,35.35372212
2591,2018,2018-06-29 05:35,야,금,1,1,0,0,경남,창원시(통합),차대사람,기타,운전자법규위반,보행자 보호의무 위반,교차로,교차로내,승용차,보행자,128.60781540000002,35.34737713
2592,2018,2018-07-30 23:00,야,월,1,1,0,0,경남,창원시(통합),차대사람,횡단중,운전자법규위반,과속,단일로,기타단일로,승용차,보행자,128.6644225,35.24596079
2593,2018,2018-08-01 23:45,야,수,1,1,0,0,경남,통영시,차대사람,기타,운전자법규위반,안전운전 의무 불이행,단일로,기타단일로,승용차,보행자,128.4164467,34.8735195
2594,2018,2018-09-02 16:50,주,일,2,6,0,4,경남,함안군,차대차,추돌,운전자법규위반,안전운전 의무 불이행,단일로,기타단일로,특수차,승용차,128.50300570000002,35.29036133
2595,2018,2018-02-01 12:01,주,목,1,1,0,0,제주,서귀포시,차대사람,기타,운전자법규위반,안전운전 의무 불이행,단일로,기타단일로,화물차,보행자,126.7173129,33.27934493
2596,2018,2018-02-25 06:34,주,일,1,1,0,0,제주,서귀포시,차대사람,횡단중,운전자법규위반,중앙선 침범,단일로,기타단일로,승용차,보행자,126.7420263,33.285063199999996
2597,2018,2018-11-21 10:25,주,수,1,1,0,0,제주,서귀포시,차대차,추돌,운전자법규위반,안전운전 의무 불이행,단일로,기타단일로,승용차,이륜차,126.3050534,33.27389186
2598,2018,2018-09-02 19:42,야,일,1,2,0,1,제주,서귀포시,차대차,측면충돌,운전자법규위반,과속,교차로,교차로내,이륜차,승용차,126.71068400000001,33.28210812
2599,2018,2018-08-22 01:18,야,수,1,1,0,0,제주,서귀포시,차량단독,기타,운전자법규위반,안전운전 의무 불이행,기타,기타,사륜오토바이(ATV),없음,126.87953200000001,33.38490686
2600,2018,2018-07-29 22:50,야,일,1,1,0,0,제주,서귀포시,차대사람,기타,운전자법규위반,안전운전 의무 불이행,교차로,교차로부근,승용차,보행자,126.2979388,33.23125257
2601,2018,2018-07-17 21:10,야,화,1,1,0,0,제주,제주시,차대사람,횡단중,운전자법규위반,보행자 보호의무 위반,교차로,교차로횡단보도내,승용차,보행자,126.27199080000001,33.4072952
2602,2018,2018-06-18 17:25,주,월,1,1,0,0,제주,제주시,차량단독,기타,운전자법규위반,안전운전 의무 불이행,단일로,기타단일로,화물차,없음,126.2969656,33.42018453
2603,2018,2018-10-12 20:30,야,금,1,1,0,0,제주,제주시,차대차,기타,운전자법규위반,중앙선 침범,단일로,기타단일로,이륜차,승용차,126.45411570000002,33.46639823
2604,2018,2018-02-24 21:04,야,토,1,1,0,0,제주,제주시,차대사람,횡단중,운전자법규위반,안전운전 의무 불이행,단일로,기타단일로,승합차,보행자,126.41616670000002,33.48758265
2605,2018,2018-01-18 12:35,주,목,1,1,0,0,제주,제주시,차대차,기타,운전자법규위반,직진 및 우회전차의 통행방해,교차로,교차로내,승용차,이륜차,126.2470138,33.31782956
2606,2018,2018-01-04 15:25,주,목,1,1,0,0,대구,남구,차대차,측면충돌,운전자법규위반,안전운전 의무 불이행,교차로,교차로내,화물차,원동기장치자전거,128.5965172,35.84776062
2607,2018,2018-10-04 14:39,주,목,1,1,0,0,대구,남구,차대차,측면충돌,운전자법규위반,안전운전 의무 불이행,교차로,교차로횡단보도내,승용차,자전거,128.58023070000002,35.84060546
2608,2018,2018-07-03 06:45,주,화,1,1,0,0,대구,동구,차량단독,공작물충돌,운전자법규위반,안전운전 의무 불이행,단일로,기타단일로,승용차,없음,128.6298746,35.96807937
2609,2018,2018-01-08 09:59,주,월,1,1,0,0,대구,동구,차대차,추돌,운전자법규위반,안전운전 의무 불이행,교차로,교차로내,승합차,자전거,128.71797220000002,35.86525293
2610,2018,2018-02-01 21:50,야,목,1,1,0,0,대구,수성구,차대사람,횡단중,운전자법규위반,안전운전 의무 불이행,교차로,교차로부근,화물차,보행자,128.7171408,35.83477085
2611,2018,2018-02-27 12:14,주,화,1,1,0,0,대구,수성구,차량단독,공작물충돌,운전자법규위반,안전운전 의무 불이행,단일로,기타단일로,이륜차,없음,128.672565,35.83390682
2612,2018,2018-02-19 09:20,주,월,1,1,0,0,대구,달서구,차대사람,횡단중,운전자법규위반,보행자 보호의무 위반,단일로,기타단일로,승용차,보행자,128.52545039999998,35.81186539
2613,2018,2018-10-19 08:56,주,금,1,2,0,1,대구,달성군,차대사람,보도통행중,운전자법규위반,과속,단일로,기타단일로,화물차,보행자,128.4717189,35.74148312