,발생년,발생년월일시분,주야,요일,사망자수,사상자수,중상자수,경상자수,발생지시도,발생지시군구,사고유형_대분류,사고유형,법규위반_대분류,법규위반,도로형태_대분류,도로형태,가해자_당사자종별,피해자_당사자종별,경도,위도
2614,2018,2018-03-03 10:10,주,토,1,1,0,0,대구,북구,차대차,측면충돌,운전자법규위반,안전운전 의무 불이행,단일로,기타단일로,건설기계,자전거,128.5894313,35.88183204
2615,2018,2018-06-07 10:15,주,목,1,1,0,0,대구,서구,차대사람,보도통행중,운전자법규위반,기타(운전자법규위반),기타,기타,화물차,보행자,128.5551066,35.87574910000001
2616,2018,2018-10-13 10:13,주,토,1,1,0,0,대구,서구,차대사람,기타,운전자법규위반,안전운전 의무 불이행,교차로,교차로내,화물차,보행자,128.5707118,35.88038658
2617,2018,2018-11-27 16:50,주,화,1,1,0,0,대구,서구,차대사람,기타,운전자법규위반,안전운전 의무 불이행,교차로,교차로내,화물차,보행자,128.5601344,35.93703524
2618,2018,2018-05-19 02:00,야,토,2,2,0,0,대구,북구,차대차,기타,운전자법규위반,안전운전 의무 불이행,단일로,기타단일로,승용차,건설기계,128.5547081,35.94372931
2619,2018,2018-07-14 22:18,야,토,1,3,0,2,대구,북구,차대차,추돌,운전자법규위반,안전운전 의무 불이행,교차로,교차로부근,승합차,화물차,128.59871869999998,35.92779895
2620,2018,2018-11-27 06:30,주,화,1,2,1,0,인천,중구,차대차,추돌,운전자법규위반,안전운전 의무 불이행,단일로,기타단일로,화물차,건설기계,126.5170705,37.47351858
2621,2018,2018-09-19 17:00,주,수,1,1,0,0,인천,중구,차대차,측면충돌,운전자법규위반,안전운전 의무 불이행,단일로,기타단일로,화물차,이륜차,126.54357179999998,37.49360153
2622,2018,2018-07-24 16:00,주,화,1,3,0,2,인천,중구,차대차,추돌,운전자법규위반,안전운전 의무 불이행,단일로,기타단일로,화물차,화물차,126.480313,37.49289215
2623,2018,2018-09-14 05:50,야,금,1,1,0,0,인천,중구,차대사람,횡단중,운전자법규위반,과속,교차로,교차로횡단보도내,승용차,보행자,126.5569861,37.49105043
2624,2018,2018-04-26 06:57,주,목,1,1,0,0,인천,중구,차대차,정면충돌,운전자법규위반,신호위반,교차로,교차로횡단보도내,특수차,자전거,126.6099366,37.45480366
2625,2018,2018-05-28 23:21,야,월,1,2,0,1,인천,중구,차대사람,기타,운전자법규위반,과속,교차로,교차로내,승용차,보행자,126.4905845,37.49539593
2626,2018,2018-07-30 09:15,주,월,1,1,0,0,인천,남구,차대사람,횡단중,운전자법규위반,안전운전 의무 불이행,교차로,교차로부근,승용차,보행자,126.65572590000001,37.45592385
2627,2018,2018-02-07 05:53,야,수,1,1,0,0,인천,남구,차대사람,횡단중,운전자법규위반,안전운전 의무 불이행,기타,기타,승용차,보행자,126.67541000000001,37.46422004
2628,2018,2018-01-24 00:15,야,수,1,1,0,0,인천,부평구,차대사람,기타,운전자법규위반,안전운전 의무 불이행,단일로,기타단일로,승용차,보행자,126.72693840000001,37.48739054
2629,2018,2018-01-12 02:50,야,금,1,1,0,0,인천,부평구,차대사람,횡단중,운전자법규위반,안전운전 의무 불이행,단일로,기타단일로,승용차,보행자,126.729658,37.49022051
2630,2018,2018-09-16 00:55,야,일,1,1,0,0,인천,남동구,차대사람,차도통행중,운전자법규위반,안전운전 의무 불이행,기타,기타,승용차,보행자,126.7002686,37.44472343
2631,2018,2018-07-29 00:45,야,일,1,1,0,0,인천,남구,차대사람,기타,운전자법규위반,안전운전 의무 불이행,단일로,기타단일로,승용차,보행자,126.6985771,37.44114262
2632,2018,2018-03-26 03:00,야,월,1,1,0,0,인천,서구,차대차,추돌,운전자법규위반,안전운전 의무 불이행,단일로,기타단일로,승용차,건설기계,126.6838528,37.55188004
2633,2018,2018-02-24 06:40,주,토,1,1,0,0,인천,계양구,차대사람,차도통행중,운전자법규위반,안전운전 의무 불이행,교차로,교차로내,승합차,보행자,126.7174827,37.53069192
2634,2018,2018-08-19 17:40,주,일,2,5,0,3,인천,계양구,차대차,정면충돌,운전자법규위반,안전운전 의무 불이행,교차로,교차로내,승용차,이륜차,126.74351999999999,37.52559774
2635,2018,2018-04-30 17:35,주,월,1,1,0,0,인천,연수구,차대차,측면충돌,운전자법규위반,신호위반,교차로,교차로횡단보도내,승합차,자전거,126.6344837,37.39383834
2636,2018,2018-04-12 02:10,야,목,1,1,0,0,인천,연수구,차대사람,횡단중,운전자법규위반,안전운전 의무 불이행,단일로,기타단일로,승용차,보행자,126.67381670000002,37.41579734
2637,2018,2018-12-26 05:45,야,수,1,2,0,0,인천,남구,차대차,추돌,운전자법규위반,안전운전 의무 불이행,단일로,교량위,화물차,특수차,126.6385087,37.44288327
2638,2018,2018-10-06 07:01,주,토,1,1,0,0,경기,광명시,차량단독,공작물충돌,운전자법규위반,안전운전 의무 불이행,단일로,교량위,승용차,없음,126.895675,37.42777576
2639,2018,2018-09-19 20:45,야,수,1,1,0,0,경기,시흥시,차대차,기타,운전자법규위반,안전운전 의무 불이행,단일로,기타단일로,승용차,화물차,126.770399,37.3613505
2640,2018,2018-12-27 00:09,야,목,1,1,0,0,광주,서구,차대사람,횡단중,운전자법규위반,안전운전 의무 불이행,단일로,기타단일로,승용차,보행자,126.8610983,35.12197335
2641,2018,2018-10-16 20:03,야,화,1,1,0,0,광주,서구,차대사람,차도통행중,운전자법규위반,안전운전 의무 불이행,단일로,기타단일로,승용차,보행자,126.90159440000001,35.15450353
2642,2018,2018-01-02 11:40,주,화,1,1,0,0,광주,서구,차대사람,기타,운전자법규위반,안전운전 의무 불이행,단일로,기타단일로,승용차,보행자,126.8834039,35.16296498
2643,2018,2018-06-27 01:40,야,수,1,1,0,0,광주,남구,차대사람,기타,운전자법규위반,안전운전 의무 불이행,단일로,기타단일로,승용차,보행자,126.9072148,35.13373872
2644,2018,2018-10-16 09:00,주,화,1,1,0,0,광주,남구,차대사람,횡단중,운전자법규위반,안전운전 의무 불이행,교차로,교차로횡단보도내,승용차,보행자,126.90088259999999,35.13327386
2645,2018,2018-03-07 05:45,야,수,1,1,0,0,광주,남구,차대사람,횡단중,운전자법규위반,안전운전 의무 불이행,단일로,기타단일로,승용차,보행자,126.9016248,35.13565443
2646,2018,2018-04-12 18:35,야,목,1,1,0,0,광주,북구,차대차,측면충돌,운전자법규위반,안전운전 의무 불이행,단일로,기타단일로,승용차,자전거,126.89776699999999,35.16731581
2647,2018,2018-02-01 23:47,야,목,1,1,0,0,광주,북구,차대사람,횡단중,운전자법규위반,안전운전 의무 불이행,단일로,기타단일로,화물차,보행자,126.8842162,35.16882566
2648,2018,2018-07-25 16:30,주,수,1,1,0,0,광주,광산구,차대차,기타,운전자법규위반,중앙선 침범,단일로,기타단일로,자전거,화물차,126.844908,35.197068
2649,2018,2018-05-22 04:40,야,화,1,1,0,0,광주,광산구,차량단독,도로이탈 추락,운전자법규위반,안전운전 의무 불이행,단일로,기타단일로,이륜차,없음,126.74073899999999,35.13089757
2650,2018,2018-04-22 00:35,야,일,1,3,0,2,대전,중구,차대차,측면충돌,운전자법규위반,신호위반,교차로,교차로내,승용차,승용차,127.38683770000002,36.30992069
2651,2018,2018-12-28 20:03,야,금,1,1,0,0,대전,동구,차대사람,횡단중,운전자법규위반,안전운전 의무 불이행,교차로,교차로부근,승합차,보행자,127.44241559999999,36.31845295
2652,2018,2018-05-29 22:15,야,화,1,1,0,0,대전,동구,차대사람,횡단중,운전자법규위반,안전운전 의무 불이행,단일로,기타단일로,승용차,보행자,127.44054209999999,36.35034866
2653,2018,2018-04-27 13:55,주,금,1,1,0,0,대전,동구,차대차,기타,운전자법규위반,안전거리 미확보,교차로,교차로부근,이륜차,승용차,127.4489605,36.30990025
2654,2018,2018-05-14 05:00,야,월,1,1,0,0,대전,서구,차대사람,횡단중,운전자법규위반,안전운전 의무 불이행,교차로,교차로횡단보도내,화물차,보행자,127.37454879999999,36.30445407
2655,2018,2018-03-03 16:37,주,토,1,1,0,0,대전,대덕구,차대사람,횡단중,운전자법규위반,과속,단일로,기타단일로,승용차,보행자,127.423933,36.44517161
2656,2018,2018-07-27 21:15,야,금,1,2,0,1,대전,서구,차대차,기타,운전자법규위반,신호위반,교차로,교차로내,승용차,이륜차,127.36842220000001,36.35778281
2657,2018,2018-08-10 00:08,야,금,1,1,0,0,대전,유성구,차대차,측면충돌,운전자법규위반,과속,교차로,교차로내,승용차,승용차,127.31273909999999,36.32902148
2658,2018,2018-10-14 18:54,야,일,1,2,0,1,대전,유성구,차대차,측면충돌,운전자법규위반,신호위반,교차로,교차로내,이륜차,승용차,127.35006270000001,36.39376856
2659,2018,2018-11-19 19:30,야,월,1,1,0,0,대전,유성구,차대사람,횡단중,운전자법규위반,안전운전 의무 불이행,단일로,기타단일로,승용차,보행자,127.38177859999999,36.4217156
2660,2018,2018-04-30 04:17,야,월,1,1,0,0,대전,유성구,차량단독,공작물충돌,운전자법규위반,안전운전 의무 불이행,단일로,기타단일로,승용차,없음,127.3426002,36.37836976
2661,2018,2018-03-10 04:27,야,토,1,1,0,0,대전,유성구,차대사람,횡단중,운전자법규위반,안전운전 의무 불이행,교차로,교차로횡단보도내,승용차,보행자,127.34016969999999,36.34569476
2662,2018,2018-05-10 00:32,야,목,1,1,0,0,대전,유성구,차대사람,길가장자리구역통행중,운전자법규위반,안전운전 의무 불이행,단일로,기타단일로,화물차,보행자,127.33741129999999,36.35920513
2663,2018,2018-03-03 02:22,야,토,1,1,0,0,울산,북구,차량단독,공작물충돌,운전자법규위반,안전운전 의무 불이행,단일로,기타단일로,이륜차,없음,129.351808,35.61211245
2664,2018,2018-11-08 04:30,야,목,1,1,0,0,울산,중구,차대사람,횡단중,운전자법규위반,안전운전 의무 불이행,단일로,기타단일로,승합차,보행자,129.3092253,35.55510797
2665,2018,2018-05-12 07:45,주,토,1,1,0,0,울산,중구,차대사람,횡단중,운전자법규위반,중앙선 침범,단일로,기타단일로,화물차,보행자,129.3314743,35.5569446
2666,2018,2018-07-24 04:07,야,화,1,2,1,0,울산,중구,차대사람,횡단중,운전자법규위반,보행자 보호의무 위반,단일로,기타단일로,승용차,보행자,129.3071279,35.55406663
2667,2018,2018-09-19 03:55,야,수,1,1,0,0,울산,남구,차량단독,공작물충돌,운전자법규위반,안전운전 의무 불이행,단일로,기타단일로,이륜차,없음,129.2644233,35.54549476
2668,2018,2018-02-18 08:07,주,일,1,1,0,0,울산,남구,차량단독,전도,운전자법규위반,안전운전 의무 불이행,단일로,기타단일로,원동기장치자전거,없음,129.2600785,35.542024299999994
2669,2018,2018-03-18 04:00,야,일,1,2,1,0,울산,남구,차대사람,횡단중,운전자법규위반,안전운전 의무 불이행,교차로,교차로횡단보도내,승용차,보행자,129.3422062,35.53996789
2670,2018,2018-05-23 21:00,야,수,1,1,0,0,울산,남구,차대사람,횡단중,운전자법규위반,안전운전 의무 불이행,단일로,기타단일로,승용차,보행자,129.31940409999999,35.50611061
2671,2018,2018-02-18 05:10,야,일,1,1,0,0,울산,남구,차대사람,횡단중,운전자법규위반,안전운전 의무 불이행,단일로,기타단일로,승용차,보행자,129.3197222,35.53534202
2672,2018,2018-08-19 02:20,야,일,1,1,0,0,울산,동구,차량단독,기타,운전자법규위반,안전운전 의무 불이행,교차로,교차로부근,이륜차,없음,129.4088655,35.49415319
2673,2018,2018-04-05 09:30,주,목,2,39,8,29,울산,북구,차대차,측면충돌,운전자법규위반,안전운전 의무 불이행,단일로,기타단일로,승용차,승합차,129.398085,35.52133244
2674,2018,2018-10-05 18:40,야,금,1,1,0,0,울산,울주군,차대사람,기타,운전자법규위반,안전운전 의무 불이행,교차로,교차로횡단보도내,승용차,보행자,129.1579509,35.63098391
2675,2018,2018-08-01 20:25,야,수,1,1,0,0,울산,울주군,차대사람,횡단중,운전자법규위반,안전운전 의무 불이행,단일로,기타단일로,화물차,보행자,129.1237715,35.57350783
2676,2018,2018-10-07 05:39,야,일,1,1,0,0,울산,울주군,차량단독,공작물충돌,운전자법규위반,안전운전 의무 불이행,단일로,기타단일로,승용차,없음,129.0969025,35.5941155
2677,2018,2018-01-04 15:15,주,목,1,1,0,0,울산,울주군,차대차,추돌,운전자법규위반,안전운전 의무 불이행,단일로,기타단일로,화물차,자전거,129.218421,35.47235961
2678,2018,2018-12-14 21:20,야,금,1,1,0,0,경기,의정부시,차대사람,횡단중,운전자법규위반,안전운전 의무 불이행,교차로,교차로부근,승합차,보행자,127.0649145,37.74758746
2679,2018,2018-02-25 23:52,야,일,1,1,0,0,경기,의정부시,차대사람,기타,운전자법규위반,안전운전 의무 불이행,교차로,교차로내,승용차,보행자,127.06213490000002,37.73578786
2680,2018,2018-09-09 17:00,주,일,1,1,0,0,경기,고양시,차량단독,공작물충돌,운전자법규위반,안전운전 의무 불이행,단일로,기타단일로,농기계,없음,126.9080123,37.64603663
2681,2018,2018-11-03 17:05,주,토,1,1,0,0,경기,고양시,차대사람,횡단중,운전자법규위반,신호위반,교차로,교차로부근,승합차,보행자,126.7698996,37.66361368
2682,2018,2018-08-25 02:00,야,토,1,1,0,0,경기,고양시,차대사람,기타,운전자법규위반,안전운전 의무 불이행,교차로,교차로내,승용차,보행자,126.8001581,37.66149872
2683,2018,2018-01-03 23:14,야,수,1,2,0,1,경기,고양시,차대사람,횡단중,운전자법규위반,안전운전 의무 불이행,단일로,기타단일로,이륜차,보행자,126.7751646,37.65619221
2684,2018,2018-01-23 10:04,주,화,1,2,1,0,경기,고양시,차대차,정면충돌,운전자법규위반,중앙선 침범,단일로,기타단일로,승용차,화물차,126.80814720000001,37.70709865
2685,2018,2018-04-24 20:40,야,화,1,5,0,4,경기,남양주시,차대차,추돌,운전자법규위반,안전운전 의무 불이행,교차로,교차로부근,화물차,승용차,127.16186040000001,37.69833238
2686,2018,2018-03-27 23:40,야,화,1,1,0,0,경기,남양주시,차대사람,횡단중,운전자법규위반,안전운전 의무 불이행,교차로,교차로내,승용차,보행자,127.196603,37.59585429999999
2687,2018,2018-09-19 01:40,야,수,1,1,0,0,경기,남양주시,차대차,기타,운전자법규위반,안전운전 의무 불이행,기타,기타,화물차,승용차,127.1949679,37.73809922
2688,2018,2018-08-13 07:30,주,월,1,1,0,0,경기,남양주시,차대사람,횡단중,운전자법규위반,안전운전 의무 불이행,교차로,교차로내,승합차,보행자,127.24383710000001,37.65297636
2689,2018,2018-11-16 18:10,야,금,1,3,1,1,경기,남양주시,차대차,측면충돌,운전자법규위반,신호위반,교차로,교차로내,이륜차,승용차,127.15923290000002,37.60312534
2690,2018,2018-12-18 06:48,주,화,1,1,0,0,경기,남양주시,차대사람,횡단중,운전자법규위반,안전운전 의무 불이행,교차로,교차로내,화물차,보행자,127.197103,37.74053831
2691,2018,2018-11-29 17:40,주,목,1,1,0,0,경기,파주시,차대사람,횡단중,운전자법규위반,신호위반,교차로,교차로횡단보도내,승용차,보행자,126.7888803,37.78576764
2692,2018,2018-05-21 02:20,야,월,1,2,1,0,경기,파주시,차대차,추돌,운전자법규위반,중앙선 침범,교차로,교차로부근,이륜차,승용차,126.7532736,37.74208634
2693,2018,2018-07-28 00:55,야,토,1,3,0,2,경기,파주시,차대차,추돌,운전자법규위반,안전운전 의무 불이행,단일로,기타단일로,화물차,화물차,126.92457340000001,37.97977353
2694,2018,2018-03-21 16:50,주,수,1,1,0,0,경기,파주시,차대사람,횡단중,운전자법규위반,안전운전 의무 불이행,단일로,기타단일로,승용차,보행자,126.7226338,37.72856688
2695,2018,2018-04-25 23:40,야,수,1,1,0,0,경기,파주시,차대차,기타,운전자법규위반,신호위반,교차로,교차로내,이륜차,승용차,126.83946809999999,37.72902708
2696,2018,2018-12-21 23:05,야,금,1,1,0,0,경기,양주시,차량단독,공작물충돌,운전자법규위반,안전운전 의무 불이행,교차로,교차로내,승용차,없음,127.027752,37.78497531
2697,2018,2018-03-23 05:42,야,금,1,1,0,0,경기,양주시,차대사람,횡단중,운전자법규위반,안전운전 의무 불이행,교차로,교차로부근,승용차,보행자,127.0824563,37.80128838
2698,2018,2018-09-29 09:55,주,토,1,1,0,0,경기,포천시,차대사람,횡단중,운전자법규위반,안전운전 의무 불이행,교차로,교차로내,승합차,보행자,127.2736909,38.09013572
2699,2018,2018-08-13 16:15,주,월,1,1,0,0,경기,연천군,차대차,정면충돌,운전자법규위반,중앙선 침범,단일로,기타단일로,승용차,이륜차,126.995659,38.031472799999996
2700,2018,2018-05-07 00:53,야,월,1,2,1,0,경기,연천군,차량단독,공작물충돌,운전자법규위반,안전운전 의무 불이행,교차로,교차로내,승용차,없음,127.0562264,38.02877884
2701,2018,2018-05-10 17:07,주,목,1,1,0,0,경기,연천군,차대사람,횡단중,운전자법규위반,안전운전 의무 불이행,교차로,교차로내,승용차,보행자,127.0664155,38.03412539
2702,2018,2018-09-17 19:30,야,월,1,1,0,0,경기,고양시,차대사람,횡단중,운전자법규위반,신호위반,단일로,기타단일로,개인형이동수단(PM),보행자,126.76034369999999,37.6828334
2703,2018,2018-04-06 01:32,야,금,1,1,0,0,경기,고양시,차대사람,횡단중,운전자법규위반,과속,단일로,기타단일로,승용차,보행자,126.7710581,37.68080004
2704,2018,2018-12-29 16:18,주,토,1,3,2,0,서울,중구,차대차,추돌,운전자법규위반,과속,단일로,터널안,승용차,건설기계,126.99828459999999,37.54699189
2705,2018,2018-07-12 00:13,야,목,1,1,0,0,서울,용산구,차량단독,공작물충돌,운전자법규위반,안전운전 의무 불이행,단일로,터널안,이륜차,없음,126.98767269999999,37.54601793
2706,2018,2018-02-15 18:30,야,목,1,1,0,0,서울,중구,차대사람,횡단중,운전자법규위반,안전운전 의무 불이행,단일로,기타단일로,승합차,보행자,126.972718,37.55574075
2707,2018,2018-10-24 15:10,주,수,1,1,0,0,서울,용산구,차대차,기타,운전자법규위반,신호위반,교차로,교차로횡단보도내,승용차,자전거,126.9914605,37.52501478
2708,2018,2018-05-31 21:20,야,목,1,1,0,0,서울,용산구,차대사람,차도통행중,운전자법규위반,안전운전 의무 불이행,단일로,기타단일로,이륜차,보행자,126.95512690000001,37.52734047
2709,2018,2018-06-19 14:43,주,화,1,1,0,0,서울,성북구,차대차,측면충돌,운전자법규위반,안전운전 의무 불이행,교차로,교차로내,승용차,이륜차,127.0221506,37.58029657
2710,2018,2018-04-10 21:49,야,화,1,1,0,0,서울,강북구,차대사람,기타,운전자법규위반,안전운전 의무 불이행,교차로,교차로부근,승용차,보행자,127.01052109999999,37.64570429999999
2711,2018,2018-11-17 20:25,야,토,1,1,0,0,서울,동대문구,차대사람,기타,운전자법규위반,안전운전 의무 불이행,단일로,기타단일로,승용차,보행자,127.0427882,37.58173935
2712,2018,2018-03-07 03:35,야,수,1,1,0,0,서울,동대문구,차대사람,횡단중,운전자법규위반,안전운전 의무 불이행,교차로,교차로횡단보도내,승용차,보행자,127.0449967,37.57989111
2713,2018,2018-11-05 17:53,주,월,1,2,1,0,서울,마포구,차대차,정면충돌,운전자법규위반,신호위반,교차로,교차로부근,이륜차,건설기계,126.9263163,37.54753847
2714,2018,2018-05-14 03:30,야,월,1,1,0,0,서울,마포구,차대차,측면충돌,운전자법규위반,중앙선 침범,교차로,교차로부근,승용차,이륜차,126.92040490000001,37.54780705
2715,2018,2018-10-29 09:50,주,월,1,2,0,1,서울,영등포구,차대차,정면충돌,운전자법규위반,신호위반,교차로,교차로내,이륜차,승합차,126.9054582,37.52544239
2716,2018,2018-03-15 23:40,야,목,1,1,0,0,서울,영등포구,차대사람,횡단중,운전자법규위반,과속,단일로,기타단일로,화물차,보행자,126.9000338,37.50608998
2717,2018,2018-07-03 14:05,주,화,1,1,0,0,서울,금천구,차대사람,차도통행중,운전자법규위반,안전운전 의무 불이행,교차로,교차로내,건설기계,보행자,126.89952849999999,37.46462504
2718,2018,2018-07-26 02:37,야,목,1,1,0,0,서울,성동구,차량단독,공작물충돌,운전자법규위반,안전운전 의무 불이행,단일로,기타단일로,이륜차,없음,127.0372067,37.56859398
2719,2018,2018-09-13 08:45,주,목,1,1,0,0,서울,성동구,차대사람,횡단중,운전자법규위반,보행자 보호의무 위반,교차로,교차로내,화물차,보행자,127.05438829999999,37.53759951
2720,2018,2018-04-17 17:10,주,화,1,1,0,0,서울,동작구,차대사람,차도통행중,운전자법규위반,안전운전 의무 불이행,단일로,기타단일로,승합차,보행자,126.95096540000002,37.5068064
2721,2018,2018-12-21 06:20,주,금,1,1,0,0,서울,강남구,차대사람,횡단중,운전자법규위반,안전운전 의무 불이행,단일로,기타단일로,화물차,보행자,127.047329,37.50699867
2722,2018,2018-12-23 22:09,야,일,1,1,0,0,서울,강남구,차대사람,횡단중,운전자법규위반,신호위반,단일로,기타단일로,승용차,보행자,127.05616770000002,37.52192263
2723,2018,2018-03-20 04:23,야,화,1,1,0,0,서울,강남구,차대사람,횡단중,운전자법규위반,안전운전 의무 불이행,단일로,기타단일로,승용차,보행자,127.03675259999999,37.51022959
2724,2018,2018-01-12 03:20,야,금,1,1,0,0,서울,강서구,차대사람,차도통행중,운전자법규위반,안전운전 의무 불이행,교차로,교차로부근,승용차,보행자,126.7996008,37.57954641
2725,2018,2018-07-23 22:40,야,월,1,1,0,0,서울,강동구,차대사람,기타,운전자법규위반,안전운전 의무 불이행,단일로,기타단일로,승용차,보행자,127.12811229999998,37.53703446
2726,2018,2018-01-22 12:50,주,월,1,1,0,0,서울,강동구,차대사람,기타,운전자법규위반,안전운전 의무 불이행,단일로,기타단일로,승용차,보행자,127.12620829999999,37.54659183
2727,2018,2018-05-30 11:30,주,수,1,1,0,0,서울,송파구,차대차,측면충돌,운전자법규위반,안전거리 미확보,단일로,기타단일로,건설기계,이륜차,127.1471442,37.49279102
2728,2018,2018-07-30 04:10,야,월,1,2,1,0,서울,송파구,차대차,측면충돌,운전자법규위반,신호위반,교차로,교차로내,승용차,원동기장치자전거,127.12805619999999,37.51185034
2729,2018,2018-10-29 16:13,주,월,1,1,0,0,서울,성북구,차대사람,차도통행중,운전자법규위반,과속,기타,기타,승용차,보행자,127.03558899999999,37.5956821
2730,2018,2018-06-04 09:25,주,월,1,1,0,0,서울,성북구,차대사람,횡단중,운전자법규위반,안전운전 의무 불이행,교차로,교차로내,승합차,보행자,127.04728459999998,37.60791371
2731,2018,2018-12-20 15:25,주,목,1,1,0,0,서울,구로구,차대사람,기타,운전자법규위반,안전운전 의무 불이행,교차로,교차로내,건설기계,보행자,126.84937109999998,37.49929601
2732,2018,2018-11-26 01:56,야,월,1,3,0,1,서울,양천구,차대사람,기타,운전자법규위반,안전운전 의무 불이행,단일로,기타단일로,승용차,보행자,126.8637603,37.53675334
2733,2018,2018-08-07 04:20,야,화,1,1,0,0,서울,노원구,차대사람,횡단중,운전자법규위반,안전운전 의무 불이행,기타,기타,승용차,보행자,127.0740665,37.62605828
2734,2018,2018-07-19 02:25,야,목,1,1,0,0,서울,노원구,차대사람,횡단중,운전자법규위반,안전운전 의무 불이행,단일로,기타단일로,승용차,보행자,127.0721899,37.62724126
2735,2018,2018-07-18 16:30,주,수,1,1,0,0,서울,노원구,차대사람,차도통행중,운전자법규위반,안전운전 의무 불이행,단일로,기타단일로,승합차,보행자,127.06343190000001,37.61718627
2736,2018,2018-04-25 04:02,야,수,1,1,0,0,서울,노원구,차대사람,횡단중,운전자법규위반,안전운전 의무 불이행,교차로,교차로내,승용차,보행자,127.0780865,37.66666899
2737,2018,2018-07-15 21:00,야,일,1,1,0,0,서울,서초구,차대차,정면충돌,운전자법규위반,중앙선 침범,단일로,기타단일로,이륜차,승합차,126.98272720000001,37.49498875
2738,2018,2018-08-13 16:30,주,월,1,1,0,0,서울,강남구,차대사람,보도통행중,운전자법규위반,기타(운전자법규위반),단일로,기타단일로,화물차,보행자,127.07451470000001,37.48757625
2739,2018,2018-12-08 05:38,야,토,1,1,0,0,서울,강남구,차대차,기타,운전자법규위반,안전운전 의무 불이행,단일로,기타단일로,자전거,화물차,127.1004472,37.48847802
2740,2018,2018-10-21 16:08,주,일,1,1,0,0,부산,서구,차대차,측면충돌,운전자법규위반,안전운전 의무 불이행,교차로,교차로부근,이륜차,승용차,129.01946189999998,35.07892626
2741,2018,2018-10-11 21:10,야,목,1,2,1,0,부산,남구,차대차,추돌,운전자법규위반,안전운전 의무 불이행,교차로,교차로내,승용차,이륜차,129.1110636,35.11156754
2742,2018,2018-02-08 21:00,야,목,1,1,0,0,부산,북구,차대사람,기타,운전자법규위반,안전운전 의무 불이행,단일로,기타단일로,승합차,보행자,129.0155794,35.20958736
2743,2018,2018-03-28 14:15,주,수,1,1,0,0,부산,영도구,차대사람,횡단중,운전자법규위반,안전운전 의무 불이행,단일로,기타단일로,건설기계,보행자,129.063207,35.09569471
2744,2018,2018-01-06 04:30,야,토,1,1,0,0,부산,해운대구,차대사람,차도통행중,운전자법규위반,안전운전 의무 불이행,단일로,기타단일로,승합차,보행자,129.1831517,35.17294183
2745,2018,2018-01-21 16:25,주,일,1,1,0,0,부산,부산진구,차대차,측면충돌,운전자법규위반,차로위반(진로변경 위반),단일로,기타단일로,이륜차,승용차,129.0757521,35.17461232
2746,2018,2018-12-10 00:35,야,월,1,1,0,0,부산,부산진구,차대차,측면충돌,운전자법규위반,신호위반,교차로,교차로내,승용차,이륜차,129.05927450000001,35.15079959
2747,2018,2018-09-26 19:50,야,수,1,1,0,0,부산,부산진구,차대사람,횡단중,운전자법규위반,보행자 보호의무 위반,교차로,교차로횡단보도내,이륜차,보행자,129.0674441,35.17426934
2748,2018,2018-03-17 10:10,주,토,1,2,0,1,부산,강서구,차대차,측면충돌,운전자법규위반,안전운전 의무 불이행,단일로,지하차도(도로)내,특수차,승용차,128.9009778,35.17504721
2749,2018,2018-07-10 16:15,주,화,1,1,0,0,부산,강서구,차대차,측면충돌,운전자법규위반,안전운전 의무 불이행,단일로,기타단일로,원동기장치자전거,특수차,128.8875629,35.16106411
2750,2018,2018-07-08 21:40,야,일,1,1,0,0,부산,사상구,차대사람,횡단중,운전자법규위반,안전운전 의무 불이행,단일로,지하차도(도로)내,승용차,보행자,128.9833827,35.17223563
2751,2018,2018-09-20 23:55,야,목,1,1,0,0,부산,사상구,차대사람,보도통행중,운전자법규위반,기타(운전자법규위반),단일로,지하차도(도로)내,승용차,보행자,128.9689747,35.14528151
2752,2018,2018-10-13 12:35,주,토,1,1,0,0,부산,사상구,차대차,측면충돌,운전자법규위반,교차로 통행방법 위반,단일로,지하차도(도로)내,화물차,이륜차,128.9807614,35.19056148
2753,2018,2018-11-07 13:17,주,수,1,1,0,0,부산,사상구,차대차,측면충돌,운전자법규위반,안전운전 의무 불이행,교차로,교차로내,화물차,자전거,128.9815527,35.15815583
2754,2018,2018-05-07 09:05,주,월,1,5,4,0,부산,기장군,차량단독,공작물충돌,운전자법규위반,과속,교차로,교차로내,승용차,없음,129.204353,35.25326437
2755,2018,2018-09-02 13:55,주,일,1,3,1,1,울산,울주군,차대차,추돌,운전자법규위반,안전거리 미확보,단일로,기타단일로,화물차,승용차,129.2371221,35.56338086
2756,2018,2018-10-24 15:20,주,수,1,2,0,1,울산,울주군,차대차,추돌,운전자법규위반,안전운전 의무 불이행,단일로,기타단일로,화물차,화물차,129.1688996,35.65195541
2757,2018,2018-11-19 10:15,주,월,1,1,0,0,경기,수원시,차대사람,기타,운전자법규위반,안전운전 의무 불이행,단일로,기타단일로,승합차,보행자,126.9933284,37.30348397
2758,2018,2018-08-09 09:12,주,목,1,1,0,0,경기,수원시,차대사람,횡단중,운전자법규위반,안전운전 의무 불이행,교차로,교차로내,승용차,보행자,126.9979054,37.30158443
2759,2018,2018-11-27 10:19,주,화,1,8,3,4,경기,성남시,차대차,추돌,운전자법규위반,과속,단일로,기타단일로,건설기계,승용차,127.0974867,37.42460609