,발생년,발생년월일시분,주야,요일,사망자수,사상자수,중상자수,경상자수,발생지시도,발생지시군구,사고유형_대분류,사고유형,법규위반_대분류,법규위반,도로형태_대분류,도로형태,가해자_당사자종별,피해자_당사자종별,경도,위도
2760,2018,2018-01-26 20:15,야,금,1,2,0,1,경기,평택시,차대사람,횡단중,운전자법규위반,안전운전 의무 불이행,교차로,교차로내,승용차,보행자,127.10319640000002,37.03265963
2761,2018,2018-03-15 15:02,주,목,1,2,0,1,경기,평택시,차대차,정면충돌,운전자법규위반,중앙선 침범,단일로,기타단일로,승용차,승합차,127.13717920000002,37.00575239
2762,2018,2018-04-07 15:45,주,토,1,1,0,0,경기,평택시,차대사람,횡단중,운전자법규위반,안전운전 의무 불이행,단일로,기타단일로,화물차,보행자,126.86527179999999,36.98774403
2763,2018,2018-02-10 06:10,주,토,1,1,0,0,경기,평택시,차대차,추돌,운전자법규위반,안전운전 의무 불이행,단일로,기타단일로,승용차,특수차,126.9423115,37.02792007
2764,2018,2018-03-27 15:33,주,화,1,1,0,0,경기,평택시,차량단독,공작물충돌,운전자법규위반,안전운전 의무 불이행,단일로,기타단일로,화물차,없음,126.9931703,36.95574499
2765,2018,2018-10-08 22:00,야,월,1,2,0,1,경기,평택시,차대차,측면충돌,운전자법규위반,신호위반,교차로,교차로내,화물차,승용차,127.05287050000001,36.94802505
2766,2018,2018-06-26 15:37,주,화,1,3,2,0,경기,안성시,차대차,정면충돌,운전자법규위반,중앙선 침범,단일로,기타단일로,승용차,승용차,127.3100354,36.96071312
2767,2018,2018-11-20 05:50,야,화,1,1,0,0,경기,이천시,차대차,측면충돌,운전자법규위반,신호위반,교차로,교차로부근,승용차,자전거,127.47101540000001,37.26365047
2768,2018,2018-05-02 20:28,야,수,1,9,2,6,경기,광주시,차대차,정면충돌,운전자법규위반,중앙선 침범,단일로,기타단일로,화물차,승합차,127.2175608,37.35813463
2769,2018,2018-10-29 05:30,야,월,1,1,0,0,경기,여주시,차대사람,횡단중,운전자법규위반,안전운전 의무 불이행,단일로,기타단일로,승용차,보행자,127.67166509999998,37.30432687
2770,2018,2018-12-15 13:17,주,토,1,4,1,2,경기,용인시,차대차,기타,운전자법규위반,안전운전 의무 불이행,단일로,기타단일로,화물차,승용차,127.115054,37.23357048
2771,2018,2018-10-31 00:03,야,수,1,1,0,0,경기,김포시,차량단독,기타,운전자법규위반,안전운전 의무 불이행,단일로,기타단일로,이륜차,없음,126.71720900000001,37.63688505
2772,2018,2018-07-26 09:52,주,목,1,2,0,1,경기,김포시,차대차,기타,운전자법규위반,안전운전 의무 불이행,기타,기타,승용차,화물차,126.73929129999999,37.60982744
2773,2018,2018-06-21 07:25,주,목,1,1,0,0,경기,김포시,차대사람,횡단중,운전자법규위반,보행자 보호의무 위반,교차로,교차로내,건설기계,보행자,126.6275131,37.63683265
2774,2018,2018-09-14 22:23,야,금,1,1,0,0,경기,김포시,차대차,측면충돌,운전자법규위반,교차로 통행방법 위반,교차로,교차로내,승용차,이륜차,126.60096740000002,37.610639299999995
2775,2018,2018-01-05 23:10,야,금,1,1,0,0,경기,화성시,차대사람,횡단중,운전자법규위반,안전운전 의무 불이행,단일로,기타단일로,승용차,보행자,127.0203797,37.197917
2776,2018,2018-07-29 13:30,주,일,1,1,0,0,경기,오산시,차대차,기타,운전자법규위반,안전운전 의무 불이행,단일로,기타단일로,자전거,화물차,127.068063,37.13124281
2777,2018,2018-08-11 19:55,야,토,1,2,0,1,경기,화성시,차대차,추돌,운전자법규위반,안전운전 의무 불이행,단일로,기타단일로,이륜차,승용차,127.10324540000002,37.18075421
2778,2018,2018-05-01 07:48,주,화,1,2,0,0,경기,오산시,차대차,기타,운전자법규위반,안전운전 의무 불이행,교차로,교차로내,자전거,화물차,127.0686115,37.15360889
2779,2018,2018-02-24 06:10,주,토,1,3,2,0,경기,오산시,차대차,추돌,운전자법규위반,안전운전 의무 불이행,단일로,기타단일로,승용차,승합차,127.06479590000001,37.15521748
2780,2018,2018-02-20 18:00,야,화,1,1,0,0,경기,부천시,차대사람,횡단중,운전자법규위반,안전운전 의무 불이행,교차로,교차로횡단보도내,승합차,보행자,126.7857257,37.497846700000004
2781,2018,2018-03-28 23:25,야,수,1,1,0,0,경기,부천시,차대차,기타,운전자법규위반,안전운전 의무 불이행,단일로,기타단일로,승용차,승용차,126.78393020000001,37.48920991
2782,2018,2018-09-19 19:15,야,수,1,1,0,0,경기,부천시,차대사람,기타,운전자법규위반,안전운전 의무 불이행,단일로,기타단일로,승용차,보행자,126.78190579999999,37.50807186
2783,2018,2018-01-29 21:55,야,월,1,2,0,1,경기,안산시,차량단독,공작물충돌,운전자법규위반,안전운전 의무 불이행,단일로,기타단일로,화물차,없음,126.60493329999998,37.23941277
2784,2018,2018-04-08 19:10,야,일,1,1,0,0,경기,안산시,차대사람,횡단중,운전자법규위반,안전운전 의무 불이행,단일로,기타단일로,화물차,보행자,126.7898007,37.3156518
2785,2018,2018-06-15 11:02,주,금,1,1,0,0,경기,성남시,차대사람,횡단중,운전자법규위반,안전운전 의무 불이행,단일로,기타단일로,화물차,보행자,127.12669609999999,37.42133981
2786,2018,2018-11-08 04:55,야,목,1,1,0,0,경기,성남시,차량단독,공작물충돌,운전자법규위반,안전운전 의무 불이행,단일로,기타단일로,승용차,없음,127.11890590000002,37.3796353
2787,2018,2018-10-10 10:50,주,수,1,2,0,1,경기,성남시,차대차,기타,운전자법규위반,안전거리 미확보,단일로,기타단일로,승용차,승용차,127.1012381,37.350119899999996
2788,2018,2018-08-27 03:00,야,월,1,1,0,0,경기,성남시,차대사람,차도통행중,운전자법규위반,안전운전 의무 불이행,단일로,기타단일로,승합차,보행자,127.11605279999999,37.341046899999995
2789,2018,2018-06-17 13:40,주,일,1,1,0,0,경기,성남시,차대차,기타,운전자법규위반,교차로 통행방법 위반,교차로,교차로내,승용차,이륜차,127.14246940000001,37.374562
2790,2018,2018-06-28 16:56,주,목,1,1,0,0,경기,성남시,차대사람,기타,운전자법규위반,안전운전 의무 불이행,단일로,기타단일로,승용차,보행자,127.1186166,37.3720808
2791,2018,2018-01-10 17:10,주,수,1,1,0,0,경기,성남시,차대사람,차도통행중,운전자법규위반,안전운전 의무 불이행,단일로,기타단일로,승용차,보행자,127.12830659999999,37.40191124
2792,2018,2018-08-09 15:04,주,목,1,2,0,1,경기,시흥시,차대차,추돌,운전자법규위반,안전운전 의무 불이행,단일로,기타단일로,화물차,화물차,126.72614409999998,37.363557
2793,2018,2018-07-13 23:52,야,금,1,3,0,0,경기,시흥시,차대사람,횡단중,운전자법규위반,안전운전 의무 불이행,단일로,기타단일로,승용차,보행자,126.78943170000001,37.42066802
2794,2018,2018-10-15 17:50,주,월,1,2,0,1,경기,시흥시,차대차,측면충돌,운전자법규위반,중앙선 침범,교차로,교차로부근,승용차,승용차,126.78501740000002,37.40592217
2795,2018,2018-07-31 21:15,야,화,1,1,0,0,경기,시흥시,차대사람,차도통행중,운전자법규위반,안전운전 의무 불이행,단일로,기타단일로,승용차,보행자,126.78103899999999,37.43677864
2796,2018,2018-07-08 20:47,야,일,1,1,0,0,경기,안산시,차대사람,횡단중,운전자법규위반,안전운전 의무 불이행,단일로,기타단일로,승용차,보행자,126.91294679999999,37.31016136
2797,2018,2018-08-05 04:53,야,일,1,1,0,0,경기,안산시,차대사람,차도통행중,운전자법규위반,안전운전 의무 불이행,단일로,기타단일로,승용차,보행자,126.8702412,37.29032772
2798,2018,2018-02-27 20:15,야,화,1,1,0,0,경기,안산시,차대사람,횡단중,운전자법규위반,보행자 보호의무 위반,교차로,교차로부근,승용차,보행자,126.86233529999998,37.33676957
2799,2018,2018-01-29 18:45,야,월,1,1,0,0,경기,안산시,차대차,측면충돌,운전자법규위반,안전운전 의무 불이행,단일로,기타단일로,승합차,기타,126.8614019,37.29366054
2800,2018,2018-02-28 19:20,야,수,1,1,0,0,경기,수원시,차대사람,보도통행중,운전자법규위반,보행자 보호의무 위반,교차로,교차로부근,승합차,보행자,127.0178097,37.2706224
2801,2018,2018-12-27 14:00,주,목,1,1,0,0,경기,여주시,차량단독,기타,운전자법규위반,안전운전 의무 불이행,단일로,기타단일로,승용차,없음,127.5198668,37.37303657
2802,2018,2018-04-14 20:59,야,토,1,1,0,0,경기,성남시,차대차,측면충돌,운전자법규위반,안전거리 미확보,단일로,기타단일로,승용차,승용차,127.10341240000001,37.3574825
2803,2018,2018-08-09 05:45,야,목,1,2,0,1,경기,화성시,차대차,추돌,운전자법규위반,안전운전 의무 불이행,단일로,기타단일로,화물차,특수차,126.89502809999999,37.2719245
2804,2018,2018-10-15 01:30,야,월,1,1,0,0,경기,화성시,차량단독,기타,운전자법규위반,안전운전 의무 불이행,단일로,기타단일로,이륜차,없음,126.9077351,37.27394476
2805,2018,2018-01-12 16:14,주,금,1,1,0,0,경기,화성시,차량단독,공작물충돌,운전자법규위반,안전운전 의무 불이행,교차로,교차로내,화물차,없음,126.81585020000001,37.21316453
2806,2018,2018-10-06 06:40,주,토,1,1,0,0,경기,화성시,차량단독,공작물충돌,운전자법규위반,안전운전 의무 불이행,단일로,기타단일로,화물차,없음,126.9680428,37.199009600000004
2807,2018,2018-07-09 00:08,야,월,1,1,0,0,경기,화성시,차대차,기타,운전자법규위반,과속,기타,기타,승용차,특수차,126.90025630000001,37.11875821
2808,2018,2018-02-09 00:04,야,금,1,1,0,0,경기,화성시,차량단독,공작물충돌,운전자법규위반,안전운전 의무 불이행,단일로,기타단일로,이륜차,없음,126.9568909,37.21736559
2809,2018,2018-04-02 00:05,야,월,2,2,0,0,경기,화성시,차대차,기타,운전자법규위반,안전운전 의무 불이행,교차로,교차로부근,승용차,특수차,126.9258178,37.07573399
2810,2018,2018-05-26 06:30,주,토,1,1,0,0,경기,하남시,차대차,측면충돌,운전자법규위반,신호위반,교차로,교차로내,자전거,화물차,127.20371019999999,37.55180524
2811,2018,2018-05-04 13:35,주,금,1,4,1,2,경기,하남시,차대차,기타,운전자법규위반,안전운전 의무 불이행,단일로,기타단일로,승용차,승용차,127.21027079999999,37.53867974
2812,2018,2018-05-18 12:59,주,금,1,1,0,0,경기,안양시,차량단독,전도,운전자법규위반,기타(운전자법규위반),단일로,기타단일로,이륜차,없음,126.911629,37.41831078
2813,2018,2018-07-16 13:08,주,월,1,1,0,0,강원,춘천시,차대차,측면충돌,운전자법규위반,신호위반,교차로,교차로내,이륜차,승용차,127.72214620000001,37.86709201
2814,2018,2018-08-16 06:25,주,목,1,1,0,0,강원,춘천시,차대차,측면충돌,운전자법규위반,안전운전 의무 불이행,교차로,교차로내,승합차,자전거,127.7361366,37.85047888
2815,2018,2018-08-04 10:20,주,토,1,1,0,0,강원,춘천시,차량단독,공작물충돌,운전자법규위반,안전운전 의무 불이행,교차로,교차로부근,승용차,없음,127.7671548,37.76640715
2816,2018,2018-04-24 18:05,야,화,1,4,3,0,강원,춘천시,차대차,측면충돌,운전자법규위반,차로위반(진로변경 위반),단일로,교량위,화물차,승용차,127.7650831,37.87326726
2817,2018,2018-03-17 19:50,야,토,1,1,0,0,강원,강릉시,차대사람,횡단중,운전자법규위반,안전운전 의무 불이행,단일로,기타단일로,승용차,보행자,128.8999387,37.75341037
2818,2018,2018-05-31 23:38,야,목,1,3,2,0,강원,강릉시,차대차,정면충돌,운전자법규위반,중앙선 침범,단일로,기타단일로,승용차,승용차,128.926645,37.77388834
2819,2018,2018-12-01 18:19,야,토,1,2,0,1,강원,원주시,차대차,추돌,운전자법규위반,안전거리 미확보,단일로,기타단일로,승용차,건설기계,127.8141506,37.28296883
2820,2018,2018-10-07 19:10,야,일,1,1,0,0,강원,원주시,차대사람,차도통행중,운전자법규위반,안전운전 의무 불이행,단일로,기타단일로,승용차,보행자,127.81549229999999,37.30440043
2821,2018,2018-04-29 20:10,야,일,1,1,0,0,강원,원주시,차대사람,횡단중,운전자법규위반,안전운전 의무 불이행,교차로,교차로내,화물차,보행자,128.0880431,37.24305712
2822,2018,2018-10-13 14:40,주,토,1,2,1,0,강원,양양군,차량단독,공작물충돌,운전자법규위반,안전운전 의무 불이행,단일로,기타단일로,승용차,없음,128.6308355,38.11399529
2823,2018,2018-09-28 11:00,주,금,1,1,0,0,강원,삼척시,차량단독,도로이탈 추락,운전자법규위반,안전운전 의무 불이행,단일로,기타단일로,농기계,없음,129.1488309,37.4328537
2824,2018,2018-07-30 08:55,주,월,1,2,1,0,강원,영월군,차대차,정면충돌,운전자법규위반,교차로 통행방법 위반,교차로,교차로내,화물차,승용차,128.4066431,37.17895925
2825,2018,2018-08-31 20:00,야,금,1,1,0,0,강원,영월군,차대사람,길가장자리구역통행중,운전자법규위반,안전운전 의무 불이행,단일로,지하차도(도로)내,화물차,보행자,128.4259857,37.26566637
2826,2018,2018-03-09 07:00,주,금,1,4,3,0,강원,홍천군,차량단독,공작물충돌,운전자법규위반,안전운전 의무 불이행,단일로,기타단일로,승용차,없음,127.7503614,37.59979142
2827,2018,2018-12-23 15:10,주,일,1,1,0,0,강원,평창군,차량단독,공작물충돌,운전자법규위반,안전운전 의무 불이행,단일로,기타단일로,화물차,없음,128.381245,37.62410402
2828,2018,2018-10-21 11:29,주,일,1,1,0,0,강원,평창군,차대차,측면충돌,운전자법규위반,앞지르기 방법위반,단일로,기타단일로,이륜차,승용차,128.3566741,37.43244551
2829,2018,2018-01-20 08:06,주,토,1,2,0,1,강원,평창군,차대사람,횡단중,운전자법규위반,과속,교차로,교차로내,승합차,보행자,128.4319598,37.56471023
2830,2018,2018-10-12 00:55,야,금,1,1,0,0,강원,화천군,차량단독,공작물충돌,운전자법규위반,중앙선 침범,단일로,기타단일로,승용차,없음,127.68282450000001,38.07110435
2831,2018,2018-05-27 14:40,주,일,1,1,0,0,강원,화천군,차대차,측면충돌,운전자법규위반,안전운전 의무 불이행,단일로,기타단일로,이륜차,이륜차,127.4589158,38.04243441
2832,2018,2018-08-30 15:20,주,목,1,1,0,0,강원,화천군,차량단독,공작물충돌,운전자법규위반,안전운전 의무 불이행,단일로,기타단일로,화물차,없음,127.5683149,38.1784761
2833,2018,2018-06-10 16:10,주,일,1,1,0,0,강원,태백시,차량단독,전복,운전자법규위반,과속,교차로,교차로부근,승용차,없음,128.99099329999999,37.16625129
2834,2018,2018-09-22 11:27,주,토,1,1,0,0,강원,태백시,차대사람,횡단중,운전자법규위반,과속,단일로,기타단일로,승용차,보행자,129.0370763,37.11436123
2835,2018,2018-08-31 13:00,주,금,1,1,0,0,강원,정선군,차량단독,기타,운전자법규위반,안전운전 의무 불이행,단일로,기타단일로,화물차,없음,128.861326,37.5558295
2836,2018,2018-06-12 15:35,주,화,1,1,0,0,강원,횡성군,차대차,기타,운전자법규위반,안전운전 의무 불이행,단일로,기타단일로,화물차,화물차,128.0674095,37.44402104
2837,2018,2018-12-05 17:45,주,수,1,1,0,0,강원,고성군,차대차,정면충돌,운전자법규위반,중앙선 침범,기타,기타,이륜차,승용차,128.4787619,38.37773318
2838,2018,2018-05-20 14:10,주,일,1,1,0,0,강원,철원군,차량단독,전도,운전자법규위반,안전운전 의무 불이행,교차로,교차로부근,사륜오토바이(ATV),없음,127.4320512,38.23048973
2839,2018,2018-09-05 16:15,주,수,1,1,0,0,강원,원주시,차량단독,공작물충돌,정비불량,정비불량 제차의 운전금지위반,단일로,기타단일로,화물차,없음,127.92919380000001,37.42555151
2840,2018,2018-04-19 13:10,주,목,1,2,0,1,충북,청주시,차대차,측면충돌,운전자법규위반,신호위반,교차로,교차로내,화물차,화물차,127.54471570000001,36.74254876
2841,2018,2018-06-08 07:05,주,금,1,1,0,0,충북,청주시,차대차,기타,운전자법규위반,중앙선 침범,단일로,기타단일로,이륜차,승용차,127.4823287,36.72343539
2842,2018,2018-07-15 10:25,주,일,1,1,0,0,충북,청주시,차량단독,도로이탈 추락,운전자법규위반,중앙선 침범,단일로,기타단일로,이륜차,없음,127.56574099999999,36.70367599
2843,2018,2018-07-16 08:05,주,월,1,1,0,0,충북,청주시,차대사람,횡단중,운전자법규위반,안전운전 의무 불이행,단일로,기타단일로,승용차,보행자,127.48910320000002,36.64836907
2844,2018,2018-06-16 06:35,주,토,1,2,0,0,충북,충주시,차대차,기타,운전자법규위반,과속,단일로,기타단일로,화물차,이륜차,127.9582263,36.97058188
2845,2018,2018-09-08 19:25,야,토,1,1,0,0,충북,충주시,차대사람,횡단중,운전자법규위반,안전운전 의무 불이행,단일로,기타단일로,승용차,보행자,127.9361893,36.95770216
2846,2018,2018-02-18 23:35,야,일,1,1,0,0,충북,충주시,차량단독,공작물충돌,운전자법규위반,안전운전 의무 불이행,단일로,교량위,화물차,없음,127.92053349999999,37.01737074
2847,2018,2018-12-06 18:46,야,목,1,1,0,0,충북,제천시,차대차,정면충돌,운전자법규위반,중앙선 침범,기타,기타,화물차,이륜차,128.15095159999998,36.92539418
2848,2018,2018-01-13 07:05,주,토,1,1,0,0,충북,제천시,차대차,정면충돌,운전자법규위반,안전운전 의무 불이행,단일로,지하차도(도로)내,승용차,화물차,128.211598,37.11073455
2849,2018,2018-07-13 20:40,야,금,1,2,1,0,충북,영동군,차량단독,전도,운전자법규위반,안전운전 의무 불이행,단일로,기타단일로,이륜차,없음,127.78426850000001,36.174231799999994
2850,2018,2018-11-07 17:50,주,수,1,1,0,0,충북,음성군,차대사람,횡단중,운전자법규위반,안전운전 의무 불이행,교차로,교차로부근,승용차,보행자,127.68928740000001,36.91401002
2851,2018,2018-11-28 06:02,주,수,1,1,0,0,충북,음성군,차대사람,횡단중,운전자법규위반,과속,교차로,교차로내,승용차,보행자,127.56979840000001,36.98509799
2852,2018,2018-11-25 13:30,주,일,1,1,0,0,충북,옥천군,차량단독,공작물충돌,운전자법규위반,안전운전 의무 불이행,단일로,기타단일로,화물차,없음,127.5234463,36.26751792
2853,2018,2018-09-28 18:55,야,금,1,1,0,0,충북,옥천군,차대차,추돌,운전자법규위반,안전운전 의무 불이행,단일로,기타단일로,승용차,사륜오토바이(ATV),127.5720375,36.28654833
2854,2018,2018-07-27 20:20,야,금,1,1,0,0,충북,진천군,차대사람,횡단중,운전자법규위반,과속,단일로,기타단일로,승용차,보행자,127.45745600000001,36.84641741
2855,2018,2018-09-14 21:12,야,금,1,1,0,0,충북,진천군,차대사람,길가장자리구역통행중,운전자법규위반,안전운전 의무 불이행,단일로,기타단일로,승합차,보행자,127.3004406,36.89675737
2856,2018,2018-02-10 23:24,야,토,1,5,0,4,충북,청주시,차대차,정면충돌,운전자법규위반,중앙선 침범,단일로,지하차도(도로)내,승용차,승합차,127.3232388,36.58786498
2857,2018,2018-11-23 12:00,주,금,1,1,0,0,충북,청주시,차대차,기타,운전자법규위반,안전운전 의무 불이행,교차로,교차로내,이륜차,특수차,127.31201770000001,36.60064916
2858,2018,2018-12-27 18:05,야,목,1,5,4,0,충북,청주시,차대차,측면충돌,운전자법규위반,신호위반,교차로,교차로내,승용차,승용차,127.4986375,36.51232318
2859,2018,2018-04-23 19:30,야,월,1,1,0,0,충북,청주시,차대사람,횡단중,운전자법규위반,안전운전 의무 불이행,단일로,지하차도(도로)내,화물차,보행자,127.4925217,36.58332601
2860,2018,2018-04-29 20:35,야,일,1,4,0,3,충북,청주시,차대차,추돌,운전자법규위반,안전운전 의무 불이행,교차로,교차로부근,화물차,화물차,127.6720383,36.61565619
2861,2018,2018-03-12 05:25,야,월,1,2,0,1,경기,하남시,차대차,측면충돌,운전자법규위반,안전거리 미확보,단일로,기타단일로,화물차,화물차,127.22084790000001,37.519136700000004
2862,2018,2018-01-14 13:50,주,일,1,4,3,0,충남,서산시,차대차,추돌,운전자법규위반,안전운전 의무 불이행,단일로,기타단일로,승용차,승용차,126.428628,36.969561799999994
2863,2018,2018-03-22 07:10,주,목,1,3,2,0,충남,서산시,차대차,측면충돌,운전자법규위반,중앙선 침범,단일로,기타단일로,화물차,승용차,126.44153290000001,36.90888652
2864,2018,2018-12-01 15:44,주,토,1,1,0,0,충남,서산시,차량단독,도로이탈 추락,운전자법규위반,안전운전 의무 불이행,단일로,기타단일로,자전거,없음,126.58616529999999,36.81968264
2865,2018,2018-05-29 12:30,주,화,1,1,0,0,충남,천안시,차량단독,공작물충돌,운전자법규위반,안전운전 의무 불이행,단일로,교량위,이륜차,없음,127.26155890000001,36.89753308
2866,2018,2018-07-06 21:49,야,금,1,1,0,0,충남,천안시,차대사람,횡단중,운전자법규위반,과속,단일로,기타단일로,승용차,보행자,127.1149906,36.81166316
2867,2018,2018-10-20 19:20,야,토,1,1,0,0,충남,천안시,차대사람,횡단중,운전자법규위반,안전운전 의무 불이행,단일로,기타단일로,화물차,보행자,127.2001865,36.87748089
2868,2018,2018-11-26 23:30,야,월,1,1,0,0,충남,천안시,차량단독,공작물충돌,운전자법규위반,안전운전 의무 불이행,단일로,기타단일로,승용차,없음,127.132981,36.82654915
2869,2018,2018-10-14 16:40,주,일,1,1,0,0,충남,천안시,차량단독,공작물충돌,운전자법규위반,안전운전 의무 불이행,단일로,기타단일로,이륜차,없음,127.27891129999999,36.89357318
2870,2018,2018-11-02 07:50,주,금,1,1,0,0,충남,천안시,차대차,측면충돌,운전자법규위반,중앙선 침범,교차로,교차로부근,승용차,원동기장치자전거,127.13455249999998,36.92276648
2871,2018,2018-10-04 06:08,주,목,1,1,0,0,충남,논산시,차대사람,횡단중,운전자법규위반,안전운전 의무 불이행,교차로,교차로부근,승용차,보행자,127.2003949,36.2128173
2872,2018,2018-02-24 14:20,주,토,1,1,0,0,충남,논산시,차대차,측면충돌,운전자법규위반,중앙선 침범,단일로,기타단일로,자전거,화물차,127.07908710000001,36.19576432
2873,2018,2018-08-13 18:55,야,월,1,1,0,0,충남,홍성군,차대차,측면충돌,운전자법규위반,안전운전 의무 불이행,교차로,교차로내,이륜차,화물차,126.6358689,36.54956178
2874,2018,2018-09-01 00:21,야,토,1,1,0,0,충남,홍성군,차량단독,공작물충돌,운전자법규위반,안전운전 의무 불이행,단일로,기타단일로,화물차,없음,126.46842930000001,36.56397036
2875,2018,2018-11-07 18:17,야,수,1,1,0,0,충남,아산시,차대사람,횡단중,운전자법규위반,안전운전 의무 불이행,단일로,기타단일로,화물차,보행자,127.0388344,36.86360475
2876,2018,2018-12-18 06:20,주,화,1,1,0,0,충남,아산시,차대차,추돌,운전자법규위반,안전거리 미확보,단일로,기타단일로,화물차,화물차,126.98697250000001,36.66131898
2877,2018,2018-09-17 14:08,주,월,1,1,0,0,충남,아산시,차대차,기타,운전자법규위반,안전운전 의무 불이행,교차로,교차로내,건설기계,이륜차,127.06320729999999,36.79556436
2878,2018,2018-07-28 20:00,야,토,1,1,0,0,충남,아산시,차대차,추돌,운전자법규위반,안전운전 의무 불이행,단일로,기타단일로,이륜차,승용차,126.90578119999999,36.87926716
2879,2018,2018-11-12 04:17,야,월,1,1,0,0,충남,아산시,차량단독,공작물충돌,운전자법규위반,안전운전 의무 불이행,기타,기타,승용차,없음,127.048708,36.81762315
2880,2018,2018-07-18 21:30,야,수,1,1,0,0,충남,아산시,차대차,추돌,운전자법규위반,안전운전 의무 불이행,단일로,기타단일로,화물차,건설기계,126.9371682,36.87598544
2881,2018,2018-08-10 19:45,야,금,1,1,0,0,충남,아산시,차대사람,기타,운전자법규위반,안전운전 의무 불이행,단일로,교량위,승용차,보행자,127.0949754,36.76113244
2882,2018,2018-03-07 06:30,주,수,1,1,0,0,충남,아산시,차대사람,횡단중,운전자법규위반,안전운전 의무 불이행,교차로,교차로내,화물차,보행자,127.0322225,36.90656916
2883,2018,2018-04-15 13:30,주,일,1,1,0,0,충남,아산시,차량단독,기타,운전자법규위반,안전운전 의무 불이행,단일로,기타단일로,자전거,없음,126.99766699999999,36.77865555
2884,2018,2018-11-14 21:54,야,수,1,1,0,0,충남,서천군,차량단독,도로이탈 추락,운전자법규위반,안전운전 의무 불이행,단일로,기타단일로,원동기장치자전거,없음,126.5366751,36.16428383
2885,2018,2018-10-26 04:30,야,금,1,1,0,0,충남,보령시,차량단독,도로이탈 추락,운전자법규위반,안전운전 의무 불이행,교차로,교차로내,승용차,없음,126.6099216,36.36140053
2886,2018,2018-09-29 01:25,야,토,1,2,1,0,충남,보령시,차대사람,차도통행중,운전자법규위반,안전운전 의무 불이행,단일로,기타단일로,승용차,보행자,126.534253,36.22482884
2887,2018,2018-08-27 11:10,주,월,1,1,0,0,충남,보령시,차량단독,공작물충돌,운전자법규위반,안전운전 의무 불이행,단일로,기타단일로,화물차,없음,126.6576018,36.29644947
2888,2018,2018-08-12 18:35,야,일,1,1,0,0,충남,공주시,차량단독,공작물충돌,운전자법규위반,안전운전 의무 불이행,단일로,교량위,승용차,없음,127.08928490000001,36.45090814
2889,2018,2018-12-21 02:56,야,금,1,1,0,0,충남,공주시,차량단독,전도,운전자법규위반,안전운전 의무 불이행,기타,기타,화물차,없음,127.13619209999999,36.44501111
2890,2018,2018-01-16 00:10,야,화,2,2,0,0,세종,세종,차대차,추돌,운전자법규위반,안전운전 의무 불이행,단일로,기타단일로,승용차,화물차,127.15804490000001,36.72522625
2891,2018,2018-04-02 13:25,주,월,1,1,0,0,세종,세종,차대차,측면충돌,운전자법규위반,안전운전 의무 불이행,단일로,기타단일로,이륜차,화물차,127.29244479999998,36.57804303
2892,2018,2018-11-22 07:25,주,목,1,7,2,4,충남,예산군,차대차,측면충돌,운전자법규위반,안전운전 의무 불이행,단일로,교량위,화물차,화물차,126.88060800000001,36.64014237
2893,2018,2018-11-18 20:43,야,일,1,1,0,0,충남,예산군,차대차,측면충돌,운전자법규위반,직진 및 우회전차의 통행방해,교차로,교차로내,승용차,이륜차,126.69372549999999,36.66748351
2894,2018,2018-10-21 07:30,주,일,1,2,0,1,충남,예산군,차대차,추돌,운전자법규위반,안전운전 의무 불이행,단일로,기타단일로,화물차,화물차,126.8808793,36.63699761
2895,2018,2018-10-05 11:30,주,금,1,1,0,0,충남,예산군,차대차,정면충돌,운전자법규위반,신호위반,교차로,교차로내,승용차,화물차,126.83272109999999,36.72470702
2896,2018,2018-09-15 07:08,주,토,1,6,1,4,충남,예산군,차대차,추돌,운전자법규위반,안전운전 의무 불이행,교차로,교차로부근,승용차,승용차,126.6321825,36.68519738
2897,2018,2018-04-29 11:10,주,일,1,1,0,0,충남,예산군,차대차,추돌,운전자법규위반,안전운전 의무 불이행,단일로,기타단일로,이륜차,승용차,126.69226689999999,36.72884523
2898,2018,2018-04-14 05:30,야,토,1,1,0,0,충남,예산군,차량단독,공작물충돌,운전자법규위반,안전운전 의무 불이행,기타,기타,화물차,없음,126.74918090000001,36.67930373
2899,2018,2018-04-03 16:20,주,화,1,1,0,0,충남,예산군,차대차,기타,운전자법규위반,직진 및 우회전차의 통행방해,교차로,교차로내,이륜차,농기계,126.71948859999999,36.72693547
2900,2018,2018-09-16 23:00,야,일,1,1,0,0,충남,부여군,차량단독,공작물충돌,운전자법규위반,안전운전 의무 불이행,교차로,교차로내,화물차,없음,126.874703,36.14854035
2901,2018,2018-12-18 18:00,야,화,1,1,0,0,충남,부여군,차대차,정면충돌,운전자법규위반,중앙선 침범,단일로,기타단일로,이륜차,승용차,126.7162865,36.28820292
2902,2018,2018-08-24 12:20,주,금,1,2,0,1,충남,당진시,차대차,측면충돌,운전자법규위반,신호위반,교차로,교차로내,화물차,화물차,126.7716804,36.80454827
2903,2018,2018-08-24 18:00,야,금,1,1,0,0,충남,당진시,차량단독,기타,운전자법규위반,안전운전 의무 불이행,단일로,기타단일로,승용차,없음,126.7279703,36.85943198