,발생년,발생년월일시분,주야,요일,사망자수,사상자수,중상자수,경상자수,발생지시도,발생지시군구,사고유형_대분류,사고유형,법규위반_대분류,법규위반,도로형태_대분류,도로형태,가해자_당사자종별,피해자_당사자종별,경도,위도
3049,2018,2018-12-12 04:11,야,수,1,1,0,0,경남,고성군,차량단독,전복,운전자법규위반,안전운전 의무 불이행,단일로,기타단일로,화물차,없음,128.3469425,34.98391621
3050,2018,2018-03-20 19:45,야,화,1,1,0,0,경남,고성군,차대사람,차도통행중,운전자법규위반,안전운전 의무 불이행,단일로,기타단일로,승용차,보행자,128.30512109999998,35.11669744
3051,2018,2018-12-14 17:55,주,금,1,1,0,0,경남,고성군,차대사람,차도통행중,운전자법규위반,안전운전 의무 불이행,단일로,기타단일로,승합차,보행자,128.2339692,35.00433626
3052,2018,2018-01-05 16:18,주,금,1,1,0,0,경남,고성군,차대사람,횡단중,운전자법규위반,안전운전 의무 불이행,교차로,교차로내,화물차,보행자,128.2435366,34.98739786
3053,2018,2018-11-07 17:50,주,수,1,3,0,2,경남,고성군,차대차,추돌,운전자법규위반,안전운전 의무 불이행,단일로,기타단일로,승합차,농기계,128.187184,34.99763081
3054,2018,2018-08-21 08:55,주,화,1,1,0,0,경남,하동군,차대차,측면충돌,운전자법규위반,안전운전 의무 불이행,단일로,기타단일로,농기계,승용차,127.893194,35.02908401
3055,2018,2018-12-12 19:50,야,수,1,1,0,0,경남,거제시,차대사람,횡단중,운전자법규위반,안전운전 의무 불이행,단일로,기타단일로,화물차,보행자,128.7140433,34.85085836
3056,2018,2018-12-28 23:58,야,금,1,1,0,0,경남,거제시,차량단독,공작물충돌,운전자법규위반,안전운전 의무 불이행,단일로,기타단일로,승용차,없음,128.5970078,34.8411409
3057,2018,2018-11-21 10:30,주,수,1,1,0,0,경남,거제시,차대사람,차도통행중,운전자법규위반,신호위반,교차로,교차로부근,화물차,보행자,128.6824779,34.99063366
3058,2018,2018-01-23 18:50,야,화,1,1,0,0,경남,산청군,차량단독,공작물충돌,운전자법규위반,안전운전 의무 불이행,단일로,기타단일로,화물차,없음,127.7543888,35.273234
3059,2018,2018-10-13 10:05,주,토,1,1,0,0,경남,산청군,차대사람,횡단중,운전자법규위반,안전운전 의무 불이행,단일로,기타단일로,이륜차,보행자,127.90840290000001,35.29346093
3060,2018,2018-12-17 03:20,야,월,1,1,0,0,경남,산청군,차량단독,도로이탈 추락,운전자법규위반,안전운전 의무 불이행,단일로,기타단일로,승용차,없음,127.803132,35.24392460000001
3061,2018,2018-05-02 07:55,주,수,1,1,0,0,경남,함안군,차대차,측면충돌,운전자법규위반,과속,교차로,교차로내,승용차,화물차,128.5257061,35.30187439
3062,2018,2018-10-27 02:17,야,토,1,1,0,0,경남,창원시(통합),차대사람,횡단중,운전자법규위반,과속,교차로,교차로내,승용차,보행자,128.5822434,35.20876394
3063,2018,2018-12-24 20:02,야,월,1,1,0,0,경남,창원시(통합),차대사람,차도통행중,운전자법규위반,안전운전 의무 불이행,단일로,기타단일로,승용차,보행자,128.5258619,35.19732579
3064,2018,2018-11-30 18:50,야,금,1,1,0,0,경남,창원시(통합),차대사람,횡단중,운전자법규위반,안전운전 의무 불이행,단일로,기타단일로,승용차,보행자,128.5652115,35.23371962
3065,2018,2018-06-15 03:15,야,금,1,1,0,0,경남,창원시(통합),차대사람,차도통행중,운전자법규위반,안전운전 의무 불이행,단일로,기타단일로,승용차,보행자,128.5852793,35.24205295
3066,2018,2018-03-24 23:55,야,토,1,1,0,0,경남,창원시(통합),차대사람,횡단중,운전자법규위반,과속,단일로,기타단일로,승용차,보행자,128.6078334,35.21307682
3067,2018,2018-02-18 19:15,야,일,1,1,0,0,경남,창원시(통합),차대차,추돌,운전자법규위반,안전운전 의무 불이행,단일로,기타단일로,승용차,자전거,128.6536772,35.26950646
3068,2018,2018-08-30 19:45,야,목,1,1,0,0,경남,창원시(통합),차대사람,횡단중,운전자법규위반,안전운전 의무 불이행,교차로,교차로내,승용차,보행자,128.6263404,35.26117138
3069,2018,2018-07-10 10:50,주,화,2,3,0,1,경남,김해시,차대차,추돌,운전자법규위반,안전운전 의무 불이행,교차로,교차로부근,이륜차,화물차,128.8254021,35.27817867
3070,2018,2018-11-06 22:50,야,화,1,1,0,0,경남,창원시(통합),차대차,추돌,운전자법규위반,안전운전 의무 불이행,단일로,기타단일로,화물차,화물차,128.5720179,35.24236951
3071,2018,2018-02-01 20:00,야,목,1,2,0,1,경남,통영시,차대차,추돌,운전자법규위반,안전운전 의무 불이행,단일로,기타단일로,승용차,승용차,128.4098315,34.9017119
3072,2018,2018-04-09 11:10,주,월,1,1,0,0,제주,제주시,차대사람,횡단중,운전자법규위반,보행자 보호의무 위반,단일로,기타단일로,승용차,보행자,126.5406893,33.50738711
3073,2018,2018-01-22 00:35,야,월,1,1,0,0,제주,제주시,차대사람,횡단중,운전자법규위반,안전운전 의무 불이행,교차로,교차로부근,승용차,보행자,126.5816291,33.52126402
3074,2018,2018-10-24 14:05,주,수,1,1,0,0,제주,서귀포시,차량단독,도로이탈 기타,운전자법규위반,안전운전 의무 불이행,단일로,기타단일로,자전거,없음,126.91104209999999,33.45061471
3075,2018,2018-11-21 15:30,주,수,1,1,0,0,제주,서귀포시,차대차,측면충돌,운전자법규위반,안전운전 의무 불이행,단일로,기타단일로,화물차,이륜차,126.26529950000001,33.23379195
3076,2018,2018-10-15 19:50,야,월,1,1,0,0,제주,서귀포시,차대사람,횡단중,운전자법규위반,과속,단일로,기타단일로,승합차,보행자,126.698419,33.35033481
3077,2018,2018-08-15 23:10,야,수,1,1,0,0,제주,제주시,차량단독,전도,운전자법규위반,안전운전 의무 불이행,단일로,기타단일로,이륜차,없음,126.4178703,33.48821084
3078,2018,2018-03-22 21:50,야,목,1,1,0,0,제주,제주시,차대사람,차도통행중,운전자법규위반,안전운전 의무 불이행,단일로,기타단일로,화물차,보행자,126.18865929999998,33.35808308
3079,2018,2018-01-29 19:00,야,월,1,2,1,0,제주,제주시,차대사람,횡단중,운전자법규위반,안전운전 의무 불이행,단일로,기타단일로,승용차,보행자,126.36760670000001,33.47144634
3080,2018,2018-01-11 10:25,주,목,1,2,0,1,제주,제주시,차대차,정면충돌,운전자법규위반,신호위반,교차로,교차로내,화물차,화물차,126.1849994,33.29983605
3081,2018,2018-12-30 06:14,주,일,1,1,0,0,대구,동구,차대사람,횡단중,운전자법규위반,안전운전 의무 불이행,교차로,교차로내,승용차,보행자,128.73361409999998,35.87115172
3082,2018,2018-12-20 18:15,야,목,1,1,0,0,대구,동구,차대사람,차도통행중,운전자법규위반,안전운전 의무 불이행,기타,기타,승용차,보행자,128.6472703,35.88104104
3083,2018,2018-07-19 00:20,야,목,1,1,0,0,대구,동구,차대사람,횡단중,운전자법규위반,안전운전 의무 불이행,교차로,교차로횡단보도내,승용차,보행자,128.6180493,35.86784732
3084,2018,2018-05-11 07:23,주,금,1,4,2,0,대구,수성구,차대차,측면충돌,운전자법규위반,과속,교차로,교차로내,승용차,승용차,128.6800679,35.82918133
3085,2018,2018-04-19 20:25,야,목,1,1,0,0,대구,수성구,차대차,측면충돌,운전자법규위반,신호위반,교차로,교차로내,승용차,이륜차,128.6170829,35.85423372
3086,2018,2018-03-01 05:10,야,목,3,3,0,0,대구,수성구,차대차,기타,운전자법규위반,과속,단일로,기타단일로,승용차,원동기장치자전거,128.63054820000002,35.85876162
3087,2018,2018-02-09 22:05,야,금,1,1,0,0,대구,수성구,차대사람,횡단중,운전자법규위반,과속,교차로,교차로부근,승용차,보행자,128.61714740000002,35.82962043
3088,2018,2018-05-04 02:30,야,금,1,1,0,0,대구,달서구,차대사람,기타,운전자법규위반,안전운전 의무 불이행,단일로,기타단일로,승용차,보행자,128.5536435,35.83710001
3089,2018,2018-06-21 01:30,야,목,1,1,0,0,대구,북구,차량단독,기타,운전자법규위반,기타(운전자법규위반),단일로,지하차도(도로)내,이륜차,없음,128.55169270000002,35.89394284
3090,2018,2018-12-06 22:32,야,목,1,1,0,0,대구,북구,차대사람,횡단중,운전자법규위반,과속,단일로,기타단일로,승용차,보행자,128.60329950000002,35.87771154
3091,2018,2018-05-01 01:50,야,화,1,1,0,0,대구,서구,차대차,기타,운전자법규위반,안전운전 의무 불이행,단일로,기타단일로,원동기장치자전거,건설기계,128.5598507,35.88336792
3092,2018,2018-12-31 14:30,주,월,1,5,2,2,대구,달서구,차대차,정면충돌,운전자법규위반,중앙선 침범,교차로,교차로부근,승용차,승용차,128.4918909,35.85104103
3093,2018,2018-02-01 23:25,야,목,1,2,0,1,대구,달서구,차대사람,횡단중,운전자법규위반,안전운전 의무 불이행,단일로,기타단일로,승용차,보행자,128.54524990000002,35.85339346
3094,2018,2018-02-13 15:07,주,화,1,1,0,0,대구,북구,차대사람,보도통행중,운전자법규위반,기타(운전자법규위반),기타,기타,화물차,보행자,128.5458193,35.92165403
3095,2018,2018-08-20 04:10,야,월,1,1,0,0,인천,남구,차대사람,기타,운전자법규위반,안전운전 의무 불이행,기타,기타,화물차,보행자,126.6815551,37.45131038
3096,2018,2018-12-05 06:17,주,수,1,1,0,0,인천,남동구,차대사람,횡단중,운전자법규위반,과속,단일로,기타단일로,승용차,보행자,126.7236381,37.44887225
3097,2018,2018-07-04 19:11,야,수,1,1,0,0,인천,서구,차대사람,기타,운전자법규위반,안전운전 의무 불이행,교차로,교차로부근,화물차,보행자,126.6677499,37.49930976
3098,2018,2018-09-19 07:38,주,수,1,2,0,1,인천,서구,차대차,기타,운전자법규위반,안전운전 의무 불이행,교차로,교차로부근,승용차,승용차,126.6635155,37.53812755
3099,2018,2018-07-21 17:40,주,토,1,1,0,0,인천,서구,차대사람,보도통행중,운전자법규위반,과속,교차로,교차로횡단보도내,화물차,보행자,126.67883490000001,37.51187092
3100,2018,2018-10-01 21:30,야,월,1,1,0,0,인천,서구,차대사람,차도통행중,운전자법규위반,안전운전 의무 불이행,단일로,기타단일로,승용차,보행자,126.62588659999999,37.5559898
3101,2018,2018-12-25 01:37,야,화,1,1,0,0,인천,계양구,차대차,측면충돌,운전자법규위반,안전운전 의무 불이행,단일로,기타단일로,승용차,화물차,126.74045579999999,37.52420803
3102,2018,2018-08-06 05:45,야,월,1,1,0,0,인천,계양구,차대사람,차도통행중,운전자법규위반,안전운전 의무 불이행,단일로,기타단일로,승용차,보행자,126.7536045,37.57318051
3103,2018,2018-11-05 13:10,주,월,1,1,0,0,인천,연수구,차대사람,기타,운전자법규위반,안전운전 의무 불이행,교차로,교차로내,화물차,보행자,126.679849,37.41391946
3104,2018,2018-10-19 13:40,주,금,2,3,0,1,인천,연수구,차대차,추돌,운전자법규위반,안전운전 의무 불이행,교차로,교차로부근,승용차,화물차,126.63740990000002,37.34745775
3105,2018,2018-08-12 05:51,야,일,1,1,0,0,인천,연수구,차대사람,횡단중,운전자법규위반,안전운전 의무 불이행,단일로,기타단일로,승합차,보행자,126.67267700000001,37.4166727
3106,2018,2018-01-13 21:30,야,토,1,1,0,0,인천,남동구,차대차,정면충돌,운전자법규위반,중앙선 침범,단일로,기타단일로,승용차,원동기장치자전거,126.72075919999999,37.42014515
3107,2018,2018-01-04 16:55,주,목,1,1,0,0,경기,고양시,차대차,추돌,운전자법규위반,안전거리 미확보,단일로,기타단일로,승용차,화물차,126.8043476,37.63169859
3108,2018,2018-04-20 00:50,야,금,1,2,1,0,광주,서구,차대사람,횡단중,운전자법규위반,과속,단일로,기타단일로,승용차,보행자,126.8623511,35.15118617
3109,2018,2018-04-14 03:25,야,토,1,4,0,3,광주,서구,차대사람,횡단중,운전자법규위반,과속,교차로,교차로부근,승용차,보행자,126.87475500000001,35.14240239
3110,2018,2018-10-10 05:43,야,수,1,1,0,0,광주,북구,차대사람,횡단중,운전자법규위반,안전운전 의무 불이행,단일로,기타단일로,화물차,보행자,126.92415190000001,35.17198959
3111,2018,2018-08-01 08:20,주,수,1,1,0,0,광주,북구,차대사람,횡단중,운전자법규위반,안전운전 의무 불이행,단일로,기타단일로,특수차,보행자,126.87402859999999,35.20999005
3112,2018,2018-07-17 10:50,주,화,1,1,0,0,광주,북구,차량단독,기타,운전자법규위반,안전운전 의무 불이행,단일로,기타단일로,이륜차,없음,126.86378400000001,35.24301971
3113,2018,2018-06-28 02:03,야,목,1,1,0,0,광주,북구,차대사람,차도통행중,운전자법규위반,안전운전 의무 불이행,단일로,기타단일로,승용차,보행자,126.8965756,35.20223271
3114,2018,2018-09-20 09:15,주,목,1,1,0,0,광주,북구,차대사람,횡단중,운전자법규위반,안전운전 의무 불이행,교차로,교차로내,화물차,보행자,126.9365619,35.18015336
3115,2018,2018-04-03 20:30,야,화,1,2,1,0,광주,북구,차대사람,횡단중,운전자법규위반,신호위반,교차로,교차로내,이륜차,보행자,126.9093381,35.15677145
3116,2018,2018-01-29 14:35,주,월,1,1,0,0,광주,북구,차대사람,횡단중,운전자법규위반,보행자 보호의무 위반,교차로,교차로내,승용차,보행자,126.91113270000001,35.17009564
3117,2018,2018-06-23 22:33,야,토,1,1,0,0,광주,광산구,차대사람,횡단중,운전자법규위반,안전운전 의무 불이행,단일로,기타단일로,승용차,보행자,126.8308383,35.21021891
3118,2018,2018-04-02 14:35,주,월,1,1,0,0,광주,광산구,차대사람,기타,운전자법규위반,안전운전 의무 불이행,교차로,교차로횡단보도내,화물차,보행자,126.83005379999999,35.17865527
3119,2018,2018-01-13 12:20,주,토,1,1,0,0,대전,중구,차대사람,길가장자리구역통행중,운전자법규위반,안전운전 의무 불이행,단일로,기타단일로,승용차,보행자,127.41776540000001,36.31524706
3120,2018,2018-10-02 19:56,야,화,1,1,0,0,대전,동구,차대사람,차도통행중,운전자법규위반,과속,단일로,기타단일로,승용차,보행자,127.44354109999999,36.34880848
3121,2018,2018-11-27 10:00,주,화,1,1,0,0,대전,동구,차량단독,기타,운전자법규위반,안전운전 의무 불이행,교차로,교차로부근,승합차,없음,127.4326999,36.35890012
3122,2018,2018-09-13 08:30,주,목,1,1,0,0,대전,대덕구,차대사람,횡단중,운전자법규위반,신호위반,교차로,교차로횡단보도내,건설기계,보행자,127.42671740000002,36.43883562
3123,2018,2018-01-30 06:00,주,화,1,1,0,0,대전,대덕구,차대사람,횡단중,운전자법규위반,안전운전 의무 불이행,단일로,기타단일로,승용차,보행자,127.44308149999999,36.35257670000001
3124,2018,2018-04-29 11:15,주,일,1,1,0,0,대전,서구,차대차,측면충돌,운전자법규위반,안전운전 의무 불이행,단일로,기타단일로,승용차,자전거,127.36224209999999,36.36075994
3125,2018,2018-01-02 00:10,야,화,1,1,0,0,대전,유성구,차대차,추돌,운전자법규위반,안전운전 의무 불이행,기타,기타,승용차,승용차,127.3174037,36.31156577
3126,2018,2018-08-12 21:23,야,일,1,1,0,0,대전,유성구,차대사람,횡단중,운전자법규위반,과속,단일로,기타단일로,승용차,보행자,127.29496429999999,36.36014955
3127,2018,2018-03-14 06:20,주,수,1,1,0,0,대전,유성구,차대사람,횡단중,운전자법규위반,안전운전 의무 불이행,교차로,교차로횡단보도내,승용차,보행자,127.35071509999999,36.38496138
3128,2018,2018-02-08 07:10,주,목,1,1,0,0,울산,중구,차대사람,횡단중,운전자법규위반,과속,교차로,교차로내,승용차,보행자,129.3411078,35.55608565
3129,2018,2018-03-16 10:10,주,금,1,1,0,0,울산,북구,차대차,측면충돌,운전자법규위반,안전운전 의무 불이행,단일로,기타단일로,승용차,자전거,129.3562293,35.64195607
3130,2018,2018-03-29 19:10,야,목,1,1,0,0,울산,중구,차대사람,횡단중,운전자법규위반,안전운전 의무 불이행,교차로,교차로부근,승용차,보행자,129.34815490000003,35.55165957
3131,2018,2018-06-28 06:05,주,목,1,3,1,1,울산,북구,차대차,정면충돌,운전자법규위반,중앙선 침범,교차로,교차로내,화물차,승용차,129.35290320000001,35.60647025
3132,2018,2018-09-11 11:15,주,화,1,2,0,1,울산,남구,차대차,추돌,운전자법규위반,안전운전 의무 불이행,교차로,교차로부근,화물차,화물차,129.3585149,35.51539484
3133,2018,2018-10-03 19:15,야,수,1,1,0,0,울산,북구,차량단독,공작물충돌,운전자법규위반,안전운전 의무 불이행,교차로,교차로부근,화물차,없음,129.3994127,35.52433157
3134,2018,2018-08-11 14:22,주,토,1,1,0,0,울산,북구,차량단독,기타,운전자법규위반,안전운전 의무 불이행,단일로,기타단일로,사륜오토바이(ATV),없음,129.4034105,35.65508435
3135,2018,2018-04-06 07:00,주,금,1,1,0,0,울산,북구,차량단독,전도,운전자법규위반,안전운전 의무 불이행,단일로,기타단일로,승용차,없음,129.4480264,35.65067463
3136,2018,2018-11-16 07:45,주,금,1,2,0,1,울산,울주군,차대차,추돌,운전자법규위반,안전운전 의무 불이행,단일로,기타단일로,건설기계,승용차,129.2253374,35.43912025
3137,2018,2018-12-21 05:46,야,금,1,1,0,0,경기,의정부시,차대사람,기타,운전자법규위반,안전운전 의무 불이행,단일로,기타단일로,화물차,보행자,127.08507790000002,37.73058007
3138,2018,2018-06-20 20:37,야,수,1,1,0,0,경기,의정부시,차대사람,차도통행중,운전자법규위반,안전운전 의무 불이행,단일로,기타단일로,승용차,보행자,127.04427109999999,37.75432344
3139,2018,2018-02-27 15:40,주,화,1,1,0,0,경기,의정부시,차대차,측면충돌,운전자법규위반,안전운전 의무 불이행,교차로,교차로내,승용차,자전거,127.03627350000001,37.75343599
3140,2018,2018-05-17 12:19,주,목,1,1,0,0,경기,고양시,차대사람,기타,운전자법규위반,안전운전 의무 불이행,단일로,기타단일로,승용차,보행자,126.8314961,37.634884
3141,2018,2018-10-24 22:00,야,수,1,1,0,0,경기,고양시,차대사람,횡단중,운전자법규위반,안전운전 의무 불이행,단일로,기타단일로,승용차,보행자,126.85212140000002,37.7120714
3142,2018,2018-09-09 01:40,야,일,1,1,0,0,경기,고양시,차대사람,횡단중,운전자법규위반,안전운전 의무 불이행,단일로,기타단일로,화물차,보행자,126.9093304,37.64562862
3143,2018,2018-08-20 10:20,주,월,1,1,0,0,경기,고양시,차대차,측면충돌,운전자법규위반,교차로 통행방법 위반,교차로,교차로내,이륜차,승합차,126.8755131,37.61765735
3144,2018,2018-01-02 13:22,주,화,1,1,0,0,경기,남양주시,차대사람,횡단중,운전자법규위반,안전운전 의무 불이행,교차로,교차로내,승용차,보행자,127.2838656,37.65731082
3145,2018,2018-12-21 01:00,야,금,1,1,0,0,경기,남양주시,차대사람,기타,운전자법규위반,안전운전 의무 불이행,단일로,기타단일로,승용차,보행자,127.1727367,37.67040367
3146,2018,2018-12-12 18:47,야,수,1,1,0,0,경기,남양주시,차대사람,횡단중,운전자법규위반,안전운전 의무 불이행,단일로,기타단일로,승용차,보행자,127.1844005,37.62052821
3147,2018,2018-07-26 07:45,주,목,2,3,0,1,경기,남양주시,차대차,기타,운전자법규위반,중앙선 침범,단일로,기타단일로,이륜차,화물차,127.12797820000002,37.71857337
3148,2018,2018-07-15 08:52,주,일,1,1,0,0,경기,남양주시,차대사람,횡단중,운전자법규위반,보행자 보호의무 위반,교차로,교차로내,승용차,보행자,127.116822,37.70805519
3149,2018,2018-08-10 22:34,야,금,1,1,0,0,경기,파주시,차량단독,공작물충돌,운전자법규위반,안전운전 의무 불이행,단일로,기타단일로,승용차,없음,126.70569579999999,37.77487124
3150,2018,2018-02-16 11:40,주,금,1,4,1,1,경기,파주시,차대차,추돌,운전자법규위반,안전운전 의무 불이행,단일로,기타단일로,승용차,건설기계,126.7550726,37.81959188
3151,2018,2018-04-02 05:00,야,월,1,1,0,0,경기,파주시,차대사람,횡단중,운전자법규위반,안전운전 의무 불이행,단일로,기타단일로,승용차,보행자,126.7890706,37.86778702
3152,2018,2018-03-29 09:15,주,목,1,2,1,0,경기,파주시,차량단독,공작물충돌,운전자법규위반,안전운전 의무 불이행,단일로,기타단일로,이륜차,없음,126.76894540000002,37.73080101
3153,2018,2018-01-09 21:40,야,화,1,1,0,0,경기,양주시,차대사람,기타,운전자법규위반,안전운전 의무 불이행,단일로,기타단일로,승합차,보행자,126.9918197,37.8114686
3154,2018,2018-11-16 18:05,야,금,1,1,0,0,경기,양주시,차대차,추돌,운전자법규위반,과속,단일로,기타단일로,승용차,농기계,127.0142385,37.86803003
3155,2018,2018-12-18 03:00,야,화,1,1,0,0,경기,양주시,차량단독,전복,운전자법규위반,안전운전 의무 불이행,단일로,기타단일로,승용차,없음,126.94835859999999,37.81690626
3156,2018,2018-03-15 18:27,야,목,1,1,0,0,경기,동두천시,차대사람,횡단중,운전자법규위반,안전운전 의무 불이행,단일로,기타단일로,화물차,보행자,127.05035409999999,37.92683003
3157,2018,2018-08-27 22:57,야,월,2,4,2,0,경기,구리시,차대차,추돌,운전자법규위반,과속,단일로,기타단일로,승용차,승합차,127.1562383,37.57932106
3158,2018,2018-01-21 07:00,주,일,1,1,0,0,경기,포천시,차량단독,기타,운전자법규위반,안전운전 의무 불이행,단일로,기타단일로,승용차,없음,127.12561229999999,37.7895721
3159,2018,2018-03-30 23:10,야,금,1,1,0,0,경기,포천시,차대사람,횡단중,운전자법규위반,안전운전 의무 불이행,단일로,기타단일로,화물차,보행자,127.1593034,37.84534851
3160,2018,2018-03-29 13:20,주,목,1,1,0,0,경기,가평군,차량단독,전도,운전자법규위반,안전운전 의무 불이행,단일로,기타단일로,사륜오토바이(ATV),없음,127.358085,37.84462017
3161,2018,2018-08-09 14:27,주,목,1,1,0,0,경기,고양시,차대사람,횡단중,운전자법규위반,안전운전 의무 불이행,단일로,기타단일로,화물차,보행자,126.77810929999998,37.68107775
3162,2018,2018-04-21 11:10,주,토,1,1,0,0,서울,중구,차대사람,차도통행중,운전자법규위반,안전운전 의무 불이행,단일로,기타단일로,승용차,보행자,127.0022804,37.56577489
3163,2018,2018-12-24 20:35,야,월,1,1,0,0,서울,종로구,차대사람,차도통행중,운전자법규위반,안전운전 의무 불이행,단일로,기타단일로,승합차,보행자,126.9711752,37.56978405
3164,2018,2018-04-13 21:33,야,금,1,1,0,0,서울,서대문구,차대사람,횡단중,운전자법규위반,안전운전 의무 불이행,단일로,기타단일로,승용차,보행자,126.9521033,37.5956125
3165,2018,2018-12-31 20:16,야,월,1,1,0,0,서울,용산구,차대사람,기타,운전자법규위반,안전운전 의무 불이행,단일로,기타단일로,승용차,보행자,126.9563985,37.53301583
3166,2018,2018-01-03 06:05,주,수,2,2,0,0,서울,용산구,차대사람,보도통행중,운전자법규위반,안전운전 의무 불이행,단일로,기타단일로,화물차,보행자,126.96593940000001,37.53784554
3167,2018,2018-02-09 01:40,야,금,1,1,0,0,서울,용산구,차량단독,전도,운전자법규위반,안전운전 의무 불이행,단일로,기타단일로,승용차,없음,126.94659840000001,37.53434037
3168,2018,2018-11-01 06:08,주,목,1,1,0,0,서울,강북구,차대사람,기타,운전자법규위반,신호위반,교차로,교차로내,승용차,보행자,127.01070259999999,37.64568703
3169,2018,2018-04-01 00:44,야,일,1,1,0,0,서울,동대문구,차대사람,기타,운전자법규위반,안전운전 의무 불이행,교차로,교차로부근,승용차,보행자,127.0708053,37.57236236
3170,2018,2018-04-06 12:57,주,금,1,1,0,0,서울,동대문구,차대차,측면충돌,운전자법규위반,서행 및 일시정지위반,교차로,교차로내,승용차,이륜차,127.05122879999999,37.58314179
3171,2018,2018-06-22 23:35,야,금,1,1,0,0,서울,동대문구,차대차,측면충돌,운전자법규위반,중앙선 침범,단일로,기타단일로,화물차,이륜차,127.04136640000002,37.5790388
3172,2018,2018-11-14 12:27,주,수,1,1,0,0,서울,광진구,차대차,측면충돌,운전자법규위반,안전운전 의무 불이행,단일로,교량위,자전거,승용차,127.0941063,37.52101353
3173,2018,2018-08-14 00:35,야,화,1,1,0,0,서울,마포구,차량단독,공작물충돌,운전자법규위반,안전운전 의무 불이행,기타,기타,이륜차,없음,126.94437260000001,37.55667435
3174,2018,2018-01-13 01:20,야,토,1,3,0,2,서울,영등포구,차대사람,기타,운전자법규위반,과속,교차로,교차로내,승용차,보행자,126.9217294,37.52435142
3175,2018,2018-11-28 02:20,야,수,1,1,0,0,서울,금천구,차량단독,전복,운전자법규위반,안전운전 의무 불이행,교차로,교차로내,승용차,없음,126.88439709999999,37.46479055
3176,2018,2018-06-05 23:10,야,화,1,2,0,1,서울,동작구,차대사람,횡단중,운전자법규위반,안전운전 의무 불이행,단일로,기타단일로,승합차,보행자,126.9802245,37.50189118
3177,2018,2018-05-03 17:06,주,목,1,1,0,0,서울,동작구,차대사람,횡단중,운전자법규위반,안전운전 의무 불이행,단일로,기타단일로,승합차,보행자,126.96532859999998,37.50447468
3178,2018,2018-03-08 21:40,야,목,1,1,0,0,서울,중랑구,차대사람,차도통행중,운전자법규위반,안전운전 의무 불이행,단일로,기타단일로,화물차,보행자,127.07622040000001,37.59597919
3179,2018,2018-03-07 20:27,야,수,1,1,0,0,서울,관악구,차대사람,횡단중,운전자법규위반,보행자 보호의무 위반,교차로,교차로횡단보도내,승합차,보행자,126.91382320000001,37.47748709
3180,2018,2018-01-20 18:10,야,토,1,1,0,0,서울,관악구,차대사람,보도통행중,운전자법규위반,안전운전 의무 불이행,단일로,기타단일로,승용차,보행자,126.9497297,37.48246402
3181,2018,2018-07-02 01:58,야,월,1,1,0,0,서울,강남구,차대차,기타,운전자법규위반,안전운전 의무 불이행,기타,기타,화물차,승용차,127.05275859999999,37.52806603
3182,2018,2018-04-06 01:55,야,금,1,1,0,0,서울,강남구,차대사람,횡단중,운전자법규위반,안전운전 의무 불이행,교차로,교차로부근,승용차,보행자,127.0256649,37.51901888
3183,2018,2018-03-18 07:20,주,일,1,3,1,1,서울,강남구,차대차,정면충돌,운전자법규위반,신호위반,교차로,교차로내,이륜차,승합차,127.0544277,37.52526011
3184,2018,2018-12-04 07:30,주,화,1,1,0,0,서울,강서구,차대사람,횡단중,운전자법규위반,안전운전 의무 불이행,교차로,교차로내,특수차,보행자,126.850567,37.55189622
3185,2018,2018-08-21 16:50,주,화,1,3,1,1,서울,강서구,차대차,측면충돌,운전자법규위반,신호위반,교차로,교차로내,이륜차,승합차,126.826902,37.55987576
3186,2018,2018-06-28 23:00,야,목,1,3,2,0,서울,강서구,차대차,기타,운전자법규위반,신호위반,교차로,교차로내,이륜차,승용차,126.84438999999999,37.55785602
3187,2018,2018-01-06 23:00,야,토,1,2,1,0,서울,강서구,차대차,추돌,운전자법규위반,안전운전 의무 불이행,기타,기타,승용차,승용차,126.83692179999998,37.57780605
3188,2018,2018-07-07 10:30,주,토,1,1,0,0,서울,강동구,차대차,정면충돌,운전자법규위반,안전운전 의무 불이행,교차로,교차로부근,승용차,자전거,127.1527787,37.53898438
3189,2018,2018-01-22 06:00,주,월,1,9,4,4,서울,송파구,차대차,측면충돌,운전자법규위반,신호위반,교차로,교차로내,승용차,승합차,127.07034540000001,37.51044669
3190,2018,2018-06-01 02:10,야,금,1,1,0,0,서울,송파구,차대차,추돌,운전자법규위반,안전거리 미확보,단일로,기타단일로,원동기장치자전거,승용차,127.11133259999998,37.49653646
3191,2018,2018-01-08 23:58,야,월,1,1,0,0,서울,송파구,차대사람,기타,운전자법규위반,안전운전 의무 불이행,단일로,기타단일로,승용차,보행자,127.12055020000001,37.53052064
3192,2018,2018-11-22 22:30,야,목,1,1,0,0,서울,구로구,차대사람,기타,운전자법규위반,안전운전 의무 불이행,단일로,기타단일로,승용차,보행자,126.8802031,37.49476575
3193,2018,2018-12-06 06:34,주,목,1,1,0,0,서울,구로구,차대사람,기타,운전자법규위반,신호위반,교차로,교차로횡단보도내,건설기계,보행자,126.83573,37.48878243