,발생년,발생년월일시분,주야,요일,사망자수,사상자수,중상자수,경상자수,발생지시도,발생지시군구,사고유형_대분류,사고유형,법규위반_대분류,법규위반,도로형태_대분류,도로형태,가해자_당사자종별,피해자_당사자종별,경도,위도
3194,2018,2018-09-21 04:00,야,금,1,1,0,0,서울,서초구,차대사람,횡단중,운전자법규위반,과속,단일로,기타단일로,승용차,보행자,127.00845919999999,37.47836938
3195,2018,2018-08-09 06:03,주,목,1,2,0,1,서울,서초구,차대차,추돌,운전자법규위반,안전운전 의무 불이행,단일로,기타단일로,화물차,화물차,127.01610579999999,37.51678079
3196,2018,2018-04-05 22:38,야,목,1,1,0,0,서울,서초구,차대사람,횡단중,운전자법규위반,안전운전 의무 불이행,단일로,기타단일로,화물차,보행자,127.00685690000002,37.49501082
3197,2018,2018-05-08 19:23,야,화,1,1,0,0,서울,서초구,차대차,측면충돌,운전자법규위반,신호위반,교차로,교차로내,이륜차,승합차,127.01331809999999,37.50868417
3198,2018,2018-09-12 00:02,야,수,1,1,0,0,서울,양천구,차량단독,기타,운전자법규위반,안전운전 의무 불이행,단일로,기타단일로,이륜차,없음,126.8363711,37.52626416
3199,2018,2018-11-20 15:13,주,화,1,1,0,0,서울,양천구,차대사람,횡단중,운전자법규위반,보행자 보호의무 위반,교차로,교차로횡단보도내,건설기계,보행자,126.8442787,37.52015212
3200,2018,2018-03-26 05:25,야,월,1,1,0,0,서울,양천구,차대사람,횡단중,운전자법규위반,안전운전 의무 불이행,단일로,기타단일로,승용차,보행자,126.85168059999998,37.52265367
3201,2018,2018-12-25 05:25,야,화,1,1,0,0,서울,양천구,차대사람,차도통행중,운전자법규위반,안전운전 의무 불이행,단일로,기타단일로,건설기계,보행자,126.83235159999998,37.52520495
3202,2018,2018-01-22 11:55,주,월,1,2,0,1,서울,노원구,차대차,측면충돌,운전자법규위반,교차로 통행방법 위반,교차로,교차로내,건설기계,승용차,127.05691409999999,37.62904165
3203,2018,2018-10-11 16:15,주,목,1,1,0,0,서울,도봉구,차대사람,기타,운전자법규위반,안전운전 의무 불이행,교차로,교차로횡단보도내,승합차,보행자,127.039474,37.65637552
3204,2018,2018-12-30 10:05,주,일,1,1,0,0,서울,서초구,차량단독,공작물충돌,운전자법규위반,안전운전 의무 불이행,단일로,기타단일로,이륜차,없음,126.98113670000001,37.50413956
3205,2018,2018-02-27 22:01,야,화,1,1,0,0,서울,서초구,차대사람,기타,운전자법규위반,안전운전 의무 불이행,단일로,기타단일로,승용차,보행자,126.98146129999999,37.47846129
3206,2018,2018-04-06 03:20,야,금,1,1,0,0,부산,중구,차량단독,공작물충돌,운전자법규위반,안전운전 의무 불이행,교차로,교차로부근,승용차,없음,129.03784879999998,35.11171353
3207,2018,2018-09-11 03:25,야,화,1,1,0,0,부산,중구,차대사람,횡단중,운전자법규위반,보행자 보호의무 위반,단일로,기타단일로,화물차,보행자,129.0238567,35.1003883
3208,2018,2018-08-25 05:00,야,토,1,1,0,0,부산,남구,차대사람,횡단중,운전자법규위반,보행자 보호의무 위반,단일로,기타단일로,승용차,보행자,129.1123514,35.12235164
3209,2018,2018-02-02 05:55,야,금,1,1,0,0,부산,북구,차대사람,횡단중,운전자법규위반,신호위반,교차로,교차로내,승용차,보행자,129.0075588,35.1964519
3210,2018,2018-05-12 08:15,주,토,1,1,0,0,부산,북구,차대사람,횡단중,운전자법규위반,신호위반,단일로,기타단일로,화물차,보행자,129.00841880000002,35.22037887
3211,2018,2018-11-02 11:00,주,금,1,1,0,0,부산,해운대구,차대사람,차도통행중,운전자법규위반,부당한 회전,단일로,기타단일로,화물차,보행자,129.1339619,35.19991496
3212,2018,2018-05-27 12:52,주,일,1,4,1,2,부산,해운대구,차대차,측면충돌,운전자법규위반,안전운전 의무 불이행,교차로,교차로내,승용차,승용차,129.11748899999998,35.20394991
3213,2018,2018-03-30 23:10,야,금,1,1,0,0,부산,해운대구,차대사람,횡단중,운전자법규위반,안전운전 의무 불이행,단일로,기타단일로,승용차,보행자,129.1481194,35.16126118
3214,2018,2018-01-11 05:20,야,목,1,1,0,0,부산,사상구,차량단독,기타,운전자법규위반,안전운전 의무 불이행,단일로,터널안,이륜차,없음,129.0082644,35.18292617
3215,2018,2018-12-01 15:45,주,토,1,1,0,0,부산,부산진구,차대사람,횡단중,운전자법규위반,과속,교차로,교차로내,승용차,보행자,129.0383657,35.17004581
3216,2018,2018-03-08 06:30,주,목,1,1,0,0,부산,연제구,차대사람,차도통행중,운전자법규위반,안전운전 의무 불이행,단일로,기타단일로,승용차,보행자,129.0811433,35.188201299999996
3217,2018,2018-05-22 02:40,야,화,1,2,1,0,부산,강서구,차량단독,공작물충돌,운전자법규위반,안전운전 의무 불이행,단일로,기타단일로,승용차,없음,128.89740600000002,35.13443398
3218,2018,2018-09-05 15:14,주,수,1,1,0,0,부산,강서구,차대차,측면충돌,운전자법규위반,안전운전 의무 불이행,교차로,교차로내,화물차,원동기장치자전거,128.9465823,35.21224379
3219,2018,2018-02-22 18:43,야,목,1,6,1,4,부산,사상구,차대차,추돌,운전자법규위반,안전운전 의무 불이행,교차로,교차로부근,이륜차,화물차,128.9942019,35.14996976
3220,2018,2018-09-13 20:20,야,목,1,1,0,0,부산,사상구,차대사람,기타,운전자법규위반,보행자 보호의무 위반,교차로,교차로내,승용차,보행자,128.9828884,35.15468719
3221,2018,2018-07-09 09:35,주,월,1,2,1,0,경남,김해시,차대차,기타,운전자법규위반,안전운전 의무 불이행,단일로,기타단일로,승용차,화물차,129.0335198,35.29366984
3222,2018,2018-10-14 01:20,야,일,1,1,0,0,경기,평택시,차량단독,공작물충돌,운전자법규위반,안전운전 의무 불이행,교차로,교차로내,이륜차,없음,127.06572369999999,37.12294123
3223,2018,2018-10-16 15:39,주,화,1,1,0,0,경기,안성시,차대사람,차도통행중,운전자법규위반,안전운전 의무 불이행,교차로,교차로부근,승합차,보행자,127.1492759,36.99781103
3224,2018,2018-08-11 04:10,야,토,1,2,0,1,경기,안성시,차대차,기타,운전자법규위반,중앙선 침범,단일로,기타단일로,화물차,승용차,127.26255640000001,36.96316975
3225,2018,2018-07-06 12:35,주,금,1,1,0,0,경기,안성시,차대사람,기타,운전자법규위반,안전운전 의무 불이행,단일로,기타단일로,승용차,보행자,127.25913700000001,37.13539071
3226,2018,2018-02-08 17:35,주,목,1,1,0,0,경기,안양시,차대차,측면충돌,운전자법규위반,부당한 회전,교차로,교차로횡단보도내,자전거,승합차,126.9543854,37.39431405
3227,2018,2018-08-31 23:35,야,금,1,1,0,0,경기,이천시,차대사람,차도통행중,운전자법규위반,안전운전 의무 불이행,교차로,교차로부근,승합차,보행자,127.48477179999999,37.33395303
3228,2018,2018-01-27 06:07,주,토,1,2,0,1,경기,이천시,차대차,정면충돌,운전자법규위반,신호위반,교차로,교차로내,승용차,승용차,127.4086044,37.29962065
3229,2018,2018-06-07 20:30,야,목,1,2,1,0,경기,여주시,차대사람,길가장자리구역통행중,운전자법규위반,안전운전 의무 불이행,교차로,교차로부근,승용차,보행자,127.6717892,37.3043357
3230,2018,2018-09-09 04:00,야,일,1,1,0,0,경기,용인시,차대사람,차도통행중,운전자법규위반,안전운전 의무 불이행,단일로,기타단일로,화물차,보행자,127.2414162,37.31676134
3231,2018,2018-07-03 04:45,야,화,1,1,0,0,경기,용인시,차대사람,횡단중,운전자법규위반,안전운전 의무 불이행,단일로,교량위,화물차,보행자,127.2407879,37.31237018
3232,2018,2018-07-10 17:11,주,화,1,1,0,0,경기,용인시,차량단독,도로이탈 추락,운전자법규위반,안전운전 의무 불이행,단일로,기타단일로,이륜차,없음,127.37721780000001,37.15127457
3233,2018,2018-02-03 14:35,주,토,1,1,0,0,경기,용인시,차대차,측면충돌,운전자법규위반,중앙선 침범,단일로,기타단일로,건설기계,원동기장치자전거,127.0744811,37.26759464
3234,2018,2018-09-08 19:20,야,토,1,1,0,0,경기,김포시,차대차,측면충돌,운전자법규위반,중앙선 침범,단일로,기타단일로,승용차,자전거,126.57445449999999,37.64088082
3235,2018,2018-10-04 23:40,야,목,1,2,0,1,경기,김포시,차대차,측면충돌,운전자법규위반,신호위반,교차로,교차로내,승용차,승합차,126.6708625,37.64625763
3236,2018,2018-09-01 15:28,주,토,1,1,0,0,경기,김포시,차대차,기타,운전자법규위반,신호위반,교차로,교차로내,승용차,자전거,126.60786999999999,37.68432921
3237,2018,2018-12-20 13:55,주,목,1,1,0,0,경기,김포시,차대차,기타,운전자법규위반,안전운전 의무 불이행,단일로,기타단일로,승용차,이륜차,126.62166640000001,37.66171969
3238,2018,2018-09-18 16:12,주,화,1,1,0,0,경기,양평군,차대차,측면충돌,운전자법규위반,교차로 통행방법 위반,교차로,교차로내,불명,원동기장치자전거,127.49489740000001,37.50331402
3239,2018,2018-09-11 09:53,주,화,1,1,0,0,경기,양평군,차대사람,횡단중,운전자법규위반,안전운전 의무 불이행,단일로,기타단일로,승용차,보행자,127.6708189,37.54814153
3240,2018,2018-01-26 11:40,주,금,1,1,0,0,경기,양평군,차대차,정면충돌,운전자법규위반,안전운전 의무 불이행,단일로,기타단일로,승용차,이륜차,127.3624998,37.60265388
3241,2018,2018-06-27 16:50,주,수,1,1,0,0,경기,양평군,차량단독,전도,운전자법규위반,안전운전 의무 불이행,교차로,교차로부근,농기계,없음,127.5790264,37.43718114
3242,2018,2018-01-29 23:55,야,월,1,1,0,0,경기,오산시,차량단독,공작물충돌,운전자법규위반,안전운전 의무 불이행,교차로,교차로부근,화물차,없음,127.0431209,37.19384239
3243,2018,2018-04-29 23:40,야,일,1,5,2,2,경기,화성시,차대차,측면충돌,운전자법규위반,안전운전 의무 불이행,교차로,교차로내,승용차,승합차,127.03817649999999,37.20829076
3244,2018,2018-09-14 22:59,야,금,1,1,0,0,경기,부천시,차대사람,횡단중,운전자법규위반,안전운전 의무 불이행,교차로,교차로횡단보도내,승합차,보행자,126.75630320000002,37.48847138
3245,2018,2018-11-11 21:10,야,일,1,2,1,0,경기,광명시,차대차,정면충돌,운전자법규위반,중앙선 침범,단일로,기타단일로,승용차,승용차,126.87176240000001,37.48279625
3246,2018,2018-12-27 01:56,야,목,1,1,0,0,경기,안산시,차량단독,기타,운전자법규위반,안전운전 의무 불이행,교차로,교차로내,원동기장치자전거,없음,126.813666,37.29867545
3247,2018,2018-09-25 03:00,야,화,1,1,0,0,경기,안산시,차대사람,횡단중,운전자법규위반,안전운전 의무 불이행,교차로,교차로내,승용차,보행자,126.836605,37.31659949
3248,2018,2018-10-21 16:15,주,일,1,1,0,0,경기,안산시,차대사람,기타,운전자법규위반,안전운전 의무 불이행,교차로,교차로내,화물차,보행자,126.5764848,37.24898324
3249,2018,2018-05-28 17:56,주,월,1,1,0,0,경기,안산시,차대사람,횡단중,운전자법규위반,안전운전 의무 불이행,단일로,기타단일로,승용차,보행자,126.7731757,37.33571459
3250,2018,2018-01-10 15:00,주,수,1,3,1,1,경기,안산시,차대차,측면충돌,운전자법규위반,안전운전 의무 불이행,교차로,교차로내,화물차,승용차,126.81836729999999,37.32659126
3251,2018,2018-10-08 03:45,야,월,1,3,1,1,경기,수원시,차대차,기타,운전자법규위반,신호위반,교차로,교차로내,이륜차,화물차,127.02365049999999,37.26374137
3252,2018,2018-03-22 02:00,야,목,1,1,0,0,경기,수원시,차대사람,차도통행중,운전자법규위반,안전운전 의무 불이행,단일로,기타단일로,승용차,보행자,127.07745530000001,37.25809556
3253,2018,2018-09-20 21:10,야,목,1,1,0,0,경기,군포시,차대사람,횡단중,운전자법규위반,안전운전 의무 불이행,단일로,기타단일로,화물차,보행자,126.945217,37.35067189
3254,2018,2018-10-17 03:40,야,수,1,1,0,0,경기,성남시,차량단독,전복,운전자법규위반,안전운전 의무 불이행,단일로,기타단일로,이륜차,없음,127.17207690000001,37.44612695
3255,2018,2018-06-20 20:00,야,수,1,1,0,0,경기,시흥시,차대사람,기타,운전자법규위반,안전운전 의무 불이행,단일로,기타단일로,승용차,보행자,126.78869809999999,37.43130866
3256,2018,2018-09-04 18:09,야,화,1,2,0,1,경기,시흥시,차대차,추돌,운전자법규위반,안전운전 의무 불이행,단일로,기타단일로,이륜차,승용차,126.79403970000001,37.38364057
3257,2018,2018-12-24 08:16,주,월,1,1,0,0,경기,시흥시,차대사람,횡단중,운전자법규위반,보행자 보호의무 위반,교차로,교차로횡단보도내,화물차,보행자,126.72664350000001,37.34570419
3258,2018,2018-11-11 03:40,야,일,1,1,0,0,경기,수원시,차대차,추돌,운전자법규위반,안전운전 의무 불이행,단일로,기타단일로,승용차,화물차,126.9796185,37.24285099
3259,2018,2018-07-26 01:05,야,목,1,1,0,0,경기,수원시,차대차,측면충돌,운전자법규위반,신호위반,교차로,교차로내,이륜차,승용차,126.97343559999999,37.25967072
3260,2018,2018-02-10 03:20,야,토,1,1,0,0,경기,용인시,차대차,추돌,운전자법규위반,안전운전 의무 불이행,기타,기타,승용차,화물차,127.10343359999999,37.31909256
3261,2018,2018-02-20 05:28,야,화,1,3,0,1,경기,용인시,차대차,추돌,운전자법규위반,안전운전 의무 불이행,단일로,기타단일로,승용차,화물차,127.14838940000001,37.28944367
3262,2018,2018-03-26 16:10,주,월,1,2,0,0,경기,평택시,차대차,추돌,운전자법규위반,안전거리 미확보,단일로,기타단일로,화물차,화물차,126.8855406,37.04812001
3263,2018,2018-04-14 16:30,주,토,1,1,0,0,경기,수원시,차량단독,공작물충돌,운전자법규위반,안전운전 의무 불이행,단일로,기타단일로,화물차,없음,127.02986670000001,37.31236921
3264,2018,2018-03-06 23:40,야,화,1,4,1,1,경기,성남시,차대차,기타,운전자법규위반,안전거리 미확보,단일로,기타단일로,승용차,승용차,127.0403782,37.46328284
3265,2018,2018-10-03 17:23,주,수,1,1,0,0,경기,성남시,차대차,기타,운전자법규위반,안전운전 의무 불이행,단일로,기타단일로,승용차,승용차,127.09427720000001,37.41406708
3266,2018,2018-01-01 03:20,야,월,1,3,2,0,경기,화성시,차량단독,공작물충돌,운전자법규위반,안전운전 의무 불이행,단일로,기타단일로,승용차,없음,126.95055330000001,37.24733483
3267,2018,2018-05-31 06:13,주,목,1,1,0,0,경기,화성시,차대차,추돌,운전자법규위반,안전운전 의무 불이행,단일로,기타단일로,승용차,이륜차,126.86403190000001,37.14450292
3268,2018,2018-08-03 22:33,야,금,1,1,0,0,경기,화성시,차대사람,횡단중,운전자법규위반,신호위반,교차로,교차로부근,승합차,보행자,126.96934679999998,37.21394265
3269,2018,2018-07-19 07:10,주,목,1,1,0,0,경기,화성시,차대차,측면충돌,운전자법규위반,안전운전 의무 불이행,기타,기타,화물차,이륜차,126.86769109999999,37.078205700000005
3270,2018,2018-01-16 00:00,야,화,1,1,0,0,경기,화성시,차대사람,차도통행중,운전자법규위반,안전운전 의무 불이행,단일로,기타단일로,승용차,보행자,126.8429081,37.18870961
3271,2018,2018-03-07 19:55,야,수,1,1,0,0,경기,화성시,차대사람,횡단중,운전자법규위반,안전운전 의무 불이행,단일로,기타단일로,승용차,보행자,126.8906446,37.17474063
3272,2018,2018-05-02 19:40,야,수,1,1,0,0,경기,하남시,차대사람,횡단중,운전자법규위반,신호위반,교차로,교차로횡단보도내,승합차,보행자,127.22228899999999,37.53641015
3273,2018,2018-10-23 08:23,주,화,1,1,0,0,경기,부천시,차대사람,횡단중,운전자법규위반,안전운전 의무 불이행,교차로,교차로내,화물차,보행자,126.80349840000002,37.51610597
3274,2018,2018-08-22 05:20,야,수,1,3,2,0,경기,부천시,차대차,추돌,운전자법규위반,안전운전 의무 불이행,교차로,교차로부근,건설기계,승용차,126.7627652,37.53991559
3275,2018,2018-07-03 16:15,주,화,1,1,0,0,경기,용인시,차대사람,횡단중,운전자법규위반,신호위반,교차로,교차로내,승합차,보행자,127.12301709999998,37.33000928
3276,2018,2018-04-28 22:28,야,토,1,1,0,0,경기,용인시,차대사람,횡단중,운전자법규위반,안전운전 의무 불이행,단일로,기타단일로,승용차,보행자,127.1249571,37.29169734
3277,2018,2018-07-20 13:25,주,금,1,1,0,0,강원,춘천시,차량단독,기타,운전자법규위반,안전운전 의무 불이행,단일로,기타단일로,승용차,없음,127.67401770000001,37.83238233
3278,2018,2018-03-27 15:24,주,화,1,1,0,0,강원,춘천시,차량단독,도로이탈 추락,운전자법규위반,안전운전 의무 불이행,단일로,기타단일로,이륜차,없음,127.78030890000001,37.92032598
3279,2018,2018-10-17 16:35,주,수,1,1,0,0,강원,춘천시,차대사람,기타,운전자법규위반,안전운전 의무 불이행,단일로,기타단일로,화물차,보행자,127.7355575,37.87996636
3280,2018,2018-04-16 21:25,야,월,1,1,0,0,강원,강릉시,차대사람,횡단중,운전자법규위반,신호위반,단일로,기타단일로,승합차,보행자,128.9141974,37.76375508
3281,2018,2018-06-19 21:40,야,화,1,1,0,0,강원,강릉시,차량단독,전복,운전자법규위반,안전운전 의무 불이행,단일로,기타단일로,사륜오토바이(ATV),없음,128.8458776,37.54502256
3282,2018,2018-09-29 06:10,주,토,1,1,0,0,강원,강릉시,차대차,정면충돌,운전자법규위반,안전운전 의무 불이행,단일로,기타단일로,화물차,이륜차,128.84726809999998,37.82050577
3283,2018,2018-06-15 04:25,야,금,1,1,0,0,강원,강릉시,차대차,추돌,운전자법규위반,안전운전 의무 불이행,교차로,교차로내,승용차,승용차,128.89477150000002,37.76984211
3284,2018,2018-08-11 23:25,야,토,1,1,0,0,강원,강릉시,차대차,추돌,운전자법규위반,안전운전 의무 불이행,단일로,기타단일로,승용차,자전거,128.9096185,37.77049187
3285,2018,2018-12-23 12:10,주,일,1,1,0,0,강원,강릉시,차대차,후진중충돌,운전자법규위반,안전운전 의무 불이행,단일로,기타단일로,승용차,승용차,128.9091842,37.74677054
3286,2018,2018-10-20 19:40,야,토,1,1,0,0,강원,강릉시,차대사람,횡단중,운전자법규위반,안전운전 의무 불이행,단일로,기타단일로,승용차,보행자,129.04784709999998,37.61718418
3287,2018,2018-10-12 15:30,주,금,1,1,0,0,강원,강릉시,차량단독,기타,운전자법규위반,안전운전 의무 불이행,교차로,교차로부근,농기계,없음,129.0276265,37.68403654
3288,2018,2018-02-19 16:00,주,월,1,2,0,1,강원,원주시,차대차,정면충돌,운전자법규위반,중앙선 침범,단일로,기타단일로,승용차,건설기계,128.1607012,37.24601817
3289,2018,2018-10-22 13:51,주,월,1,2,1,0,강원,양양군,차량단독,전도,운전자법규위반,안전운전 의무 불이행,단일로,기타단일로,이륜차,없음,128.6202735,38.04904528
3290,2018,2018-06-23 19:50,야,토,1,1,0,0,강원,속초시,차대차,측면충돌,운전자법규위반,안전운전 의무 불이행,단일로,지하차도(도로)내,화물차,승용차,128.5879115,38.20620858
3291,2018,2018-05-27 13:25,주,일,1,1,0,0,강원,삼척시,차량단독,전복,운전자법규위반,안전운전 의무 불이행,단일로,기타단일로,화물차,없음,129.0188344,37.263726500000004
3292,2018,2018-07-25 11:55,주,수,2,3,1,0,강원,영월군,차대차,정면충돌,운전자법규위반,중앙선 침범,단일로,교량위,승용차,승용차,128.546932,37.11895162
3293,2018,2018-04-12 03:16,야,목,1,1,0,0,강원,영월군,차량단독,도로이탈 추락,운전자법규위반,안전운전 의무 불이행,단일로,지하차도(도로)내,승용차,없음,128.6916365,37.14467151
3294,2018,2018-12-02 17:18,주,일,1,1,0,0,강원,홍천군,차량단독,도로이탈 추락,운전자법규위반,안전운전 의무 불이행,단일로,기타단일로,승용차,없음,128.1728186,37.66214268
3295,2018,2018-10-08 18:35,야,월,1,1,0,0,강원,정선군,차대사람,횡단중,운전자법규위반,안전운전 의무 불이행,교차로,교차로부근,화물차,보행자,128.67118190000002,37.37361169
3296,2018,2018-02-23 21:00,야,금,1,11,4,2,강원,정선군,차대차,측면충돌,운전자법규위반,중앙선 침범,단일로,터널안,승용차,승용차,128.8255196,37.21207681
3297,2018,2018-10-08 19:02,야,월,1,1,0,0,강원,정선군,차대사람,차도통행중,운전자법규위반,안전운전 의무 불이행,단일로,기타단일로,승용차,보행자,128.8918885,37.20303209
3298,2018,2018-08-11 10:30,주,토,1,1,0,0,강원,횡성군,차대차,측면충돌,운전자법규위반,안전운전 의무 불이행,교차로,교차로부근,자전거,자전거,127.98825829999998,37.49187635
3299,2018,2018-06-28 09:05,주,목,1,1,0,0,강원,횡성군,차대차,측면충돌,운전자법규위반,안전운전 의무 불이행,교차로,교차로내,원동기장치자전거,승용차,128.15035890000001,37.58287023
3300,2018,2018-04-04 22:40,야,수,1,3,2,0,강원,횡성군,차대사람,횡단중,운전자법규위반,안전운전 의무 불이행,단일로,기타단일로,승합차,보행자,127.9839382,37.49029872
3301,2018,2018-08-14 09:08,주,화,1,3,0,2,강원,고성군,차대차,측면충돌,운전자법규위반,신호위반,교차로,교차로내,화물차,승용차,128.53533290000001,38.25416935
3302,2018,2018-11-23 09:43,주,금,1,1,0,0,강원,양구군,차대사람,횡단중,운전자법규위반,안전운전 의무 불이행,교차로,교차로내,화물차,보행자,127.9870939,38.10606265
3303,2018,2018-05-04 11:27,주,금,1,2,0,1,강원,양구군,차대차,측면충돌,운전자법규위반,안전운전 의무 불이행,단일로,기타단일로,화물차,건설기계,127.94769129999999,38.05167175
3304,2018,2018-02-05 07:06,주,월,1,1,0,0,충북,청주시,차대사람,기타,운전자법규위반,안전운전 의무 불이행,단일로,기타단일로,화물차,보행자,127.48047079999999,36.63074368
3305,2018,2018-06-12 10:05,주,화,1,1,0,0,충북,청주시,철길건널목,철길건널목,운전자법규위반,안전운전 의무 불이행,철길건널목,철길건널목,이륜차,기타,127.51518610000001,36.72789808
3306,2018,2018-10-27 07:00,주,토,1,1,0,0,충북,청주시,차대차,정면충돌,운전자법규위반,신호위반,교차로,교차로내,건설기계,승용차,127.4841355,36.75902616
3307,2018,2018-10-18 23:45,야,목,1,4,0,3,충북,청주시,차대차,추돌,운전자법규위반,안전운전 의무 불이행,단일로,기타단일로,승합차,승용차,127.55296090000002,36.72779712
3308,2018,2018-01-30 15:50,주,화,1,1,0,0,충북,충주시,차량단독,기타,운전자법규위반,안전운전 의무 불이행,기타,기타,건설기계,없음,127.79064890000001,36.97586097
3309,2018,2018-06-04 18:45,야,월,1,1,0,0,충북,충주시,차량단독,기타,운전자법규위반,안전운전 의무 불이행,단일로,기타단일로,이륜차,없음,127.9052504,36.95480095
3310,2018,2018-09-03 19:45,야,월,1,1,0,0,충북,제천시,차대차,추돌,운전자법규위반,안전운전 의무 불이행,단일로,기타단일로,이륜차,건설기계,128.23044579999998,37.13217701
3311,2018,2018-09-06 20:30,야,목,1,1,0,0,충북,영동군,차대차,정면충돌,운전자법규위반,중앙선 침범,단일로,기타단일로,승용차,승합차,127.79650600000001,36.19640761
3312,2018,2018-08-18 17:45,주,토,1,1,0,0,충북,영동군,차대차,정면충돌,운전자법규위반,안전운전 의무 불이행,교차로,교차로내,화물차,이륜차,127.75456609999999,36.14975798
3313,2018,2018-08-16 16:12,주,목,1,1,0,0,충북,괴산군,차량단독,도로이탈 추락,운전자법규위반,안전운전 의무 불이행,교차로,교차로내,원동기장치자전거,없음,127.83142040000001,36.85351729999999
3314,2018,2018-02-20 13:25,주,화,1,3,2,0,충북,괴산군,차대차,추돌,운전자법규위반,차로위반(진로변경 위반),단일로,교량위,화물차,승용차,127.7321314,36.8004489
3315,2018,2018-02-15 02:20,야,목,2,2,0,0,충북,괴산군,차대차,정면충돌,운전자법규위반,중앙선 침범,단일로,기타단일로,승용차,화물차,127.7570936,36.83678983
3316,2018,2018-02-21 00:28,야,수,1,1,0,0,충북,음성군,차량단독,전도,운전자법규위반,안전운전 의무 불이행,교차로,교차로부근,승합차,없음,127.67259170000001,36.97780403
3317,2018,2018-09-13 05:30,야,목,1,3,2,0,충북,음성군,차대차,추돌,운전자법규위반,과속,교차로,교차로부근,화물차,화물차,127.5536632,36.9798825
3318,2018,2018-08-08 19:25,야,수,1,1,0,0,충북,단양군,차대사람,기타,운전자법규위반,보행자 보호의무 위반,기타,기타,화물차,보행자,128.3712993,36.9858287
3319,2018,2018-10-26 06:32,주,금,1,1,0,0,충북,진천군,차대사람,기타,운전자법규위반,과속,교차로,교차로내,승용차,보행자,127.4068389,36.82560068
3320,2018,2018-07-21 10:18,주,토,1,1,0,0,충북,진천군,차대차,기타,운전자법규위반,안전운전 의무 불이행,교차로,교차로내,승용차,이륜차,127.4385497,36.85460346
3321,2018,2018-06-04 04:35,야,월,1,4,2,0,충북,청주시,차대차,측면충돌,운전자법규위반,신호위반,교차로,교차로내,승용차,화물차,127.4160449,36.69219761
3322,2018,2018-05-01 05:10,야,화,1,1,0,0,충북,청주시,차대사람,횡단중,운전자법규위반,과속,교차로,교차로내,승용차,보행자,127.43527479999999,36.66713012
3323,2018,2018-04-22 02:00,야,일,1,1,0,0,충북,청주시,차량단독,기타,운전자법규위반,안전운전 의무 불이행,단일로,기타단일로,승용차,없음,127.3873909,36.58271412
3324,2018,2018-07-25 07:00,주,수,1,1,0,0,충북,청주시,차대차,측면충돌,운전자법규위반,안전운전 의무 불이행,교차로,교차로내,화물차,이륜차,127.43175349999999,36.67564726
3325,2018,2018-05-08 13:20,주,화,1,1,0,0,충북,청주시,차대사람,횡단중,운전자법규위반,안전운전 의무 불이행,단일로,기타단일로,화물차,보행자,127.360019,36.58697629
3326,2018,2018-08-25 15:22,주,토,1,1,0,0,충북,청주시,차대사람,차도통행중,운전자법규위반,안전운전 의무 불이행,단일로,지하차도(도로)내,승용차,보행자,127.4867125,36.6281302
3327,2018,2018-12-12 21:27,야,수,1,1,0,0,충북,청주시,차량단독,공작물충돌,운전자법규위반,안전운전 의무 불이행,교차로,교차로부근,승용차,없음,127.553389,36.65049415
3328,2018,2018-02-13 00:40,야,화,1,3,2,0,충북,괴산군,차대차,추돌,운전자법규위반,안전운전 의무 불이행,단일로,기타단일로,특수차,화물차,127.96225,36.82347662
3329,2018,2018-12-18 07:20,주,화,1,1,0,0,경기,광주시,차대차,추돌,운전자법규위반,안전운전 의무 불이행,기타,기타,승합차,화물차,127.3392078,37.32255031
3330,2018,2018-11-16 13:30,주,금,1,3,2,0,충북,괴산군,차대차,추돌,운전자법규위반,안전운전 의무 불이행,단일로,기타단일로,특수차,승용차,127.99253610000001,36.75899943
3331,2018,2018-08-10 22:40,야,금,1,1,0,0,충남,서산시,차대차,추돌,운전자법규위반,안전운전 의무 불이행,단일로,기타단일로,이륜차,농기계,126.40715800000001,36.61702508
3332,2018,2018-09-14 18:10,야,금,1,1,0,0,충남,서산시,차대차,측면충돌,운전자법규위반,중앙선 침범,단일로,기타단일로,화물차,이륜차,126.4231168,36.74538297
3333,2018,2018-11-07 14:10,주,수,1,1,0,0,충남,서산시,차량단독,도로이탈 기타,운전자법규위반,안전운전 의무 불이행,단일로,기타단일로,농기계,없음,126.5152473,36.65056425
3334,2018,2018-08-04 16:00,주,토,1,1,0,0,충남,서산시,차량단독,전도,운전자법규위반,안전운전 의무 불이행,단일로,기타단일로,이륜차,없음,126.44459029999999,36.75022679
3335,2018,2018-11-24 04:55,야,토,1,1,0,0,충남,서산시,차대사람,횡단중,운전자법규위반,안전운전 의무 불이행,단일로,기타단일로,승용차,보행자,126.44575900000001,36.77696471
3336,2018,2018-12-12 08:52,주,수,1,1,0,0,충남,서산시,차대사람,기타,운전자법규위반,안전운전 의무 불이행,교차로,교차로부근,승용차,보행자,126.5379524,36.72558849
3337,2018,2018-03-20 05:55,야,화,1,1,0,0,충남,천안시,차대사람,횡단중,운전자법규위반,안전운전 의무 불이행,교차로,교차로부근,승용차,보행자,127.13768200000001,36.82599565