,발생년,발생년월일시분,주야,요일,사망자수,사상자수,중상자수,경상자수,발생지시도,발생지시군구,사고유형_대분류,사고유형,법규위반_대분류,법규위반,도로형태_대분류,도로형태,가해자_당사자종별,피해자_당사자종별,경도,위도
3338,2018,2018-07-20 12:40,주,금,1,1,0,0,충남,천안시,차대사람,횡단중,운전자법규위반,안전운전 의무 불이행,교차로,교차로횡단보도내,승용차,보행자,127.1157143,36.80145189
3339,2018,2018-10-21 18:50,야,일,1,1,0,0,충남,천안시,차대차,추돌,운전자법규위반,안전운전 의무 불이행,단일로,기타단일로,승용차,건설기계,127.12661399999999,36.89987198
3340,2018,2018-12-21 07:10,주,금,1,1,0,0,충남,천안시,차대사람,기타,운전자법규위반,안전운전 의무 불이행,단일로,기타단일로,화물차,보행자,127.1304761,36.95548541
3341,2018,2018-12-04 07:30,주,화,1,3,0,2,충남,논산시,차량단독,공작물충돌,운전자법규위반,과속,단일로,기타단일로,승합차,없음,127.10233410000001,36.16050262
3342,2018,2018-04-15 22:55,야,일,1,1,0,0,충남,홍성군,차량단독,공작물충돌,운전자법규위반,안전운전 의무 불이행,단일로,기타단일로,승용차,없음,126.642653,36.59184503
3343,2018,2018-11-07 19:00,야,수,1,2,0,1,충남,홍성군,차량단독,기타,운전자법규위반,중앙선 침범,교차로,교차로부근,승합차,없음,126.49212220000001,36.56553424
3344,2018,2018-11-13 04:12,야,화,1,1,0,0,충남,아산시,차대차,기타,운전자법규위반,안전운전 의무 불이행,교차로,교차로내,승용차,이륜차,127.0333295,36.77437459
3345,2018,2018-05-15 02:10,야,화,1,5,4,0,충남,아산시,차대차,기타,운전자법규위반,안전운전 의무 불이행,교차로,교차로부근,승용차,승합차,126.9175341,36.76179338
3346,2018,2018-09-10 15:35,주,월,1,1,0,0,충남,아산시,차대차,추돌,운전자법규위반,안전운전 의무 불이행,단일로,기타단일로,이륜차,승용차,126.9365328,36.82345473
3347,2018,2018-11-17 13:40,주,토,1,1,0,0,충남,아산시,차량단독,공작물충돌,운전자법규위반,안전운전 의무 불이행,단일로,기타단일로,원동기장치자전거,없음,126.962042,36.89071313
3348,2018,2018-03-29 08:20,주,목,1,1,0,0,충남,아산시,차대차,측면충돌,운전자법규위반,신호위반,교차로,교차로내,승용차,이륜차,127.03393059999999,36.88779866
3349,2018,2018-05-17 17:00,주,목,1,1,0,0,충남,서천군,차량단독,도로이탈 기타,운전자법규위반,안전운전 의무 불이행,단일로,기타단일로,승용차,없음,126.69864790000001,36.13323823
3350,2018,2018-10-21 18:20,야,일,1,2,0,1,충남,서천군,차대차,추돌,운전자법규위반,안전운전 의무 불이행,단일로,기타단일로,승용차,농기계,126.75991280000001,36.09236832
3351,2018,2018-11-15 17:50,주,목,1,1,0,0,충남,보령시,차대사람,횡단중,운전자법규위반,안전운전 의무 불이행,단일로,기타단일로,승용차,보행자,126.4829795,36.50678882
3352,2018,2018-09-07 10:15,주,금,1,1,0,0,충남,보령시,차대차,기타,운전자법규위반,앞지르기 금지위반,교차로,교차로내,승합차,이륜차,126.5776799,36.3591907
3353,2018,2018-05-12 14:15,주,토,1,1,0,0,충남,보령시,차대차,추돌,운전자법규위반,안전운전 의무 불이행,단일로,기타단일로,화물차,특수차,126.58906850000001,36.34599887
3354,2018,2018-02-06 05:35,야,화,1,1,0,0,충남,보령시,차대사람,횡단중,운전자법규위반,안전운전 의무 불이행,단일로,기타단일로,승용차,보행자,126.6612932,36.39053033
3355,2018,2018-05-27 16:45,주,일,1,3,2,0,충남,공주시,차대차,정면충돌,운전자법규위반,중앙선 침범,단일로,기타단일로,승용차,승용차,126.97498049999999,36.63945078
3356,2018,2018-09-25 02:00,야,화,1,1,0,0,세종,세종,차대사람,기타,운전자법규위반,안전운전 의무 불이행,교차로,교차로내,화물차,보행자,127.15338340000001,36.72086763
3357,2018,2018-03-07 17:50,주,수,2,4,1,1,세종,세종,차대차,정면충돌,운전자법규위반,중앙선 침범,단일로,기타단일로,승용차,승용차,127.201254,36.50381745
3358,2018,2018-03-09 17:00,주,금,1,1,0,0,세종,세종,차대차,측면충돌,운전자법규위반,신호위반,교차로,교차로내,승용차,이륜차,127.29075279999999,36.62100566
3359,2018,2018-01-08 18:00,야,월,1,1,0,0,충남,예산군,차대사람,횡단중,운전자법규위반,보행자 보호의무 위반,단일로,기타단일로,승용차,보행자,126.67280500000001,36.70464260000001
3360,2018,2018-09-07 07:50,주,금,1,1,0,0,충남,부여군,차량단독,공작물충돌,운전자법규위반,안전운전 의무 불이행,단일로,기타단일로,화물차,없음,126.89181459999999,36.27597197
3361,2018,2018-11-15 07:59,주,목,1,1,0,0,충남,부여군,차량단독,공작물충돌,운전자법규위반,안전운전 의무 불이행,교차로,교차로내,승용차,없음,126.9296555,36.28417311
3362,2018,2018-10-08 09:20,주,월,1,1,0,0,충남,부여군,차량단독,전도,운전자법규위반,안전운전 의무 불이행,단일로,기타단일로,농기계,없음,126.8457821,36.18296034
3363,2018,2018-09-23 19:25,야,일,1,1,0,0,충남,부여군,차대사람,차도통행중,운전자법규위반,안전운전 의무 불이행,단일로,기타단일로,화물차,보행자,126.9798065,36.3331659
3364,2018,2018-01-05 06:50,주,금,1,1,0,0,충남,부여군,차대사람,기타,운전자법규위반,중앙선 침범,단일로,기타단일로,승용차,보행자,126.84730790000002,36.31384512
3365,2018,2018-02-25 13:30,주,일,1,1,0,0,충남,부여군,차량단독,도로이탈 추락,운전자법규위반,안전운전 의무 불이행,단일로,기타단일로,이륜차,없음,126.83030120000001,36.17649178
3366,2018,2018-06-10 10:50,주,일,1,1,0,0,충남,부여군,차대차,추돌,운전자법규위반,안전운전 의무 불이행,단일로,기타단일로,이륜차,화물차,126.95666640000002,36.305530100000006
3367,2018,2018-04-26 14:05,주,목,1,1,0,0,충남,당진시,차대사람,횡단중,운전자법규위반,과속,단일로,기타단일로,승용차,보행자,126.7092689,36.84644548
3368,2018,2018-07-02 06:25,주,월,1,1,0,0,충남,당진시,차대차,측면충돌,운전자법규위반,안전운전 의무 불이행,기타,기타,승용차,자전거,126.7326655,36.98095745
3369,2018,2018-05-01 08:20,주,화,1,2,0,1,충남,금산군,차대차,측면충돌,운전자법규위반,안전운전 의무 불이행,교차로,교차로부근,자전거,이륜차,127.5113979,36.02082235
3370,2018,2018-04-09 17:24,주,월,1,1,0,0,충남,금산군,차대사람,횡단중,운전자법규위반,신호위반,교차로,교차로내,승용차,보행자,127.4732223,36.17714476
3371,2018,2018-03-30 19:00,야,금,1,1,0,0,충남,금산군,차량단독,공작물충돌,운전자법규위반,안전거리 미확보,교차로,교차로부근,화물차,없음,127.43057240000002,36.13070574
3372,2018,2018-01-16 18:05,야,화,1,1,0,0,충남,청양군,차대사람,횡단중,운전자법규위반,과속,단일로,기타단일로,화물차,보행자,126.85204540000001,36.3968381
3373,2018,2018-03-04 06:45,주,일,1,1,0,0,충남,청양군,차대사람,횡단중,운전자법규위반,안전운전 의무 불이행,교차로,교차로부근,승용차,보행자,126.71595149999999,36.42830518
3374,2018,2018-10-19 12:12,주,금,1,1,0,0,충남,청양군,차대사람,기타,운전자법규위반,안전운전 의무 불이행,단일로,기타단일로,승용차,보행자,126.80676869999999,36.38706387
3375,2018,2018-09-20 18:49,야,목,1,1,0,0,충남,청양군,차대사람,횡단중,운전자법규위반,과속,단일로,기타단일로,승용차,보행자,126.8018117,36.41397224
3376,2018,2018-06-19 23:20,야,화,1,2,1,0,충남,천안시,차대차,기타,운전자법규위반,안전운전 의무 불이행,교차로,교차로내,화물차,승합차,127.41184550000001,36.76220383
3377,2018,2018-12-22 16:40,주,토,1,3,2,0,충남,논산시,차대차,기타,운전자법규위반,안전운전 의무 불이행,단일로,기타단일로,승합차,승용차,127.17753689999999,36.16016077
3378,2018,2018-09-13 00:01,야,목,1,2,1,0,대전,동구,차대사람,기타,운전자법규위반,안전운전 의무 불이행,기타,기타,화물차,보행자,127.4740784,36.34621355
3379,2018,2018-10-27 15:54,주,토,1,1,0,0,충북,영동군,차대차,추돌,운전자법규위반,안전운전 의무 불이행,단일로,기타단일로,화물차,승용차,127.8894301,36.21719271
3380,2018,2018-05-21 22:50,야,월,1,2,0,1,대전,동구,차대차,추돌,운전자법규위반,안전운전 의무 불이행,기타,기타,화물차,승용차,127.5115795,36.35035387
3381,2018,2018-03-15 00:10,야,목,1,1,0,0,충남,금산군,차대차,기타,운전자법규위반,안전운전 의무 불이행,단일로,기타단일로,승용차,화물차,127.4866223,36.17699374
3382,2018,2018-04-30 04:20,야,월,1,2,0,1,전북,전주시,차대차,측면충돌,운전자법규위반,신호위반,교차로,교차로내,승용차,화물차,127.1230108,35.82530628
3383,2018,2018-08-08 23:01,야,수,1,3,1,1,전북,군산시,차대차,측면충돌,운전자법규위반,중앙선 침범,교차로,교차로부근,승용차,특수차,126.5993173,35.96235537
3384,2018,2018-10-07 13:50,주,일,1,1,0,0,전북,군산시,차대차,측면충돌,운전자법규위반,신호위반,교차로,교차로내,승용차,이륜차,126.7057273,35.97910796
3385,2018,2018-06-25 22:10,야,월,1,1,0,0,전북,군산시,차대사람,횡단중,운전자법규위반,안전운전 의무 불이행,단일로,기타단일로,화물차,보행자,126.68850649999999,35.96591635
3386,2018,2018-01-25 18:40,야,목,1,1,0,0,전북,군산시,차대사람,차도통행중,운전자법규위반,안전운전 의무 불이행,단일로,기타단일로,승용차,보행자,126.73656240000001,35.96516965
3387,2018,2018-03-18 03:15,야,일,1,1,0,0,전북,군산시,차대차,정면충돌,운전자법규위반,중앙선 침범,단일로,지하차도(도로)내,자전거,승용차,126.7108982,35.94302505
3388,2018,2018-08-16 12:40,주,목,1,1,0,0,전북,익산시,차량단독,전복,운전자법규위반,안전운전 의무 불이행,단일로,기타단일로,사륜오토바이(ATV),없음,126.92419109999999,36.03136846
3389,2018,2018-10-31 18:30,야,수,1,1,0,0,전북,익산시,차대차,추돌,운전자법규위반,안전운전 의무 불이행,단일로,기타단일로,이륜차,농기계,127.059344,35.97884692
3390,2018,2018-07-20 08:20,주,금,1,1,0,0,전북,익산시,차대차,측면충돌,운전자법규위반,안전운전 의무 불이행,단일로,기타단일로,화물차,자전거,126.94170600000001,35.93692026
3391,2018,2018-11-21 09:44,주,수,1,1,0,0,전북,익산시,차량단독,기타,운전자법규위반,안전운전 의무 불이행,교차로,교차로부근,원동기장치자전거,없음,126.9355074,36.00098498
3392,2018,2018-05-12 07:21,주,토,1,1,0,0,전북,익산시,차대사람,횡단중,운전자법규위반,안전운전 의무 불이행,단일로,기타단일로,승용차,보행자,126.97893640000001,35.9298208
3393,2018,2018-04-17 13:30,주,화,1,1,0,0,전북,익산시,차량단독,공작물충돌,운전자법규위반,안전운전 의무 불이행,단일로,기타단일로,화물차,없음,126.9631239,36.06459001
3394,2018,2018-01-18 13:50,주,목,1,2,0,1,전북,정읍시,차대차,정면충돌,운전자법규위반,중앙선 침범,교차로,교차로부근,화물차,승합차,126.83366740000001,35.66416559
3395,2018,2018-05-10 08:37,주,목,1,1,0,0,전북,정읍시,차대차,측면충돌,운전자법규위반,부당한 회전,단일로,기타단일로,자전거,승용차,126.8644621,35.565160399999996
3396,2018,2018-05-14 16:49,주,월,1,1,0,0,전북,김제시,차대차,추돌,운전자법규위반,안전운전 의무 불이행,단일로,기타단일로,승용차,이륜차,126.8696959,35.77879302
3397,2018,2018-09-20 14:25,주,목,1,1,0,0,전북,김제시,차량단독,공작물충돌,운전자법규위반,안전운전 의무 불이행,단일로,기타단일로,이륜차,없음,126.8760078,35.79850807
3398,2018,2018-08-11 05:20,야,토,1,1,0,0,전북,김제시,차대차,추돌,운전자법규위반,안전운전 의무 불이행,단일로,기타단일로,승용차,자전거,126.9960367,35.7326669
3399,2018,2018-08-24 14:08,주,금,1,1,0,0,전북,김제시,차대차,측면충돌,운전자법규위반,신호위반,교차로,교차로내,개인형이동수단(PM),화물차,126.9163539,35.82635399
3400,2018,2018-10-21 16:10,주,일,1,1,0,0,전북,김제시,차대사람,기타,운전자법규위반,안전운전 의무 불이행,단일로,기타단일로,화물차,보행자,127.00295359999998,35.79222959
3401,2018,2018-10-19 16:13,주,금,1,1,0,0,전북,남원시,차대사람,기타,운전자법규위반,안전운전 의무 불이행,기타,기타,승용차,보행자,127.37751850000001,35.40643191
3402,2018,2018-10-09 12:50,주,화,1,1,0,0,전북,남원시,차대사람,횡단중,운전자법규위반,안전운전 의무 불이행,교차로,교차로부근,화물차,보행자,127.3861262,35.40903538
3403,2018,2018-08-04 10:40,주,토,1,5,0,4,전북,남원시,차대차,정면충돌,운전자법규위반,중앙선 침범,단일로,기타단일로,승용차,승용차,127.61556670000002,35.43149464
3404,2018,2018-07-19 11:20,주,목,1,1,0,0,전북,남원시,차대차,측면충돌,운전자법규위반,신호위반,교차로,교차로내,자전거,승용차,127.37658870000001,35.41021623
3405,2018,2018-12-19 17:53,주,수,2,2,0,0,전북,고창군,차대차,추돌,운전자법규위반,안전운전 의무 불이행,교차로,교차로내,승합차,화물차,126.60460259999998,35.44208842
3406,2018,2018-06-14 12:25,주,목,1,1,0,0,전북,부안군,차대사람,횡단중,운전자법규위반,과속,단일로,기타단일로,화물차,보행자,126.7155235,35.71413359
3407,2018,2018-10-19 18:40,야,금,1,2,1,0,전북,부안군,차대차,추돌,운전자법규위반,안전운전 의무 불이행,단일로,기타단일로,화물차,농기계,126.7633767,35.70941313
3408,2018,2018-11-29 05:00,야,목,1,1,0,0,전북,순창군,차량단독,공작물충돌,운전자법규위반,안전운전 의무 불이행,교차로,교차로부근,화물차,없음,127.19315549999999,35.39352493
3409,2018,2018-05-06 06:10,주,일,1,1,0,0,전북,순창군,차량단독,도로이탈 기타,운전자법규위반,안전운전 의무 불이행,단일로,기타단일로,승용차,없음,127.07639540000001,35.35320226
3410,2018,2018-03-08 09:50,주,목,1,1,0,0,전북,무주군,차량단독,도로이탈 추락,운전자법규위반,안전운전 의무 불이행,단일로,지하차도(도로)내,농기계,없음,127.66868259999998,35.93829566
3411,2018,2018-01-27 06:45,주,토,1,6,2,3,전북,무주군,차대차,추돌,운전자법규위반,과속,단일로,기타단일로,화물차,화물차,127.64685109999999,35.86417878
3412,2018,2018-06-08 07:15,주,금,1,1,0,0,충남,당진시,차량단독,전도,운전자법규위반,안전운전 의무 불이행,기타,기타,특수차,없음,126.79017140000002,36.93733446
3413,2018,2018-07-21 04:20,야,토,1,2,1,0,전남,목포시,차대차,기타,운전자법규위반,부당한 회전,교차로,교차로횡단보도내,자전거,이륜차,126.37938570000001,34.801124200000004
3414,2018,2018-08-18 08:30,주,토,1,1,0,0,전남,신안군,차대사람,기타,운전자법규위반,안전운전 의무 불이행,단일로,기타단일로,승용차,보행자,126.1505062,34.86194598
3415,2018,2018-03-17 11:50,주,토,1,1,0,0,전남,목포시,차대사람,기타,운전자법규위반,안전운전 의무 불이행,교차로,교차로내,화물차,보행자,126.41819869999999,34.81155662
3416,2018,2018-05-22 11:07,주,화,1,1,0,0,전남,신안군,차량단독,도로이탈 추락,운전자법규위반,안전운전 의무 불이행,단일로,기타단일로,농기계,없음,126.2315196,35.03916772
3417,2018,2018-08-23 10:08,주,목,1,3,0,2,전남,여수시,차대차,추돌,운전자법규위반,안전운전 의무 불이행,교차로,교차로내,승용차,승용차,127.65495039999999,34.76964527
3418,2018,2018-12-13 17:50,주,목,1,1,0,0,전남,여수시,차대사람,횡단중,운전자법규위반,안전운전 의무 불이행,단일로,기타단일로,화물차,보행자,127.6602168,34.7861112
3419,2018,2018-04-11 22:20,야,수,1,1,0,0,전남,여수시,차대사람,횡단중,운전자법규위반,신호위반,단일로,기타단일로,승용차,보행자,127.6546905,34.77264581
3420,2018,2018-04-28 21:29,야,토,1,1,0,0,전남,여수시,차대차,측면충돌,운전자법규위반,신호위반,교차로,교차로내,원동기장치자전거,승용차,127.6841706,34.74429165
3421,2018,2018-01-23 10:30,주,화,1,9,2,6,전남,여수시,차대차,측면충돌,운전자법규위반,중앙선 침범,단일로,기타단일로,승용차,승합차,127.72037490000001,34.75643710000001
3422,2018,2018-12-23 04:40,야,일,1,1,0,0,전남,순천시,차대사람,기타,운전자법규위반,과속,단일로,기타단일로,승용차,보행자,127.4883703,34.94036641
3423,2018,2018-05-03 05:49,야,목,1,2,0,1,전남,순천시,차대차,기타,운전자법규위반,중앙선 침범,단일로,기타단일로,승용차,승용차,127.50205890000001,34.94814005
3424,2018,2018-08-10 05:46,야,금,1,1,0,0,전남,순천시,차대사람,횡단중,운전자법규위반,안전운전 의무 불이행,교차로,교차로횡단보도내,승용차,보행자,127.49214750000002,34.94889729
3425,2018,2018-11-05 19:45,야,월,1,1,0,0,전남,나주시,차대사람,길가장자리구역통행중,운전자법규위반,안전운전 의무 불이행,단일로,기타단일로,화물차,보행자,126.8116973,35.03333166
3426,2018,2018-08-04 15:47,주,토,1,1,0,0,전남,나주시,차대차,측면충돌,운전자법규위반,안전운전 의무 불이행,단일로,기타단일로,화물차,이륜차,126.7284481,35.02534847
3427,2018,2018-03-02 19:58,야,금,1,2,0,1,전남,나주시,차대사람,기타,운전자법규위반,안전운전 의무 불이행,단일로,기타단일로,승용차,보행자,126.815122,35.04044034
3428,2018,2018-01-26 19:00,야,금,1,1,0,0,전남,나주시,차대사람,횡단중,운전자법규위반,보행자 보호의무 위반,교차로,교차로횡단보도내,승합차,보행자,126.71399280000001,34.9968328
3429,2018,2018-01-26 18:40,야,금,1,1,0,0,전남,장흥군,차량단독,공작물충돌,운전자법규위반,안전운전 의무 불이행,단일로,기타단일로,승용차,없음,126.96019270000001,34.65891242
3430,2018,2018-09-17 09:55,주,월,1,2,0,1,전남,고흥군,차량단독,기타,운전자법규위반,안전운전 의무 불이행,단일로,기타단일로,사륜오토바이(ATV),없음,127.5090361,34.4541039
3431,2018,2018-09-06 07:04,주,목,1,1,0,0,전남,해남군,차대차,측면충돌,운전자법규위반,과속,단일로,기타단일로,승합차,사륜오토바이(ATV),126.64178290000001,34.42998108
3432,2018,2018-11-09 11:00,주,금,1,1,0,0,전남,해남군,차대차,정면충돌,운전자법규위반,안전운전 의무 불이행,교차로,교차로내,화물차,자전거,126.5294236,34.37066914
3433,2018,2018-03-17 09:40,주,토,1,1,0,0,전남,영광군,차대사람,횡단중,운전자법규위반,안전운전 의무 불이행,단일로,기타단일로,승합차,보행자,126.50152560000001,35.27599036
3434,2018,2018-04-17 19:51,야,화,1,3,0,2,전남,영광군,차대차,추돌,운전자법규위반,과속,단일로,기타단일로,승용차,농기계,126.4598007,35.35059275
3435,2018,2018-02-26 13:30,주,월,1,2,1,0,전남,함평군,차량단독,도로이탈 추락,운전자법규위반,안전운전 의무 불이행,단일로,교량위,승용차,없음,126.52059609999999,35.01749647
3436,2018,2018-06-20 09:35,주,수,1,1,0,0,전남,영암군,차대사람,차도통행중,운전자법규위반,안전운전 의무 불이행,단일로,교량위,화물차,보행자,126.69845169999999,34.81577252
3437,2018,2018-01-28 18:00,야,일,1,1,0,0,전남,영암군,차량단독,도로이탈 추락,운전자법규위반,안전운전 의무 불이행,단일로,기타단일로,원동기장치자전거,없음,126.7317617,34.81637515
3438,2018,2018-12-29 19:10,야,토,1,1,0,0,전남,영암군,차대차,기타,운전자법규위반,신호위반,교차로,교차로내,승합차,원동기장치자전거,126.6856287,34.79886089
3439,2018,2018-05-02 13:17,주,수,1,1,0,0,전남,장성군,차량단독,기타,운전자법규위반,안전운전 의무 불이행,단일로,기타단일로,사륜오토바이(ATV),없음,126.71667479999999,35.28128073
3440,2018,2018-09-06 05:30,야,목,1,1,0,0,전남,강진군,차대사람,횡단중,운전자법규위반,안전운전 의무 불이행,단일로,기타단일로,승용차,보행자,126.71481750000001,34.73410875
3441,2018,2018-06-01 14:05,주,금,1,1,0,0,전남,담양군,차대차,기타,운전자법규위반,안전운전 의무 불이행,단일로,기타단일로,승용차,자전거,126.94269809999999,35.304308899999995
3442,2018,2018-12-22 18:30,야,토,1,1,0,0,전남,곡성군,차대사람,길가장자리구역통행중,운전자법규위반,안전운전 의무 불이행,단일로,기타단일로,화물차,보행자,127.3007861,35.29378528
3443,2018,2018-12-07 18:37,야,금,1,1,0,0,전남,완도군,차대사람,차도통행중,운전자법규위반,안전운전 의무 불이행,단일로,기타단일로,승용차,보행자,126.7303951,34.33370786
3444,2018,2018-11-24 23:12,야,토,1,1,0,0,전남,완도군,차량단독,공작물충돌,운전자법규위반,안전운전 의무 불이행,단일로,기타단일로,이륜차,없음,127.03424440000002,34.35094775
3445,2018,2018-08-25 21:20,야,토,1,4,1,2,전남,완도군,차대차,정면충돌,운전자법규위반,중앙선 침범,단일로,기타단일로,승용차,승용차,126.67328899999998,34.38386646
3446,2018,2018-09-20 19:00,야,목,1,1,0,0,전남,완도군,차량단독,전도,운전자법규위반,안전운전 의무 불이행,단일로,기타단일로,원동기장치자전거,없음,126.89267609999999,34.16948594
3447,2018,2018-02-13 09:55,주,화,1,1,0,0,전남,완도군,차대사람,횡단중,운전자법규위반,안전운전 의무 불이행,단일로,기타단일로,화물차,보행자,126.57330479999999,34.17577769
3448,2018,2018-07-14 10:00,주,토,1,1,0,0,전남,완도군,차량단독,전도,운전자법규위반,안전운전 의무 불이행,단일로,기타단일로,화물차,없음,126.701017,34.30577001
3449,2018,2018-07-01 10:05,주,일,1,1,0,0,전남,무안군,차량단독,도로이탈 기타,운전자법규위반,안전운전 의무 불이행,단일로,기타단일로,화물차,없음,126.4266331,34.96531712
3450,2018,2018-10-31 23:30,야,수,1,1,0,0,전남,무안군,차량단독,공작물충돌,운전자법규위반,안전운전 의무 불이행,교차로,교차로부근,승용차,없음,126.49708770000001,34.98097331
3451,2018,2018-08-21 19:17,야,화,1,1,0,0,전남,광양시,차량단독,기타,운전자법규위반,안전운전 의무 불이행,단일로,기타단일로,화물차,없음,127.70108429999999,34.97887653
3452,2018,2018-10-23 20:20,야,화,1,1,0,0,전남,광양시,차량단독,기타,운전자법규위반,안전운전 의무 불이행,단일로,기타단일로,이륜차,없음,127.7658425,34.94099949
3453,2018,2018-12-27 18:47,야,목,1,1,0,0,전남,광양시,차대사람,기타,운전자법규위반,안전운전 의무 불이행,단일로,기타단일로,승용차,보행자,127.56258629999999,34.98709753
3454,2018,2018-02-19 16:40,주,월,1,1,0,0,전남,구례군,차량단독,기타,운전자법규위반,안전운전 의무 불이행,단일로,기타단일로,사륜오토바이(ATV),없음,127.4070638,35.26646853
3455,2018,2018-04-20 15:00,주,금,1,1,0,0,전남,구례군,차량단독,전복,운전자법규위반,안전운전 의무 불이행,기타,기타,이륜차,없음,127.43964509999999,35.31931077
3456,2018,2018-11-12 06:30,주,월,1,2,0,0,전남,순천시,차대차,기타,운전자법규위반,안전운전 의무 불이행,단일로,기타단일로,승용차,화물차,127.4328057,34.87370848
3457,2018,2018-04-09 13:27,주,월,1,1,0,0,경북,경주시,차대차,측면충돌,운전자법규위반,철길건널목 통과방법위반,교차로,교차로부근,화물차,기타,129.2615825,35.98555529
3458,2018,2018-07-18 20:38,야,수,1,3,2,0,경북,경주시,차대차,정면충돌,운전자법규위반,중앙선 침범,단일로,기타단일로,승용차,승합차,129.4921519,35.79367255
3459,2018,2018-07-05 16:42,주,목,1,1,0,0,경북,경주시,차대차,측면충돌,운전자법규위반,안전운전 의무 불이행,교차로,교차로횡단보도내,이륜차,승합차,129.2075,35.83917955
3460,2018,2018-12-26 15:02,주,수,1,4,3,0,경북,경주시,차대차,정면충돌,운전자법규위반,중앙선 침범,단일로,터널안,화물차,승용차,129.4598838,35.7222844
3461,2018,2018-08-07 02:24,야,화,1,2,1,0,경북,경주시,차량단독,공작물충돌,운전자법규위반,안전운전 의무 불이행,단일로,지하차도(도로)내,화물차,없음,129.2528707,35.98534036
3462,2018,2018-09-26 18:00,야,수,1,1,0,0,경북,경주시,차량단독,공작물충돌,운전자법규위반,안전운전 의무 불이행,단일로,기타단일로,화물차,없음,129.0345584,35.73422266
3463,2018,2018-08-23 05:20,야,목,1,1,0,0,경북,포항시,차대사람,기타,운전자법규위반,안전운전 의무 불이행,교차로,교차로내,승용차,보행자,129.3969533,36.08217086
3464,2018,2018-09-06 04:35,야,목,1,1,0,0,경북,포항시,차대사람,횡단중,운전자법규위반,안전운전 의무 불이행,단일로,기타단일로,승용차,보행자,129.35942279999998,36.05123596
3465,2018,2018-01-22 07:18,주,월,1,1,0,0,경북,포항시,차대사람,횡단중,운전자법규위반,안전운전 의무 불이행,단일로,기타단일로,승용차,보행자,129.3668497,36.03668846
3466,2018,2018-02-13 04:16,야,화,1,1,0,0,경북,포항시,차량단독,공작물충돌,운전자법규위반,안전운전 의무 불이행,단일로,기타단일로,승용차,없음,129.3652076,36.03529876
3467,2018,2018-10-26 12:20,주,금,1,1,0,0,경북,안동시,차대차,추돌,운전자법규위반,안전운전 의무 불이행,단일로,기타단일로,승용차,농기계,128.6622625,36.47147681
3468,2018,2018-07-13 17:37,주,금,1,3,1,1,경북,안동시,차량단독,도로이탈 추락,운전자법규위반,안전운전 의무 불이행,단일로,기타단일로,화물차,없음,128.77057240000002,36.70463013
3469,2018,2018-09-24 12:35,주,월,1,1,0,0,경북,안동시,차량단독,도로이탈 추락,운전자법규위반,안전운전 의무 불이행,단일로,기타단일로,이륜차,없음,128.6630721,36.43899795
3470,2018,2018-06-28 16:10,주,목,1,1,0,0,경북,김천시,차대차,측면충돌,운전자법규위반,안전운전 의무 불이행,단일로,기타단일로,화물차,건설기계,128.1771277,36.10674185
3471,2018,2018-11-03 16:50,주,토,1,1,0,0,경북,김천시,차량단독,전복,운전자법규위반,안전운전 의무 불이행,교차로,교차로내,이륜차,없음,128.2730187,36.11692607
3472,2018,2018-11-30 06:20,주,금,1,1,0,0,경북,상주시,차대사람,길가장자리구역통행중,운전자법규위반,안전운전 의무 불이행,교차로,교차로내,화물차,보행자,128.2272715,36.44444992
3473,2018,2018-02-13 13:48,주,화,1,2,1,0,경북,상주시,차대차,추돌,운전자법규위반,안전거리 미확보,단일로,기타단일로,화물차,화물차,128.2464074,36.40364676
3474,2018,2018-02-23 04:30,야,금,1,1,0,0,경북,상주시,차대차,추돌,운전자법규위반,안전운전 의무 불이행,단일로,기타단일로,화물차,특수차,128.1495821,36.36593418
3475,2018,2018-02-27 08:58,주,화,1,1,0,0,경북,상주시,차대사람,횡단중,운전자법규위반,안전운전 의무 불이행,단일로,기타단일로,화물차,보행자,128.1725342,36.41649046
3476,2018,2018-05-25 14:28,주,금,1,2,1,0,경북,상주시,차대차,측면충돌,운전자법규위반,교차로 통행방법 위반,교차로,교차로내,특수차,이륜차,128.031294,36.39752221
3477,2018,2018-10-08 10:00,주,월,1,1,0,0,경북,상주시,차대사람,횡단중,운전자법규위반,안전운전 의무 불이행,단일로,기타단일로,승용차,보행자,127.9575871,36.44580636
3478,2018,2018-01-29 14:55,주,월,1,1,0,0,경북,의성군,차대차,측면충돌,운전자법규위반,안전운전 의무 불이행,교차로,교차로부근,이륜차,화물차,128.6948276,36.35252122
3479,2018,2018-09-19 20:25,야,수,1,1,0,0,경북,영주시,차대사람,횡단중,운전자법규위반,안전운전 의무 불이행,교차로,교차로부근,승용차,보행자,128.6267292,36.80668721
3480,2018,2018-09-25 12:05,주,화,1,1,0,0,경북,영주시,차량단독,전도,운전자법규위반,안전운전 의무 불이행,단일로,기타단일로,이륜차,없음,128.7189491,36.72357712
3481,2018,2018-08-31 16:26,주,금,1,1,0,0,경북,칠곡군,차대사람,횡단중,운전자법규위반,보행자 보호의무 위반,교차로,교차로횡단보도내,승용차,보행자,128.5093336,36.04986061
3482,2018,2018-11-01 11:40,주,목,1,2,0,1,경북,칠곡군,차대차,정면충돌,운전자법규위반,중앙선 침범,단일로,기타단일로,이륜차,승용차,128.4838308,36.06130587