,발생년,발생년월일시분,주야,요일,사망자수,사상자수,중상자수,경상자수,발생지시도,발생지시군구,사고유형_대분류,사고유형,법규위반_대분류,법규위반,도로형태_대분류,도로형태,가해자_당사자종별,피해자_당사자종별,경도,위도
3483,2018,2018-12-10 04:50,야,월,1,1,0,0,경북,영천시,차량단독,전복,운전자법규위반,안전운전 의무 불이행,교차로,교차로부근,화물차,없음,128.97327579999998,36.00978094
3484,2018,2018-12-15 11:30,주,토,1,1,0,0,경북,문경시,차대사람,차도통행중,운전자법규위반,보행자 보호의무 위반,교차로,교차로내,화물차,보행자,128.1141343,36.72037397
3485,2018,2018-03-13 09:55,주,화,1,1,0,0,경북,문경시,차대차,측면충돌,운전자법규위반,안전운전 의무 불이행,교차로,교차로내,화물차,이륜차,128.16450849999998,36.62085996
3486,2018,2018-11-27 14:19,주,화,1,1,0,0,경북,경산시,차대차,정면충돌,운전자법규위반,중앙선 침범,단일로,교량위,승합차,화물차,128.8237926,35.90869628
3487,2018,2018-10-23 06:05,주,화,1,1,0,0,경북,경산시,차대사람,횡단중,운전자법규위반,안전운전 의무 불이행,교차로,교차로내,승용차,보행자,128.739149,35.80401928
3488,2018,2018-12-25 18:25,야,화,1,1,0,0,경북,경산시,차대차,측면충돌,운전자법규위반,안전운전 의무 불이행,교차로,교차로부근,승용차,화물차,128.73137350000002,35.81006749
3489,2018,2018-03-16 18:59,야,금,1,1,0,0,경북,경산시,차대사람,횡단중,운전자법규위반,안전운전 의무 불이행,단일로,기타단일로,승합차,보행자,128.8224818,35.89652199
3490,2018,2018-01-16 11:49,주,화,1,2,1,0,경북,경산시,차대차,기타,운전자법규위반,교차로 통행방법 위반,교차로,교차로내,승용차,승용차,128.8181061,35.91728734
3491,2018,2018-01-26 10:47,주,금,1,2,0,1,경북,봉화군,차대차,정면충돌,운전자법규위반,중앙선 침범,단일로,기타단일로,승용차,승합차,128.9928683,36.95557246
3492,2018,2018-02-11 18:59,야,일,1,1,0,0,경북,청도군,차대사람,차도통행중,운전자법규위반,안전운전 의무 불이행,단일로,기타단일로,승용차,보행자,128.7653209,35.59754887
3493,2018,2018-12-22 13:35,주,토,1,2,1,0,경북,청도군,차대차,정면충돌,운전자법규위반,중앙선 침범,교차로,교차로부근,화물차,화물차,128.7983084,35.69267452
3494,2018,2018-02-01 22:29,야,목,3,4,1,0,경북,울진군,차대차,정면충돌,운전자법규위반,중앙선 침범,단일로,기타단일로,승용차,승용차,129.3772091,37.07304659
3495,2018,2018-11-04 13:10,주,일,1,1,0,0,경북,청송군,차량단독,도로이탈 추락,운전자법규위반,안전운전 의무 불이행,단일로,기타단일로,승용차,없음,129.1227768,36.28868321
3496,2018,2018-07-28 11:25,주,토,1,8,2,5,경북,청송군,차대차,정면충돌,운전자법규위반,중앙선 침범,단일로,기타단일로,화물차,승합차,129.07109029999998,36.37140493
3497,2018,2018-12-06 06:50,주,목,1,3,2,0,경북,구미시,차대차,기타,운전자법규위반,안전운전 의무 불이행,단일로,기타단일로,화물차,건설기계,128.3468061,36.24262439
3498,2018,2018-07-01 05:11,야,일,1,1,0,0,경북,구미시,차대사람,횡단중,운전자법규위반,안전운전 의무 불이행,단일로,기타단일로,승용차,보행자,128.3213269,36.13782702
3499,2018,2018-12-19 12:00,주,수,1,1,0,0,경북,구미시,차대차,측면충돌,운전자법규위반,안전운전 의무 불이행,단일로,기타단일로,화물차,자전거,128.3211502,36.13793642
3500,2018,2018-05-30 23:26,야,수,1,1,0,0,경북,구미시,차량단독,기타,운전자법규위반,안전운전 의무 불이행,단일로,기타단일로,이륜차,없음,128.3930699,36.13093965
3501,2018,2018-12-13 13:30,주,목,1,1,0,0,경북,구미시,차대사람,횡단중,운전자법규위반,보행자 보호의무 위반,교차로,교차로내,승합차,보행자,128.3239437,36.13191294
3502,2018,2018-01-07 14:38,주,일,1,1,0,0,경북,구미시,차량단독,공작물충돌,운전자법규위반,안전운전 의무 불이행,교차로,교차로부근,승용차,없음,128.3173545,36.23264195
3503,2018,2018-03-06 22:40,야,화,1,1,0,0,경북,구미시,차대사람,횡단중,운전자법규위반,안전운전 의무 불이행,단일로,기타단일로,승용차,보행자,128.4104695,36.09113176
3504,2018,2018-01-17 06:35,주,수,1,1,0,0,경북,포항시,차대사람,횡단중,운전자법규위반,안전운전 의무 불이행,단일로,기타단일로,화물차,보행자,129.42883999999998,35.99043698
3505,2018,2018-05-10 09:33,주,목,1,1,0,0,경북,포항시,차대사람,차도통행중,운전자법규위반,안전운전 의무 불이행,단일로,기타단일로,승용차,보행자,129.474125,35.9893936
3506,2018,2018-09-12 02:44,야,수,1,1,0,0,경북,포항시,차대사람,기타,운전자법규위반,과속,단일로,기타단일로,승용차,보행자,129.3790409,35.99249862
3507,2018,2018-08-14 01:20,야,화,1,2,1,0,경북,영천시,차대사람,기타,운전자법규위반,과속,단일로,기타단일로,승용차,보행자,128.8186924,36.03521819
3508,2018,2018-10-01 08:25,주,월,1,2,0,1,경북,구미시,차량단독,공작물충돌,운전자법규위반,안전운전 의무 불이행,단일로,기타단일로,화물차,없음,128.329121,36.30782931
3509,2018,2018-12-26 05:58,야,수,1,2,0,0,대구,북구,차대차,기타,운전자법규위반,안전운전 의무 불이행,단일로,기타단일로,특수차,승용차,128.5817486,35.90993097
3510,2018,2018-06-04 18:35,야,월,1,2,1,0,경북,김천시,차대차,기타,운전자법규위반,안전운전 의무 불이행,단일로,기타단일로,승용차,화물차,128.2167537,36.15888255
3511,2018,2018-12-18 05:10,야,화,1,1,0,0,경북,문경시,차대차,추돌,운전자법규위반,안전운전 의무 불이행,단일로,기타단일로,화물차,화물차,128.1436228,36.64837065
3512,2018,2018-05-18 19:30,야,금,1,1,0,0,경남,창원시(통합),차대차,기타,운전자법규위반,안전운전 의무 불이행,기타,기타,이륜차,승용차,128.5544807,35.16618889
3513,2018,2018-09-02 09:45,주,일,1,1,0,0,경남,진주시,차대차,측면충돌,운전자법규위반,안전운전 의무 불이행,단일로,기타단일로,승용차,이륜차,128.1173121,35.18796097
3514,2018,2018-10-29 11:20,주,월,1,2,1,0,경남,진주시,차대차,추돌,운전자법규위반,안전운전 의무 불이행,단일로,기타단일로,화물차,승용차,128.14583729999998,35.18110358
3515,2018,2018-10-19 15:50,주,금,1,1,0,0,경남,진주시,차대차,기타,운전자법규위반,신호위반,교차로,교차로부근,승용차,이륜차,128.0846297,35.19327186
3516,2018,2018-08-03 10:10,주,금,1,1,0,0,경남,진주시,차대차,정면충돌,운전자법규위반,중앙선 침범,단일로,기타단일로,화물차,화물차,127.98631470000001,35.24044173
3517,2018,2018-03-23 14:05,주,금,1,1,0,0,경남,진주시,차대사람,횡단중,운전자법규위반,보행자 보호의무 위반,단일로,기타단일로,승합차,보행자,128.0933372,35.17470858
3518,2018,2018-07-16 16:47,주,월,1,1,0,0,경남,창원시(통합),차대사람,길가장자리구역통행중,운전자법규위반,안전운전 의무 불이행,단일로,기타단일로,승합차,보행자,128.7852041,35.12550544
3519,2018,2018-09-28 20:40,야,금,1,1,0,0,경남,창원시(통합),차량단독,공작물충돌,운전자법규위반,안전운전 의무 불이행,교차로,교차로부근,특수차,없음,128.7742756,35.08335138
3520,2018,2018-03-15 15:20,주,목,1,1,0,0,경남,창원시(통합),차대사람,보도통행중,운전자법규위반,보행자 보호의무 위반,교차로,교차로횡단보도내,특수차,보행자,128.8078086,35.10471507
3521,2018,2018-12-02 14:20,주,일,1,1,0,0,경남,통영시,차대차,기타,운전자법규위반,안전거리 미확보,단일로,기타단일로,승용차,이륜차,128.3598177,34.92640446
3522,2018,2018-07-17 04:30,야,화,1,1,0,0,경남,통영시,차대사람,기타,운전자법규위반,안전운전 의무 불이행,단일로,기타단일로,화물차,보행자,128.4210122,34.86298894
3523,2018,2018-06-03 21:10,야,일,1,2,0,1,경남,통영시,차대사람,횡단중,운전자법규위반,보행자 보호의무 위반,교차로,교차로횡단보도내,승용차,보행자,128.4243629,34.84468556
3524,2018,2018-03-30 17:30,주,금,1,1,0,0,경남,통영시,차대차,측면충돌,운전자법규위반,부당한 회전,교차로,교차로내,이륜차,승용차,128.4180006,34.84104568
3525,2018,2018-06-03 04:26,야,일,1,1,0,0,경남,사천시,차대사람,횡단중,운전자법규위반,보행자 보호의무 위반,교차로,교차로횡단보도내,승용차,보행자,128.0847265,34.92997849
3526,2018,2018-04-12 10:00,주,목,1,1,0,0,경남,사천시,차대사람,횡단중,운전자법규위반,안전운전 의무 불이행,기타,기타,화물차,보행자,128.0450462,34.99938919
3527,2018,2018-01-04 09:13,주,목,1,1,0,0,경남,김해시,차대사람,길가장자리구역통행중,운전자법규위반,안전운전 의무 불이행,단일로,기타단일로,승용차,보행자,128.8547475,35.23258315
3528,2018,2018-01-22 23:29,야,월,1,1,0,0,경남,합천군,차대차,추돌,운전자법규위반,안전운전 의무 불이행,단일로,기타단일로,승용차,자전거,128.16384920000002,35.56291692
3529,2018,2018-03-31 12:53,주,토,1,7,2,4,경남,창녕군,차대차,정면충돌,운전자법규위반,중앙선 침범,단일로,기타단일로,승용차,승합차,128.51886149999999,35.46358722
3530,2018,2018-10-11 18:59,야,목,1,1,0,0,경남,창녕군,차대차,측면충돌,운전자법규위반,안전운전 의무 불이행,교차로,교차로내,화물차,화물차,128.6421412,35.427960600000006
3531,2018,2018-05-07 16:40,주,월,2,2,0,0,경남,함양군,차량단독,공작물충돌,운전자법규위반,안전운전 의무 불이행,단일로,기타단일로,화물차,없음,127.63689209999998,35.57254738
3532,2018,2018-06-14 13:00,주,목,1,3,2,0,경남,양산시,차대차,추돌,운전자법규위반,안전운전 의무 불이행,단일로,기타단일로,승용차,승용차,129.03564440000002,35.34904546
3533,2018,2018-03-11 19:05,야,일,1,1,0,0,경남,하동군,차대사람,기타,운전자법규위반,안전운전 의무 불이행,단일로,기타단일로,화물차,보행자,127.632749,35.20689161
3534,2018,2018-11-03 17:50,주,토,1,1,0,0,경남,하동군,차대사람,횡단중,운전자법규위반,안전운전 의무 불이행,단일로,기타단일로,승용차,보행자,127.90687720000001,35.02064377
3535,2018,2018-12-09 17:50,주,일,1,1,0,0,경남,하동군,차대차,기타,운전자법규위반,안전운전 의무 불이행,단일로,기타단일로,승용차,화물차,127.89082830000001,35.02955154
3536,2018,2018-09-19 05:47,야,수,1,1,0,0,경남,거제시,차대사람,차도통행중,운전자법규위반,안전운전 의무 불이행,단일로,기타단일로,승합차,보행자,128.4802108,34.85950539
3537,2018,2018-07-11 18:05,야,수,1,3,1,1,경남,남해군,차량단독,도로이탈 추락,운전자법규위반,안전운전 의무 불이행,단일로,기타단일로,화물차,없음,128.06167630000002,34.84120213
3538,2018,2018-06-10 20:24,야,일,1,1,0,0,경남,산청군,차대사람,횡단중,운전자법규위반,보행자 보호의무 위반,단일로,기타단일로,승용차,보행자,127.7779952,35.26661768
3539,2018,2018-04-30 14:55,주,월,1,2,0,1,경남,함안군,차대차,측면충돌,운전자법규위반,중앙선 침범,단일로,기타단일로,화물차,화물차,128.3928623,35.26572547
3540,2018,2018-06-04 08:50,주,월,1,3,1,0,경남,함안군,차대차,측면충돌,운전자법규위반,중앙선 침범,교차로,교차로부근,화물차,승용차,128.3749321,35.26887705
3541,2018,2018-01-16 11:59,주,화,1,1,0,0,경남,함안군,차대차,기타,운전자법규위반,안전운전 의무 불이행,단일로,기타단일로,화물차,승합차,128.4666866,35.26761065
3542,2018,2018-08-13 10:05,주,월,1,1,0,0,경남,함안군,차대차,측면충돌,운전자법규위반,안전운전 의무 불이행,단일로,기타단일로,승용차,이륜차,128.5101922,35.32176014
3543,2018,2018-09-05 00:15,야,수,1,1,0,0,경남,함안군,차대차,추돌,운전자법규위반,안전운전 의무 불이행,단일로,기타단일로,이륜차,건설기계,128.3981114,35.27115973
3544,2018,2018-12-12 21:30,야,수,1,1,0,0,경남,함안군,차대사람,차도통행중,운전자법규위반,안전운전 의무 불이행,교차로,교차로내,화물차,보행자,128.4320812,35.36479231
3545,2018,2018-09-28 19:00,야,금,1,1,0,0,경남,함안군,차대사람,기타,운전자법규위반,안전운전 의무 불이행,단일로,기타단일로,화물차,보행자,128.3025051,35.27820654
3546,2018,2018-10-26 18:50,야,금,1,1,0,0,경남,함안군,차대사람,차도통행중,운전자법규위반,안전운전 의무 불이행,단일로,기타단일로,승용차,보행자,128.4094962,35.25884808
3547,2018,2018-12-01 09:30,주,토,1,1,0,0,경남,의령군,차대차,측면충돌,운전자법규위반,교차로 통행방법 위반,교차로,교차로내,이륜차,화물차,128.198823,35.33537598
3548,2018,2018-04-20 04:46,야,금,1,1,0,0,경남,창원시(통합),차대사람,차도통행중,운전자법규위반,안전운전 의무 불이행,단일로,기타단일로,승용차,보행자,128.6583796,35.23915726
3549,2018,2018-07-23 21:40,야,월,1,4,1,2,경남,창원시(통합),차대차,추돌,운전자법규위반,안전운전 의무 불이행,교차로,교차로부근,화물차,승합차,128.69488379999999,35.19087085
3550,2018,2018-04-12 19:58,야,목,1,1,0,0,경남,창원시(통합),차대사람,횡단중,운전자법규위반,신호위반,교차로,교차로부근,화물차,보행자,128.585035,35.24186579
3551,2018,2018-01-22 18:45,야,월,1,1,0,0,경남,창원시(통합),차대사람,횡단중,운전자법규위반,신호위반,교차로,교차로부근,승용차,보행자,128.6264179,35.24293934
3552,2018,2018-07-29 03:58,야,일,1,1,0,0,경남,창원시(통합),차대사람,횡단중,운전자법규위반,안전운전 의무 불이행,교차로,교차로부근,승용차,보행자,128.6461139,35.23597401
3553,2018,2018-10-30 13:05,주,화,1,1,0,0,경남,창원시(통합),차대사람,차도통행중,운전자법규위반,안전운전 의무 불이행,단일로,기타단일로,화물차,보행자,128.64137549999998,35.23034742
3554,2018,2018-03-19 03:45,야,월,1,1,0,0,경남,창원시(통합),차량단독,공작물충돌,운전자법규위반,안전운전 의무 불이행,교차로,교차로부근,승용차,없음,128.645128,35.25573843
3555,2018,2018-10-01 18:28,야,월,1,1,0,0,경남,창원시(통합),차대사람,횡단중,운전자법규위반,보행자 보호의무 위반,교차로,교차로횡단보도내,승용차,보행자,128.6083823,35.25101334
3556,2018,2018-12-17 06:50,주,월,1,1,0,0,경남,창원시(통합),차대차,기타,운전자법규위반,안전운전 의무 불이행,단일로,기타단일로,화물차,화물차,128.6293631,35.35293914
3557,2018,2018-07-26 18:05,야,목,1,3,1,1,경남,김해시,차대차,추돌,운전자법규위반,안전운전 의무 불이행,단일로,터널안,화물차,승용차,128.8537282,35.22017917
3558,2018,2018-09-21 08:50,주,금,1,1,0,0,경남,함안군,차대차,기타,운전자법규위반,안전운전 의무 불이행,단일로,기타단일로,화물차,특수차,128.4996271,35.33396613
3559,2018,2018-09-09 14:20,주,일,1,1,0,0,경남,함안군,차대차,측면충돌,운전자법규위반,안전운전 의무 불이행,단일로,기타단일로,화물차,화물차,128.3525069,35.29227315
3560,2018,2018-12-23 11:58,주,일,1,1,0,0,제주,제주시,차대차,기타,운전자법규위반,신호위반,교차로,교차로부근,승용차,이륜차,126.51645049999999,33.4925139
3561,2018,2018-06-13 03:45,야,수,1,1,0,0,제주,제주시,차대사람,기타,운전자법규위반,안전운전 의무 불이행,교차로,교차로내,승용차,보행자,126.516947,33.49239157
3562,2018,2018-02-01 00:10,야,목,1,3,0,2,제주,제주시,차량단독,공작물충돌,운전자법규위반,과속,단일로,기타단일로,화물차,없음,126.73366100000001,33.43705418
3563,2018,2018-06-13 04:03,야,수,1,1,0,0,제주,제주시,차량단독,공작물충돌,운전자법규위반,안전운전 의무 불이행,단일로,기타단일로,승용차,없음,126.5606145,33.44386419
3564,2018,2018-04-08 18:20,야,일,1,1,0,0,제주,제주시,차대차,기타,운전자법규위반,안전운전 의무 불이행,단일로,기타단일로,이륜차,승용차,126.55935829999999,33.47750541
3565,2018,2018-12-20 19:00,야,목,1,1,0,0,제주,서귀포시,차대사람,횡단중,운전자법규위반,안전운전 의무 불이행,교차로,교차로내,승용차,보행자,126.41397990000002,33.25505769
3566,2018,2018-01-08 08:20,주,월,1,2,0,0,제주,서귀포시,차대사람,기타,운전자법규위반,안전운전 의무 불이행,교차로,교차로내,승용차,보행자,126.3467912,33.3186065
3567,2018,2018-07-06 17:25,주,금,1,2,1,0,제주,서귀포시,차대차,정면충돌,운전자법규위반,중앙선 침범,단일로,기타단일로,승용차,승용차,126.7215248,33.3431399
3568,2018,2018-10-15 18:36,야,월,1,1,0,0,제주,서귀포시,차량단독,기타,운전자법규위반,안전운전 의무 불이행,단일로,기타단일로,원동기장치자전거,없음,126.37172939999999,33.23230456
3569,2018,2018-11-04 11:19,주,일,1,1,0,0,제주,서귀포시,차대차,기타,운전자법규위반,안전운전 의무 불이행,단일로,기타단일로,이륜차,승합차,126.35351159999999,33.28530662
3570,2018,2018-12-20 18:55,야,목,1,1,0,0,제주,서귀포시,차대사람,기타,운전자법규위반,안전운전 의무 불이행,단일로,기타단일로,승용차,보행자,126.3397003,33.24968771
3571,2018,2018-10-24 17:27,주,수,1,1,0,0,제주,제주시,차대차,측면충돌,운전자법규위반,안전운전 의무 불이행,교차로,교차로내,화물차,이륜차,126.31346229999998,33.42506037
3572,2018,2018-04-22 18:34,야,일,1,1,0,0,제주,제주시,차량단독,도로이탈 기타,운전자법규위반,안전운전 의무 불이행,단일로,기타단일로,승용차,없음,126.41612909999999,33.43180838
3573,2018,2018-03-05 20:09,야,월,1,1,0,0,대구,남구,차대사람,기타,운전자법규위반,안전운전 의무 불이행,교차로,교차로부근,승용차,보행자,128.5786149,35.84147646
3574,2018,2018-01-03 04:55,야,수,1,1,0,0,대구,동구,차대차,측면충돌,운전자법규위반,신호위반,교차로,교차로횡단보도내,자전거,승용차,128.70276470000002,35.87291789
3575,2018,2018-04-06 00:17,야,금,1,1,0,0,대구,동구,차대사람,길가장자리구역통행중,운전자법규위반,안전운전 의무 불이행,단일로,기타단일로,승용차,보행자,128.6411345,35.88422789
3576,2018,2018-10-07 05:40,야,일,1,1,0,0,대구,동구,차대사람,횡단중,운전자법규위반,안전운전 의무 불이행,기타,기타,승용차,보행자,128.7039551,35.95480049
3577,2018,2018-01-19 08:35,주,금,1,1,0,0,대구,수성구,차대차,측면충돌,운전자법규위반,안전운전 의무 불이행,교차로,교차로부근,화물차,이륜차,128.6221727,35.80674594
3578,2018,2018-01-17 05:07,야,수,1,1,0,0,대구,수성구,차대사람,횡단중,운전자법규위반,안전운전 의무 불이행,단일로,기타단일로,승용차,보행자,128.7119888,35.8381677
3579,2018,2018-08-20 21:25,야,월,1,1,0,0,대구,달서구,차대사람,횡단중,운전자법규위반,과속,단일로,기타단일로,승용차,보행자,128.54424609999998,35.82970801
3580,2018,2018-02-19 09:00,주,월,1,1,0,0,대구,달성군,차량단독,전도,운전자법규위반,안전운전 의무 불이행,단일로,기타단일로,이륜차,없음,128.53323799999998,35.77645682
3581,2018,2018-01-07 07:15,주,일,1,2,1,0,대구,달성군,차대차,추돌,운전자법규위반,과속,단일로,기타단일로,승용차,농기계,128.5094251,35.889779700000005
3582,2018,2018-05-29 13:30,주,화,1,1,0,0,대구,달성군,차량단독,공작물충돌,운전자법규위반,안전운전 의무 불이행,단일로,기타단일로,승용차,없음,128.4775708,35.87257979
3583,2018,2018-09-04 00:10,야,화,1,1,0,0,대구,달성군,차대사람,횡단중,운전자법규위반,안전운전 의무 불이행,교차로,교차로부근,승용차,보행자,128.44698799999998,35.68889179999999
3584,2018,2018-02-25 03:50,야,일,1,2,1,0,대구,서구,차대차,정면충돌,운전자법규위반,신호위반,교차로,교차로내,이륜차,승용차,128.5573402,35.857848700000005
3585,2018,2018-02-15 19:15,야,목,1,1,0,0,대구,서구,차대차,측면충돌,운전자법규위반,안전운전 의무 불이행,교차로,교차로부근,승용차,자전거,128.5716185,35.86216691
3586,2018,2018-11-12 18:00,야,월,1,1,0,0,대구,서구,차대사람,기타,운전자법규위반,안전운전 의무 불이행,기타,기타,화물차,보행자,128.55644180000002,35.88778856
3587,2018,2018-12-02 04:40,야,일,1,1,0,0,대구,서구,차량단독,공작물충돌,운전자법규위반,안전운전 의무 불이행,단일로,기타단일로,이륜차,없음,128.5563268,35.87078607
3588,2018,2018-12-12 04:55,야,수,1,1,0,0,대구,북구,차량단독,기타,운전자법규위반,안전운전 의무 불이행,단일로,기타단일로,화물차,없음,128.5417018,35.90856311
3589,2018,2018-02-04 08:45,주,일,1,1,0,0,인천,중구,차대차,측면충돌,운전자법규위반,안전운전 의무 불이행,교차로,교차로내,이륜차,승합차,126.6312366,37.47541369
3590,2018,2018-02-26 10:10,주,월,1,1,0,0,인천,중구,차대차,측면충돌,운전자법규위반,안전운전 의무 불이행,단일로,기타단일로,화물차,자전거,126.6129125,37.47852236
3591,2018,2018-01-22 17:25,주,월,1,1,0,0,인천,중구,차대사람,기타,운전자법규위반,안전운전 의무 불이행,단일로,기타단일로,승합차,보행자,126.4536303,37.44324778
3592,2018,2018-10-05 11:48,주,금,1,1,0,0,인천,남구,차대차,기타,운전자법규위반,중앙선 침범,단일로,기타단일로,화물차,특수차,126.63377340000002,37.43688173
3593,2018,2018-08-12 11:16,주,일,1,1,0,0,인천,남구,차대사람,횡단중,운전자법규위반,보행자 보호의무 위반,교차로,교차로횡단보도내,승합차,보행자,126.66440829999999,37.44280783
3594,2018,2018-03-03 15:50,주,토,1,4,0,2,인천,남구,차대차,정면충돌,운전자법규위반,신호위반,교차로,교차로내,승합차,승용차,126.63836029999999,37.46074689
3595,2018,2018-02-24 23:28,야,토,1,1,0,0,인천,남구,차대사람,차도통행중,운전자법규위반,안전운전 의무 불이행,단일로,기타단일로,승용차,보행자,126.6939814,37.45962511
3596,2018,2018-09-26 02:00,야,수,1,1,0,0,인천,남동구,차대사람,횡단중,운전자법규위반,신호위반,단일로,기타단일로,승용차,보행자,126.70055740000001,37.44626669
3597,2018,2018-09-12 09:09,주,수,1,1,0,0,인천,서구,차량단독,공작물충돌,운전자법규위반,안전운전 의무 불이행,단일로,기타단일로,승용차,없음,126.6821817,37.52453994
3598,2018,2018-10-24 13:10,주,수,1,1,0,0,인천,강화군,차대차,측면충돌,운전자법규위반,안전운전 의무 불이행,기타,기타,농기계,승합차,126.4634929,37.76535568
3599,2018,2018-10-29 19:27,야,월,1,1,0,0,인천,연수구,차대사람,횡단중,운전자법규위반,안전운전 의무 불이행,교차로,교차로부근,승합차,보행자,126.6873429,37.41165472
3600,2018,2018-07-10 10:10,주,화,1,6,2,3,인천,남구,차대차,추돌,운전자법규위반,안전거리 미확보,단일로,기타단일로,화물차,승합차,126.65911640000002,37.43787597
3601,2018,2018-08-07 12:50,주,화,2,2,0,0,경기,시흥시,차대차,추돌,운전자법규위반,안전운전 의무 불이행,단일로,기타단일로,화물차,화물차,126.8673338,37.38011642
3602,2018,2018-02-12 17:22,주,월,1,6,4,1,경기,안산시,차대차,측면충돌,운전자법규위반,중앙선 침범,단일로,교량위,승용차,승용차,126.84393159999999,37.35009943
3603,2018,2018-07-12 19:30,야,목,1,4,0,3,광주,서구,차대차,기타,운전자법규위반,신호위반,교차로,교차로내,이륜차,승용차,126.84835520000001,35.15878248
3604,2018,2018-09-18 12:10,주,화,1,1,0,0,광주,남구,차대사람,기타,운전자법규위반,기타(운전자법규위반),단일로,기타단일로,승합차,보행자,126.895823,35.13885826
3605,2018,2018-12-24 06:59,주,월,1,1,0,0,광주,북구,차대사람,횡단중,운전자법규위반,안전운전 의무 불이행,단일로,기타단일로,화물차,보행자,126.91532859999998,35.18681548
3606,2018,2018-05-19 12:40,주,토,1,1,0,0,광주,북구,차대차,측면충돌,운전자법규위반,안전운전 의무 불이행,교차로,교차로부근,승용차,이륜차,126.86295359999998,35.17206102
3607,2018,2018-02-22 22:58,야,목,1,1,0,0,광주,북구,차대사람,기타,운전자법규위반,안전운전 의무 불이행,단일로,기타단일로,승용차,보행자,126.90749270000002,35.16778757
3608,2018,2018-05-29 23:15,야,화,1,2,0,1,광주,광산구,차대사람,횡단중,운전자법규위반,안전운전 의무 불이행,단일로,기타단일로,승용차,보행자,126.8268821,35.1789136
3609,2018,2018-03-20 11:35,주,화,1,2,0,1,광주,광산구,차대차,추돌,운전자법규위반,안전거리 미확보,단일로,기타단일로,원동기장치자전거,승용차,126.8139362,35.14385237
3610,2018,2018-05-21 21:20,야,월,1,1,0,0,광주,광산구,차대차,추돌,운전자법규위반,안전운전 의무 불이행,단일로,기타단일로,승용차,자전거,126.74777590000001,35.12656912
3611,2018,2018-01-20 06:45,주,토,1,1,0,0,광주,광산구,차대사람,횡단중,운전자법규위반,안전운전 의무 불이행,단일로,기타단일로,승용차,보행자,126.79216240000001,35.1383503
3612,2018,2018-01-17 10:55,주,수,1,4,1,2,광주,광산구,차대차,정면충돌,운전자법규위반,신호위반,교차로,교차로내,승용차,승용차,126.8117305,35.1440175
3613,2018,2018-12-28 16:29,주,금,1,1,0,0,대전,중구,차대사람,기타,운전자법규위반,신호위반,교차로,교차로횡단보도내,승용차,보행자,127.3971523,36.31853978
3614,2018,2018-01-18 21:20,야,목,1,1,0,0,대전,동구,차대차,기타,운전자법규위반,신호위반,교차로,교차로내,승용차,이륜차,127.4348459,36.33835517
3615,2018,2018-01-27 23:11,야,토,1,1,0,0,대전,동구,차대사람,횡단중,운전자법규위반,과속,단일로,기타단일로,승용차,보행자,127.4439763,36.34810548
3616,2018,2018-04-17 05:25,야,화,1,1,0,0,대전,동구,차대사람,차도통행중,운전자법규위반,안전운전 의무 불이행,단일로,기타단일로,승용차,보행자,127.43254329999999,36.34658498
3617,2018,2018-10-17 12:00,주,수,1,1,0,0,대전,서구,차대차,기타,운전자법규위반,안전운전 의무 불이행,단일로,기타단일로,이륜차,승용차,127.3246618,36.24399636
3618,2018,2018-10-24 10:20,주,수,1,5,0,3,대전,서구,차대차,기타,운전자법규위반,안전거리 미확보,단일로,기타단일로,승용차,승용차,127.38050279999999,36.344218299999994
3619,2018,2018-01-19 01:43,야,금,1,1,0,0,대전,서구,차대사람,횡단중,운전자법규위반,과속,교차로,교차로횡단보도내,승용차,보행자,127.39033529999999,36.35765167
3620,2018,2018-09-16 07:40,주,일,1,3,1,1,대전,유성구,차대차,정면충돌,운전자법규위반,중앙선 침범,교차로,교차로부근,승용차,승용차,127.33589429999999,36.36504503
3621,2018,2018-03-28 20:00,야,수,1,1,0,0,대전,유성구,차대사람,횡단중,운전자법규위반,안전운전 의무 불이행,단일로,기타단일로,승용차,보행자,127.3245216,36.34640306
3622,2018,2018-06-27 18:25,야,수,1,1,0,0,대전,유성구,차량단독,기타,운전자법규위반,안전운전 의무 불이행,기타,기타,자전거,없음,127.39365740000001,36.37357585
3623,2018,2018-05-05 02:20,야,토,1,1,0,0,대전,유성구,차량단독,전도,운전자법규위반,안전운전 의무 불이행,단일로,기타단일로,승용차,없음,127.2652687,36.2753768
3624,2018,2018-07-06 00:28,야,금,1,1,0,0,울산,남구,차대사람,횡단중,운전자법규위반,안전운전 의무 불이행,단일로,기타단일로,승용차,보행자,129.2675347,35.53497348
3625,2018,2018-01-07 20:40,야,일,1,1,0,0,울산,남구,차대사람,횡단중,운전자법규위반,신호위반,교차로,교차로내,승용차,보행자,129.3540481,35.54218437
3626,2018,2018-12-01 21:38,야,토,1,1,0,0,울산,남구,차대사람,횡단중,운전자법규위반,안전운전 의무 불이행,교차로,교차로부근,승용차,보행자,129.25988619999998,35.54331628
3627,2018,2018-09-07 05:50,야,금,1,1,0,0,울산,남구,차대사람,횡단중,운전자법규위반,안전운전 의무 불이행,단일로,기타단일로,승용차,보행자,129.32603079999998,35.53679725