,발생년,발생년월일시분,주야,요일,사망자수,사상자수,중상자수,경상자수,발생지시도,발생지시군구,사고유형_대분류,사고유형,법규위반_대분류,법규위반,도로형태_대분류,도로형태,가해자_당사자종별,피해자_당사자종별,경도,위도
3773,2017,2017-01-11 16:00,주간,수,1,4,1,2,충남,서천군,차대사람,길가장자리구역통행중,운전자법규위반,안전운전 의무 불이행,단일로,기타단일로,승합차,보행자,126.71442034,36.09957062
3774,2017,2017-01-11 18:00,야간,수,1,1,0,0,경남,거제시,차대사람,횡단중,운전자법규위반,안전운전 의무 불이행,단일로,기타단일로,승용차,보행자,128.47906994,34.86293209
3775,2017,2017-01-11 18:00,야간,수,1,1,0,0,전남,담양군,차대사람,기타,운전자법규위반,안전운전 의무 불이행,단일로,교량위,승용차,보행자,127.04263924,35.34332935
3776,2017,2017-01-11 20:00,야간,수,1,1,0,0,울산,동구,차량단독,전도전복,운전자법규위반,안전운전 의무 불이행,단일로,기타단일로,원동기장치자전거,없음,129.40968575,35.48549476
3777,2017,2017-01-12 05:00,야간,목,1,1,0,0,전남,여수시,차대사람,횡단중,운전자법규위반,과속,단일로,기타단일로,승용차,보행자,127.67521165,34.76467606
3778,2017,2017-01-12 06:00,주간,목,1,1,0,0,경기,부천시,차대차,측면충돌,운전자법규위반,안전운전 의무 불이행,교차로,교차로내,승용차,자전거,126.78897113,37.53221928
3779,2017,2017-01-12 08:00,주간,목,1,1,0,0,서울,송파구,차대차,정면충돌,운전자법규위반,중앙선 침범,단일로,기타단일로,자전거,승합차,127.14191597,37.50030167
3780,2017,2017-01-12 12:00,주간,목,1,1,0,0,충북,진천군,차대사람,횡단중,운전자법규위반,안전운전 의무 불이행,주차장,주차장,화물차,보행자,127.44174540000002,36.98917424
3781,2017,2017-01-12 18:00,야간,목,1,1,0,0,충북,청주시,차대사람,횡단중,운전자법규위반,과속,단일로,기타단일로,승용차,보행자,127.57689029,36.57819892
3782,2017,2017-01-12 22:00,야간,목,1,1,0,0,경남,진주시,차량단독,도로이탈 추락,운전자법규위반,안전운전 의무 불이행,단일로,기타단일로,화물차,없음,128.14525409,35.2961352
3783,2017,2017-01-13 01:00,야간,금,1,1,0,0,경기,김포시,차량단독,전도전복,운전자법규위반,안전운전 의무 불이행,교차로,교차로부근,이륜차,없음,126.68056565,37.64418029
3784,2017,2017-01-13 06:00,주간,금,1,1,0,0,서울,동작구,차대사람,횡단중,운전자법규위반,신호위반,교차로,교차로내,승합차,보행자,126.93164793,37.51327688
3785,2017,2017-01-13 07:00,주간,금,1,2,0,1,충남,논산시,차대사람,횡단중,운전자법규위반,과속,교차로,교차로부근,승용차,보행자,127.08631544,36.19394133
3786,2017,2017-01-13 11:00,주간,금,1,1,0,0,서울,서초구,차대사람,횡단중,운전자법규위반,안전운전 의무 불이행,교차로,교차로부근,특수차,보행자,126.98179806,37.47719185
3787,2017,2017-01-13 12:00,주간,금,1,1,0,0,충남,서산시,차대사람,횡단중,운전자법규위반,안전운전 의무 불이행,단일로,기타단일로,승용차,보행자,126.38905135,36.7393547
3788,2017,2017-01-13 18:00,야간,금,1,6,2,3,부산,금정구,차대차,추돌,운전자법규위반,안전거리 미확보,단일로,기타단일로,승용차,승용차,129.10974629,35.24101113
3789,2017,2017-01-13 18:00,야간,금,1,1,0,0,경기,안산시,차대사람,횡단중,운전자법규위반,신호위반,교차로,교차로부근,승합차,보행자,126.77625424,37.31604745
3790,2017,2017-01-13 18:00,야간,금,1,3,0,2,강원,평창군,차대사람,횡단중,운전자법규위반,안전운전 의무 불이행,단일로,기타단일로,승용차,보행자,128.39511739,37.37124632
3791,2017,2017-01-14 03:00,야간,토,1,2,0,1,경기,화성시,차대차,정면충돌,운전자법규위반,중앙선 침범,단일로,기타단일로,승용차,건설기계,127.12073282,37.1711123
3792,2017,2017-01-14 04:00,야간,토,1,1,0,0,대구,남구,차대사람,기타,운전자법규위반,안전운전 의무 불이행,단일로,기타단일로,승용차,보행자,128.57669497,35.83869882
3793,2017,2017-01-14 06:00,주간,토,1,1,0,0,경기,안산시,차대사람,기타,운전자법규위반,과속,단일로,기타단일로,화물차,보행자,126.88518472,37.29370535
3794,2017,2017-01-14 07:00,주간,토,1,1,0,0,전남,무안군,차대사람,기타,운전자법규위반,안전운전 의무 불이행,단일로,기타단일로,건설기계,보행자,126.29660034,35.11283853
3795,2017,2017-01-14 07:00,주간,토,1,1,0,0,경기,오산시,차대사람,횡단중,운전자법규위반,안전운전 의무 불이행,단일로,기타단일로,승용차,보행자,127.07308313,37.15547298
3796,2017,2017-01-14 09:00,주간,토,1,1,0,0,충북,보은군,차량단독,전도전복,운전자법규위반,안전운전 의무 불이행,단일로,기타단일로,승용차,없음,127.74706614,36.49681369
3797,2017,2017-01-14 13:00,주간,토,2,2,0,0,경북,구미시,차대사람,횡단중,운전자법규위반,안전운전 의무 불이행,단일로,기타단일로,승용차,보행자,128.33562441,36.13509561
3798,2017,2017-01-14 19:00,야간,토,1,1,0,0,경북,울진군,차대차,정면충돌,운전자법규위반,중앙선 침범,단일로,기타단일로,원동기장치자전거,승용차,129.44987841,36.78692552
3799,2017,2017-01-14 19:00,야간,토,1,1,0,0,충남,홍성군,차대사람,차도통행중,운전자법규위반,안전운전 의무 불이행,단일로,기타단일로,승용차,보행자,126.54883245,36.60231141
3800,2017,2017-01-14 23:00,야간,토,1,2,1,0,충남,아산시,차대차,측면충돌,운전자법규위반,안전운전 의무 불이행,불명,불명,승용차,승용차,126.98993789,36.89975148
3801,2017,2017-01-14 23:00,야간,토,1,3,2,0,광주,북구,차대사람,횡단중,운전자법규위반,과속,단일로,기타단일로,승용차,보행자,126.85745861,35.17398868
3802,2017,2017-01-15 04:00,야간,일,1,1,0,0,전남,진도군,차대사람,횡단중,운전자법규위반,안전운전 의무 불이행,교차로,교차로내,화물차,보행자,126.26722782,34.48071788
3803,2017,2017-01-15 06:00,주간,일,1,1,0,0,울산,남구,차대사람,횡단중,운전자법규위반,과속,교차로,교차로횡단보도내,화물차,보행자,129.25776000000002,35.54040833
3804,2017,2017-01-15 07:00,주간,일,1,1,0,0,전북,전주시,차대사람,횡단중,운전자법규위반,보행자 보호의무 위반,단일로,기타단일로,승용차,보행자,127.08149650000001,35.86502728
3805,2017,2017-01-15 07:00,주간,일,1,1,0,0,경북,경주시,차대사람,횡단중,운전자법규위반,신호위반,단일로,기타단일로,승용차,보행자,129.24875026,35.81640962
3806,2017,2017-01-15 09:00,주간,일,1,1,0,0,서울,양천구,차대사람,횡단중,운전자법규위반,신호위반,단일로,기타단일로,승용차,보행자,126.86287325,37.5465552
3807,2017,2017-01-15 13:00,주간,일,1,1,0,0,전남,여수시,차대사람,횡단중,운전자법규위반,안전운전 의무 불이행,단일로,기타단일로,승용차,보행자,127.73050264,34.74032611
3808,2017,2017-01-15 14:00,주간,일,1,1,0,0,전남,순천시,차대차,정면충돌,운전자법규위반,중앙선 침범,단일로,기타단일로,이륜차,승용차,127.46688971,34.92834207
3809,2017,2017-01-15 18:00,야간,일,1,1,0,0,충남,청양군,차대사람,기타,운전자법규위반,안전운전 의무 불이행,단일로,기타단일로,승용차,보행자,126.75569386,36.40199208
3810,2017,2017-01-15 19:00,야간,일,1,1,0,0,경북,김천시,차대사람,기타,운전자법규위반,안전운전 의무 불이행,단일로,기타단일로,특수차,보행자,128.26100943,36.18618769
3811,2017,2017-01-15 19:00,야간,일,1,4,1,2,강원,인제군,차대차,정면충돌,운전자법규위반,중앙선 침범,단일로,기타단일로,승용차,승합차,128.22100107,38.12821166
3812,2017,2017-01-15 20:00,야간,일,1,2,0,1,경북,경산시,차대차,측면충돌,운전자법규위반,중앙선 침범,교차로,교차로부근,이륜차,이륜차,128.76610073,35.84115281
3813,2017,2017-01-16 05:00,야간,월,1,1,0,0,경남,창원시(통합),차대사람,횡단중,운전자법규위반,안전운전 의무 불이행,교차로,교차로내,승용차,보행자,128.68928325,35.27901656
3814,2017,2017-01-16 05:00,야간,월,1,3,1,1,서울,강남구,차대차,기타,운전자법규위반,안전운전 의무 불이행,교차로,교차로내,승용차,이륜차,127.0275518,37.49794369
3815,2017,2017-01-16 05:00,야간,월,1,1,0,0,경기,구리시,차대사람,횡단중,운전자법규위반,안전운전 의무 불이행,단일로,기타단일로,승용차,보행자,127.14375053,37.60220532
3816,2017,2017-01-16 06:00,주간,월,1,1,0,0,서울,강서구,차대사람,횡단중,운전자법규위반,안전운전 의무 불이행,단일로,기타단일로,승용차,보행자,126.84868321,37.54460299
3817,2017,2017-01-16 07:00,주간,월,1,1,0,0,전북,장수군,차대사람,횡단중,운전자법규위반,과속,교차로,교차로내,승합차,보행자,127.49248573,35.55827946
3818,2017,2017-01-16 07:00,주간,월,1,4,3,0,경남,양산시,차대차,측면충돌,운전자법규위반,안전운전 의무 불이행,교차로,교차로부근,화물차,승용차,129.0398304,35.3313031
3819,2017,2017-01-16 07:00,주간,월,1,1,0,0,울산,동구,차대차,정면충돌,운전자법규위반,중앙선 침범,단일로,기타단일로,이륜차,승용차,129.43042677,35.50979366
3820,2017,2017-01-16 08:00,주간,월,1,1,0,0,충북,진천군,차대사람,기타,운전자법규위반,안전운전 의무 불이행,단일로,기타단일로,승용차,보행자,127.43688121,36.85101476
3821,2017,2017-01-16 08:00,주간,월,1,2,1,0,제주,서귀포시,차대차,정면충돌,운전자법규위반,안전운전 의무 불이행,단일로,기타단일로,승합차,이륜차,126.22620303,33.24409439
3822,2017,2017-01-16 10:00,주간,월,1,2,1,0,제주,제주시,차대차,추돌,운전자법규위반,안전운전 의무 불이행,단일로,기타단일로,화물차,승용차,126.61264883,33.48442835
3823,2017,2017-01-16 11:00,주간,월,1,1,0,0,충남,당진시,차대차,정면충돌,운전자법규위반,교차로 통행방법 위반,교차로,교차로내,승용차,이륜차,126.83692794,36.80530856
3824,2017,2017-01-16 12:00,주간,월,1,2,0,1,전북,익산시,차대차,측면충돌,운전자법규위반,신호위반,교차로,교차로내,화물차,승용차,127.01758271,36.14417944
3825,2017,2017-01-16 13:00,주간,월,1,1,0,0,대전,동구,차대사람,횡단중,운전자법규위반,보행자 보호의무 위반,단일로,기타단일로,화물차,보행자,127.42227876,36.34717376
3826,2017,2017-01-16 14:00,주간,월,1,1,0,0,전남,화순군,차대차,측면충돌,운전자법규위반,안전운전 의무 불이행,교차로,교차로횡단보도내,자전거,화물차,126.99783476,35.06561667
3827,2017,2017-01-16 15:00,주간,월,1,3,1,1,전남,여수시,차대사람,기타,운전자법규위반,안전운전 의무 불이행,단일로,교량위,화물차,보행자,127.70466508,34.89441249
3828,2017,2017-01-16 15:00,주간,월,1,1,0,0,광주,광산구,차대사람,횡단중,운전자법규위반,중앙선 침범,교차로,교차로부근,승용차,보행자,126.79694652,35.13499317
3829,2017,2017-01-16 18:00,야간,월,1,1,0,0,경북,포항시,차대사람,기타,운전자법규위반,안전운전 의무 불이행,단일로,기타단일로,승용차,보행자,129.2376987,36.05967934
3830,2017,2017-01-16 20:00,야간,월,1,1,0,0,서울,관악구,차대사람,횡단중,운전자법규위반,안전운전 의무 불이행,단일로,기타단일로,승용차,보행자,126.93194366,37.48768884
3831,2017,2017-01-17 00:00,야간,화,1,1,0,0,경북,칠곡군,차량단독,전도전복,운전자법규위반,안전운전 의무 불이행,단일로,기타단일로,승용차,없음,128.40042789,36.03557296
3832,2017,2017-01-17 05:00,야간,화,1,1,0,0,강원,춘천시,차대사람,횡단중,운전자법규위반,안전운전 의무 불이행,단일로,기타단일로,승용차,보행자,127.72785392,37.86719827
3833,2017,2017-01-17 06:00,주간,화,1,1,0,0,경기,광명시,차대사람,차도통행중,운전자법규위반,안전운전 의무 불이행,단일로,기타단일로,화물차,보행자,126.87411865,37.45930136
3834,2017,2017-01-17 06:00,주간,화,1,1,0,0,서울,관악구,차대사람,횡단중,운전자법규위반,안전운전 의무 불이행,단일로,기타단일로,승합차,보행자,126.91260064,37.47328971
3835,2017,2017-01-17 08:00,주간,화,2,2,0,0,경남,하동군,차대차,정면충돌,운전자법규위반,중앙선 침범,단일로,기타단일로,화물차,화물차,127.80928738,35.02629704
3836,2017,2017-01-17 12:00,주간,화,1,1,0,0,강원,원주시,차량단독,전도전복,운전자법규위반,안전운전 의무 불이행,단일로,기타단일로,이륜차,없음,127.79723159,37.22327667
3837,2017,2017-01-17 12:00,주간,화,1,1,0,0,부산,강서구,차대차,정면충돌,운전자법규위반,안전운전 의무 불이행,단일로,기타단일로,승용차,화물차,128.83928928,35.0840284
3838,2017,2017-01-17 16:00,주간,화,1,2,1,0,경남,창원시(통합),차대차,측면충돌,운전자법규위반,안전거리 미확보,교차로,교차로부근,승용차,승합차,128.80695107,35.10804238
3839,2017,2017-01-17 16:00,주간,화,1,1,0,0,경기,고양시,차대사람,횡단중,운전자법규위반,안전운전 의무 불이행,교차로,교차로부근,승합차,보행자,126.89660334,37.65372126
3840,2017,2017-01-17 17:00,주간,화,1,5,2,1,울산,울주군,차대차,측면충돌,운전자법규위반,신호위반,교차로,교차로내,승용차,승용차,129.33395562,35.4560722
3841,2017,2017-01-17 18:00,야간,화,1,1,0,0,경기,하남시,차대차,정면충돌,운전자법규위반,중앙선 침범,단일로,기타단일로,화물차,이륜차,127.1969445,37.51156044
3842,2017,2017-01-17 18:00,야간,화,1,3,1,1,경북,경주시,차대차,측면충돌,운전자법규위반,안전운전 의무 불이행,단일로,기타단일로,승용차,승합차,129.19282654,35.81137772
3843,2017,2017-01-17 19:00,야간,화,1,1,0,0,경기,용인시,차대사람,횡단중,운전자법규위반,안전운전 의무 불이행,단일로,기타단일로,승용차,보행자,127.23512026,37.30342482
3844,2017,2017-01-17 23:00,야간,화,1,1,0,0,충남,아산시,차대차,추돌,운전자법규위반,신호위반,단일로,기타단일로,승용차,화물차,127.00912849999999,36.75447191
3845,2017,2017-01-18 01:00,야간,수,1,1,0,0,전북,전주시,차대사람,보도통행중,운전자법규위반,보행자 보호의무 위반,단일로,기타단일로,승용차,보행자,127.1089149,35.81905633
3846,2017,2017-01-18 04:00,야간,수,1,8,5,2,강원,춘천시,차대차,추돌,운전자법규위반,안전운전 의무 불이행,교차로,교차로부근,승용차,화물차,127.75124136,37.870737899999995
3847,2017,2017-01-18 05:00,야간,수,1,1,0,0,인천,남동구,차량단독,전도전복,운전자법규위반,안전운전 의무 불이행,교차로,교차로내,승용차,없음,126.74762551,37.43561523
3848,2017,2017-01-18 06:00,주간,수,1,1,0,0,경기,성남시,차대사람,횡단중,운전자법규위반,안전운전 의무 불이행,단일로,기타단일로,승합차,보행자,127.13096286,37.42932135
3849,2017,2017-01-18 06:00,주간,수,1,2,0,1,전남,장성군,차대차,측면충돌,운전자법규위반,안전운전 의무 불이행,교차로,교차로내,화물차,화물차,126.82109650000001,35.43224725
3850,2017,2017-01-18 06:00,주간,수,1,1,0,0,전남,목포시,차대사람,횡단중,운전자법규위반,과속,단일로,기타단일로,승용차,보행자,126.42339794,34.80520957
3851,2017,2017-01-18 07:00,주간,수,1,1,0,0,전남,영광군,차대사람,횡단중,운전자법규위반,안전운전 의무 불이행,단일로,기타단일로,승용차,보행자,126.44753645,35.35687018
3852,2017,2017-01-18 08:00,주간,수,1,1,0,0,경기,의정부시,차대차,정면충돌,운전자법규위반,안전운전 의무 불이행,단일로,기타단일로,승용차,승합차,127.06724960000001,37.7344818
3853,2017,2017-01-18 11:00,주간,수,1,1,0,0,경북,성주군,차대차,측면충돌,운전자법규위반,안전운전 의무 불이행,불명,불명,이륜차,화물차,128.2629009,35.97358836
3854,2017,2017-01-18 11:00,주간,수,1,2,0,1,경기,양평군,차대차,측면충돌,운전자법규위반,중앙선 침범,단일로,기타단일로,승용차,건설기계,127.56544397,37.48181641
3855,2017,2017-01-18 14:00,주간,수,1,1,0,0,강원,화천군,차대차,측면충돌,운전자법규위반,안전운전 의무 불이행,단일로,기타단일로,화물차,이륜차,127.66481818,38.05899977
3856,2017,2017-01-18 14:00,주간,수,1,1,0,0,서울,서대문구,차대사람,횡단중,운전자법규위반,안전운전 의무 불이행,단일로,기타단일로,승용차,보행자,126.92909438,37.57216769
3857,2017,2017-01-18 16:00,주간,수,2,2,0,0,광주,광산구,차대차,추돌,운전자법규위반,안전운전 의무 불이행,단일로,기타단일로,화물차,건설기계,126.68277281,35.16190842
3858,2017,2017-01-18 17:00,주간,수,1,6,1,4,대구,북구,차대차,추돌,운전자법규위반,안전운전 의무 불이행,단일로,기타단일로,화물차,승용차,128.54929755,35.89715533
3859,2017,2017-01-18 18:00,야간,수,1,1,0,0,전북,익산시,차대사람,횡단중,운전자법규위반,보행자 보호의무 위반,교차로,교차로횡단보도내,화물차,보행자,126.96958844,35.94602655
3860,2017,2017-01-18 18:00,야간,수,1,1,0,0,대구,동구,차대사람,횡단중,운전자법규위반,보행자 보호의무 위반,교차로,교차로횡단보도내,승용차,보행자,128.61676323,35.87170894
3861,2017,2017-01-18 23:00,야간,수,1,1,0,0,인천,남동구,차대사람,횡단중,운전자법규위반,안전운전 의무 불이행,단일로,기타단일로,승용차,보행자,126.73561645,37.44830135
3862,2017,2017-01-19 00:00,야간,목,1,3,2,0,경남,김해시,차대차,정면충돌,운전자법규위반,중앙선 침범,단일로,기타단일로,승용차,승용차,128.86484035,35.21123649
3863,2017,2017-01-19 01:00,야간,목,1,1,0,0,경남,양산시,차량단독,전도,운전자법규위반,안전운전 의무 불이행,단일로,기타단일로,화물차,없음,128.99167409999998,35.41618732
3864,2017,2017-01-19 01:00,야간,목,1,1,0,0,대구,달성군,차량단독,공작물충돌,운전자법규위반,안전운전 의무 불이행,단일로,기타단일로,화물차,없음,128.48027391,35.74562415
3865,2017,2017-01-19 04:00,야간,목,2,2,0,0,경북,상주시,차량단독,공작물충돌,운전자법규위반,안전운전 의무 불이행,단일로,기타단일로,승용차,없음,128.20599008,36.41825362
3866,2017,2017-01-19 05:00,야간,목,1,1,0,0,경기,화성시,차량단독,전도전복,운전자법규위반,안전운전 의무 불이행,교차로,교차로부근,이륜차,없음,127.03405831,37.20906787
3867,2017,2017-01-19 06:00,주간,목,1,1,0,0,전남,무안군,차대사람,횡단중,운전자법규위반,안전운전 의무 불이행,단일로,기타단일로,화물차,보행자,126.42784238,34.85460503
3868,2017,2017-01-19 06:00,주간,목,1,1,0,0,경남,남해군,차대사람,횡단중,운전자법규위반,신호위반,교차로,교차로내,건설기계,보행자,127.87693447,34.89226901
3869,2017,2017-01-19 06:00,주간,목,1,1,0,0,경기,가평군,차대차,기타,운전자법규위반,안전운전 의무 불이행,단일로,기타단일로,화물차,자전거,127.47258499,37.78422402
3870,2017,2017-01-19 06:00,주간,목,1,1,0,0,전남,장성군,차대사람,횡단중,운전자법규위반,안전운전 의무 불이행,교차로,교차로횡단보도내,승합차,보행자,126.65884138,35.26144245
3871,2017,2017-01-19 12:00,주간,목,1,1,0,0,경기,부천시,차대사람,횡단중,운전자법규위반,안전운전 의무 불이행,단일로,기타단일로,승용차,보행자,126.81736623,37.48063769
3872,2017,2017-01-19 13:00,주간,목,1,1,0,0,서울,마포구,차대사람,차도통행중,운전자법규위반,안전운전 의무 불이행,단일로,기타단일로,승합차,보행자,126.91180536,37.54872896
3873,2017,2017-01-19 16:00,주간,목,1,1,0,0,경기,군포시,차량단독,공작물충돌,운전자법규위반,안전운전 의무 불이행,단일로,기타단일로,승용차,없음,126.92705801,37.37189386
3874,2017,2017-01-19 18:00,야간,목,1,1,0,0,충남,아산시,차대차,추돌,운전자법규위반,안전운전 의무 불이행,불명,불명,화물차,화물차,127.02273333,36.78268014
3875,2017,2017-01-19 20:00,야간,목,1,1,0,0,경기,김포시,차대사람,길가장자리구역통행중,운전자법규위반,안전운전 의무 불이행,단일로,기타단일로,승용차,보행자,126.58221707,37.64561028
3876,2017,2017-01-19 20:00,야간,목,1,1,0,0,경기,가평군,차대차,측면충돌,운전자법규위반,안전운전 의무 불이행,단일로,기타단일로,자전거,승용차,127.41025359,37.73279036
3877,2017,2017-01-20 01:00,야간,금,1,2,1,0,경기,시흥시,차대차,추돌,운전자법규위반,안전운전 의무 불이행,단일로,기타단일로,화물차,화물차,126.84615732,37.39807367
3878,2017,2017-01-20 02:00,야간,금,1,1,0,0,인천,서구,차대차,측면충돌,운전자법규위반,과속,교차로,교차로내,승용차,승용차,126.68365607,37.4889201
3879,2017,2017-01-20 02:00,야간,금,1,1,0,0,경북,구미시,차량단독,전도전복,운전자법규위반,안전운전 의무 불이행,단일로,기타단일로,승용차,없음,128.34577859,36.12954294
3880,2017,2017-01-20 02:00,야간,금,1,2,0,0,경기,고양시,차대차,추돌,운전자법규위반,안전운전 의무 불이행,교차로,교차로내,승용차,승용차,126.73413006,37.66673976
3881,2017,2017-01-20 05:00,야간,금,1,5,1,3,충남,서산시,차대차,측면충돌,운전자법규위반,안전운전 의무 불이행,단일로,기타단일로,화물차,화물차,126.57629448,36.81349462
3882,2017,2017-01-20 09:00,주간,금,1,3,1,1,경북,영천시,차대차,정면충돌,운전자법규위반,중앙선 침범,단일로,기타단일로,화물차,승용차,128.91578423,35.96853522
3883,2017,2017-01-20 09:00,주간,금,1,3,2,0,경기,포천시,차량단독,공작물충돌,운전자법규위반,안전운전 의무 불이행,단일로,기타단일로,승용차,없음,127.25139842,37.80581293
3884,2017,2017-01-20 10:00,주간,금,1,1,0,0,부산,동래구,차대차,측면충돌,운전자법규위반,교차로 통행방법 위반,교차로,교차로내,승용차,원동기장치자전거,129.08362212,35.2231058
3885,2017,2017-01-20 10:00,주간,금,1,1,0,0,서울,영등포구,차대사람,횡단중,운전자법규위반,보행자 보호의무 위반,교차로,교차로내,승용차,보행자,126.89833102,37.50538728
3886,2017,2017-01-20 11:00,주간,금,1,2,1,0,서울,광진구,차대차,측면충돌,운전자법규위반,중앙선 침범,단일로,기타단일로,승용차,이륜차,127.07125472,37.55125436
3887,2017,2017-01-20 12:00,주간,금,1,18,10,7,강원,원주시,차량단독,전도,운전자법규위반,기타(운전자법규위반),단일로,교량위,승합차,없음,127.98678599,37.40436879999999
3888,2017,2017-01-20 14:00,주간,금,2,5,2,1,강원,삼척시,차대차,측면충돌,운전자법규위반,과속,단일로,교량위,승합차,승용차,129.34283816,37.16416612
3889,2017,2017-01-20 15:00,주간,금,1,1,0,0,대구,북구,차대사람,횡단중,운전자법규위반,안전운전 의무 불이행,단일로,기타단일로,승용차,보행자,128.59257978,35.89247791
3890,2017,2017-01-20 16:00,주간,금,1,1,0,0,충북,옥천군,차량단독,전도,운전자법규위반,안전운전 의무 불이행,단일로,기타단일로,화물차,없음,127.69265385,36.3969979
3891,2017,2017-01-20 18:00,야간,금,1,3,0,2,경기,파주시,차대차,기타,운전자법규위반,신호위반,교차로,교차로내,승용차,승용차,126.72681779,37.73107571
3892,2017,2017-01-20 20:00,야간,금,1,1,0,0,경기,광주시,차대사람,기타,운전자법규위반,안전운전 의무 불이행,단일로,기타단일로,승용차,보행자,127.26858352,37.40434217
3893,2017,2017-01-20 21:00,야간,금,1,1,0,0,인천,부평구,차대사람,횡단중,운전자법규위반,안전운전 의무 불이행,단일로,기타단일로,승용차,보행자,126.72836495,37.49826109
3894,2017,2017-01-20 22:00,야간,금,1,1,0,0,전남,여수시,차대사람,기타,운전자법규위반,안전운전 의무 불이행,단일로,기타단일로,승용차,보행자,127.72512835,34.73888339
3895,2017,2017-01-20 23:00,야간,금,1,1,0,0,경기,군포시,차대사람,횡단중,운전자법규위반,안전운전 의무 불이행,단일로,기타단일로,승합차,보행자,126.94321003,37.37169157
3896,2017,2017-01-21 02:00,야간,토,1,1,0,0,서울,성동구,차량단독,공작물충돌,운전자법규위반,안전운전 의무 불이행,단일로,지하차도(도로)내,승용차,없음,127.05334593,37.55104375
3897,2017,2017-01-21 03:00,야간,토,1,2,0,1,전북,익산시,차대차,추돌,운전자법규위반,안전운전 의무 불이행,단일로,기타단일로,승용차,이륜차,126.96670055,35.94595966
3898,2017,2017-01-21 05:00,야간,토,1,1,0,0,경기,안산시,차대사람,차도통행중,운전자법규위반,안전운전 의무 불이행,단일로,기타단일로,승용차,보행자,126.90124603,37.30142242
3899,2017,2017-01-21 05:00,야간,토,1,1,0,0,부산,연제구,차대사람,횡단중,운전자법규위반,보행자 보호의무 위반,교차로,교차로횡단보도내,건설기계,보행자,129.10728093,35.18805552
3900,2017,2017-01-21 06:00,주간,토,1,1,0,0,대구,서구,차대사람,횡단중,운전자법규위반,안전운전 의무 불이행,교차로,교차로부근,승용차,보행자,128.57400568,35.86260539
3901,2017,2017-01-21 07:00,주간,토,1,1,0,0,경북,포항시,차대차,기타,운전자법규위반,신호위반,교차로,교차로내,승용차,자전거,129.37771098,36.00658197
3902,2017,2017-01-21 15:00,주간,토,1,1,0,0,경기,연천군,차대차,측면충돌,운전자법규위반,안전운전 의무 불이행,단일로,기타단일로,건설기계,화물차,126.9436774,38.03741206
3903,2017,2017-01-21 18:00,야간,토,1,1,0,0,경기,성남시,차대사람,횡단중,운전자법규위반,보행자 보호의무 위반,교차로,교차로횡단보도내,승합차,보행자,127.10839479,37.38521656
3904,2017,2017-01-21 23:00,야간,토,1,2,1,0,전남,진도군,차량단독,공작물충돌,운전자법규위반,안전운전 의무 불이행,단일로,기타단일로,화물차,없음,126.28187514,34.42870207
3905,2017,2017-01-22 01:00,야간,일,1,1,0,0,광주,북구,차량단독,공작물충돌,운전자법규위반,안전운전 의무 불이행,단일로,기타단일로,승용차,없음,126.87723981,35.19374813
3906,2017,2017-01-22 04:00,야간,일,1,1,0,0,서울,종로구,차대사람,차도통행중,운전자법규위반,안전거리 미확보,단일로,기타단일로,승용차,보행자,127.00423797,37.57110108
3907,2017,2017-01-22 05:00,야간,일,1,2,0,1,서울,동작구,차대차,측면충돌,운전자법규위반,신호위반,교차로,교차로내,승용차,승합차,126.90944083,37.49254496
3908,2017,2017-01-22 06:00,주간,일,1,1,0,0,대전,유성구,차대차,추돌,운전자법규위반,안전운전 의무 불이행,단일로,기타단일로,승용차,이륜차,127.34010521,36.349977
3909,2017,2017-01-22 10:00,주간,일,1,2,1,0,전북,정읍시,차량단독,전도,운전자법규위반,안전운전 의무 불이행,단일로,기타단일로,승용차,없음,126.87095526,35.62763374
3910,2017,2017-01-22 12:00,주간,일,2,4,1,1,경남,거제시,차대차,정면충돌,운전자법규위반,중앙선 침범,단일로,기타단일로,승용차,승합차,128.70784082,34.96291883
3911,2017,2017-01-22 12:00,주간,일,1,1,0,0,경북,경산시,차량단독,공작물충돌,운전자법규위반,안전운전 의무 불이행,단일로,기타단일로,승용차,없음,128.83532048,35.82107442
3912,2017,2017-01-22 12:00,주간,일,1,2,1,0,충북,제천시,차량단독,전도,운전자법규위반,안전운전 의무 불이행,기타,기타,승용차,없음,128.19399747,36.93513838
3913,2017,2017-01-22 16:00,주간,일,1,9,0,8,경기,파주시,차대차,추돌,운전자법규위반,안전운전 의무 불이행,단일로,기타단일로,승합차,승합차,126.86511170000001,37.8461939
3914,2017,2017-01-22 16:00,주간,일,1,1,0,0,경기,화성시,차대사람,기타,운전자법규위반,안전운전 의무 불이행,단일로,기타단일로,승합차,보행자,126.90707875,37.13737059
3915,2017,2017-01-22 17:00,주간,일,1,1,0,0,경북,영천시,차량단독,전도전복,운전자법규위반,안전운전 의무 불이행,단일로,기타단일로,승용차,없음,128.89522508,36.04983982
3916,2017,2017-01-22 17:00,주간,일,1,2,1,0,경기,남양주시,차대차,기타,운전자법규위반,안전운전 의무 불이행,단일로,기타단일로,승용차,화물차,127.22049051,37.57547966
3917,2017,2017-01-22 18:00,야간,일,1,1,0,0,경기,고양시,차대사람,횡단중,운전자법규위반,안전운전 의무 불이행,단일로,기타단일로,승용차,보행자,126.90525152,37.72067959
3918,2017,2017-01-22 19:00,야간,일,1,1,0,0,제주,제주시,차대사람,보도통행중,운전자법규위반,보행자 보호의무 위반,교차로,교차로횡단보도내,승용차,보행자,126.47773606,33.4875016