,발생년,발생년월일시분,주야,요일,사망자수,사상자수,중상자수,경상자수,발생지시도,발생지시군구,사고유형_대분류,사고유형,법규위반_대분류,법규위반,도로형태_대분류,도로형태,가해자_당사자종별,피해자_당사자종별,경도,위도
3919,2017,2017-01-22 21:00,야간,일,1,1,0,0,충북,청주시,차대사람,횡단중,운전자법규위반,기타(운전자법규위반),단일로,기타단일로,승합차,보행자,127.43217772,36.62583084
3920,2017,2017-01-22 22:00,야간,일,1,1,0,0,경남,거제시,차대사람,기타,운전자법규위반,안전운전 의무 불이행,단일로,기타단일로,승용차,보행자,128.73676096,34.88296407
3921,2017,2017-01-23 06:00,주간,월,1,1,0,0,부산,사상구,차대사람,횡단중,운전자법규위반,과속,교차로,교차로부근,승용차,보행자,128.96791899,35.12585711
3922,2017,2017-01-23 07:00,주간,월,1,1,0,0,전남,곡성군,차대사람,횡단중,운전자법규위반,안전운전 의무 불이행,교차로,교차로내,화물차,보행자,127.31215665,35.28681801
3923,2017,2017-01-23 09:00,주간,월,1,1,0,0,경남,진주시,차대사람,횡단중,운전자법규위반,보행자 보호의무 위반,단일로,기타단일로,화물차,보행자,128.08692929,35.19380175
3924,2017,2017-01-23 09:00,주간,월,1,1,0,0,인천,서구,차대사람,기타,운전자법규위반,안전운전 의무 불이행,단일로,기타단일로,승용차,보행자,126.67653635,37.5099585
3925,2017,2017-01-23 10:00,주간,월,1,1,0,0,강원,태백시,차량단독,공작물충돌,운전자법규위반,안전운전 의무 불이행,단일로,기타단일로,화물차,없음,129.00990978,37.17417689
3926,2017,2017-01-23 11:00,주간,월,1,1,0,0,부산,사상구,차대사람,횡단중,운전자법규위반,안전운전 의무 불이행,단일로,기타단일로,승용차,보행자,128.99417773,35.14744913
3927,2017,2017-01-23 16:00,주간,월,1,6,4,1,경기,안산시,차대차,기타,운전자법규위반,중앙선 침범,단일로,지하차도(도로)내,화물차,승용차,126.91348946,37.31294031
3928,2017,2017-01-23 16:00,주간,월,1,1,0,0,전남,화순군,차대사람,기타,운전자법규위반,보행자 보호의무 위반,교차로,교차로횡단보도내,승용차,보행자,126.98434189,35.06209203
3929,2017,2017-01-23 18:00,야간,월,1,1,0,0,충남,아산시,차대사람,횡단중,운전자법규위반,안전운전 의무 불이행,교차로,교차로부근,승용차,보행자,127.03133249999999,36.90342861
3930,2017,2017-01-24 06:00,주간,화,1,1,0,0,경남,진주시,차량단독,공작물충돌,운전자법규위반,안전운전 의무 불이행,단일로,기타단일로,승용차,없음,128.09515314,35.19633145
3931,2017,2017-01-24 06:00,주간,화,1,1,0,0,충남,아산시,차대사람,횡단중,운전자법규위반,안전운전 의무 불이행,단일로,기타단일로,승용차,보행자,127.06310089,36.92660873
3932,2017,2017-01-24 10:00,주간,화,1,1,0,0,경기,화성시,차량단독,전도,운전자법규위반,안전운전 의무 불이행,단일로,기타단일로,승용차,없음,126.99764545,37.16996935
3933,2017,2017-01-24 13:00,주간,화,1,1,0,0,경북,의성군,차대차,측면충돌,운전자법규위반,과속,단일로,기타단일로,승용차,이륜차,128.7742676,36.31026847
3934,2017,2017-01-24 14:00,주간,화,1,1,0,0,충남,공주시,차대차,측면충돌,운전자법규위반,안전운전 의무 불이행,단일로,기타단일로,화물차,자전거,127.1242098,36.46084075
3935,2017,2017-01-24 15:00,주간,화,1,2,1,0,충남,아산시,차량단독,전도전복,운전자법규위반,안전운전 의무 불이행,불명,불명,승용차,없음,127.00538591,36.8086616
3936,2017,2017-01-24 15:00,주간,화,1,1,0,0,제주,제주시,차대차,측면충돌,운전자법규위반,안전운전 의무 불이행,기타,기타,이륜차,화물차,126.31343605,33.46017097
3937,2017,2017-01-24 17:00,주간,화,1,1,0,0,강원,춘천시,차대사람,기타,운전자법규위반,안전운전 의무 불이행,단일로,기타단일로,승용차,보행자,127.72756605,37.86971348
3938,2017,2017-01-24 19:00,야간,화,1,1,0,0,제주,제주시,차대사람,횡단중,운전자법규위반,보행자 보호의무 위반,교차로,교차로부근,승용차,보행자,126.83375321,33.53375689
3939,2017,2017-01-25 00:00,야간,수,1,1,0,0,경기,수원시,차대차,기타,운전자법규위반,안전운전 의무 불이행,단일로,기타단일로,승합차,승용차,127.01671862,37.28074960000001
3940,2017,2017-01-25 04:00,야간,수,2,2,0,0,인천,서구,차대사람,횡단중,운전자법규위반,보행자 보호의무 위반,교차로,교차로횡단보도내,승용차,보행자,126.67149061,37.493522399999996
3941,2017,2017-01-25 04:00,야간,수,1,1,0,0,전북,전주시,차대사람,횡단중,운전자법규위반,안전운전 의무 불이행,단일로,기타단일로,승용차,보행자,127.12635443,35.83753359
3942,2017,2017-01-25 05:00,야간,수,1,1,0,0,경기,고양시,차대차,기타,운전자법규위반,안전운전 의무 불이행,단일로,기타단일로,승용차,승용차,126.86635836,37.63358018
3943,2017,2017-01-25 14:00,주간,수,1,1,0,0,강원,철원군,차량단독,전도,운전자법규위반,안전운전 의무 불이행,단일로,교량위,화물차,없음,127.35365005,38.24655059
3944,2017,2017-01-25 16:00,주간,수,1,1,0,0,전남,함평군,차대사람,기타,운전자법규위반,기타(운전자법규위반),단일로,기타단일로,승합차,보행자,126.51654082,35.06386838
3945,2017,2017-01-25 16:00,주간,수,1,1,0,0,경남,창원시(통합),차대사람,길가장자리구역통행중,운전자법규위반,안전운전 의무 불이행,단일로,기타단일로,승용차,보행자,128.72936733,35.345561700000005
3946,2017,2017-01-25 18:00,야간,수,1,1,0,0,전북,무주군,차대사람,기타,운전자법규위반,안전운전 의무 불이행,단일로,기타단일로,화물차,보행자,127.68158695,35.85459223
3947,2017,2017-01-25 22:00,야간,수,1,1,0,0,서울,강남구,차대사람,횡단중,운전자법규위반,안전운전 의무 불이행,단일로,기타단일로,승용차,보행자,127.02782299,37.51955031
3948,2017,2017-01-25 23:00,야간,수,1,4,0,3,광주,남구,차대차,추돌,운전자법규위반,안전운전 의무 불이행,단일로,기타단일로,승용차,승용차,126.77639457,35.06939402
3949,2017,2017-01-25 23:00,야간,수,1,5,0,4,서울,송파구,차대차,측면충돌,운전자법규위반,안전운전 의무 불이행,단일로,기타단일로,승용차,승용차,127.14650819,37.50772469
3950,2017,2017-01-26 00:00,야간,목,1,1,0,0,경기,평택시,차대사람,횡단중,운전자법규위반,안전운전 의무 불이행,교차로,교차로횡단보도내,승용차,보행자,127.06461977,37.0601261
3951,2017,2017-01-26 02:00,야간,목,1,1,0,0,서울,동대문구,차대사람,횡단중,운전자법규위반,안전운전 의무 불이행,교차로,교차로내,승용차,보행자,127.03374892,37.57832394
3952,2017,2017-01-26 05:00,야간,목,1,1,0,0,경기,수원시,차대사람,횡단중,운전자법규위반,안전운전 의무 불이행,교차로,교차로내,승용차,보행자,127.01358676,37.29413143
3953,2017,2017-01-26 06:00,주간,목,1,1,0,0,대구,수성구,차대사람,횡단중,운전자법규위반,보행자 보호의무 위반,교차로,교차로부근,승용차,보행자,128.64756469,35.87303241
3954,2017,2017-01-26 07:00,주간,목,1,1,0,0,전북,전주시,차대사람,횡단중,운전자법규위반,보행자 보호의무 위반,교차로,교차로부근,승용차,보행자,127.13989845,35.83165854
3955,2017,2017-01-26 08:00,주간,목,1,1,0,0,경북,김천시,차대차,추돌,운전자법규위반,안전운전 의무 불이행,단일로,기타단일로,승용차,화물차,128.25934205,36.07667796
3956,2017,2017-01-26 08:00,주간,목,1,1,0,0,경남,김해시,차대차,측면충돌,운전자법규위반,안전운전 의무 불이행,단일로,기타단일로,화물차,승용차,128.74946336,35.25842973
3957,2017,2017-01-26 14:00,주간,목,1,1,0,0,경북,영천시,차대차,기타,운전자법규위반,앞지르기 금지위반,단일로,교량위,화물차,이륜차,128.82887240000002,36.02409829
3958,2017,2017-01-26 14:00,주간,목,1,3,1,1,경북,구미시,차대차,추돌,운전자법규위반,안전운전 의무 불이행,단일로,기타단일로,화물차,승용차,128.26157705,36.21057886
3959,2017,2017-01-26 14:00,주간,목,1,1,0,0,부산,부산진구,차대사람,횡단중,운전자법규위반,보행자 보호의무 위반,단일로,기타단일로,건설기계,보행자,129.06077161,35.15780203
3960,2017,2017-01-26 17:00,주간,목,1,1,0,0,경기,여주시,차대차,측면충돌,운전자법규위반,신호위반,교차로,교차로내,화물차,원동기장치자전거,127.66099636,37.20117624
3961,2017,2017-01-26 18:00,야간,목,1,1,0,0,경기,김포시,차대사람,횡단중,운전자법규위반,안전운전 의무 불이행,교차로,교차로내,승합차,보행자,126.70863059,37.62713858
3962,2017,2017-01-26 22:00,야간,목,1,1,0,0,경북,문경시,차대사람,차도통행중,운전자법규위반,안전운전 의무 불이행,단일로,기타단일로,승용차,보행자,128.12660331,36.68522367
3963,2017,2017-01-27 03:00,야간,금,1,1,0,0,충남,아산시,차대사람,기타,운전자법규위반,중앙선 침범,단일로,기타단일로,승용차,보행자,126.96160312,36.78528583
3964,2017,2017-01-27 04:00,야간,금,1,1,0,0,경남,창원시(통합),차대차,측면충돌,운전자법규위반,안전운전 의무 불이행,단일로,기타단일로,승용차,이륜차,128.5863961,35.22113355
3965,2017,2017-01-27 05:00,야간,금,1,1,0,0,전남,목포시,차대사람,횡단중,운전자법규위반,보행자 보호의무 위반,단일로,기타단일로,승용차,보행자,126.38745978,34.79583669
3966,2017,2017-01-27 06:00,주간,금,1,4,0,3,전북,순창군,차량단독,전도,운전자법규위반,안전운전 의무 불이행,단일로,기타단일로,승용차,없음,127.17852618,35.42939081
3967,2017,2017-01-27 10:00,주간,금,1,2,0,1,충북,청주시,차대사람,횡단중,운전자법규위반,안전운전 의무 불이행,단일로,기타단일로,승용차,보행자,127.48218134,36.58543444
3968,2017,2017-01-27 14:00,주간,금,1,1,0,0,대구,서구,차대차,측면충돌,운전자법규위반,신호위반,단일로,기타단일로,승용차,이륜차,128.56207848,35.85937563
3969,2017,2017-01-27 17:00,주간,금,1,1,0,0,경기,안성시,차대사람,차도통행중,운전자법규위반,안전운전 의무 불이행,단일로,기타단일로,승용차,보행자,127.43595588,37.08559798
3970,2017,2017-01-27 20:00,야간,금,1,1,0,0,충북,괴산군,차대사람,횡단중,운전자법규위반,안전운전 의무 불이행,교차로,교차로부근,승용차,보행자,127.79657802,36.80968996
3971,2017,2017-01-27 20:00,야간,금,1,1,0,0,서울,종로구,차대사람,차도통행중,운전자법규위반,안전운전 의무 불이행,단일로,기타단일로,승용차,보행자,127.00730516,37.57306984
3972,2017,2017-01-27 22:00,야간,금,1,1,0,0,강원,원주시,차대사람,횡단중,운전자법규위반,안전운전 의무 불이행,단일로,기타단일로,승용차,보행자,127.96920217,37.31688885
3973,2017,2017-01-27 23:00,야간,금,1,1,0,0,충남,천안시,차대차,기타,운전자법규위반,안전운전 의무 불이행,단일로,기타단일로,승용차,승용차,127.19154169,36.76689393
3974,2017,2017-01-28 02:00,야간,토,1,1,0,0,충북,음성군,차량단독,전도,운전자법규위반,안전운전 의무 불이행,단일로,기타단일로,승용차,없음,127.50881726,36.95378837
3975,2017,2017-01-28 06:00,주간,토,1,2,0,1,부산,북구,차대차,정면충돌,운전자법규위반,신호위반,교차로,교차로내,승용차,승용차,129.00431959,35.20543796
3976,2017,2017-01-29 02:00,야간,일,1,1,0,0,강원,원주시,차량단독,공작물충돌,운전자법규위반,안전운전 의무 불이행,단일로,기타단일로,화물차,없음,128.11965543,37.25242362
3977,2017,2017-01-29 03:00,야간,일,2,4,1,1,경남,김해시,차대차,추돌,운전자법규위반,안전운전 의무 불이행,단일로,기타단일로,승용차,승용차,128.81169041,35.19486433
3978,2017,2017-01-29 16:00,주간,일,1,1,0,0,강원,철원군,차량단독,공작물충돌,운전자법규위반,안전운전 의무 불이행,단일로,기타단일로,승용차,없음,127.47263741,38.13352141
3979,2017,2017-01-29 18:00,야간,일,1,6,2,0,강원,원주시,차대차,추돌,운전자법규위반,안전운전 의무 불이행,단일로,기타단일로,승용차,승용차,127.89286573,37.39146974
3980,2017,2017-01-29 18:00,야간,일,1,1,0,0,충북,영동군,차대차,기타,운전자법규위반,과속,단일로,기타단일로,승합차,승용차,127.73809677,36.20293914
3981,2017,2017-01-29 19:00,야간,일,1,1,0,0,경기,안산시,차대사람,횡단중,운전자법규위반,안전운전 의무 불이행,단일로,기타단일로,화물차,보행자,126.82034252,37.34162854
3982,2017,2017-01-30 02:00,야간,월,1,1,0,0,전남,순천시,차량단독,전도전복,운전자법규위반,안전운전 의무 불이행,단일로,기타단일로,승용차,없음,127.55280074,34.90016423
3983,2017,2017-01-30 02:00,야간,월,2,3,1,0,경남,김해시,차대차,측면충돌,운전자법규위반,중앙선 침범,단일로,기타단일로,승용차,승합차,128.87384649,35.22869825
3984,2017,2017-01-30 15:00,주간,월,1,1,0,0,경기,파주시,차대차,측면충돌,운전자법규위반,중앙선 침범,단일로,기타단일로,승용차,원동기장치자전거,126.7998682,37.83206125
3985,2017,2017-01-30 16:00,주간,월,1,7,5,1,충남,공주시,차대차,측면충돌,운전자법규위반,신호위반,교차로,교차로내,승용차,승용차,127.0477867,36.46197301
3986,2017,2017-01-30 16:00,주간,월,1,1,0,0,부산,북구,차대사람,횡단중,운전자법규위반,안전운전 의무 불이행,교차로,교차로부근,승용차,보행자,129.00312908,35.20491538
3987,2017,2017-01-30 18:00,야간,월,1,1,0,0,서울,서초구,차대사람,차도통행중,운전자법규위반,안전운전 의무 불이행,단일로,기타단일로,승합차,보행자,127.02107323,37.48317136
3988,2017,2017-01-30 20:00,야간,월,1,1,0,0,전북,정읍시,차대사람,횡단중,운전자법규위반,보행자 보호의무 위반,교차로,교차로횡단보도내,승합차,보행자,126.85431796,35.56582059
3989,2017,2017-01-30 20:00,야간,월,1,1,0,0,경기,양주시,차대사람,횡단중,운전자법규위반,안전운전 의무 불이행,교차로,교차로내,승용차,보행자,127.04264267,37.82516951
3990,2017,2017-01-30 21:00,야간,월,1,2,1,0,경북,김천시,차대차,추돌,운전자법규위반,안전운전 의무 불이행,단일로,기타단일로,화물차,화물차,128.17647937,36.13607316
3991,2017,2017-01-31 04:00,야간,화,1,1,0,0,충남,논산시,차량단독,공작물충돌,운전자법규위반,안전운전 의무 불이행,단일로,기타단일로,승용차,없음,127.21445185,36.14994957
3992,2017,2017-01-31 06:00,주간,화,1,1,0,0,광주,서구,차대사람,횡단중,운전자법규위반,신호위반,단일로,기타단일로,승용차,보행자,126.88048418,35.15269321
3993,2017,2017-01-31 09:00,주간,화,1,1,0,0,전남,나주시,차대차,측면충돌,운전자법규위반,안전운전 의무 불이행,단일로,기타단일로,승용차,원동기장치자전거,126.62019524,34.93999453
3994,2017,2017-01-31 10:00,주간,화,1,1,0,0,경남,진주시,차대차,추돌,운전자법규위반,차로위반(진로변경 위반),단일로,기타단일로,승용차,화물차,128.09699514,35.13275232
3995,2017,2017-01-31 14:00,주간,화,1,2,1,0,대전,서구,차대사람,횡단중,운전자법규위반,신호위반,단일로,기타단일로,화물차,보행자,127.38238649,36.31435201
3996,2017,2017-01-31 17:00,주간,화,1,1,0,0,전남,완도군,차대사람,횡단중,운전자법규위반,안전운전 의무 불이행,교차로,교차로내,화물차,보행자,126.80474542,34.39646793
3997,2017,2017-01-31 19:00,야간,화,1,1,0,0,강원,정선군,차량단독,공작물충돌,운전자법규위반,안전운전 의무 불이행,단일로,기타단일로,승용차,없음,128.77734061,37.24205326
3998,2017,2017-01-31 23:00,야간,화,1,1,0,0,전남,여수시,차대차,추돌,운전자법규위반,안전운전 의무 불이행,단일로,기타단일로,승용차,화물차,127.59395244,34.88879345
3999,2017,2017-02-01 07:00,주간,수,1,1,0,0,경기,화성시,차대사람,길가장자리구역통행중,운전자법규위반,안전운전 의무 불이행,단일로,기타단일로,승용차,보행자,126.91325775,37.07930524
4000,2017,2017-02-01 11:00,주간,수,1,2,1,0,경남,합천군,차대차,추돌,운전자법규위반,안전운전 의무 불이행,단일로,기타단일로,화물차,화물차,128.1437363,35.45277227
4001,2017,2017-02-01 15:00,주간,수,1,3,0,0,인천,남동구,차대차,추돌,운전자법규위반,안전운전 의무 불이행,단일로,기타단일로,화물차,화물차,126.73805502,37.42076266
4002,2017,2017-02-01 15:00,주간,수,1,1,0,0,전남,여수시,차량단독,전도전복,운전자법규위반,안전운전 의무 불이행,단일로,기타단일로,이륜차,없음,127.73367016,34.74013972
4003,2017,2017-02-01 16:00,주간,수,1,7,0,6,광주,북구,차대차,추돌,운전자법규위반,안전운전 의무 불이행,단일로,기타단일로,화물차,승용차,126.90107179999998,35.21048933
4004,2017,2017-02-01 17:00,주간,수,1,7,4,2,전남,해남군,차대차,정면충돌,운전자법규위반,중앙선 침범,단일로,기타단일로,승용차,승합차,126.58595072,34.56299358
4005,2017,2017-02-01 18:00,야간,수,1,1,0,0,서울,도봉구,차대사람,횡단중,운전자법규위반,안전운전 의무 불이행,단일로,기타단일로,화물차,보행자,127.04497965,37.6774881
4006,2017,2017-02-01 19:00,야간,수,1,3,2,0,전남,영암군,차대차,추돌,운전자법규위반,과속,단일로,기타단일로,승용차,이륜차,126.69554585,34.90101952
4007,2017,2017-02-01 22:00,야간,수,1,2,0,1,경남,창녕군,차량단독,공작물충돌,운전자법규위반,안전운전 의무 불이행,단일로,기타단일로,승용차,없음,128.51658763,35.45891793
4008,2017,2017-02-02 03:00,야간,목,1,5,1,0,경기,용인시,차대차,기타,운전자법규위반,안전운전 의무 불이행,단일로,기타단일로,승용차,승용차,127.31278432,37.24556808
4009,2017,2017-02-02 05:00,야간,목,1,1,0,0,충북,청주시,차대사람,횡단중,운전자법규위반,안전운전 의무 불이행,단일로,기타단일로,화물차,보행자,127.43999979,36.67525865
4010,2017,2017-02-02 06:00,주간,목,1,1,0,0,부산,해운대구,차대사람,횡단중,운전자법규위반,안전운전 의무 불이행,단일로,기타단일로,승용차,보행자,129.16476689,35.1618215
4011,2017,2017-02-02 09:00,주간,목,1,1,0,0,경남,함안군,차대사람,보도통행중,운전자법규위반,안전운전 의무 불이행,단일로,기타단일로,건설기계,보행자,128.52484811,35.34719847
4012,2017,2017-02-02 09:00,주간,목,1,1,0,0,경남,창원시(통합),차대차,측면충돌,운전자법규위반,안전운전 의무 불이행,단일로,기타단일로,승용차,자전거,128.50447503,35.23924315
4013,2017,2017-02-02 15:00,주간,목,1,1,0,0,서울,양천구,차량단독,공작물충돌,운전자법규위반,안전운전 의무 불이행,단일로,기타단일로,승용차,없음,126.87363384,37.52144716
4014,2017,2017-02-02 16:00,주간,목,1,2,1,0,제주,서귀포시,차대차,정면충돌,운전자법규위반,중앙선 침범,기타,기타,승용차,승용차,126.84556646,33.43818225
4015,2017,2017-02-02 17:00,주간,목,1,1,0,0,충남,논산시,차대차,정면충돌,운전자법규위반,안전운전 의무 불이행,단일로,기타단일로,승용차,화물차,127.15065896,36.26915573
4016,2017,2017-02-02 18:00,야간,목,1,1,0,0,강원,화천군,차대차,측면충돌,운전자법규위반,중앙선 침범,단일로,기타단일로,이륜차,승합차,127.72398426,38.12427134
4017,2017,2017-02-02 18:00,야간,목,1,1,0,0,경기,동두천시,차대사람,횡단중,운전자법규위반,안전운전 의무 불이행,단일로,기타단일로,승용차,보행자,127.06436597,37.90477393
4018,2017,2017-02-02 18:00,야간,목,1,1,0,0,제주,제주시,차량단독,전도전복,운전자법규위반,안전운전 의무 불이행,단일로,기타단일로,승용차,없음,126.37848142,33.43592003
4019,2017,2017-02-02 18:00,야간,목,1,1,0,0,제주,제주시,차량단독,전도,운전자법규위반,안전운전 의무 불이행,단일로,기타단일로,화물차,없음,126.24061638,33.38389218
4020,2017,2017-02-02 19:00,야간,목,1,1,0,0,경기,안양시,차대사람,차도통행중,운전자법규위반,안전운전 의무 불이행,교차로,교차로내,승용차,보행자,126.90581953,37.42555574
4021,2017,2017-02-02 21:00,야간,목,1,3,0,1,울산,울주군,차대차,정면충돌,운전자법규위반,중앙선 침범,단일로,고가도로위,승용차,승용차,129.24830672,35.53072816
4022,2017,2017-02-02 23:00,야간,목,1,1,0,0,경기,남양주시,차대사람,횡단중,운전자법규위반,안전운전 의무 불이행,교차로,교차로부근,화물차,보행자,127.16261370000001,37.69229561
4023,2017,2017-02-03 00:00,야간,금,1,1,0,0,서울,양천구,차량단독,전도,운전자법규위반,안전운전 의무 불이행,단일로,기타단일로,이륜차,없음,126.87208101,37.5311915
4024,2017,2017-02-03 00:00,야간,금,1,1,0,0,서울,동대문구,차대사람,횡단중,운전자법규위반,안전운전 의무 불이행,단일로,기타단일로,승용차,보행자,127.06898058,37.59031055
4025,2017,2017-02-03 01:00,야간,금,1,3,0,2,경기,고양시,차대차,정면충돌,운전자법규위반,중앙선 침범,단일로,기타단일로,승용차,승용차,126.83891671,37.64417346
4026,2017,2017-02-03 02:00,야간,금,1,2,0,1,경북,안동시,차대차,추돌,운전자법규위반,안전운전 의무 불이행,단일로,교량위,승합차,승용차,128.53504197,36.60133297
4027,2017,2017-02-03 08:00,주간,금,1,1,0,0,경기,남양주시,차대사람,횡단중,운전자법규위반,기타(운전자법규위반),단일로,기타단일로,화물차,보행자,127.15911288,37.59715808
4028,2017,2017-02-03 11:00,주간,금,1,1,0,0,광주,북구,차대차,측면충돌,운전자법규위반,앞지르기 방법위반,교차로,교차로부근,화물차,원동기장치자전거,126.91162654,35.18081026
4029,2017,2017-02-03 13:00,주간,금,1,1,0,0,인천,강화군,차대사람,횡단중,운전자법규위반,안전운전 의무 불이행,단일로,기타단일로,화물차,보행자,126.44883798,37.70821914
4030,2017,2017-02-03 14:00,주간,금,1,1,0,0,전북,고창군,차대차,측면충돌,운전자법규위반,직진 및 우회전차의 통행방해,교차로,교차로내,화물차,원동기장치자전거,126.69258258,35.43614306
4031,2017,2017-02-03 16:00,주간,금,1,1,0,0,경남,창원시(통합),차량단독,공작물충돌,운전자법규위반,안전운전 의무 불이행,단일로,기타단일로,이륜차,없음,128.62597402,35.21718329
4032,2017,2017-02-03 18:00,야간,금,1,1,0,0,울산,울주군,차대사람,횡단중,운전자법규위반,안전운전 의무 불이행,단일로,기타단일로,화물차,보행자,129.18038458,35.45841649
4033,2017,2017-02-03 19:00,야간,금,1,1,0,0,충남,예산군,차대차,추돌,운전자법규위반,안전운전 의무 불이행,단일로,기타단일로,승용차,승용차,126.74653339,36.69026689
4034,2017,2017-02-03 19:00,야간,금,1,1,0,0,충북,보은군,차대사람,횡단중,운전자법규위반,안전운전 의무 불이행,단일로,기타단일로,승용차,보행자,127.70367164,36.46536049
4035,2017,2017-02-03 20:00,야간,금,1,1,0,0,부산,남구,차대차,기타,운전자법규위반,신호위반,교차로,교차로내,원동기장치자전거,승합차,129.10891966,35.12696839
4036,2017,2017-02-03 21:00,야간,금,1,1,0,0,경기,부천시,차대차,추돌,운전자법규위반,안전거리 미확보,교차로,교차로부근,승합차,자전거,126.80207753,37.52772495
4037,2017,2017-02-03 22:00,야간,금,1,2,1,0,충북,보은군,차대차,기타,운전자법규위반,안전운전 의무 불이행,단일로,기타단일로,승합차,승용차,127.85372274,36.45282155
4038,2017,2017-02-03 23:00,야간,금,1,1,0,0,서울,서초구,차량단독,기타,운전자법규위반,안전운전 의무 불이행,기타,기타,승용차,없음,126.99881718,37.50970516
4039,2017,2017-02-04 02:00,야간,토,1,1,0,0,전남,여수시,차량단독,기타,운전자법규위반,앞지르기 방법위반,단일로,기타단일로,승용차,없음,127.77219551,34.66542801
4040,2017,2017-02-04 07:00,주간,토,1,1,0,0,충남,태안군,차대차,정면충돌,운전자법규위반,과속,교차로,교차로내,건설기계,승용차,126.28838599,36.73138626
4041,2017,2017-02-04 08:00,주간,토,1,1,0,0,부산,사상구,차대사람,횡단중,운전자법규위반,신호위반,교차로,교차로횡단보도내,화물차,보행자,128.98042528,35.19049977
4042,2017,2017-02-04 15:00,주간,토,1,1,0,0,전남,보성군,차량단독,기타,운전자법규위반,안전운전 의무 불이행,단일로,기타단일로,사륜오토바이(ATV),없음,127.02249109999998,34.71670404
4043,2017,2017-02-04 17:00,주간,토,1,1,0,0,경남,창원시(통합),차대차,측면충돌,운전자법규위반,안전운전 의무 불이행,단일로,기타단일로,자전거,승합차,128.69110883,35.233213299999996
4044,2017,2017-02-04 17:00,주간,토,1,2,1,0,경기,용인시,차대차,측면충돌,운전자법규위반,교차로 통행방법 위반,교차로,교차로내,승용차,이륜차,127.33634389,37.18044911
4045,2017,2017-02-04 18:00,야간,토,1,1,0,0,제주,서귀포시,차대사람,횡단중,운전자법규위반,안전운전 의무 불이행,교차로,교차로부근,승용차,보행자,126.52695172,33.25740912
4046,2017,2017-02-04 18:00,야간,토,1,1,0,0,경기,성남시,차대차,정면충돌,운전자법규위반,교차로 통행방법 위반,교차로,교차로내,승용차,이륜차,127.12545397,37.39616948
4047,2017,2017-02-04 19:00,야간,토,1,1,0,0,경기,용인시,차대사람,횡단중,운전자법규위반,보행자 보호의무 위반,교차로,교차로횡단보도내,승합차,보행자,127.20921059,37.23348755
4048,2017,2017-02-04 19:00,야간,토,1,1,0,0,경기,수원시,차대차,측면충돌,운전자법규위반,신호위반,교차로,교차로내,승용차,이륜차,126.96763716,37.24712442
4049,2017,2017-02-04 19:00,야간,토,1,1,0,0,충북,제천시,차대사람,횡단중,운전자법규위반,보행자 보호의무 위반,단일로,기타단일로,승용차,보행자,128.08143494,36.91436959
4050,2017,2017-02-04 23:00,야간,토,1,1,0,0,부산,서구,차대차,측면충돌,운전자법규위반,안전운전 의무 불이행,단일로,터널안,승용차,승합차,129.00893302,35.10734528
4051,2017,2017-02-05 01:00,야간,일,1,2,1,0,서울,노원구,차량단독,전도,운전자법규위반,안전운전 의무 불이행,단일로,기타단일로,승용차,없음,127.05019199,37.67442554
4052,2017,2017-02-05 01:00,야간,일,1,2,0,1,경남,창원시(통합),차대차,측면충돌,운전자법규위반,신호위반,교차로,교차로내,원동기장치자전거,승용차,128.61023406,35.25219556
4053,2017,2017-02-05 03:00,야간,일,1,1,0,0,충남,천안시,차대사람,기타,운전자법규위반,안전운전 의무 불이행,단일로,기타단일로,승용차,보행자,127.12798190000001,36.95792955
4054,2017,2017-02-05 06:00,주간,일,1,1,0,0,서울,동대문구,차대차,정면충돌,운전자법규위반,신호위반,교차로,교차로내,화물차,승합차,127.05781951,37.57756929
4055,2017,2017-02-05 07:00,주간,일,1,1,0,0,충남,아산시,차대사람,횡단중,운전자법규위반,안전운전 의무 불이행,교차로,교차로횡단보도내,승용차,보행자,127.05275322,36.77755025
4056,2017,2017-02-05 17:00,주간,일,1,1,0,0,충북,충주시,차대사람,횡단중,운전자법규위반,보행자 보호의무 위반,교차로,교차로내,승용차,보행자,127.92650174,36.97291762
4057,2017,2017-02-05 20:00,야간,일,1,1,0,0,서울,종로구,차량단독,전도,운전자법규위반,안전운전 의무 불이행,교차로,교차로내,이륜차,없음,127.00119608,37.58573513
4058,2017,2017-02-05 22:00,야간,일,1,1,0,0,광주,광산구,차대사람,횡단중,운전자법규위반,안전운전 의무 불이행,단일로,기타단일로,승용차,보행자,126.79467582,35.16154492
4059,2017,2017-02-06 00:00,야간,월,1,1,0,0,경기,평택시,차대사람,횡단중,운전자법규위반,안전운전 의무 불이행,기타,기타,승용차,보행자,127.07062214,37.0288774
4060,2017,2017-02-06 05:00,야간,월,1,1,0,0,충북,청주시,차대사람,횡단중,운전자법규위반,안전운전 의무 불이행,교차로,교차로횡단보도내,승용차,보행자,127.439252,36.63278521
4061,2017,2017-02-06 06:00,주간,월,1,1,0,0,인천,서구,차대사람,횡단중,운전자법규위반,안전운전 의무 불이행,교차로,교차로부근,화물차,보행자,126.66100958,37.49910885
4062,2017,2017-02-06 12:00,주간,월,1,1,0,0,충북,충주시,차대사람,길가장자리구역통행중,운전자법규위반,안전운전 의무 불이행,단일로,기타단일로,승합차,보행자,127.83860355,36.96617859
4063,2017,2017-02-06 18:00,야간,월,1,1,0,0,제주,제주시,차대사람,횡단중,운전자법규위반,중앙선 침범,단일로,기타단일로,승용차,보행자,126.59036568,33.48880346