,발생년,발생년월일시분,주야,요일,사망자수,사상자수,중상자수,경상자수,발생지시도,발생지시군구,사고유형_대분류,사고유형,법규위반_대분류,법규위반,도로형태_대분류,도로형태,가해자_당사자종별,피해자_당사자종별,경도,위도
4064,2017,2017-02-06 18:00,야간,월,1,1,0,0,전북,임실군,차대차,측면충돌,운전자법규위반,안전운전 의무 불이행,교차로,교차로내,승용차,이륜차,127.3303429,35.54578054
4065,2017,2017-02-07 06:00,주간,화,1,2,1,0,경남,김해시,차대차,측면충돌,운전자법규위반,부당한 회전,교차로,교차로내,자전거,승용차,128.72786625,35.31180205
4066,2017,2017-02-07 06:00,주간,화,1,1,0,0,제주,제주시,차대사람,횡단중,운전자법규위반,신호위반,단일로,기타단일로,승용차,보행자,126.52594036,33.51308034
4067,2017,2017-02-07 06:00,주간,화,1,3,1,0,울산,남구,차대차,추돌,운전자법규위반,신호위반,교차로,교차로내,승용차,승용차,129.34143917,35.5170271
4068,2017,2017-02-07 06:00,주간,화,1,1,0,0,광주,광산구,차대차,측면충돌,운전자법규위반,신호위반,교차로,교차로내,건설기계,자전거,126.83641526,35.17764973
4069,2017,2017-02-07 07:00,주간,화,1,1,0,0,경남,밀양시,차대사람,횡단중,운전자법규위반,안전운전 의무 불이행,교차로,교차로내,화물차,보행자,128.80130041,35.40646075
4070,2017,2017-02-07 14:00,주간,화,1,1,0,0,부산,사하구,차대차,기타,운전자법규위반,안전운전 의무 불이행,교차로,교차로부근,원동기장치자전거,승합차,128.97065378,35.05456369
4071,2017,2017-02-07 17:00,주간,화,1,1,0,0,충남,당진시,차량단독,공작물충돌,운전자법규위반,안전운전 의무 불이행,단일로,기타단일로,승용차,없음,126.75528249,36.84132496
4072,2017,2017-02-07 18:00,야간,화,1,1,0,0,경남,창원시(통합),차대사람,횡단중,운전자법규위반,안전운전 의무 불이행,교차로,교차로횡단보도내,승합차,보행자,128.67084296,35.15271323
4073,2017,2017-02-07 21:00,야간,화,1,1,0,0,경기,평택시,차대사람,횡단중,운전자법규위반,안전운전 의무 불이행,교차로,교차로부근,승용차,보행자,127.08680774,36.99233661
4074,2017,2017-02-07 22:00,야간,화,1,1,0,0,전남,무안군,차량단독,공작물충돌,운전자법규위반,안전운전 의무 불이행,단일로,기타단일로,화물차,없음,126.48092549999998,34.991448999999996
4075,2017,2017-02-07 23:00,야간,화,1,1,0,0,전북,정읍시,차대사람,차도통행중,운전자법규위반,안전운전 의무 불이행,단일로,기타단일로,화물차,보행자,126.8281437,35.57036519
4076,2017,2017-02-08 05:00,야간,수,1,1,0,0,부산,동래구,차대차,측면충돌,운전자법규위반,안전운전 의무 불이행,단일로,기타단일로,승용차,승용차,129.10041638,35.1970993
4077,2017,2017-02-08 11:00,주간,수,1,1,0,0,부산,부산진구,차대사람,횡단중,운전자법규위반,기타(운전자법규위반),단일로,기타단일로,화물차,보행자,129.05241572,35.16120028
4078,2017,2017-02-08 13:00,주간,수,1,2,0,1,전남,순천시,차대차,추돌,운전자법규위반,안전운전 의무 불이행,교차로,교차로내,화물차,화물차,127.48050366,35.00338859
4079,2017,2017-02-08 15:00,주간,수,1,1,0,0,전북,남원시,차대차,추돌,운전자법규위반,안전운전 의무 불이행,단일로,기타단일로,승용차,자전거,127.34422073,35.39141029
4080,2017,2017-02-08 16:00,주간,수,1,1,0,0,경남,창원시(통합),차대차,기타,운전자법규위반,안전운전 의무 불이행,교차로,교차로부근,화물차,특수차,128.56497883,35.22180175
4081,2017,2017-02-08 18:00,야간,수,1,1,0,0,경북,상주시,차대차,추돌,운전자법규위반,안전거리 미확보,단일로,기타단일로,이륜차,화물차,128.15634474,36.39602599
4082,2017,2017-02-08 19:00,야간,수,1,1,0,0,경기,안성시,차대차,후진중충돌,운전자법규위반,안전운전 의무 불이행,단일로,기타단일로,승용차,승용차,127.26794673,37.00444849
4083,2017,2017-02-08 19:00,야간,수,1,2,1,0,충북,청주시,차대차,추돌,운전자법규위반,안전운전 의무 불이행,교차로,교차로부근,승용차,승합차,127.48607002,36.59357555
4084,2017,2017-02-09 05:00,야간,목,1,1,0,0,충남,천안시,차대차,측면충돌,운전자법규위반,신호위반,교차로,교차로내,건설기계,승합차,127.11210263,36.80187287
4085,2017,2017-02-09 06:00,주간,목,1,1,0,0,인천,부평구,차대차,기타,운전자법규위반,안전운전 의무 불이행,단일로,기타단일로,화물차,승용차,126.70424632,37.51632623
4086,2017,2017-02-09 12:00,주간,목,1,1,0,0,경기,안산시,차대사람,횡단중,운전자법규위반,안전운전 의무 불이행,단일로,기타단일로,승용차,보행자,126.81302976,37.30660389
4087,2017,2017-02-09 13:00,주간,목,1,4,0,3,경기,이천시,차대차,정면충돌,운전자법규위반,안전운전 의무 불이행,교차로,교차로부근,화물차,화물차,127.34011695,37.2556588
4088,2017,2017-02-09 14:00,주간,목,1,1,0,0,경북,의성군,차대사람,횡단중,운전자법규위반,안전운전 의무 불이행,교차로,교차로횡단보도내,승합차,보행자,128.69403405,36.35528769
4089,2017,2017-02-09 18:00,야간,목,1,1,0,0,경기,군포시,차대사람,횡단중,운전자법규위반,안전운전 의무 불이행,교차로,교차로내,승합차,보행자,126.94105318,37.37621531
4090,2017,2017-02-10 04:00,야간,금,1,1,0,0,경남,거제시,차대사람,차도통행중,운전자법규위반,안전운전 의무 불이행,단일로,기타단일로,승용차,보행자,128.69008957,34.87064393
4091,2017,2017-02-10 04:00,야간,금,1,2,0,1,울산,울주군,차대차,추돌,운전자법규위반,안전운전 의무 불이행,단일로,기타단일로,승용차,화물차,129.25409862,35.50699696
4092,2017,2017-02-10 05:00,야간,금,1,1,0,0,경남,창원시(통합),차량단독,전도,운전자법규위반,안전운전 의무 불이행,단일로,기타단일로,이륜차,없음,128.57439794,35.20281975
4093,2017,2017-02-10 07:00,주간,금,1,4,3,0,경북,의성군,차량단독,공작물충돌,운전자법규위반,안전운전 의무 불이행,단일로,기타단일로,화물차,없음,128.68134128,36.2431241
4094,2017,2017-02-10 09:00,주간,금,1,1,0,0,전남,여수시,차대사람,횡단중,운전자법규위반,안전운전 의무 불이행,교차로,교차로내,화물차,보행자,127.67308376,34.76138581
4095,2017,2017-02-10 10:00,주간,금,1,1,0,0,경기,동두천시,차대사람,기타,운전자법규위반,안전운전 의무 불이행,단일로,기타단일로,승합차,보행자,127.06186763,37.90023112
4096,2017,2017-02-10 11:00,주간,금,1,5,4,0,경북,칠곡군,차대차,정면충돌,운전자법규위반,중앙선 침범,단일로,기타단일로,승용차,승용차,128.46294428,36.04756461
4097,2017,2017-02-10 12:00,주간,금,1,1,0,0,경남,창녕군,차대사람,횡단중,운전자법규위반,안전운전 의무 불이행,단일로,기타단일로,화물차,보행자,128.46232029,35.63764024
4098,2017,2017-02-10 15:00,주간,금,1,1,0,0,경기,부천시,차대차,추돌,운전자법규위반,안전운전 의무 불이행,교차로,교차로내,승합차,자전거,126.76961653,37.51057436
4099,2017,2017-02-10 17:00,주간,금,1,1,0,0,전남,함평군,차대차,정면충돌,운전자법규위반,중앙선 침범,단일로,기타단일로,승용차,이륜차,126.49429768,35.04888928
4100,2017,2017-02-10 18:00,야간,금,1,1,0,0,전북,군산시,차대사람,횡단중,운전자법규위반,안전운전 의무 불이행,단일로,기타단일로,승용차,보행자,126.70573076,35.97599937
4101,2017,2017-02-10 18:00,야간,금,1,1,0,0,경북,포항시,차대사람,횡단중,운전자법규위반,안전운전 의무 불이행,교차로,교차로횡단보도내,승용차,보행자,129.35116554,35.99012863
4102,2017,2017-02-11 00:00,야간,토,1,1,0,0,경기,안양시,차량단독,기타,운전자법규위반,안전운전 의무 불이행,단일로,기타단일로,원동기장치자전거,없음,126.95167435,37.41286975
4103,2017,2017-02-11 01:00,야간,토,1,2,1,0,울산,북구,차대차,측면충돌,운전자법규위반,앞지르기 금지위반,교차로,교차로내,화물차,승용차,129.41486310000002,35.58835489
4104,2017,2017-02-11 02:00,야간,토,1,1,0,0,경기,남양주시,차대사람,횡단중,운전자법규위반,안전운전 의무 불이행,단일로,기타단일로,승용차,보행자,127.31004807,37.65101945
4105,2017,2017-02-11 02:00,야간,토,1,1,0,0,서울,종로구,차대사람,차도통행중,운전자법규위반,신호위반,교차로,교차로내,승용차,보행자,126.97716597,37.57053361
4106,2017,2017-02-11 04:00,야간,토,1,1,0,0,부산,동구,차대사람,횡단중,운전자법규위반,안전운전 의무 불이행,교차로,교차로횡단보도내,승용차,보행자,129.04465264,35.12397282
4107,2017,2017-02-11 05:00,야간,토,1,1,0,0,경기,시흥시,차대사람,횡단중,운전자법규위반,안전운전 의무 불이행,교차로,교차로횡단보도내,승용차,보행자,126.74117633,37.35217999
4108,2017,2017-02-11 10:00,주간,토,1,1,0,0,서울,강남구,차대사람,횡단중,운전자법규위반,안전운전 의무 불이행,교차로,교차로내,승용차,보행자,127.04509332,37.5230162
4109,2017,2017-02-11 17:00,주간,토,1,1,0,0,충남,홍성군,차량단독,전도전복,운전자법규위반,안전운전 의무 불이행,단일로,기타단일로,이륜차,없음,126.57271008,36.60265285
4110,2017,2017-02-12 00:00,야간,일,1,1,0,0,경기,평택시,차대사람,횡단중,운전자법규위반,보행자 보호의무 위반,교차로,교차로횡단보도내,승용차,보행자,127.05481811,37.07058232
4111,2017,2017-02-12 01:00,야간,일,1,1,0,0,인천,서구,차대차,추돌,운전자법규위반,안전운전 의무 불이행,교차로,교차로부근,승용차,이륜차,126.67425511,37.5054575
4112,2017,2017-02-12 02:00,야간,일,1,1,0,0,대전,대덕구,차량단독,도로이탈 기타,운전자법규위반,안전운전 의무 불이행,단일로,기타단일로,승용차,없음,127.41847250000001,36.36362434
4113,2017,2017-02-12 02:00,야간,일,1,1,0,0,서울,광진구,차대사람,횡단중,운전자법규위반,과속,교차로,교차로내,승용차,보행자,127.08725897,37.56221774
4114,2017,2017-02-12 03:00,야간,일,1,1,0,0,부산,금정구,차량단독,공작물충돌,운전자법규위반,안전운전 의무 불이행,단일로,기타단일로,승용차,없음,129.05072135,35.25112701
4115,2017,2017-02-12 05:00,야간,일,1,2,1,0,대전,동구,차대차,정면충돌,운전자법규위반,안전운전 의무 불이행,교차로,교차로부근,승용차,승용차,127.46312761,36.29026972
4116,2017,2017-02-12 06:00,주간,일,1,1,0,0,서울,서초구,차대사람,차도통행중,운전자법규위반,과속,단일로,기타단일로,승용차,보행자,127.01916637,37.51596404
4117,2017,2017-02-12 13:00,주간,일,1,1,0,0,대구,동구,차대차,기타,운전자법규위반,안전운전 의무 불이행,단일로,기타단일로,승용차,승합차,128.75421226,35.87229073
4118,2017,2017-02-12 17:00,주간,일,1,1,0,0,강원,강릉시,차대사람,횡단중,운전자법규위반,안전운전 의무 불이행,단일로,기타단일로,화물차,보행자,128.89129981,37.81793446
4119,2017,2017-02-12 19:00,야간,일,1,1,0,0,경기,여주시,차대사람,기타,운전자법규위반,과속,단일로,기타단일로,승용차,보행자,127.57047064,37.25742238
4120,2017,2017-02-12 20:00,야간,일,1,1,0,0,울산,북구,차대사람,횡단중,운전자법규위반,안전운전 의무 불이행,교차로,교차로부근,승용차,보행자,129.33945478,35.66222672
4121,2017,2017-02-12 20:00,야간,일,1,1,0,0,충북,청주시,차량단독,전도전복,운전자법규위반,안전운전 의무 불이행,교차로,교차로내,원동기장치자전거,없음,127.36811017,36.66055688
4122,2017,2017-02-12 20:00,야간,일,1,1,0,0,경기,부천시,차대사람,횡단중,운전자법규위반,안전운전 의무 불이행,교차로,교차로내,승용차,보행자,126.79944921,37.48200201
4123,2017,2017-02-12 23:00,야간,일,1,1,0,0,세종,세종,차대사람,길가장자리구역통행중,운전자법규위반,안전운전 의무 불이행,단일로,고가도로위,승용차,보행자,127.29912847,36.59548957
4124,2017,2017-02-13 05:00,야간,월,1,2,0,1,서울,동대문구,차대차,정면충돌,운전자법규위반,중앙선 침범,단일로,기타단일로,화물차,승합차,127.05446177,37.58799426
4125,2017,2017-02-13 07:00,주간,월,1,1,0,0,전북,익산시,차대차,측면충돌,운전자법규위반,안전운전 의무 불이행,단일로,기타단일로,화물차,자전거,126.95964423,35.95477269
4126,2017,2017-02-13 10:00,주간,월,1,1,0,0,경기,오산시,차대차,측면충돌,운전자법규위반,신호위반,교차로,교차로횡단보도내,자전거,승용차,127.08550713,37.13237777
4127,2017,2017-02-13 13:00,주간,월,1,2,0,1,경북,경산시,차대차,측면충돌,운전자법규위반,중앙선 침범,단일로,기타단일로,사륜오토바이(ATV),이륜차,128.87727929,35.77075463
4128,2017,2017-02-13 14:00,주간,월,1,1,0,0,대구,동구,차량단독,공작물충돌,운전자법규위반,안전운전 의무 불이행,단일로,기타단일로,화물차,없음,128.64157229,35.98792878
4129,2017,2017-02-13 16:00,주간,월,1,1,0,0,경기,화성시,차량단독,전도전복,운전자법규위반,안전운전 의무 불이행,단일로,기타단일로,이륜차,없음,127.09286121,37.18235054
4130,2017,2017-02-13 20:00,야간,월,1,4,2,1,대전,대덕구,차대차,기타,운전자법규위반,안전운전 의무 불이행,단일로,기타단일로,화물차,화물차,127.42267957,36.41514989
4131,2017,2017-02-13 22:00,야간,월,1,3,1,1,부산,사하구,차대차,정면충돌,운전자법규위반,중앙선 침범,단일로,기타단일로,원동기장치자전거,승용차,128.99344441,35.05789894
4132,2017,2017-02-13 23:00,야간,월,1,1,0,0,서울,관악구,차대사람,기타,운전자법규위반,안전운전 의무 불이행,단일로,기타단일로,승용차,보행자,126.90990296,37.48125328
4133,2017,2017-02-14 00:00,야간,화,1,1,0,0,전북,전주시,차량단독,공작물충돌,운전자법규위반,과속,단일로,기타단일로,승용차,없음,127.12850536,35.81150432
4134,2017,2017-02-14 04:00,야간,화,1,1,0,0,부산,부산진구,차대사람,횡단중,운전자법규위반,안전운전 의무 불이행,단일로,기타단일로,승용차,보행자,129.06835091,35.16951246
4135,2017,2017-02-14 07:00,주간,화,1,3,0,2,전남,무안군,차대차,추돌,운전자법규위반,안전운전 의무 불이행,단일로,터널안,승용차,화물차,126.49375909,34.99532425
4136,2017,2017-02-14 08:00,주간,화,1,2,0,1,전남,완도군,차대차,추돌,운전자법규위반,앞지르기 금지위반,교차로,교차로내,화물차,화물차,126.79619016,34.38787888
4137,2017,2017-02-14 11:00,주간,화,1,1,0,0,전북,고창군,차대차,추돌,운전자법규위반,안전운전 의무 불이행,단일로,기타단일로,승용차,자전거,126.53906357,35.51374029
4138,2017,2017-02-14 13:00,주간,화,1,2,1,0,경북,경주시,차대사람,횡단중,운전자법규위반,안전운전 의무 불이행,단일로,기타단일로,화물차,보행자,129.21101312,35.87077183
4139,2017,2017-02-14 16:00,주간,화,1,1,0,0,충남,천안시,차대차,추돌,운전자법규위반,안전운전 의무 불이행,단일로,기타단일로,건설기계,원동기장치자전거,127.14667918,36.87631522
4140,2017,2017-02-14 17:00,주간,화,1,1,0,0,대구,수성구,차대차,정면충돌,운전자법규위반,안전운전 의무 불이행,단일로,기타단일로,승용차,이륜차,128.6252816,35.84979365
4141,2017,2017-02-14 18:00,야간,화,1,1,0,0,충남,당진시,차대사람,횡단중,운전자법규위반,안전운전 의무 불이행,단일로,기타단일로,승용차,보행자,126.75928798,36.95612998
4142,2017,2017-02-14 19:00,야간,화,1,2,1,0,경북,칠곡군,차대사람,길가장자리구역통행중,운전자법규위반,안전운전 의무 불이행,단일로,기타단일로,승용차,보행자,128.43692706,36.03017249
4143,2017,2017-02-14 19:00,야간,화,1,1,0,0,울산,울주군,차대사람,횡단중,운전자법규위반,안전운전 의무 불이행,단일로,기타단일로,승용차,보행자,129.27053928,35.59034581
4144,2017,2017-02-14 21:00,야간,화,1,1,0,0,광주,서구,차대사람,기타,운전자법규위반,안전운전 의무 불이행,단일로,기타단일로,승용차,보행자,126.84828316,35.15267757
4145,2017,2017-02-14 21:00,야간,화,1,1,0,0,경북,성주군,차대차,기타,운전자법규위반,안전운전 의무 불이행,단일로,기타단일로,화물차,화물차,128.24700921,35.99265744
4146,2017,2017-02-14 23:00,야간,화,1,1,0,0,광주,광산구,차대사람,횡단중,운전자법규위반,안전운전 의무 불이행,단일로,기타단일로,화물차,보행자,126.84980833,35.21759893
4147,2017,2017-02-15 08:00,주간,수,1,2,0,0,경기,평택시,차대차,정면충돌,운전자법규위반,직진 및 우회전차의 통행방해,교차로,교차로내,승용차,승용차,126.84432487,36.97348675
4148,2017,2017-02-15 12:00,주간,수,1,1,0,0,충남,아산시,차대사람,횡단중,운전자법규위반,안전운전 의무 불이행,단일로,기타단일로,화물차,보행자,126.89353386,36.87565359
4149,2017,2017-02-15 15:00,주간,수,1,1,0,0,전북,익산시,차대사람,횡단중,운전자법규위반,중앙선 침범,단일로,기타단일로,승용차,보행자,126.94467006,35.93318339
4150,2017,2017-02-15 19:00,야간,수,1,2,0,1,전북,순창군,차대차,추돌,운전자법규위반,안전운전 의무 불이행,단일로,기타단일로,승용차,화물차,127.14374489,35.42238638
4151,2017,2017-02-15 19:00,야간,수,1,1,0,0,경북,포항시,차대사람,횡단중,운전자법규위반,안전운전 의무 불이행,교차로,교차로내,승용차,보행자,129.32860994,36.04608504
4152,2017,2017-02-15 19:00,야간,수,1,1,0,0,대구,서구,차대사람,횡단중,운전자법규위반,안전운전 의무 불이행,교차로,교차로내,승용차,보행자,128.5481115,35.87946799
4153,2017,2017-02-15 22:00,야간,수,1,1,0,0,인천,서구,차대사람,횡단중,운전자법규위반,안전운전 의무 불이행,단일로,기타단일로,승용차,보행자,126.68212851,37.49726499
4154,2017,2017-02-16 02:00,야간,목,1,1,0,0,대전,서구,차대사람,차도통행중,운전자법규위반,안전운전 의무 불이행,단일로,기타단일로,화물차,보행자,127.36692834,36.35796146
4155,2017,2017-02-16 02:00,야간,목,1,1,0,0,경남,김해시,차대사람,차도통행중,운전자법규위반,안전운전 의무 불이행,단일로,기타단일로,승용차,보행자,128.76523977,35.18212252
4156,2017,2017-02-16 05:00,야간,목,1,1,0,0,경북,안동시,차대사람,횡단중,운전자법규위반,안전운전 의무 불이행,단일로,교량위,화물차,보행자,128.66761393,36.49859474
4157,2017,2017-02-16 05:00,야간,목,1,1,0,0,경기,수원시,차량단독,공작물충돌,운전자법규위반,안전운전 의무 불이행,단일로,기타단일로,화물차,없음,127.00361512,37.31270008
4158,2017,2017-02-16 05:00,야간,목,1,1,0,0,경기,파주시,차량단독,전도전복,운전자법규위반,안전운전 의무 불이행,단일로,기타단일로,승용차,없음,126.78271355,37.82218794
4159,2017,2017-02-16 06:00,주간,목,1,1,0,0,경기,용인시,차대사람,횡단중,운전자법규위반,안전운전 의무 불이행,단일로,기타단일로,화물차,보행자,127.10389131,37.257637100000004
4160,2017,2017-02-16 09:00,주간,목,1,1,0,0,대전,중구,차대사람,횡단중,운전자법규위반,보행자 보호의무 위반,교차로,교차로내,승합차,보행자,127.38637767,36.31985529999999
4161,2017,2017-02-16 12:00,주간,목,1,1,0,0,경기,파주시,차대사람,횡단중,운전자법규위반,안전운전 의무 불이행,교차로,교차로내,승용차,보행자,126.75048379,37.72271747
4162,2017,2017-02-16 15:00,주간,목,1,1,0,0,경남,김해시,차대사람,횡단중,운전자법규위반,안전운전 의무 불이행,단일로,기타단일로,화물차,보행자,128.86358539,35.26491521
4163,2017,2017-02-16 18:00,야간,목,1,1,0,0,전남,순천시,차대사람,횡단중,운전자법규위반,안전운전 의무 불이행,교차로,교차로부근,승용차,보행자,127.48366680000001,34.96861772
4164,2017,2017-02-16 18:00,야간,목,2,3,0,1,충남,공주시,차대사람,횡단중,운전자법규위반,신호위반,교차로,교차로횡단보도내,승용차,보행자,127.03304405,36.45069236
4165,2017,2017-02-16 19:00,야간,목,1,1,0,0,전북,부안군,차대사람,횡단중,운전자법규위반,안전운전 의무 불이행,단일로,기타단일로,승용차,보행자,126.79045202,35.705898100000006
4166,2017,2017-02-16 20:00,야간,목,1,1,0,0,경기,하남시,차대차,추돌,운전자법규위반,안전운전 의무 불이행,단일로,기타단일로,승용차,원동기장치자전거,127.14574099999999,37.52162136
4167,2017,2017-02-16 23:00,야간,목,1,1,0,0,서울,중랑구,차대차,기타,운전자법규위반,안전운전 의무 불이행,교차로,교차로내,승용차,승용차,127.08005175,37.57275074
4168,2017,2017-02-17 01:00,야간,금,1,1,0,0,충남,예산군,차량단독,전도,운전자법규위반,안전운전 의무 불이행,단일로,기타단일로,승용차,없음,126.79149392,36.57827279
4169,2017,2017-02-17 12:00,주간,금,1,1,0,0,강원,홍천군,차량단독,전도,운전자법규위반,안전운전 의무 불이행,교차로,교차로부근,승용차,없음,127.84006812,37.66555881
4170,2017,2017-02-17 18:00,야간,금,1,5,1,3,경기,의정부시,차대차,추돌,운전자법규위반,안전운전 의무 불이행,단일로,기타단일로,화물차,승용차,127.04834627,37.69642899
4171,2017,2017-02-17 19:00,야간,금,1,2,1,0,충남,당진시,차대차,측면충돌,운전자법규위반,중앙선 침범,단일로,기타단일로,화물차,승용차,126.57759419,37.00560715
4172,2017,2017-02-17 19:00,야간,금,1,1,0,0,경남,밀양시,차대사람,차도통행중,운전자법규위반,안전운전 의무 불이행,단일로,기타단일로,승용차,보행자,128.84394167,35.42044642
4173,2017,2017-02-18 00:00,야간,토,1,1,0,0,경남,창원시(통합),차대사람,횡단중,운전자법규위반,안전운전 의무 불이행,교차로,교차로횡단보도내,승용차,보행자,128.70575288,35.15263229
4174,2017,2017-02-18 01:00,야간,토,1,1,0,0,서울,성동구,차량단독,전도전복,운전자법규위반,안전운전 의무 불이행,단일로,기타단일로,이륜차,없음,127.03519540000002,37.5715425
4175,2017,2017-02-18 01:00,야간,토,1,3,2,0,충남,아산시,차대차,추돌,운전자법규위반,기타(운전자법규위반),단일로,기타단일로,승용차,승용차,127.08401212,36.77879951
4176,2017,2017-02-18 05:00,야간,토,1,6,3,2,부산,해운대구,차대차,정면충돌,운전자법규위반,중앙선 침범,단일로,기타단일로,승용차,승용차,129.16539573,35.16224021
4177,2017,2017-02-18 06:00,주간,토,1,1,0,0,경북,청송군,차대사람,길가장자리구역통행중,운전자법규위반,안전운전 의무 불이행,단일로,기타단일로,승용차,보행자,129.07396475,36.36635510000001
4178,2017,2017-02-18 10:00,주간,토,1,1,0,0,서울,동작구,차대사람,기타,운전자법규위반,안전운전 의무 불이행,단일로,기타단일로,건설기계,보행자,126.9488544,37.50307397
4179,2017,2017-02-18 11:00,주간,토,1,1,0,0,경북,영천시,차대사람,횡단중,운전자법규위반,안전운전 의무 불이행,단일로,고가도로위,특수차,보행자,128.99350528,35.9310188
4180,2017,2017-02-18 12:00,주간,토,1,3,1,1,충남,보령시,차대차,측면충돌,운전자법규위반,직진 및 우회전차의 통행방해,교차로,교차로내,승용차,특수차,126.58352450000001,36.36642969
4181,2017,2017-02-18 14:00,주간,토,1,1,0,0,경남,창원시(통합),차대사람,횡단중,운전자법규위반,과속,교차로,교차로부근,승용차,보행자,128.55636754,35.19914633
4182,2017,2017-02-18 15:00,주간,토,1,1,0,0,충남,계룡시,차대차,정면충돌,운전자법규위반,안전운전 의무 불이행,교차로,교차로내,승용차,이륜차,127.25799082,36.27410914
4183,2017,2017-02-18 16:00,주간,토,1,3,0,2,전북,군산시,차대차,추돌,운전자법규위반,안전운전 의무 불이행,단일로,기타단일로,이륜차,승용차,126.51754366,35.89594469
4184,2017,2017-02-19 00:00,야간,일,2,2,0,0,제주,제주시,차대사람,횡단중,운전자법규위반,안전운전 의무 불이행,단일로,기타단일로,승용차,보행자,126.53917152,33.50639227
4185,2017,2017-02-19 02:00,야간,일,1,1,0,0,서울,성북구,차량단독,전도,운전자법규위반,과속,단일로,고가도로위,승용차,없음,127.06318855,37.61422896
4186,2017,2017-02-19 04:00,야간,일,1,1,0,0,경남,창원시(통합),차대사람,기타,운전자법규위반,안전운전 의무 불이행,단일로,기타단일로,승용차,보행자,128.58467864,35.24151734
4187,2017,2017-02-19 17:00,주간,일,1,1,0,0,경기,오산시,차대차,측면충돌,운전자법규위반,안전운전 의무 불이행,교차로,교차로내,승용차,이륜차,127.06230190000001,37.15805676
4188,2017,2017-02-19 19:00,야간,일,1,1,0,0,제주,제주시,차대차,추돌,운전자법규위반,안전운전 의무 불이행,단일로,기타단일로,승용차,사륜오토바이(ATV),126.26731578,33.40253192
4189,2017,2017-02-19 20:00,야간,일,1,5,0,4,경기,안성시,차대차,정면충돌,운전자법규위반,안전운전 의무 불이행,단일로,기타단일로,화물차,승합차,127.23774009,36.94393474
4190,2017,2017-02-19 21:00,야간,일,1,1,0,0,경기,용인시,차대차,정면충돌,운전자법규위반,과속,교차로,교차로횡단보도내,승용차,승용차,127.08208631,37.27104703
4191,2017,2017-02-20 06:00,주간,월,1,2,0,1,전남,보성군,차량단독,전도,운전자법규위반,안전운전 의무 불이행,단일로,기타단일로,승용차,없음,127.08718542,34.67734593
4192,2017,2017-02-20 10:00,주간,월,1,1,0,0,경기,고양시,차대차,측면충돌,운전자법규위반,안전운전 의무 불이행,단일로,기타단일로,승용차,화물차,126.80547193,37.64240398
4193,2017,2017-02-20 11:00,주간,월,1,1,0,0,충북,괴산군,차대사람,길가장자리구역통행중,운전자법규위반,안전운전 의무 불이행,단일로,기타단일로,승용차,보행자,127.79395268,36.67994669
4194,2017,2017-02-20 14:00,주간,월,1,1,0,0,경기,용인시,차대사람,횡단중,운전자법규위반,안전운전 의무 불이행,교차로,교차로부근,승용차,보행자,127.28609706,37.23309251
4195,2017,2017-02-20 19:00,야간,월,1,1,0,0,서울,강북구,차대사람,기타,운전자법규위반,안전운전 의무 불이행,교차로,교차로내,화물차,보행자,127.0331808,37.64025292
4196,2017,2017-02-20 20:00,야간,월,1,2,0,1,전북,군산시,차대사람,횡단중,운전자법규위반,과속,교차로,교차로내,승용차,보행자,126.67833076,35.97527301
4197,2017,2017-02-20 20:00,야간,월,1,1,0,0,경북,칠곡군,차량단독,공작물충돌,운전자법규위반,안전운전 의무 불이행,단일로,기타단일로,승용차,없음,128.63080676,36.02018865
4198,2017,2017-02-20 21:00,야간,월,1,4,3,0,충남,홍성군,차대차,측면충돌,운전자법규위반,중앙선 침범,단일로,기타단일로,승용차,승용차,126.66456948,36.62866363
4199,2017,2017-02-20 22:00,야간,월,1,1,0,0,인천,남구,차대사람,횡단중,운전자법규위반,안전운전 의무 불이행,단일로,기타단일로,승합차,보행자,126.6619095,37.46615309
4200,2017,2017-02-21 04:00,야간,화,1,1,0,0,충남,아산시,차대차,추돌,운전자법규위반,안전운전 의무 불이행,단일로,기타단일로,승용차,승합차,127.05365754,36.81098002
4201,2017,2017-02-21 06:00,주간,화,1,1,0,0,경남,양산시,차대차,측면충돌,운전자법규위반,안전거리 미확보,단일로,기타단일로,특수차,원동기장치자전거,129.0352207,35.35805766
4202,2017,2017-02-21 06:00,주간,화,1,1,0,0,경기,광주시,차대사람,횡단중,운전자법규위반,안전운전 의무 불이행,단일로,기타단일로,승용차,보행자,127.34228786,37.35016405
4203,2017,2017-02-21 11:00,주간,화,3,3,0,0,경기,광주시,차대차,측면충돌,운전자법규위반,부당한 회전,단일로,기타단일로,화물차,화물차,127.29315255,37.38201542
4204,2017,2017-02-21 16:00,주간,화,1,1,0,0,경북,상주시,차대차,측면충돌,운전자법규위반,교차로 통행방법 위반,교차로,교차로내,승용차,이륜차,128.16199513,36.41010353
4205,2017,2017-02-21 18:00,야간,화,1,1,0,0,경북,경산시,차대사람,기타,운전자법규위반,안전운전 의무 불이행,교차로,교차로내,승용차,보행자,128.82474056,35.91238211
4206,2017,2017-02-21 19:00,야간,화,1,1,0,0,전남,여수시,차대차,기타,운전자법규위반,안전운전 의무 불이행,단일로,기타단일로,승합차,화물차,127.72826465,34.74483922
4207,2017,2017-02-21 23:00,야간,화,1,1,0,0,경남,함안군,차대사람,횡단중,운전자법규위반,안전운전 의무 불이행,단일로,기타단일로,승용차,보행자,128.39432424,35.27270259
4208,2017,2017-02-22 06:00,주간,수,1,1,0,0,전북,군산시,차대사람,횡단중,운전자법규위반,안전운전 의무 불이행,교차로,교차로내,승용차,보행자,126.68989968,35.95786210000001