,발생년,발생년월일시분,주야,요일,사망자수,사상자수,중상자수,경상자수,발생지시도,발생지시군구,사고유형_대분류,사고유형,법규위반_대분류,법규위반,도로형태_대분류,도로형태,가해자_당사자종별,피해자_당사자종별,경도,위도
4209,2017,2017-02-22 06:00,주간,수,1,1,0,0,충북,음성군,차대사람,횡단중,운전자법규위반,안전운전 의무 불이행,단일로,기타단일로,승용차,보행자,127.58101264,36.95958442
4210,2017,2017-02-22 13:00,주간,수,1,1,0,0,세종,세종,차량단독,기타,운전자법규위반,안전운전 의무 불이행,단일로,기타단일로,화물차,없음,127.398794,36.53029253
4211,2017,2017-02-22 14:00,주간,수,1,2,1,0,전남,여수시,차대차,정면충돌,운전자법규위반,중앙선 침범,단일로,기타단일로,화물차,특수차,127.69122974,34.83499019
4212,2017,2017-02-22 14:00,주간,수,3,3,0,0,경남,함안군,차대차,추돌,운전자법규위반,안전운전 의무 불이행,단일로,기타단일로,화물차,승용차,128.50683895,35.28642532
4213,2017,2017-02-22 15:00,주간,수,1,1,0,0,경기,시흥시,차대차,추돌,운전자법규위반,안전운전 의무 불이행,단일로,기타단일로,이륜차,승용차,126.80142972,37.46121952
4214,2017,2017-02-22 17:00,주간,수,1,43,1,41,충북,단양군,차량단독,기타,운전자법규위반,과속,단일로,기타단일로,승합차,없음,128.29373590000003,37.00121906
4215,2017,2017-02-22 19:00,야간,수,1,1,0,0,충북,진천군,차대사람,횡단중,운전자법규위반,안전운전 의무 불이행,교차로,교차로횡단보도내,승합차,보행자,127.44123049,36.86954208
4216,2017,2017-02-22 20:00,야간,수,1,1,0,0,대구,달서구,차대차,측면충돌,운전자법규위반,신호위반,교차로,교차로내,원동기장치자전거,화물차,128.53070336,35.83719077
4217,2017,2017-02-22 20:00,야간,수,1,3,1,1,전남,여수시,차대차,정면충돌,운전자법규위반,중앙선 침범,단일로,기타단일로,승용차,승용차,127.65063235,34.79890428
4218,2017,2017-02-23 02:00,야간,목,1,1,0,0,충북,제천시,차대사람,횡단중,운전자법규위반,과속,단일로,기타단일로,승용차,보행자,128.23615268,37.16460112
4219,2017,2017-02-23 04:00,야간,목,1,1,0,0,서울,송파구,차대사람,횡단중,운전자법규위반,신호위반,교차로,교차로내,승용차,보행자,127.14555839,37.49562557
4220,2017,2017-02-23 06:00,주간,목,1,1,0,0,전북,김제시,차대사람,횡단중,운전자법규위반,보행자 보호의무 위반,교차로,교차로횡단보도내,승용차,보행자,126.89552087,35.80411658
4221,2017,2017-02-23 10:00,주간,목,1,1,0,0,경북,안동시,차량단독,전도전복,운전자법규위반,안전운전 의무 불이행,단일로,기타단일로,건설기계,없음,128.53894605,36.59232045
4222,2017,2017-02-23 12:00,주간,목,1,1,0,0,서울,은평구,차대사람,횡단중,운전자법규위반,보행자 보호의무 위반,교차로,교차로횡단보도내,승합차,보행자,126.91883586,37.63462549
4223,2017,2017-02-23 17:00,주간,목,1,1,0,0,충북,청주시,차대차,측면충돌,운전자법규위반,안전운전 의무 불이행,교차로,교차로내,건설기계,자전거,127.49093987,36.63229552
4224,2017,2017-02-23 22:00,야간,목,1,1,0,0,대구,동구,차대차,기타,운전자법규위반,안전운전 의무 불이행,단일로,기타단일로,승용차,승용차,128.62032551,35.87532709
4225,2017,2017-02-24 01:00,야간,금,1,1,0,0,경기,오산시,차대차,기타,운전자법규위반,안전운전 의무 불이행,단일로,기타단일로,승용차,승용차,127.06132427,37.13428287
4226,2017,2017-02-24 03:00,야간,금,1,1,0,0,충남,태안군,차량단독,전도전복,운전자법규위반,안전거리 미확보,단일로,기타단일로,승용차,없음,126.34802236,36.51636137
4227,2017,2017-02-24 06:00,주간,금,1,1,0,0,경기,평택시,차대사람,횡단중,운전자법규위반,보행자 보호의무 위반,교차로,교차로횡단보도내,승합차,보행자,126.93273716,37.04392006
4228,2017,2017-02-24 10:00,주간,금,1,1,0,0,서울,동작구,차대사람,횡단중,운전자법규위반,안전운전 의무 불이행,교차로,교차로내,승용차,보행자,126.93788871,37.49587455
4229,2017,2017-02-24 11:00,주간,금,1,1,0,0,제주,서귀포시,차량단독,전도전복,운전자법규위반,안전운전 의무 불이행,단일로,기타단일로,화물차,없음,126.45317936,33.28337201
4230,2017,2017-02-24 13:00,주간,금,1,2,1,0,경기,양평군,차량단독,공작물충돌,운전자법규위반,안전운전 의무 불이행,교차로,교차로내,화물차,없음,127.37346534,37.52286004
4231,2017,2017-02-24 13:00,주간,금,1,1,0,0,전북,부안군,차대차,측면충돌,운전자법규위반,신호위반,교차로,교차로내,원동기장치자전거,승용차,126.69654021,35.72968731
4232,2017,2017-02-24 15:00,주간,금,1,3,2,0,충남,공주시,차대차,정면충돌,운전자법규위반,중앙선 침범,단일로,교량위,화물차,화물차,127.08852974,36.45021137
4233,2017,2017-02-24 19:00,야간,금,1,1,0,0,충북,충주시,차대사람,횡단중,운전자법규위반,신호위반,교차로,교차로횡단보도내,승용차,보행자,127.83169157,36.97064222
4234,2017,2017-02-24 20:00,야간,금,1,4,1,1,서울,송파구,차대차,측면충돌,운전자법규위반,안전운전 의무 불이행,단일로,기타단일로,승용차,승용차,127.12877932,37.47504547
4235,2017,2017-02-25 01:00,야간,토,1,1,0,0,충남,보령시,차대차,기타,운전자법규위반,안전운전 의무 불이행,교차로,교차로부근,승용차,화물차,126.60351374,36.31949552
4236,2017,2017-02-25 01:00,야간,토,1,1,0,0,광주,북구,차량단독,공작물충돌,운전자법규위반,안전운전 의무 불이행,단일로,기타단일로,화물차,없음,126.85190215,35.23478737
4237,2017,2017-02-25 03:00,야간,토,1,1,0,0,부산,남구,차대사람,횡단중,운전자법규위반,안전운전 의무 불이행,교차로,교차로부근,화물차,보행자,129.07604861,35.12452426
4238,2017,2017-02-25 14:00,주간,토,1,2,0,1,전남,진도군,차량단독,전도,운전자법규위반,안전운전 의무 불이행,단일로,기타단일로,사륜오토바이(ATV),없음,126.17342525,34.41748406
4239,2017,2017-02-25 15:00,주간,토,1,3,1,1,전북,무주군,차대차,추돌,운전자법규위반,안전운전 의무 불이행,교차로,교차로부근,승합차,승용차,127.65238517,35.97414343
4240,2017,2017-02-25 17:00,주간,토,1,1,0,0,경남,사천시,차대사람,횡단중,운전자법규위반,안전운전 의무 불이행,단일로,기타단일로,승용차,보행자,128.08012014,34.9366554
4241,2017,2017-02-25 17:00,주간,토,1,2,0,1,경북,김천시,차량단독,전도,운전자법규위반,안전운전 의무 불이행,단일로,기타단일로,승용차,없음,128.13017952,36.04312202
4242,2017,2017-02-25 18:00,야간,토,1,1,0,0,전북,전주시,차대사람,횡단중,운전자법규위반,과속,교차로,교차로내,승용차,보행자,127.06607309,35.79069776
4243,2017,2017-02-26 00:00,야간,일,1,1,0,0,대전,중구,차대차,추돌,운전자법규위반,안전운전 의무 불이행,단일로,기타단일로,원동기장치자전거,승합차,127.39154466,36.32145583
4244,2017,2017-02-26 02:00,야간,일,1,1,0,0,전남,구례군,차량단독,전도,운전자법규위반,안전운전 의무 불이행,단일로,기타단일로,승용차,없음,127.48862008,35.19239395
4245,2017,2017-02-26 20:00,야간,일,1,1,0,0,충남,당진시,차대사람,횡단중,운전자법규위반,안전운전 의무 불이행,단일로,기타단일로,승용차,보행자,126.78759779,36.94117718
4246,2017,2017-02-26 20:00,야간,일,1,1,0,0,광주,북구,차대사람,기타,운전자법규위반,안전운전 의무 불이행,단일로,기타단일로,승용차,보행자,126.90197959999999,35.20325589
4247,2017,2017-02-27 02:00,야간,월,1,1,0,0,경기,안양시,차량단독,전도전복,운전자법규위반,안전운전 의무 불이행,단일로,기타단일로,이륜차,없음,126.9010645,37.40387191
4248,2017,2017-02-27 04:00,야간,월,1,2,0,1,전북,익산시,차대차,추돌,운전자법규위반,안전운전 의무 불이행,단일로,기타단일로,승용차,화물차,126.86813195,35.91106762
4249,2017,2017-02-27 06:00,주간,월,1,1,0,0,충남,서천군,차대사람,차도통행중,운전자법규위반,안전운전 의무 불이행,단일로,기타단일로,승용차,보행자,126.82420026,36.09827469
4250,2017,2017-02-27 07:00,주간,월,1,1,0,0,충북,진천군,차량단독,전도전복,운전자법규위반,안전운전 의무 불이행,단일로,기타단일로,승용차,없음,127.29682207,36.89843697
4251,2017,2017-02-27 10:00,주간,월,1,1,0,0,경북,구미시,차대차,후진중충돌,운전자법규위반,안전운전 의무 불이행,단일로,기타단일로,건설기계,자전거,128.34686867,36.1337725
4252,2017,2017-02-27 11:00,주간,월,1,1,0,0,경기,파주시,차량단독,기타,운전자법규위반,기타(운전자법규위반),단일로,기타단일로,자전거,없음,126.68323821,37.70440677
4253,2017,2017-02-27 14:00,주간,월,1,1,0,0,충남,홍성군,차대차,정면충돌,운전자법규위반,교차로 통행방법 위반,교차로,교차로내,승용차,이륜차,126.66208055,36.60441455
4254,2017,2017-02-27 14:00,주간,월,1,5,4,0,충남,논산시,차대차,정면충돌,운전자법규위반,중앙선 침범,단일로,기타단일로,승용차,승용차,127.02672797,36.16314872
4255,2017,2017-02-27 15:00,주간,월,1,3,2,0,강원,속초시,차대차,추돌,운전자법규위반,안전운전 의무 불이행,단일로,기타단일로,화물차,승용차,128.56466325,38.20661099
4256,2017,2017-02-27 17:00,주간,월,1,1,0,0,경남,밀양시,차대차,추돌,운전자법규위반,과속,교차로,교차로부근,화물차,원동기장치자전거,128.88015442,35.58398184
4257,2017,2017-02-27 19:00,야간,월,1,1,0,0,서울,도봉구,차대사람,차도통행중,운전자법규위반,안전운전 의무 불이행,기타,기타,화물차,보행자,127.04772095,37.65182864
4258,2017,2017-02-27 21:00,야간,월,1,1,0,0,충북,증평군,차대사람,횡단중,운전자법규위반,안전운전 의무 불이행,교차로,교차로내,화물차,보행자,127.58667113,36.78814041
4259,2017,2017-02-27 22:00,야간,월,1,1,0,0,서울,강서구,차대사람,차도통행중,운전자법규위반,안전운전 의무 불이행,단일로,기타단일로,승합차,보행자,126.85067221,37.55281617
4260,2017,2017-02-28 01:00,야간,화,1,1,0,0,인천,중구,차대차,추돌,운전자법규위반,안전운전 의무 불이행,단일로,기타단일로,승용차,승용차,126.57993921,37.49184434
4261,2017,2017-02-28 03:00,야간,화,1,1,0,0,광주,동구,차대차,기타,운전자법규위반,안전운전 의무 불이행,단일로,기타단일로,승용차,승용차,126.93610142,35.15935792
4262,2017,2017-02-28 05:00,야간,화,1,1,0,0,광주,북구,차대사람,횡단중,운전자법규위반,과속,교차로,교차로내,승용차,보행자,126.87336473,35.19772355
4263,2017,2017-02-28 09:00,주간,화,1,1,0,0,경기,수원시,차대사람,횡단중,운전자법규위반,안전운전 의무 불이행,단일로,기타단일로,승용차,보행자,126.97151124,37.30587638
4264,2017,2017-02-28 10:00,주간,화,1,4,3,0,충남,천안시,차대차,정면충돌,운전자법규위반,중앙선 침범,단일로,기타단일로,승용차,승합차,127.17991279,36.77187541
4265,2017,2017-02-28 11:00,주간,화,1,1,0,0,경기,이천시,차량단독,전도,운전자법규위반,안전운전 의무 불이행,교차로,교차로부근,이륜차,없음,127.44675597,37.32828128
4266,2017,2017-02-28 12:00,주간,화,1,1,0,0,경기,파주시,차대차,측면충돌,운전자법규위반,교차로 통행방법 위반,교차로,교차로내,원동기장치자전거,화물차,126.88717765,37.8030482
4267,2017,2017-02-28 12:00,주간,화,1,2,1,0,제주,제주시,차대차,측면충돌,운전자법규위반,교차로 통행방법 위반,교차로,교차로내,이륜차,승용차,126.56742725,33.52396105
4268,2017,2017-02-28 14:00,주간,화,1,2,1,0,경기,연천군,차량단독,전도전복,운전자법규위반,안전운전 의무 불이행,단일로,기타단일로,건설기계,없음,127.1075777,38.18491694
4269,2017,2017-02-28 15:00,주간,화,1,4,0,3,전북,완주군,차대차,추돌,운전자법규위반,안전운전 의무 불이행,단일로,기타단일로,화물차,특수차,127.06836567,35.91703035
4270,2017,2017-02-28 18:00,야간,화,1,1,0,0,전북,전주시,차대사람,횡단중,운전자법규위반,안전운전 의무 불이행,교차로,교차로부근,승용차,보행자,127.15076134,35.87931368
4271,2017,2017-02-28 19:00,야간,화,1,1,0,0,경기,의왕시,차대사람,횡단중,운전자법규위반,과속,단일로,기타단일로,승용차,보행자,126.97840965,37.34125926
4272,2017,2017-02-28 23:00,야간,화,1,2,1,0,서울,강동구,차대차,기타,운전자법규위반,중앙선 침범,교차로,교차로부근,원동기장치자전거,승합차,127.13810019,37.53375751
4273,2017,2017-03-01 00:00,야간,수,1,1,0,0,부산,해운대구,차대차,측면충돌,운전자법규위반,신호위반,교차로,교차로내,승용차,승용차,129.17537141,35.17477806
4274,2017,2017-03-01 00:00,야간,수,1,1,0,0,충북,보은군,차량단독,전도,운전자법규위반,안전운전 의무 불이행,교차로,교차로부근,승용차,없음,127.72953101,36.47625802
4275,2017,2017-03-01 01:00,야간,수,1,3,2,0,서울,강남구,차대사람,횡단중,운전자법규위반,과속,단일로,기타단일로,승용차,보행자,127.03412275,37.50007897
4276,2017,2017-03-01 02:00,야간,수,1,1,0,0,서울,서대문구,차대차,측면충돌,운전자법규위반,안전거리 미확보,단일로,기타단일로,승용차,이륜차,126.91773366,37.56957943
4277,2017,2017-03-01 05:00,야간,수,1,1,0,0,서울,강동구,차대사람,보도통행중,운전자법규위반,과속,교차로,교차로횡단보도내,승용차,보행자,127.12908438,37.53707988
4278,2017,2017-03-01 06:00,주간,수,1,1,0,0,경북,구미시,차대사람,횡단중,운전자법규위반,안전운전 의무 불이행,교차로,교차로부근,승합차,보행자,128.3520263,36.123566499999995
4279,2017,2017-03-01 14:00,주간,수,1,1,0,0,경남,창원시(통합),차량단독,전도,운전자법규위반,안전운전 의무 불이행,교차로,교차로부근,승용차,없음,128.70931976,35.35162452
4280,2017,2017-03-01 19:00,야간,수,1,1,0,0,부산,사하구,차대사람,횡단중,운전자법규위반,안전운전 의무 불이행,교차로,교차로내,승용차,보행자,128.97286353,35.07686129
4281,2017,2017-03-01 19:00,야간,수,1,1,0,0,부산,해운대구,차량단독,기타,운전자법규위반,안전운전 의무 불이행,단일로,기타단일로,이륜차,없음,129.13520621,35.21984581
4282,2017,2017-03-01 20:00,야간,수,1,1,0,0,충남,논산시,차대차,추돌,운전자법규위반,교차로 통행방법 위반,교차로,교차로내,승용차,자전거,127.09856003,36.12442738
4283,2017,2017-03-01 23:00,야간,수,1,1,0,0,경남,거제시,차대사람,기타,운전자법규위반,안전운전 의무 불이행,단일로,기타단일로,승용차,보행자,128.70440782,34.82915111
4284,2017,2017-03-02 06:00,주간,목,1,1,0,0,경기,수원시,차대사람,횡단중,운전자법규위반,안전운전 의무 불이행,단일로,기타단일로,화물차,보행자,127.00943813,37.28666883
4285,2017,2017-03-02 08:00,주간,목,1,1,0,0,전북,완주군,차대차,측면충돌,운전자법규위반,안전운전 의무 불이행,교차로,교차로내,화물차,원동기장치자전거,127.08374571,35.91781495
4286,2017,2017-03-02 12:00,주간,목,1,2,0,1,서울,강동구,차대사람,횡단중,운전자법규위반,보행자 보호의무 위반,단일로,기타단일로,자전거,보행자,127.13322269999999,37.53590572
4287,2017,2017-03-02 13:00,주간,목,1,2,1,0,경남,거창군,차대차,측면충돌,운전자법규위반,중앙선 침범,단일로,기타단일로,사륜오토바이(ATV),화물차,127.8114882,35.77574968
4288,2017,2017-03-02 18:00,야간,목,1,4,1,2,제주,제주시,차대차,추돌,운전자법규위반,안전운전 의무 불이행,단일로,기타단일로,화물차,승용차,126.56389078,33.49437857
4289,2017,2017-03-02 18:00,야간,목,1,1,0,0,전남,장흥군,차대차,측면충돌,운전자법규위반,안전운전 의무 불이행,교차로,교차로내,사륜오토바이(ATV),승용차,126.90067454,34.72535202
4290,2017,2017-03-02 19:00,야간,목,1,1,0,0,경북,울진군,차대사람,횡단중,운전자법규위반,안전운전 의무 불이행,단일로,기타단일로,승용차,보행자,129.47237508,36.69661086
4291,2017,2017-03-02 20:00,야간,목,1,1,0,0,경기,부천시,차대사람,횡단중,운전자법규위반,안전운전 의무 불이행,교차로,교차로부근,승용차,보행자,126.78484627,37.51650828
4292,2017,2017-03-03 02:00,야간,금,1,1,0,0,인천,남구,차량단독,공작물충돌,운전자법규위반,안전운전 의무 불이행,단일로,기타단일로,이륜차,없음,126.65362503,37.46817524
4293,2017,2017-03-03 08:00,주간,금,1,1,0,0,전남,장흥군,차대사람,횡단중,운전자법규위반,안전운전 의무 불이행,교차로,교차로내,화물차,보행자,126.97531370000002,34.58882575
4294,2017,2017-03-03 09:00,주간,금,1,1,0,0,광주,광산구,차대사람,횡단중,운전자법규위반,보행자 보호의무 위반,교차로,교차로내,화물차,보행자,126.84596219,35.21354765
4295,2017,2017-03-03 09:00,주간,금,1,1,0,0,전북,정읍시,차대차,측면충돌,운전자법규위반,직진 및 우회전차의 통행방해,교차로,교차로내,승용차,자전거,126.84816681,35.57933823
4296,2017,2017-03-03 10:00,주간,금,1,1,0,0,경남,김해시,차대사람,횡단중,운전자법규위반,안전운전 의무 불이행,단일로,기타단일로,승용차,보행자,128.80519112,35.19986651
4297,2017,2017-03-03 10:00,주간,금,1,1,0,0,대구,수성구,차대사람,횡단중,운전자법규위반,안전운전 의무 불이행,교차로,교차로부근,건설기계,보행자,128.61658689,35.81331629
4298,2017,2017-03-03 12:00,주간,금,1,1,0,0,경남,진주시,차대사람,길가장자리구역통행중,운전자법규위반,교차로 통행방법 위반,교차로,교차로내,승용차,보행자,128.11586702,35.19296373
4299,2017,2017-03-03 18:00,야간,금,1,1,0,0,경남,진주시,차대사람,횡단중,운전자법규위반,신호위반,교차로,교차로내,승용차,보행자,128.32584956,35.14809017
4300,2017,2017-03-03 19:00,야간,금,1,1,0,0,경북,성주군,차대차,기타,운전자법규위반,안전운전 의무 불이행,기타,기타,승용차,화물차,128.378745,35.86695119
4301,2017,2017-03-03 19:00,야간,금,1,1,0,0,충북,청주시,차대사람,횡단중,운전자법규위반,안전운전 의무 불이행,단일로,기타단일로,이륜차,보행자,127.47193944,36.65354986
4302,2017,2017-03-04 11:00,주간,토,1,2,0,1,경기,양주시,차대차,정면충돌,운전자법규위반,중앙선 침범,단일로,기타단일로,승용차,화물차,126.95104283,37.7335833
4303,2017,2017-03-04 11:00,주간,토,1,1,0,0,서울,강동구,차대차,기타,운전자법규위반,안전운전 의무 불이행,교차로,교차로내,자전거,건설기계,127.17118329999998,37.55717234
4304,2017,2017-03-04 11:00,주간,토,1,2,0,1,경북,영덕군,차량단독,전도,운전자법규위반,안전운전 의무 불이행,교차로,교차로내,원동기장치자전거,없음,129.37516208,36.55295515
4305,2017,2017-03-04 12:00,주간,토,1,3,0,2,충남,논산시,차대차,추돌,운전자법규위반,안전운전 의무 불이행,교차로,교차로부근,화물차,승용차,127.22818412,36.24547492
4306,2017,2017-03-04 12:00,주간,토,1,1,0,0,울산,울주군,차대차,측면충돌,운전자법규위반,안전거리 미확보,단일로,기타단일로,화물차,이륜차,129.26832389,35.41096517
4307,2017,2017-03-04 14:00,주간,토,1,1,0,0,부산,금정구,차대차,기타,운전자법규위반,안전운전 의무 불이행,단일로,기타단일로,자전거,화물차,129.08925905,35.22651206
4308,2017,2017-03-04 17:00,주간,토,1,1,0,0,경기,화성시,차대차,정면충돌,운전자법규위반,중앙선 침범,단일로,기타단일로,승용차,승용차,127.13206723,37.20308497
4309,2017,2017-03-04 21:00,야간,토,1,2,0,1,충남,예산군,차대차,추돌,운전자법규위반,안전거리 미확보,단일로,기타단일로,승용차,승합차,126.79512089,36.68818457
4310,2017,2017-03-04 23:00,야간,토,1,1,0,0,경북,영천시,차량단독,전도전복,운전자법규위반,안전운전 의무 불이행,단일로,기타단일로,이륜차,없음,128.88216302,35.92863833
4311,2017,2017-03-05 00:00,야간,일,1,1,0,0,충남,아산시,차량단독,전도전복,운전자법규위반,안전운전 의무 불이행,단일로,기타단일로,승용차,없음,126.9987114,36.75249933
4312,2017,2017-03-05 06:00,주간,일,1,1,0,0,서울,강서구,차량단독,공작물충돌,운전자법규위반,안전운전 의무 불이행,단일로,기타단일로,승용차,없음,126.84248597,37.52714563
4313,2017,2017-03-05 12:00,주간,일,1,3,0,2,경북,문경시,차대차,측면충돌,운전자법규위반,신호위반,교차로,교차로내,승용차,승용차,128.12651105,36.68764912
4314,2017,2017-03-05 14:00,주간,일,1,1,0,0,경북,경주시,차대사람,보도통행중,운전자법규위반,기타(운전자법규위반),단일로,기타단일로,승용차,보행자,129.22573076,35.87251567
4315,2017,2017-03-05 16:00,주간,일,1,1,0,0,경남,창원시(통합),차량단독,전도전복,운전자법규위반,안전운전 의무 불이행,단일로,기타단일로,원동기장치자전거,없음,128.63343615,35.22127027
4316,2017,2017-03-05 18:00,야간,일,1,1,0,0,경북,안동시,차대사람,횡단중,운전자법규위반,안전운전 의무 불이행,단일로,기타단일로,승용차,보행자,128.67147115,36.57816466
4317,2017,2017-03-05 18:00,야간,일,1,1,0,0,전남,나주시,차대차,정면충돌,운전자법규위반,중앙선 침범,단일로,기타단일로,화물차,원동기장치자전거,126.75303439,35.03051222
4318,2017,2017-03-05 20:00,야간,일,1,1,0,0,충남,논산시,차대사람,횡단중,운전자법규위반,안전운전 의무 불이행,교차로,교차로부근,승용차,보행자,127.21760397,36.23805767
4319,2017,2017-03-05 21:00,야간,일,1,1,0,0,경기,여주시,차량단독,전도전복,운전자법규위반,안전운전 의무 불이행,단일로,기타단일로,원동기장치자전거,없음,127.5190408,37.41157985
4320,2017,2017-03-05 21:00,야간,일,1,3,2,0,경기,용인시,차대차,측면충돌,운전자법규위반,신호위반,교차로,교차로부근,승용차,승용차,127.10251871,37.30850717
4321,2017,2017-03-06 00:00,야간,월,1,2,0,1,경기,안양시,차대차,측면충돌,운전자법규위반,신호위반,교차로,교차로내,원동기장치자전거,승용차,126.95517976,37.37821018
4322,2017,2017-03-06 00:00,야간,월,1,1,0,0,경기,평택시,차대차,측면충돌,운전자법규위반,안전운전 의무 불이행,단일로,기타단일로,승용차,화물차,127.08467454,37.14257888
4323,2017,2017-03-06 04:00,야간,월,1,1,0,0,전북,완주군,차대차,추돌,운전자법규위반,안전운전 의무 불이행,단일로,기타단일로,승용차,화물차,127.16353301,35.92686467
4324,2017,2017-03-06 05:00,야간,월,1,2,0,1,경기,고양시,차대차,추돌,운전자법규위반,안전운전 의무 불이행,단일로,기타단일로,화물차,화물차,126.82526268,37.60478008
4325,2017,2017-03-06 07:00,주간,월,1,2,1,0,인천,중구,차대차,측면충돌,운전자법규위반,신호위반,교차로,교차로내,화물차,승용차,126.50476100000002,37.48585394
4326,2017,2017-03-06 09:00,주간,월,1,1,0,0,경기,남양주시,차대사람,기타,운전자법규위반,안전운전 의무 불이행,단일로,기타단일로,승합차,보행자,127.24284544,37.65126165
4327,2017,2017-03-06 10:00,주간,월,1,1,0,0,경기,평택시,차대사람,기타,운전자법규위반,안전운전 의무 불이행,단일로,기타단일로,화물차,보행자,127.09653026,37.04514
4328,2017,2017-03-06 13:00,주간,월,1,1,0,0,전남,고흥군,차량단독,전도,운전자법규위반,안전운전 의무 불이행,단일로,기타단일로,농기계,없음,127.32139091,34.53524376
4329,2017,2017-03-06 18:00,야간,월,1,1,0,0,경기,오산시,차대사람,횡단중,운전자법규위반,보행자 보호의무 위반,교차로,교차로횡단보도내,건설기계,보행자,127.06114852,37.17054605
4330,2017,2017-03-06 23:00,야간,월,1,1,0,0,충남,천안시,차대차,기타,운전자법규위반,안전운전 의무 불이행,단일로,기타단일로,승용차,특수차,127.21318258,36.89489306
4331,2017,2017-03-06 23:00,야간,월,1,1,0,0,경북,영양군,차량단독,전도,운전자법규위반,안전운전 의무 불이행,단일로,기타단일로,화물차,없음,129.18549706,36.51316074
4332,2017,2017-03-07 01:00,야간,화,1,1,0,0,경기,의정부시,차량단독,전도,운전자법규위반,안전운전 의무 불이행,단일로,기타단일로,이륜차,없음,127.06131926,37.72013783
4333,2017,2017-03-07 02:00,야간,화,1,1,0,0,경북,포항시,차대차,추돌,운전자법규위반,안전운전 의무 불이행,교차로,교차로부근,승용차,건설기계,129.38260941,36.00216021
4334,2017,2017-03-07 04:00,야간,화,1,1,0,0,경기,성남시,차대사람,횡단중,운전자법규위반,안전운전 의무 불이행,단일로,기타단일로,승용차,보행자,127.16690069,37.46105719
4335,2017,2017-03-07 05:00,야간,화,1,1,0,0,서울,관악구,차대사람,횡단중,운전자법규위반,안전운전 의무 불이행,교차로,교차로부근,승용차,보행자,126.97614248,37.47403919
4336,2017,2017-03-07 09:00,주간,화,1,1,0,0,서울,동대문구,차대차,측면충돌,운전자법규위반,안전운전 의무 불이행,교차로,교차로부근,자전거,건설기계,127.06500307,37.59449623
4337,2017,2017-03-07 11:00,주간,화,1,1,0,0,전북,익산시,차대차,측면충돌,운전자법규위반,안전거리 미확보,단일로,기타단일로,자전거,승용차,126.96332224,36.09766228
4338,2017,2017-03-07 11:00,주간,화,1,2,1,0,전남,담양군,차대차,추돌,운전자법규위반,안전거리 미확보,단일로,기타단일로,화물차,승용차,126.95704067,35.25497963
4339,2017,2017-03-07 13:00,주간,화,1,2,1,0,전남,화순군,차대차,정면충돌,운전자법규위반,중앙선 침범,단일로,기타단일로,화물차,화물차,127.10691529,35.06348536
4340,2017,2017-03-07 16:00,주간,화,1,1,0,0,전북,김제시,차량단독,전도,운전자법규위반,안전운전 의무 불이행,단일로,기타단일로,화물차,없음,126.99016914,35.86365562
4341,2017,2017-03-07 17:00,주간,화,1,1,0,0,대구,달성군,차대차,측면충돌,운전자법규위반,안전운전 의무 불이행,교차로,교차로내,화물차,이륜차,128.41014161,35.64897335
4342,2017,2017-03-07 19:00,야간,화,1,1,0,0,강원,원주시,차대사람,횡단중,운전자법규위반,안전운전 의무 불이행,단일로,기타단일로,승합차,보행자,127.95068954,37.33742317
4343,2017,2017-03-07 20:00,야간,화,1,1,0,0,울산,울주군,차대사람,기타,운전자법규위반,안전운전 의무 불이행,단일로,기타단일로,승용차,보행자,129.30942194,35.4813427
4344,2017,2017-03-08 01:00,야간,수,1,1,0,0,대구,달서구,차대차,추돌,운전자법규위반,안전운전 의무 불이행,단일로,기타단일로,승용차,자전거,128.53155454,35.80543
4345,2017,2017-03-08 01:00,야간,수,1,1,0,0,강원,평창군,차대사람,기타,운전자법규위반,안전운전 의무 불이행,단일로,기타단일로,승용차,보행자,128.69208402,37.6784969
4346,2017,2017-03-08 01:00,야간,수,1,1,0,0,경기,의정부시,차대사람,횡단중,운전자법규위반,과속,단일로,기타단일로,승용차,보행자,127.04207484,37.70727482
4347,2017,2017-03-08 06:00,주간,수,1,7,5,1,경기,광주시,차대차,측면충돌,운전자법규위반,앞지르기 금지위반,교차로,교차로내,화물차,승합차,127.27705466,37.47780239
4348,2017,2017-03-08 07:00,주간,수,1,1,0,0,경북,안동시,차대차,추돌,운전자법규위반,안전운전 의무 불이행,단일로,기타단일로,이륜차,화물차,128.6763419,36.52640922
4349,2017,2017-03-08 12:00,주간,수,1,1,0,0,충북,청주시,차대차,추돌,운전자법규위반,안전운전 의무 불이행,단일로,기타단일로,화물차,화물차,127.48101295,36.6547867
4350,2017,2017-03-08 15:00,주간,수,1,2,0,1,경남,진주시,차대차,추돌,운전자법규위반,안전운전 의무 불이행,단일로,기타단일로,화물차,화물차,128.18713162,35.08565659
4351,2017,2017-03-08 18:00,야간,수,1,1,0,0,전북,부안군,차량단독,전도,운전자법규위반,안전운전 의무 불이행,단일로,기타단일로,원동기장치자전거,없음,126.74442381,35.72916805
4352,2017,2017-03-08 20:00,야간,수,1,1,0,0,강원,평창군,차대사람,횡단중,운전자법규위반,안전운전 의무 불이행,단일로,기타단일로,승용차,보행자,128.45465888,37.4887937
4353,2017,2017-03-08 20:00,야간,수,1,3,1,0,서울,강남구,차대차,추돌,운전자법규위반,과속,교차로,교차로부근,승용차,승용차,127.05919795,37.47618095