,발생년,발생년월일시분,주야,요일,사망자수,사상자수,중상자수,경상자수,발생지시도,발생지시군구,사고유형_대분류,사고유형,법규위반_대분류,법규위반,도로형태_대분류,도로형태,가해자_당사자종별,피해자_당사자종별,경도,위도
4790,2017,2017-04-27 07:00,주간,목,1,1,0,0,부산,사하구,차대차,정면충돌,운전자법규위반,신호위반,교차로,교차로내,이륜차,승용차,128.96500134,35.08548146
4791,2017,2017-04-27 09:00,주간,목,1,1,0,0,경남,함양군,차대차,측면충돌,운전자법규위반,신호위반,교차로,교차로내,자전거,승용차,127.81644817,35.63111455
4792,2017,2017-04-27 10:00,주간,목,1,4,1,2,전북,완주군,차대차,정면충돌,운전자법규위반,안전운전 의무 불이행,단일로,기타단일로,승용차,승용차,127.02638658,35.8211127
4793,2017,2017-04-27 13:00,주간,목,1,1,0,0,전남,함평군,차대사람,횡단중,운전자법규위반,안전운전 의무 불이행,교차로,교차로내,화물차,보행자,126.51926813,35.0614018
4794,2017,2017-04-27 16:00,주간,목,1,1,0,0,울산,울주군,차량단독,전도,운전자법규위반,안전운전 의무 불이행,교차로,교차로부근,이륜차,없음,129.3119527,35.42563538
4795,2017,2017-04-27 17:00,주간,목,1,3,1,1,전남,무안군,차대차,정면충돌,운전자법규위반,안전운전 의무 불이행,교차로,교차로내,화물차,승합차,126.32189774,35.09955309
4796,2017,2017-04-27 18:00,야간,목,1,1,0,0,전북,완주군,차대차,추돌,운전자법규위반,안전거리 미확보,교차로,교차로부근,원동기장치자전거,승용차,127.02457537,35.82967085
4797,2017,2017-04-27 21:00,야간,목,1,1,0,0,경기,화성시,차대차,정면충돌,운전자법규위반,과속,교차로,교차로내,승용차,이륜차,126.98455806,37.0801233
4798,2017,2017-04-27 21:00,야간,목,1,1,0,0,경기,성남시,차대사람,횡단중,운전자법규위반,안전운전 의무 불이행,교차로,교차로부근,승용차,보행자,127.12668634,37.45972015
4799,2017,2017-04-27 21:00,야간,목,1,2,1,0,충북,보은군,차대차,추돌,운전자법규위반,안전운전 의무 불이행,단일로,기타단일로,화물차,화물차,127.80431802,36.45522956
4800,2017,2017-04-28 00:00,야간,금,1,1,0,0,서울,영등포구,차대사람,횡단중,운전자법규위반,안전운전 의무 불이행,단일로,교량위,승합차,보행자,126.88822343,37.53083457
4801,2017,2017-04-28 05:00,야간,금,1,1,0,0,경기,남양주시,차대사람,횡단중,운전자법규위반,신호위반,교차로,교차로횡단보도내,화물차,보행자,127.16277238,37.69232311
4802,2017,2017-04-28 09:00,주간,금,1,1,0,0,부산,해운대구,차량단독,전도전복,운전자법규위반,안전운전 의무 불이행,단일로,기타단일로,이륜차,없음,129.13507187,35.21988549
4803,2017,2017-04-28 13:00,주간,금,1,1,0,0,전남,신안군,차량단독,기타,운전자법규위반,안전운전 의무 불이행,단일로,기타단일로,농기계,없음,126.14641459,34.71883887
4804,2017,2017-04-28 15:00,주간,금,1,2,1,0,경북,예천군,차량단독,전도,운전자법규위반,안전운전 의무 불이행,단일로,기타단일로,화물차,없음,128.38635928,36.75692474
4805,2017,2017-04-28 19:00,야간,금,1,1,0,0,전남,고흥군,차량단독,전도,운전자법규위반,안전운전 의무 불이행,단일로,기타단일로,원동기장치자전거,없음,127.37333244,34.66885841
4806,2017,2017-04-28 21:00,야간,금,1,1,0,0,경남,함안군,차대사람,횡단중,운전자법규위반,안전운전 의무 불이행,교차로,교차로부근,승용차,보행자,128.37872891,35.33026186
4807,2017,2017-04-28 23:00,야간,금,1,1,0,0,인천,남동구,차대차,측면충돌,운전자법규위반,신호위반,교차로,교차로내,이륜차,승용차,126.74956823,37.44934620000001
4808,2017,2017-04-29 07:00,주간,토,1,1,0,0,경기,평택시,차대차,측면충돌,운전자법규위반,안전운전 의무 불이행,단일로,기타단일로,건설기계,자전거,126.95332421,36.95172811
4809,2017,2017-04-29 12:00,주간,토,1,1,0,0,전남,해남군,차대차,측면충돌,운전자법규위반,중앙선 침범,교차로,교차로부근,이륜차,화물차,126.62510508,34.40848141
4810,2017,2017-04-29 13:00,주간,토,1,2,0,1,충북,영동군,차대차,정면충돌,운전자법규위반,중앙선 침범,단일로,기타단일로,화물차,건설기계,127.89207148,36.19356329
4811,2017,2017-04-29 14:00,주간,토,2,5,0,3,전남,나주시,차대차,측면충돌,운전자법규위반,교차로 통행방법 위반,교차로,교차로내,승용차,건설기계,126.85277799,35.02060813
4812,2017,2017-04-29 16:00,주간,토,1,2,1,0,충남,공주시,차대차,후진중충돌,운전자법규위반,안전운전 의무 불이행,단일로,기타단일로,화물차,이륜차,127.06179271,36.36281251
4813,2017,2017-04-29 17:00,주간,토,1,3,2,0,경기,평택시,차량단독,공작물충돌,운전자법규위반,안전운전 의무 불이행,교차로,교차로부근,승용차,없음,127.02232137,37.06122531
4814,2017,2017-04-29 17:00,주간,토,1,1,0,0,경북,상주시,차대사람,횡단중,운전자법규위반,안전운전 의무 불이행,교차로,교차로내,화물차,보행자,128.15132952,36.42415187
4815,2017,2017-04-29 18:00,야간,토,1,1,0,0,서울,강남구,차량단독,전도,운전자법규위반,안전운전 의무 불이행,단일로,터널안,이륜차,없음,127.07634540000001,37.48387823
4816,2017,2017-04-29 19:00,야간,토,1,1,0,0,경북,경주시,차대사람,기타,운전자법규위반,안전운전 의무 불이행,단일로,기타단일로,화물차,보행자,129.20582573,35.85353704
4817,2017,2017-04-29 19:00,야간,토,1,1,0,0,전북,전주시,차대차,정면충돌,운전자법규위반,안전운전 의무 불이행,교차로,교차로부근,화물차,자전거,127.11367815,35.82526583
4818,2017,2017-04-29 20:00,야간,토,1,1,0,0,전남,목포시,차대사람,횡단중,운전자법규위반,안전운전 의무 불이행,교차로,교차로횡단보도내,승용차,보행자,126.40441831,34.80614026
4819,2017,2017-04-29 20:00,야간,토,1,1,0,0,강원,춘천시,차대사람,횡단중,운전자법규위반,안전운전 의무 불이행,단일로,기타단일로,건설기계,보행자,127.72207931,37.91297758
4820,2017,2017-04-29 20:00,야간,토,1,1,0,0,경남,하동군,차대사람,횡단중,운전자법규위반,안전운전 의무 불이행,기타,기타,화물차,보행자,127.74064951,35.0698891
4821,2017,2017-04-29 22:00,야간,토,1,1,0,0,경북,칠곡군,차대사람,횡단중,운전자법규위반,안전운전 의무 불이행,단일로,기타단일로,화물차,보행자,128.59497084,35.997586
4822,2017,2017-04-30 00:00,야간,일,1,2,1,0,서울,영등포구,차량단독,공작물충돌,운전자법규위반,안전운전 의무 불이행,교차로,교차로내,승합차,없음,126.88198888,37.52103148
4823,2017,2017-04-30 01:00,야간,일,1,1,0,0,제주,서귀포시,차대사람,기타,운전자법규위반,안전운전 의무 불이행,교차로,교차로부근,승용차,보행자,126.55984407,33.25151085
4824,2017,2017-04-30 06:00,주간,일,1,2,1,0,서울,강북구,차대차,기타,운전자법규위반,신호위반,단일로,기타단일로,승용차,승용차,127.04242492,37.62996881
4825,2017,2017-04-30 08:00,주간,일,1,4,1,2,전북,정읍시,차대차,정면충돌,운전자법규위반,중앙선 침범,기타,기타,승용차,승용차,126.97994763,35.68837007
4826,2017,2017-04-30 09:00,주간,일,1,1,0,0,광주,북구,차대사람,길가장자리구역통행중,운전자법규위반,안전운전 의무 불이행,단일로,기타단일로,승용차,보행자,126.87082756,35.20622241
4827,2017,2017-04-30 10:00,주간,일,1,3,0,2,경북,경주시,차대차,측면충돌,운전자법규위반,중앙선 침범,단일로,기타단일로,이륜차,승용차,129.3141568,35.82782632
4828,2017,2017-04-30 10:00,주간,일,1,1,0,0,경북,경주시,차대사람,횡단중,운전자법규위반,보행자 보호의무 위반,단일로,기타단일로,승용차,보행자,129.2302497,35.82583657
4829,2017,2017-04-30 13:00,주간,일,1,2,0,1,경북,성주군,차량단독,도로이탈 기타,운전자법규위반,안전운전 의무 불이행,단일로,기타단일로,승용차,없음,128.28175154,35.94948515
4830,2017,2017-04-30 14:00,주간,일,1,4,3,0,전남,함평군,차량단독,전도전복,운전자법규위반,안전운전 의무 불이행,단일로,기타단일로,승용차,없음,126.62651342,35.16993756
4831,2017,2017-04-30 14:00,주간,일,1,1,0,0,경기,부천시,차대사람,횡단중,운전자법규위반,안전운전 의무 불이행,교차로,교차로횡단보도내,승합차,보행자,126.80290598,37.4727205
4832,2017,2017-04-30 18:00,야간,일,1,1,0,0,충남,부여군,차량단독,전도전복,운전자법규위반,안전운전 의무 불이행,교차로,교차로부근,사륜오토바이(ATV),없음,126.73666714,36.27767871
4833,2017,2017-04-30 19:00,야간,일,1,1,0,0,충남,서산시,차대사람,횡단중,운전자법규위반,기타(운전자법규위반),단일로,기타단일로,승용차,보행자,126.53273362,36.6684302
4834,2017,2017-04-30 19:00,야간,일,1,1,0,0,경기,가평군,차대사람,횡단중,운전자법규위반,보행자 보호의무 위반,교차로,교차로부근,승용차,보행자,127.51481509999998,37.8142673
4835,2017,2017-04-30 20:00,야간,일,1,1,0,0,충남,서천군,차대사람,횡단중,운전자법규위반,과속,단일로,기타단일로,승용차,보행자,126.61522042,36.12204886
4836,2017,2017-04-30 21:00,야간,일,1,2,1,0,광주,광산구,차대차,추돌,운전자법규위반,과속,단일로,기타단일로,승용차,원동기장치자전거,126.73176302,35.15167919
4837,2017,2017-05-01 00:00,야간,월,1,3,1,1,서울,구로구,차대사람,차도통행중,운전자법규위반,과속,단일로,기타단일로,이륜차,보행자,126.89541469,37.47838583
4838,2017,2017-05-01 02:00,야간,월,1,2,0,1,경기,포천시,차대사람,횡단중,운전자법규위반,안전운전 의무 불이행,교차로,교차로내,승용차,보행자,127.19561085,37.88849439
4839,2017,2017-05-01 03:00,야간,월,1,1,0,0,대구,수성구,차대사람,횡단중,운전자법규위반,신호위반,교차로,교차로내,화물차,보행자,128.64758684,35.873032200000004
4840,2017,2017-05-01 08:00,주간,월,1,1,0,0,충북,충주시,차량단독,전도,운전자법규위반,안전운전 의무 불이행,단일로,기타단일로,승용차,없음,127.81049531,37.09577354
4841,2017,2017-05-01 09:00,주간,월,1,1,0,0,전북,김제시,차대차,측면충돌,운전자법규위반,안전운전 의무 불이행,교차로,교차로내,승용차,이륜차,126.91307154,35.89168602
4842,2017,2017-05-01 11:00,주간,월,1,1,0,0,충남,당진시,차대사람,차도통행중,운전자법규위반,안전운전 의무 불이행,단일로,기타단일로,화물차,보행자,126.75097679999999,36.81246061
4843,2017,2017-05-01 16:00,주간,월,1,1,0,0,경기,의정부시,차대사람,횡단중,운전자법규위반,안전운전 의무 불이행,교차로,교차로내,화물차,보행자,127.05125938,37.74567954
4844,2017,2017-05-01 17:00,주간,월,1,1,0,0,충남,아산시,차량단독,전도,운전자법규위반,안전운전 의무 불이행,교차로,교차로내,이륜차,없음,127.06288116,36.93559534
4845,2017,2017-05-01 19:00,야간,월,1,1,0,0,경북,경산시,차대사람,횡단중,운전자법규위반,안전운전 의무 불이행,단일로,기타단일로,승용차,보행자,128.78406392,35.81115698
4846,2017,2017-05-01 21:00,야간,월,1,1,0,0,광주,북구,차대사람,기타,운전자법규위반,안전운전 의무 불이행,기타,기타,승용차,보행자,126.8759336,35.18471901
4847,2017,2017-05-01 23:00,야간,월,1,1,0,0,전남,장흥군,차량단독,전도전복,운전자법규위반,안전운전 의무 불이행,단일로,기타단일로,승용차,없음,126.96659701,34.47670332
4848,2017,2017-05-01 23:00,야간,월,2,8,5,1,충북,영동군,차대차,기타,운전자법규위반,안전운전 의무 불이행,단일로,기타단일로,승합차,승용차,127.79823976,36.28098717
4849,2017,2017-05-02 00:00,야간,화,1,2,0,0,충북,보은군,차량단독,전도전복,운전자법규위반,안전운전 의무 불이행,단일로,교량위,승용차,없음,127.61819672,36.47898956
4850,2017,2017-05-02 00:00,야간,화,2,2,0,0,부산,기장군,차량단독,공작물충돌,운전자법규위반,안전운전 의무 불이행,단일로,기타단일로,승용차,없음,129.20958366,35.21101222
4851,2017,2017-05-02 00:00,야간,화,1,2,0,1,경기,김포시,차대차,추돌,운전자법규위반,안전운전 의무 불이행,교차로,교차로내,승용차,화물차,126.62067008,37.68178451
4852,2017,2017-05-02 04:00,야간,화,1,2,1,0,강원,원주시,차대차,측면충돌,운전자법규위반,중앙선 침범,단일로,기타단일로,승합차,승용차,127.94117304,37.369853799999994
4853,2017,2017-05-02 07:00,주간,화,1,1,0,0,대전,동구,차대사람,횡단중,운전자법규위반,안전운전 의무 불이행,단일로,기타단일로,승용차,보행자,127.49771527,36.35149937
4854,2017,2017-05-02 09:00,주간,화,1,3,2,0,충북,충주시,차대차,정면충돌,운전자법규위반,안전거리 미확보,단일로,기타단일로,승용차,건설기계,127.92186964,37.021143
4855,2017,2017-05-03 00:00,야간,수,1,1,0,0,서울,용산구,차량단독,전도,운전자법규위반,안전운전 의무 불이행,단일로,기타단일로,이륜차,없음,126.98261208,37.51986567
4856,2017,2017-05-03 00:00,야간,수,1,1,0,0,인천,중구,차대사람,차도통행중,운전자법규위반,안전운전 의무 불이행,단일로,기타단일로,승용차,보행자,126.4884402,37.46146042
4857,2017,2017-05-03 02:00,야간,수,1,2,0,1,전북,남원시,차대차,추돌,운전자법규위반,안전운전 의무 불이행,단일로,기타단일로,화물차,화물차,127.40646301,35.43489501
4858,2017,2017-05-03 03:00,야간,수,1,1,0,0,대구,수성구,차량단독,공작물충돌,운전자법규위반,안전운전 의무 불이행,단일로,교량위,이륜차,없음,128.62344344,35.8050301
4859,2017,2017-05-03 07:00,주간,수,1,4,2,1,경기,시흥시,차대차,측면충돌,운전자법규위반,직진 및 우회전차의 통행방해,교차로,교차로내,건설기계,화물차,126.69171625,37.3295255
4860,2017,2017-05-03 09:00,주간,수,1,1,0,0,경북,경주시,차대사람,길가장자리구역통행중,운전자법규위반,안전운전 의무 불이행,단일로,기타단일로,승용차,보행자,129.05554322,35.68864218
4861,2017,2017-05-03 16:00,주간,수,1,1,0,0,충북,청주시,차대차,기타,운전자법규위반,안전운전 의무 불이행,교차로,교차로부근,화물차,화물차,127.67517166,36.65117964
4862,2017,2017-05-03 16:00,주간,수,1,1,0,0,전남,담양군,차대차,측면충돌,운전자법규위반,중앙선 침범,단일로,기타단일로,자전거,승용차,126.96276146,35.31754625
4863,2017,2017-05-03 18:00,야간,수,1,1,0,0,충남,청양군,차량단독,기타,운전자법규위반,안전운전 의무 불이행,교차로,교차로내,화물차,없음,126.91425513,36.32144022
4864,2017,2017-05-03 18:00,야간,수,1,1,0,0,충남,예산군,차량단독,공작물충돌,운전자법규위반,안전운전 의무 불이행,단일로,기타단일로,사륜오토바이(ATV),없음,126.84867545,36.63431978
4865,2017,2017-05-04 01:00,야간,목,1,1,0,0,충북,음성군,차량단독,전도,운전자법규위반,안전운전 의무 불이행,단일로,기타단일로,원동기장치자전거,없음,127.71195418,36.92649293
4866,2017,2017-05-04 01:00,야간,목,1,1,0,0,경기,안성시,차대차,정면충돌,운전자법규위반,중앙선 침범,단일로,기타단일로,승용차,화물차,127.42939442,37.07538105
4867,2017,2017-05-04 01:00,야간,목,1,1,0,0,대전,중구,차대사람,횡단중,운전자법규위반,안전운전 의무 불이행,단일로,기타단일로,승용차,보행자,127.40955903,36.32166916
4868,2017,2017-05-04 05:00,야간,목,1,1,0,0,광주,북구,차대사람,횡단중,운전자법규위반,신호위반,교차로,교차로부근,화물차,보행자,126.91960314,35.16491566
4869,2017,2017-05-04 06:00,주간,목,1,1,0,0,광주,광산구,차대사람,횡단중,운전자법규위반,보행자 보호의무 위반,교차로,교차로부근,화물차,보행자,126.80181189999999,35.16255558
4870,2017,2017-05-04 10:00,주간,목,1,1,0,0,전남,목포시,차대차,기타,운전자법규위반,안전거리 미확보,단일로,기타단일로,자전거,화물차,126.39223441,34.78839871
4871,2017,2017-05-04 13:00,주간,목,1,1,0,0,경남,거창군,차대차,기타,운전자법규위반,안전거리 미확보,교차로,교차로부근,자전거,화물차,127.91013208,35.68018773
4872,2017,2017-05-04 13:00,주간,목,1,1,0,0,강원,평창군,차량단독,전도,운전자법규위반,안전운전 의무 불이행,단일로,기타단일로,농기계,없음,128.58952824,37.66706012
4873,2017,2017-05-04 13:00,주간,목,1,2,1,0,강원,철원군,차대차,측면충돌,운전자법규위반,직진 및 우회전차의 통행방해,교차로,교차로내,승용차,화물차,127.26673814,38.20013064
4874,2017,2017-05-04 13:00,주간,목,1,1,0,0,충남,논산시,차량단독,도로이탈 추락,운전자법규위반,안전운전 의무 불이행,단일로,기타단일로,농기계,없음,127.14895867,36.30078601
4875,2017,2017-05-04 14:00,주간,목,1,1,0,0,서울,양천구,차대사람,기타,운전자법규위반,안전운전 의무 불이행,단일로,기타단일로,화물차,보행자,126.84471462,37.5181896
4876,2017,2017-05-04 18:00,야간,목,1,1,0,0,충남,천안시,차량단독,전도전복,운전자법규위반,안전운전 의무 불이행,단일로,기타단일로,승용차,없음,127.15478114,36.81131657
4877,2017,2017-05-04 23:00,야간,목,1,1,0,0,서울,강북구,차대사람,차도통행중,운전자법규위반,안전운전 의무 불이행,교차로,교차로내,승용차,보행자,127.01790341,37.63122317
4878,2017,2017-05-05 00:00,야간,금,1,2,1,0,경북,구미시,차량단독,전복,운전자법규위반,안전운전 의무 불이행,교차로,교차로부근,승용차,없음,128.36490159,36.11105094
4879,2017,2017-05-05 01:00,야간,금,1,1,0,0,경기,파주시,차량단독,전도전복,운전자법규위반,안전운전 의무 불이행,교차로,교차로내,승용차,없음,126.93437588,37.97846915
4880,2017,2017-05-05 06:00,주간,금,1,1,0,0,충남,서산시,차량단독,공작물충돌,운전자법규위반,안전운전 의무 불이행,단일로,기타단일로,승용차,없음,126.37574545,36.64017951
4881,2017,2017-05-05 06:00,주간,금,1,1,0,0,경기,용인시,차량단독,기타,운전자법규위반,안전운전 의무 불이행,단일로,기타단일로,승용차,없음,127.13808393,37.32818144
4882,2017,2017-05-05 07:00,주간,금,1,1,0,0,전남,여수시,차량단독,공작물충돌,운전자법규위반,안전운전 의무 불이행,단일로,기타단일로,화물차,없음,127.69312775,34.77191728
4883,2017,2017-05-05 11:00,주간,금,1,4,0,3,경북,경주시,차대차,추돌,운전자법규위반,안전운전 의무 불이행,단일로,기타단일로,승합차,승용차,129.23671032,35.83428947
4884,2017,2017-05-05 12:00,주간,금,1,2,1,0,경남,진주시,차대차,추돌,운전자법규위반,안전운전 의무 불이행,단일로,기타단일로,화물차,승합차,128.10570785,35.16501718
4885,2017,2017-05-05 13:00,주간,금,1,3,1,1,강원,철원군,차대차,정면충돌,운전자법규위반,중앙선 침범,단일로,기타단일로,승용차,승용차,127.47239393,38.23452575
4886,2017,2017-05-05 17:00,주간,금,1,1,0,0,전남,곡성군,차량단독,도로이탈 기타,운전자법규위반,안전운전 의무 불이행,기타,기타,자전거,없음,127.29420689,35.27774656
4887,2017,2017-05-05 20:00,야간,금,1,1,0,0,전남,여수시,차대사람,횡단중,운전자법규위반,안전운전 의무 불이행,단일로,기타단일로,화물차,보행자,127.69468985,34.74836035
4888,2017,2017-05-05 20:00,야간,금,1,1,0,0,전북,전주시,차대사람,횡단중,운전자법규위반,보행자 보호의무 위반,교차로,교차로횡단보도내,화물차,보행자,127.11797875,35.86807905
4889,2017,2017-05-05 21:00,야간,금,1,1,0,0,충남,예산군,차대사람,횡단중,운전자법규위반,안전운전 의무 불이행,단일로,기타단일로,승용차,보행자,126.77711935,36.68610242
4890,2017,2017-05-06 01:00,야간,토,1,1,0,0,대구,남구,차대사람,횡단중,운전자법규위반,안전운전 의무 불이행,단일로,기타단일로,승용차,보행자,128.59077009,35.84857025
4891,2017,2017-05-06 02:00,야간,토,1,2,0,1,충남,보령시,차대차,추돌,운전자법규위반,안전운전 의무 불이행,단일로,기타단일로,승용차,특수차,126.58895917,36.42799866
4892,2017,2017-05-06 03:00,야간,토,1,2,0,1,대전,동구,차대차,추돌,운전자법규위반,안전운전 의무 불이행,단일로,기타단일로,승용차,화물차,127.44033048,36.35012317
4893,2017,2017-05-06 03:00,야간,토,1,1,0,0,광주,북구,차대사람,횡단중,운전자법규위반,과속,교차로,교차로내,승용차,보행자,126.91258971,35.17577442
4894,2017,2017-05-06 04:00,야간,토,1,1,0,0,서울,성북구,차량단독,전도,운전자법규위반,안전운전 의무 불이행,단일로,기타단일로,이륜차,없음,127.01239588,37.59124408
4895,2017,2017-05-06 06:00,주간,토,1,2,0,1,경기,여주시,차대차,측면충돌,운전자법규위반,안전운전 의무 불이행,교차로,교차로내,화물차,승합차,127.62119522,37.29973811
4896,2017,2017-05-06 09:00,주간,토,1,1,0,0,전남,고흥군,차량단독,전도,운전자법규위반,안전운전 의무 불이행,단일로,기타단일로,화물차,없음,127.35090737,34.49505971
4897,2017,2017-05-06 10:00,주간,토,1,1,0,0,충북,영동군,차대차,기타,운전자법규위반,안전운전 의무 불이행,교차로,교차로내,이륜차,화물차,127.67393317,36.10693323
4898,2017,2017-05-06 11:00,주간,토,1,3,1,1,강원,평창군,차대차,측면충돌,운전자법규위반,안전운전 의무 불이행,단일로,기타단일로,승용차,승용차,128.42481434,37.6022741
4899,2017,2017-05-06 13:00,주간,토,1,1,0,0,경기,의정부시,차대차,측면충돌,운전자법규위반,안전운전 의무 불이행,교차로,교차로부근,승용차,자전거,127.03818436,37.73456079
4900,2017,2017-05-06 14:00,주간,토,1,2,0,1,서울,동작구,차대차,측면충돌,운전자법규위반,신호위반,교차로,교차로부근,원동기장치자전거,승합차,126.92931733,37.51322959
4901,2017,2017-05-06 15:00,주간,토,1,2,0,1,충남,보령시,차대차,기타,운전자법규위반,신호위반,교차로,교차로내,승용차,건설기계,126.61042069999999,36.35476013
4902,2017,2017-05-06 17:00,주간,토,1,1,0,0,인천,부평구,차대사람,횡단중,운전자법규위반,보행자 보호의무 위반,교차로,교차로횡단보도내,건설기계,보행자,126.70332054,37.50867661
4903,2017,2017-05-06 18:00,야간,토,1,3,0,2,제주,제주시,차대차,기타,운전자법규위반,중앙선 침범,단일로,기타단일로,승용차,승용차,126.51985269,33.49627478
4904,2017,2017-05-06 21:00,야간,토,1,1,0,0,충북,충주시,차대사람,횡단중,운전자법규위반,안전운전 의무 불이행,교차로,교차로부근,화물차,보행자,127.78190044,36.95254364
4905,2017,2017-05-06 21:00,야간,토,1,1,0,0,전북,김제시,차대사람,기타,운전자법규위반,과속,기타,기타,승용차,보행자,126.83395718,35.80462977
4906,2017,2017-05-06 22:00,야간,토,1,1,0,0,서울,성동구,차대사람,횡단중,운전자법규위반,안전운전 의무 불이행,교차로,교차로횡단보도내,화물차,보행자,127.03901501,37.55813638
4907,2017,2017-05-06 22:00,야간,토,1,1,0,0,전남,해남군,차량단독,전도전복,운전자법규위반,안전운전 의무 불이행,단일로,기타단일로,화물차,없음,126.55095374,34.63553547
4908,2017,2017-05-07 02:00,야간,일,1,1,0,0,경기,용인시,차량단독,공작물충돌,운전자법규위반,안전운전 의무 불이행,단일로,기타단일로,이륜차,없음,127.09867159,37.27009485
4909,2017,2017-05-07 04:00,야간,일,1,1,0,0,경남,김해시,차대사람,횡단중,운전자법규위반,안전운전 의무 불이행,단일로,기타단일로,승용차,보행자,128.88636695,35.239311799999996
4910,2017,2017-05-07 05:00,야간,일,1,1,0,0,울산,남구,차대사람,횡단중,운전자법규위반,안전운전 의무 불이행,단일로,기타단일로,승용차,보행자,129.30863125,35.53701445
4911,2017,2017-05-07 08:00,주간,일,1,4,1,2,경기,평택시,차대차,정면충돌,운전자법규위반,신호위반,교차로,교차로내,이륜차,화물차,126.84865875,36.99490152
4912,2017,2017-05-07 10:00,주간,일,1,1,0,0,서울,성동구,차대사람,기타,운전자법규위반,안전운전 의무 불이행,교차로,교차로내,승용차,보행자,127.02403224,37.56581051
4913,2017,2017-05-07 14:00,주간,일,1,2,1,0,강원,강릉시,차량단독,전도,운전자법규위반,안전운전 의무 불이행,교차로,교차로내,승용차,없음,128.9007471,37.7530006
4914,2017,2017-05-07 19:00,야간,일,1,1,0,0,경북,경산시,차대차,기타,운전자법규위반,안전운전 의무 불이행,단일로,기타단일로,이륜차,화물차,128.76741303,35.85341354
4915,2017,2017-05-07 22:00,야간,일,1,1,0,0,광주,북구,차대사람,횡단중,운전자법규위반,안전운전 의무 불이행,교차로,교차로부근,승합차,보행자,126.87920430000001,35.17664487
4916,2017,2017-05-08 00:00,야간,월,1,1,0,0,제주,제주시,차량단독,전도,운전자법규위반,안전운전 의무 불이행,교차로,교차로부근,이륜차,없음,126.37604133,33.47413863
4917,2017,2017-05-08 00:00,야간,월,1,2,1,0,전북,전주시,차량단독,전도전복,운전자법규위반,안전운전 의무 불이행,단일로,지하차도(도로)내,승용차,없음,127.16772309999999,35.84121195
4918,2017,2017-05-08 05:00,야간,월,1,1,0,0,전남,장흥군,차대차,추돌,운전자법규위반,안전운전 의무 불이행,단일로,기타단일로,승합차,농기계,126.93698603,34.566227399999995
4919,2017,2017-05-08 06:00,주간,월,1,1,0,0,대구,달성군,차대차,정면충돌,운전자법규위반,안전운전 의무 불이행,교차로,교차로내,화물차,원동기장치자전거,128.44958678,35.65918152
4920,2017,2017-05-08 13:00,주간,월,1,1,0,0,전북,장수군,차대차,측면충돌,운전자법규위반,안전운전 의무 불이행,교차로,교차로내,사륜오토바이(ATV),화물차,127.59951516,35.72590004
4921,2017,2017-05-08 14:00,주간,월,1,1,0,0,경북,상주시,차대차,기타,운전자법규위반,안전운전 의무 불이행,교차로,교차로내,화물차,원동기장치자전거,128.14736969999998,36.37605224
4922,2017,2017-05-08 14:00,주간,월,1,1,0,0,전남,영광군,차량단독,전도,운전자법규위반,안전운전 의무 불이행,단일로,기타단일로,농기계,없음,126.48470566,35.220236
4923,2017,2017-05-08 14:00,주간,월,1,4,2,1,전남,나주시,차대차,측면충돌,운전자법규위반,안전운전 의무 불이행,교차로,교차로내,승용차,승용차,126.64107465,34.95013138
4924,2017,2017-05-08 14:00,주간,월,1,1,0,0,전남,해남군,차대차,측면충돌,운전자법규위반,교차로 통행방법 위반,교차로,교차로내,화물차,이륜차,126.6623983,34.566203200000004
4925,2017,2017-05-08 15:00,주간,월,1,3,0,1,대구,달성군,차대차,측면충돌,운전자법규위반,신호위반,교차로,교차로내,승용차,승용차,128.41741247,35.66367752
4926,2017,2017-05-08 15:00,주간,월,1,1,0,0,충북,충주시,차대사람,횡단중,운전자법규위반,안전운전 의무 불이행,교차로,교차로부근,화물차,보행자,127.94060159,36.95713599
4927,2017,2017-05-08 17:00,주간,월,1,2,1,0,충남,부여군,차대차,정면충돌,운전자법규위반,교차로 통행방법 위반,교차로,교차로내,승용차,이륜차,126.84391119,36.12054458
4928,2017,2017-05-08 18:00,야간,월,1,1,0,0,경북,경주시,차대차,측면충돌,운전자법규위반,신호위반,교차로,교차로내,자전거,승용차,129.20702274,35.84222436
4929,2017,2017-05-09 00:00,야간,화,1,1,0,0,울산,남구,차대사람,횡단중,운전자법규위반,과속,교차로,교차로부근,승용차,보행자,129.32192415,35.54930928
4930,2017,2017-05-09 02:00,야간,화,1,1,0,0,경기,의정부시,차대사람,횡단중,운전자법규위반,신호위반,단일로,기타단일로,화물차,보행자,127.03530428,37.74322921
4931,2017,2017-05-09 04:00,야간,화,1,1,0,0,인천,서구,차대사람,횡단중,운전자법규위반,안전운전 의무 불이행,교차로,교차로내,이륜차,보행자,126.64484353,37.60905462
4932,2017,2017-05-09 07:00,주간,화,1,1,0,0,강원,속초시,차대사람,차도통행중,운전자법규위반,신호위반,교차로,교차로부근,승합차,보행자,128.59118514,38.20362774
4933,2017,2017-05-09 10:00,주간,화,1,1,0,0,경기,안산시,차대사람,차도통행중,운전자법규위반,안전운전 의무 불이행,단일로,기타단일로,화물차,보행자,126.86535516,37.34279799
4934,2017,2017-05-09 10:00,주간,화,1,1,0,0,충남,논산시,차대차,기타,운전자법규위반,안전운전 의무 불이행,단일로,기타단일로,자전거,승용차,127.0705636,36.2126833
4935,2017,2017-05-09 14:00,주간,화,1,1,0,0,전북,정읍시,차대사람,횡단중,운전자법규위반,안전운전 의무 불이행,교차로,교차로내,승용차,보행자,126.85733988,35.5833006