,발생년,발생년월일시분,주야,요일,사망자수,사상자수,중상자수,경상자수,발생지시도,발생지시군구,사고유형_대분류,사고유형,법규위반_대분류,법규위반,도로형태_대분류,도로형태,가해자_당사자종별,피해자_당사자종별,경도,위도
5081,2017,2017-05-21 20:00,야간,일,1,1,0,0,서울,성북구,차량단독,전도,운전자법규위반,안전운전 의무 불이행,단일로,기타단일로,이륜차,없음,127.02720799,37.60438284
5082,2017,2017-05-21 21:00,야간,일,1,1,0,0,경북,안동시,차대사람,횡단중,운전자법규위반,안전운전 의무 불이행,단일로,기타단일로,화물차,보행자,128.70321,36.56210016
5083,2017,2017-05-21 22:00,야간,일,1,1,0,0,전남,나주시,차대차,측면충돌,운전자법규위반,신호위반,교차로,교차로내,원동기장치자전거,승용차,126.72344326,35.03574844
5084,2017,2017-05-22 01:00,야간,월,1,1,0,0,경기,수원시,차대사람,횡단중,운전자법규위반,안전운전 의무 불이행,단일로,기타단일로,승용차,보행자,127.03499266,37.25696289
5085,2017,2017-05-22 06:00,주간,월,1,1,0,0,전남,곡성군,차대사람,횡단중,운전자법규위반,안전운전 의무 불이행,교차로,교차로내,화물차,보행자,127.33950141,35.16113201
5086,2017,2017-05-22 09:00,주간,월,1,6,4,1,인천,강화군,차대사람,보도통행중,운전자법규위반,기타(운전자법규위반),교차로,교차로내,화물차,보행자,126.49242377,37.74256957
5087,2017,2017-05-22 11:00,주간,월,2,4,1,1,충북,충주시,차대차,정면충돌,운전자법규위반,중앙선 침범,교차로,교차로부근,화물차,이륜차,127.84593944,37.11986059
5088,2017,2017-05-22 11:00,주간,월,1,1,0,0,대구,중구,차대사람,횡단중,운전자법규위반,안전운전 의무 불이행,교차로,교차로부근,건설기계,보행자,128.57799153,35.8592339
5089,2017,2017-05-22 14:00,주간,월,1,1,0,0,전남,무안군,차대차,측면충돌,운전자법규위반,안전운전 의무 불이행,단일로,기타단일로,승합차,이륜차,126.45586916,34.88207518
5090,2017,2017-05-22 15:00,주간,월,1,2,0,1,충남,서천군,차대차,측면충돌,운전자법규위반,직진 및 우회전차의 통행방해,교차로,교차로내,화물차,승용차,126.69195424,36.1671364
5091,2017,2017-05-22 15:00,주간,월,1,1,0,0,대구,달서구,차대차,측면충돌,운전자법규위반,교차로 통행방법 위반,교차로,교차로내,화물차,이륜차,128.48807645,35.83725131
5092,2017,2017-05-22 21:00,야간,월,1,4,2,1,경기,평택시,차대차,정면충돌,운전자법규위반,안전운전 의무 불이행,단일로,기타단일로,화물차,승용차,126.99943397,37.01294963
5093,2017,2017-05-22 21:00,야간,월,1,1,0,0,서울,강동구,차대차,정면충돌,운전자법규위반,신호위반,교차로,교차로내,이륜차,원동기장치자전거,127.15625218,37.54918888
5094,2017,2017-05-23 02:00,야간,화,1,1,0,0,충북,충주시,차량단독,전도전복,운전자법규위반,안전운전 의무 불이행,교차로,교차로부근,이륜차,없음,127.87155199,36.96834268
5095,2017,2017-05-23 02:00,야간,화,1,1,0,0,전남,여수시,차대사람,기타,운전자법규위반,안전운전 의무 불이행,단일로,기타단일로,승용차,보행자,127.66792530000001,34.76580453
5096,2017,2017-05-23 04:00,야간,화,1,1,0,0,경남,통영시,차대사람,횡단중,운전자법규위반,안전운전 의무 불이행,단일로,기타단일로,화물차,보행자,128.39373646,34.96175939
5097,2017,2017-05-23 08:00,주간,화,1,1,0,0,전남,담양군,차대차,측면충돌,운전자법규위반,안전운전 의무 불이행,교차로,교차로내,화물차,사륜오토바이(ATV),126.88865829999999,35.27311824
5098,2017,2017-05-23 09:00,주간,화,1,1,0,0,서울,광진구,차대사람,횡단중,운전자법규위반,안전운전 의무 불이행,단일로,기타단일로,화물차,보행자,127.0904798,37.54472469
5099,2017,2017-05-23 09:00,주간,화,1,2,1,0,전남,해남군,차대차,측면충돌,운전자법규위반,과속,교차로,교차로내,화물차,이륜차,126.50821299999998,34.52473903
5100,2017,2017-05-23 09:00,주간,화,1,2,1,0,전북,장수군,차대차,정면충돌,운전자법규위반,중앙선 침범,단일로,기타단일로,승용차,승용차,127.52226474,35.66981205
5101,2017,2017-05-23 10:00,주간,화,1,2,0,1,경북,포항시,차대차,정면충돌,운전자법규위반,안전운전 의무 불이행,기타,기타,자전거,자전거,129.41902147,36.09643151
5102,2017,2017-05-23 11:00,주간,화,1,1,0,0,경남,진주시,차량단독,전도,운전자법규위반,안전운전 의무 불이행,단일로,기타단일로,농기계,없음,128.22634435,35.18895212
5103,2017,2017-05-23 15:00,주간,화,1,1,0,0,전남,보성군,차량단독,전도,운전자법규위반,안전운전 의무 불이행,단일로,기타단일로,이륜차,없음,127.15494468,34.90050652
5104,2017,2017-05-23 15:00,주간,화,2,3,0,1,전남,무안군,차대차,정면충돌,운전자법규위반,중앙선 침범,단일로,기타단일로,화물차,건설기계,126.37852062,35.05064234
5105,2017,2017-05-23 20:00,야간,화,1,2,0,1,전남,화순군,차대차,정면충돌,운전자법규위반,안전운전 의무 불이행,단일로,기타단일로,화물차,이륜차,127.08790884,34.98843964
5106,2017,2017-05-23 23:00,야간,화,1,1,0,0,경북,울진군,차대사람,횡단중,운전자법규위반,안전운전 의무 불이행,단일로,교량위,승용차,보행자,129.39478124,36.99580498
5107,2017,2017-05-24 00:00,야간,수,1,1,0,0,전남,화순군,차대사람,기타,운전자법규위반,안전운전 의무 불이행,단일로,기타단일로,승용차,보행자,126.89736572,34.93002715
5108,2017,2017-05-24 01:00,야간,수,1,1,0,0,충북,청주시,차대사람,횡단중,운전자법규위반,과속,단일로,기타단일로,승용차,보행자,127.4614221,36.63157743
5109,2017,2017-05-24 01:00,야간,수,1,1,0,0,경기,포천시,차대사람,횡단중,운전자법규위반,과속,교차로,교차로부근,승용차,보행자,127.15740035,37.87343675
5110,2017,2017-05-24 02:00,야간,수,1,1,0,0,서울,은평구,차대차,정면충돌,운전자법규위반,중앙선 침범,교차로,교차로부근,승용차,이륜차,126.92309925,37.60064798
5111,2017,2017-05-24 04:00,야간,수,2,2,0,0,경남,창원시(통합),차대차,측면충돌,운전자법규위반,신호위반,교차로,교차로내,이륜차,화물차,128.53090775,35.26799113
5112,2017,2017-05-24 08:00,주간,수,1,3,1,0,경남,합천군,차대차,정면충돌,운전자법규위반,교차로 통행방법 위반,교차로,교차로내,승용차,승용차,128.12566691,35.39898391
5113,2017,2017-05-24 09:00,주간,수,1,1,0,0,경북,청도군,차대차,추돌,운전자법규위반,안전운전 의무 불이행,교차로,교차로부근,이륜차,화물차,128.7201828,35.651271
5114,2017,2017-05-24 14:00,주간,수,1,1,0,0,충남,서천군,차대차,측면충돌,운전자법규위반,직진 및 우회전차의 통행방해,교차로,교차로내,화물차,원동기장치자전거,126.78560954,36.07353741
5115,2017,2017-05-24 15:00,주간,수,1,2,0,1,강원,평창군,차량단독,공작물충돌,운전자법규위반,안전운전 의무 불이행,교차로,교차로내,승용차,없음,128.50339776,37.63975763
5116,2017,2017-05-24 17:00,주간,수,1,1,0,0,경기,김포시,차대사람,횡단중,운전자법규위반,보행자 보호의무 위반,단일로,기타단일로,승용차,보행자,126.69503586,37.64985909
5117,2017,2017-05-24 18:00,야간,수,1,1,0,0,경북,영주시,차량단독,전도,운전자법규위반,안전운전 의무 불이행,단일로,기타단일로,원동기장치자전거,없음,128.57040311,36.7635062
5118,2017,2017-05-24 23:00,야간,수,1,1,0,0,서울,송파구,차대차,추돌,운전자법규위반,안전운전 의무 불이행,단일로,기타단일로,이륜차,화물차,127.14601553,37.49704208
5119,2017,2017-05-25 00:00,야간,목,1,2,1,0,경기,부천시,차대사람,횡단중,운전자법규위반,과속,교차로,교차로횡단보도내,승용차,보행자,126.7772603,37.48879974
5120,2017,2017-05-25 00:00,야간,목,1,2,0,1,경북,안동시,차대차,추돌,운전자법규위반,안전운전 의무 불이행,단일로,기타단일로,승용차,화물차,128.74648729,36.55157732
5121,2017,2017-05-25 00:00,야간,목,1,2,1,0,충남,논산시,차량단독,도로이탈 추락,운전자법규위반,안전운전 의무 불이행,단일로,교량위,화물차,없음,127.11428049999999,36.21149788
5122,2017,2017-05-25 01:00,야간,목,1,3,1,1,부산,중구,차대사람,기타,운전자법규위반,안전운전 의무 불이행,단일로,기타단일로,승용차,보행자,129.03151805,35.10293169
5123,2017,2017-05-25 07:00,주간,목,1,1,0,0,경북,문경시,차량단독,전도전복,운전자법규위반,안전운전 의무 불이행,단일로,기타단일로,승용차,없음,128.23092687,36.54971351
5124,2017,2017-05-25 07:00,주간,목,1,1,0,0,전북,정읍시,차대차,정면충돌,운전자법규위반,직진 및 우회전차의 통행방해,교차로,교차로내,화물차,이륜차,126.93187437,35.70360126
5125,2017,2017-05-25 08:00,주간,목,1,1,0,0,전북,장수군,차대차,정면충돌,운전자법규위반,중앙선 침범,단일로,기타단일로,이륜차,화물차,127.56258449,35.78306128
5126,2017,2017-05-25 12:00,주간,목,1,1,0,0,경북,영덕군,차량단독,전도전복,운전자법규위반,안전운전 의무 불이행,기타,기타,농기계,없음,129.33720698,36.27683635
5127,2017,2017-05-25 14:00,주간,목,1,1,0,0,경북,성주군,차량단독,도로이탈 추락,운전자법규위반,안전운전 의무 불이행,단일로,기타단일로,화물차,없음,128.33621089,35.90903406
5128,2017,2017-05-25 14:00,주간,목,1,1,0,0,전북,군산시,차대차,측면충돌,운전자법규위반,신호위반,교차로,교차로내,자전거,승용차,126.72166259,35.97783479
5129,2017,2017-05-25 23:00,야간,목,1,1,0,0,대전,대덕구,차대차,추돌,운전자법규위반,과속,단일로,기타단일로,승용차,화물차,127.42014854,36.42511013
5130,2017,2017-05-25 23:00,야간,목,2,2,0,0,경남,거제시,차량단독,전도,운전자법규위반,안전운전 의무 불이행,단일로,기타단일로,승합차,없음,128.70323576,34.897357899999996
5131,2017,2017-05-26 09:00,주간,금,1,1,0,0,충북,영동군,차대사람,기타,운전자법규위반,보행자 보호의무 위반,교차로,교차로횡단보도내,승합차,보행자,127.77818866,36.1750034
5132,2017,2017-05-26 10:00,주간,금,1,1,0,0,경기,화성시,차대차,추돌,운전자법규위반,안전운전 의무 불이행,단일로,기타단일로,승합차,농기계,126.79845276,37.07741973
5133,2017,2017-05-26 10:00,주간,금,1,3,0,2,충남,보령시,차대차,정면충돌,운전자법규위반,중앙선 침범,단일로,기타단일로,승용차,승용차,126.61876636,36.33911767
5134,2017,2017-05-26 13:00,주간,금,1,2,0,1,전북,순창군,차대차,정면충돌,운전자법규위반,직진 및 우회전차의 통행방해,교차로,교차로내,승합차,승용차,127.07979587,35.35413836
5135,2017,2017-05-26 15:00,주간,금,1,1,0,0,부산,수영구,차량단독,기타,운전자법규위반,안전운전 의무 불이행,단일로,기타단일로,승합차,없음,129.10706244,35.14135558
5136,2017,2017-05-26 18:00,야간,금,1,5,2,2,강원,영월군,차량단독,기타,운전자법규위반,안전운전 의무 불이행,단일로,기타단일로,승용차,없음,128.39714648,37.18561165
5137,2017,2017-05-26 20:00,야간,금,1,1,0,0,충남,서산시,차대차,추돌,운전자법규위반,안전운전 의무 불이행,단일로,기타단일로,화물차,농기계,126.53990322,36.69120488
5138,2017,2017-05-26 20:00,야간,금,1,1,0,0,경북,칠곡군,차대차,측면충돌,운전자법규위반,안전운전 의무 불이행,단일로,기타단일로,승용차,자전거,128.48013674,35.95222126
5139,2017,2017-05-26 21:00,야간,금,1,1,0,0,전남,영암군,차량단독,전도전복,운전자법규위반,안전운전 의무 불이행,주차장,주차장,원동기장치자전거,없음,126.7018983,34.80645314
5140,2017,2017-05-26 22:00,야간,금,1,1,0,0,경남,진주시,차대사람,기타,운전자법규위반,안전운전 의무 불이행,단일로,기타단일로,승용차,보행자,128.21910968,35.19185366
5141,2017,2017-05-26 22:00,야간,금,1,1,0,0,전남,목포시,차대사람,횡단중,운전자법규위반,안전운전 의무 불이행,단일로,기타단일로,승용차,보행자,126.42315695,34.83885041
5142,2017,2017-05-26 22:00,야간,금,1,2,1,0,서울,중랑구,차량단독,전도,운전자법규위반,안전운전 의무 불이행,단일로,기타단일로,원동기장치자전거,없음,127.10356037,37.61839149
5143,2017,2017-05-26 23:00,야간,금,1,1,0,0,경북,구미시,차대차,정면충돌,운전자법규위반,안전운전 의무 불이행,단일로,기타단일로,이륜차,승용차,128.33626114,36.29325609
5144,2017,2017-05-26 23:00,야간,금,1,1,0,0,서울,양천구,차대사람,차도통행중,운전자법규위반,안전운전 의무 불이행,단일로,기타단일로,승용차,보행자,126.86389861,37.53112968
5145,2017,2017-05-27 03:00,야간,토,1,1,0,0,경기,안성시,차대사람,차도통행중,운전자법규위반,안전운전 의무 불이행,단일로,기타단일로,특수차,보행자,127.39175656,37.07190921
5146,2017,2017-05-27 03:00,야간,토,1,1,0,0,경기,용인시,차량단독,공작물충돌,운전자법규위반,안전운전 의무 불이행,단일로,기타단일로,화물차,없음,127.31277352,37.24537877
5147,2017,2017-05-27 04:00,야간,토,1,1,0,0,경기,이천시,차대사람,기타,운전자법규위반,안전운전 의무 불이행,기타,기타,화물차,보행자,127.42753424,37.23290295
5148,2017,2017-05-27 11:00,주간,토,1,1,0,0,충남,논산시,차대차,측면충돌,운전자법규위반,직진 및 우회전차의 통행방해,교차로,교차로내,승용차,이륜차,127.11706309,36.19752366
5149,2017,2017-05-27 11:00,주간,토,1,1,0,0,전북,남원시,차대차,측면충돌,운전자법규위반,교차로 통행방법 위반,교차로,교차로내,화물차,이륜차,127.38285361,35.41920322
5150,2017,2017-05-27 14:00,주간,토,1,1,0,0,전남,순천시,차대차,추돌,운전자법규위반,안전운전 의무 불이행,단일로,기타단일로,화물차,자전거,127.43848049,35.11049984
5151,2017,2017-05-27 16:00,주간,토,1,2,0,1,강원,평창군,차대차,측면충돌,운전자법규위반,중앙선 침범,단일로,기타단일로,자전거,화물차,128.37129768,37.61360539
5152,2017,2017-05-27 21:00,야간,토,1,1,0,0,경남,창원시(통합),차대차,추돌,운전자법규위반,안전운전 의무 불이행,단일로,기타단일로,승용차,승용차,128.79111198,35.12086227
5153,2017,2017-05-27 21:00,야간,토,1,1,0,0,인천,남구,차대사람,차도통행중,운전자법규위반,안전운전 의무 불이행,교차로,교차로부근,승용차,보행자,126.65376564,37.46824115
5154,2017,2017-05-27 22:00,야간,토,1,1,0,0,경북,구미시,차대사람,횡단중,운전자법규위반,보행자 보호의무 위반,교차로,교차로내,승용차,보행자,128.43517498,36.15780862
5155,2017,2017-05-27 23:00,야간,토,1,1,0,0,경기,평택시,차대사람,횡단중,운전자법규위반,안전운전 의무 불이행,단일로,기타단일로,승용차,보행자,126.91418941,36.99322381
5156,2017,2017-05-28 02:00,야간,일,1,1,0,0,광주,북구,차대사람,횡단중,운전자법규위반,신호위반,교차로,교차로내,승용차,보행자,126.90500132,35.1570541
5157,2017,2017-05-28 07:00,주간,일,1,2,1,0,경북,예천군,차량단독,전도,운전자법규위반,안전운전 의무 불이행,단일로,기타단일로,농기계,없음,128.57125436,36.66026547
5158,2017,2017-05-28 09:00,주간,일,1,1,0,0,전북,부안군,차량단독,도로이탈 추락,운전자법규위반,안전운전 의무 불이행,교차로,교차로부근,화물차,없음,126.69079512,35.69531555
5159,2017,2017-05-28 11:00,주간,일,1,1,0,0,충남,보령시,차대사람,기타,운전자법규위반,안전운전 의무 불이행,단일로,기타단일로,승용차,보행자,126.68168905,36.29235256
5160,2017,2017-05-28 18:00,야간,일,1,1,0,0,서울,광진구,차대차,기타,운전자법규위반,안전운전 의무 불이행,단일로,기타단일로,이륜차,승용차,127.07470517,37.55926633
5161,2017,2017-05-28 20:00,야간,일,1,1,0,0,경기,평택시,차대차,정면충돌,운전자법규위반,신호위반,교차로,교차로내,승합차,이륜차,126.93650559999999,36.98132476
5162,2017,2017-05-28 20:00,야간,일,1,2,0,1,전북,전주시,차대차,정면충돌,운전자법규위반,신호위반,교차로,교차로내,화물차,이륜차,127.10598076,35.81357214
5163,2017,2017-05-28 21:00,야간,일,1,2,1,0,경북,군위군,차대차,정면충돌,운전자법규위반,신호위반,교차로,교차로내,승용차,승합차,128.57455355,36.11279774
5164,2017,2017-05-29 09:00,주간,월,1,1,0,0,광주,북구,차대사람,횡단중,운전자법규위반,안전운전 의무 불이행,단일로,기타단일로,화물차,보행자,126.91434022,35.1714908
5165,2017,2017-05-29 11:00,주간,월,1,1,0,0,서울,성북구,차대사람,횡단중,운전자법규위반,안전운전 의무 불이행,단일로,기타단일로,화물차,보행자,127.02352168,37.60861334
5166,2017,2017-05-29 12:00,주간,월,1,1,0,0,부산,기장군,차대사람,기타,운전자법규위반,안전운전 의무 불이행,단일로,기타단일로,화물차,보행자,129.25660844,35.30614262
5167,2017,2017-05-29 16:00,주간,월,1,1,0,0,경남,함안군,차대사람,기타,운전자법규위반,안전운전 의무 불이행,단일로,기타단일로,화물차,보행자,128.34619628,35.33470472
5168,2017,2017-05-29 16:00,주간,월,1,1,0,0,충남,공주시,차대사람,횡단중,운전자법규위반,안전운전 의무 불이행,기타,기타,승용차,보행자,127.12277303,36.46023220000001
5169,2017,2017-05-29 17:00,주간,월,1,1,0,0,경기,가평군,차량단독,전도전복,운전자법규위반,안전운전 의무 불이행,단일로,기타단일로,화물차,없음,127.28451574,37.7852109
5170,2017,2017-05-29 17:00,주간,월,1,1,0,0,경북,상주시,차대사람,차도통행중,운전자법규위반,안전운전 의무 불이행,교차로,교차로내,화물차,보행자,128.17656817,36.49955954
5171,2017,2017-05-29 22:00,야간,월,1,1,0,0,충남,천안시,차대사람,횡단중,운전자법규위반,안전운전 의무 불이행,교차로,교차로내,승용차,보행자,127.1588419,36.80322409
5172,2017,2017-05-30 00:00,야간,화,1,1,0,0,경기,여주시,차대사람,횡단중,운전자법규위반,보행자 보호의무 위반,교차로,교차로횡단보도내,승용차,보행자,127.63765048,37.27718516
5173,2017,2017-05-30 04:00,야간,화,1,2,1,0,대구,동구,차대차,측면충돌,운전자법규위반,부당한 회전,교차로,교차로내,자전거,승용차,128.62668885,35.8670724
5174,2017,2017-05-30 05:00,야간,화,1,2,0,1,경북,청도군,차량단독,전도,운전자법규위반,안전운전 의무 불이행,단일로,기타단일로,승용차,없음,128.6051773,35.6566369
5175,2017,2017-05-30 08:00,주간,화,1,1,0,0,경남,의령군,차량단독,도로이탈 추락,운전자법규위반,안전운전 의무 불이행,단일로,기타단일로,화물차,없음,128.37125097,35.45755695
5176,2017,2017-05-30 09:00,주간,화,1,1,0,0,경남,김해시,차대차,추돌,운전자법규위반,안전운전 의무 불이행,단일로,기타단일로,화물차,승용차,128.83870977,35.27038638
5177,2017,2017-05-30 10:00,주간,화,1,1,0,0,경북,영천시,차대차,측면충돌,운전자법규위반,신호위반,교차로,교차로내,화물차,화물차,128.80182878,36.02218624
5178,2017,2017-05-30 14:00,주간,화,1,4,2,1,충남,당진시,차대차,추돌,운전자법규위반,안전거리 미확보,단일로,기타단일로,화물차,승용차,126.74675953,36.97710848
5179,2017,2017-05-30 14:00,주간,화,1,1,0,0,전북,정읍시,차대차,정면충돌,운전자법규위반,안전운전 의무 불이행,단일로,기타단일로,화물차,이륜차,126.80144258,35.6675624
5180,2017,2017-05-30 20:00,야간,화,1,1,0,0,강원,춘천시,차대사람,차도통행중,운전자법규위반,안전운전 의무 불이행,단일로,기타단일로,화물차,보행자,127.73058290000002,37.95114024
5181,2017,2017-05-30 21:00,야간,화,1,3,2,0,경기,용인시,차대차,기타,운전자법규위반,과속,단일로,기타단일로,승용차,승용차,127.10366293,37.3179738
5182,2017,2017-05-31 00:00,야간,수,1,1,0,0,전남,함평군,차대사람,기타,운전자법규위반,안전운전 의무 불이행,단일로,기타단일로,화물차,보행자,126.54101961,35.02624734
5183,2017,2017-05-31 03:00,야간,수,1,1,0,0,인천,남구,차대사람,횡단중,운전자법규위반,안전운전 의무 불이행,교차로,교차로내,승용차,보행자,126.67805725,37.46410328
5184,2017,2017-05-31 09:00,주간,수,1,1,0,0,서울,양천구,차대사람,기타,운전자법규위반,안전운전 의무 불이행,교차로,교차로내,승합차,보행자,126.85545854,37.51366086
5185,2017,2017-05-31 09:00,주간,수,1,1,0,0,경기,시흥시,차대사람,횡단중,운전자법규위반,안전운전 의무 불이행,교차로,교차로내,화물차,보행자,126.74591219,37.338139899999994
5186,2017,2017-05-31 10:00,주간,수,1,1,0,0,경기,이천시,차대차,기타,운전자법규위반,안전운전 의무 불이행,교차로,교차로내,화물차,이륜차,127.36772708,37.2273076
5187,2017,2017-05-31 11:00,주간,수,1,1,0,0,경기,용인시,차대차,측면충돌,운전자법규위반,신호위반,교차로,교차로내,이륜차,화물차,127.21930982,37.25222505
5188,2017,2017-05-31 17:00,주간,수,1,1,0,0,전남,보성군,차대사람,차도통행중,운전자법규위반,안전운전 의무 불이행,단일로,기타단일로,농기계,보행자,127.31622209999999,34.85980472
5189,2017,2017-05-31 17:00,주간,수,1,1,0,0,강원,춘천시,차대차,측면충돌,운전자법규위반,교차로 통행방법 위반,교차로,교차로내,이륜차,화물차,127.76205041,37.8857301
5190,2017,2017-05-31 19:00,야간,수,1,6,4,1,광주,광산구,차대사람,기타,운전자법규위반,기타(운전자법규위반),단일로,기타단일로,승용차,보행자,126.80878356,35.16783622
5191,2017,2017-05-31 19:00,야간,수,1,2,0,1,전남,강진군,차대사람,기타,운전자법규위반,안전운전 의무 불이행,교차로,교차로부근,화물차,보행자,126.83928541,34.55701831
5192,2017,2017-06-01 05:00,야간,목,1,1,0,0,경남,창원시(통합),차대차,기타,운전자법규위반,안전운전 의무 불이행,교차로,교차로부근,자전거,화물차,128.66552372,35.24611248
5193,2017,2017-06-01 09:00,주간,목,1,3,1,1,경기,이천시,차대차,정면충돌,운전자법규위반,안전운전 의무 불이행,교차로,교차로부근,화물차,화물차,127.39287181,37.21453301
5194,2017,2017-06-01 09:00,주간,목,1,1,0,0,경북,구미시,차량단독,전도,운전자법규위반,안전운전 의무 불이행,단일로,기타단일로,자전거,없음,128.35884609,36.11205014
5195,2017,2017-06-01 12:00,주간,목,1,1,0,0,경남,양산시,차량단독,전도전복,운전자법규위반,안전운전 의무 불이행,단일로,기타단일로,승용차,없음,129.09481497,35.32836322
5196,2017,2017-06-01 13:00,주간,목,1,2,1,0,대구,북구,차대차,측면충돌,운전자법규위반,신호위반,교차로,교차로내,승용차,이륜차,128.56611038,35.941210600000005
5197,2017,2017-06-01 17:00,주간,목,1,1,0,0,전북,전주시,차대사람,횡단중,운전자법규위반,안전운전 의무 불이행,단일로,기타단일로,승용차,보행자,127.14318812,35.83136181
5198,2017,2017-06-01 20:00,야간,목,1,3,0,2,전북,완주군,차대차,추돌,운전자법규위반,과속,단일로,기타단일로,화물차,건설기계,127.11658999999999,35.68664946
5199,2017,2017-06-01 21:00,야간,목,1,1,0,0,전남,보성군,차대사람,기타,운전자법규위반,안전운전 의무 불이행,단일로,기타단일로,승용차,보행자,127.34404377,34.83371492
5200,2017,2017-06-01 21:00,야간,목,1,2,1,0,충남,천안시,차대차,측면충돌,운전자법규위반,중앙선 침범,단일로,기타단일로,승용차,승용차,127.27381000000001,36.75461134
5201,2017,2017-06-01 23:00,야간,목,1,1,0,0,경북,영천시,차량단독,전도,운전자법규위반,안전운전 의무 불이행,교차로,교차로부근,원동기장치자전거,없음,128.92867762,35.96091786
5202,2017,2017-06-01 23:00,야간,목,1,1,0,0,서울,동작구,차대사람,횡단중,운전자법규위반,안전운전 의무 불이행,단일로,기타단일로,승합차,보행자,126.90440994,37.486462599999996
5203,2017,2017-06-02 03:00,야간,금,1,2,1,0,서울,용산구,차대사람,차도통행중,운전자법규위반,과속,단일로,기타단일로,승용차,보행자,126.96166593,37.52153781
5204,2017,2017-06-02 08:00,주간,금,1,1,0,0,경북,상주시,차대사람,횡단중,운전자법규위반,안전운전 의무 불이행,교차로,교차로내,화물차,보행자,128.15094629,36.41966893
5205,2017,2017-06-02 15:00,주간,금,1,2,0,1,강원,춘천시,차대사람,횡단중,운전자법규위반,안전운전 의무 불이행,단일로,기타단일로,승용차,보행자,127.72470261,37.870286799999995
5206,2017,2017-06-02 15:00,주간,금,1,1,0,0,강원,삼척시,차량단독,전도,운전자법규위반,안전운전 의무 불이행,단일로,기타단일로,화물차,없음,129.28294643,37.3076305
5207,2017,2017-06-02 16:00,주간,금,1,1,0,0,경북,청도군,차량단독,전도,운전자법규위반,안전운전 의무 불이행,단일로,기타단일로,건설기계,없음,128.56916164,35.71360903
5208,2017,2017-06-02 18:00,야간,금,1,1,0,0,경남,창원시(통합),차대차,기타,운전자법규위반,중앙선 침범,교차로,교차로내,자전거,승용차,128.63315501,35.23898132
5209,2017,2017-06-02 20:00,야간,금,1,3,0,2,제주,제주시,차대차,정면충돌,운전자법규위반,중앙선 침범,단일로,기타단일로,화물차,승용차,126.28267678,33.31566783
5210,2017,2017-06-03 03:00,야간,토,1,1,0,0,울산,울주군,차대사람,횡단중,운전자법규위반,안전운전 의무 불이행,교차로,교차로부근,화물차,보행자,129.30777269,35.43425358
5211,2017,2017-06-03 05:00,야간,토,1,1,0,0,경북,상주시,차대차,측면충돌,운전자법규위반,교차로 통행방법 위반,교차로,교차로내,이륜차,화물차,127.96692389,36.32412711
5212,2017,2017-06-03 05:00,야간,토,1,3,0,2,충남,천안시,차대차,측면충돌,운전자법규위반,신호위반,교차로,교차로내,승용차,승용차,127.14592178,36.80698151
5213,2017,2017-06-03 06:00,주간,토,1,1,0,0,제주,서귀포시,차대차,기타,운전자법규위반,안전운전 의무 불이행,단일로,기타단일로,이륜차,승용차,126.92923227,33.46113539
5214,2017,2017-06-03 08:00,주간,토,1,1,0,0,충남,천안시,차대사람,횡단중,운전자법규위반,안전운전 의무 불이행,단일로,기타단일로,승용차,보행자,127.14089521,36.79827628
5215,2017,2017-06-03 11:00,주간,토,1,2,1,0,경기,하남시,차대차,정면충돌,운전자법규위반,안전거리 미확보,단일로,기타단일로,승합차,이륜차,127.22234646,37.53616692
5216,2017,2017-06-03 13:00,주간,토,1,1,0,0,충남,예산군,차량단독,전도전복,운전자법규위반,안전운전 의무 불이행,단일로,기타단일로,화물차,없음,126.70353416,36.7048792
5217,2017,2017-06-03 15:00,주간,토,1,2,0,1,충남,보령시,차대차,정면충돌,운전자법규위반,중앙선 침범,단일로,기타단일로,이륜차,승용차,126.55157223,36.19481136
5218,2017,2017-06-03 17:00,주간,토,1,1,0,0,경북,경주시,차대사람,횡단중,운전자법규위반,안전운전 의무 불이행,단일로,기타단일로,화물차,보행자,129.28609624,36.01216437
5219,2017,2017-06-03 20:00,야간,토,1,1,0,0,전남,보성군,차대차,측면충돌,운전자법규위반,안전운전 의무 불이행,단일로,기타단일로,화물차,농기계,127.16073086,34.92275099
5220,2017,2017-06-03 20:00,야간,토,1,1,0,0,경기,김포시,차대사람,횡단중,운전자법규위반,안전운전 의무 불이행,단일로,기타단일로,승용차,보행자,126.63361153,37.69333597
5221,2017,2017-06-03 20:00,야간,토,1,1,0,0,경남,함안군,차대사람,기타,운전자법규위반,중앙선 침범,단일로,기타단일로,화물차,보행자,128.4310972,35.35003085
5222,2017,2017-06-03 21:00,야간,토,1,1,0,0,서울,강서구,차대사람,차도통행중,운전자법규위반,안전운전 의무 불이행,기타,기타,이륜차,보행자,126.81153922,37.56461836
5223,2017,2017-06-04 00:00,야간,일,1,1,0,0,전북,군산시,차대사람,기타,운전자법규위반,안전운전 의무 불이행,교차로,교차로내,승용차,보행자,126.69106589,35.96192163
5224,2017,2017-06-04 02:00,야간,일,1,3,0,2,경기,수원시,차대사람,보도통행중,운전자법규위반,보행자 보호의무 위반,교차로,교차로횡단보도내,승용차,보행자,127.00879092,37.29251616
5225,2017,2017-06-04 04:00,야간,일,1,1,0,0,경남,통영시,차대사람,횡단중,운전자법규위반,안전운전 의무 불이행,단일로,기타단일로,승용차,보행자,128.38717476,34.80590848