,발생년,발생년월일시분,주야,요일,사망자수,사상자수,중상자수,경상자수,발생지시도,발생지시군구,사고유형_대분류,사고유형,법규위반_대분류,법규위반,도로형태_대분류,도로형태,가해자_당사자종별,피해자_당사자종별,경도,위도
5226,2017,2017-06-04 07:00,주간,일,1,1,0,0,경남,밀양시,차량단독,전복,운전자법규위반,안전운전 의무 불이행,단일로,기타단일로,승용차,없음,128.80189028,35.39999889
5227,2017,2017-06-04 08:00,주간,일,1,1,0,0,충북,진천군,차량단독,전도전복,운전자법규위반,안전운전 의무 불이행,단일로,기타단일로,이륜차,없음,127.44337248,36.85569663
5228,2017,2017-06-04 10:00,주간,일,1,1,0,0,경북,청송군,차량단독,전도전복,운전자법규위반,안전운전 의무 불이행,단일로,기타단일로,이륜차,없음,129.05028958,36.29601846
5229,2017,2017-06-04 11:00,주간,일,1,1,0,0,강원,인제군,차량단독,전도전복,운전자법규위반,안전운전 의무 불이행,단일로,기타단일로,이륜차,없음,128.38398453,38.22262043
5230,2017,2017-06-04 12:00,주간,일,1,1,0,0,경북,구미시,차량단독,전도,운전자법규위반,안전운전 의무 불이행,교차로,교차로내,승용차,없음,128.36243072,36.12488042
5231,2017,2017-06-04 13:00,주간,일,1,3,1,1,강원,인제군,차대차,추돌,운전자법규위반,안전운전 의무 불이행,교차로,교차로부근,이륜차,이륜차,128.05847944,37.91761231
5232,2017,2017-06-04 14:00,주간,일,1,1,0,0,경북,상주시,차대사람,차도통행중,운전자법규위반,안전운전 의무 불이행,단일로,기타단일로,건설기계,보행자,128.23705173,36.47454521
5233,2017,2017-06-04 14:00,주간,일,1,1,0,0,서울,강남구,차대사람,차도통행중,운전자법규위반,안전운전 의무 불이행,단일로,기타단일로,승용차,보행자,127.05197893,37.48432015
5234,2017,2017-06-04 15:00,주간,일,1,1,0,0,경북,군위군,차대사람,횡단중,운전자법규위반,안전운전 의무 불이행,단일로,기타단일로,승용차,보행자,128.59165954,36.23159843
5235,2017,2017-06-04 15:00,주간,일,1,2,0,1,경기,군포시,차대차,추돌,운전자법규위반,안전운전 의무 불이행,단일로,기타단일로,승용차,승용차,126.91282138,37.32338401
5236,2017,2017-06-04 17:00,주간,일,1,2,1,0,경기,의정부시,차대차,정면충돌,운전자법규위반,중앙선 침범,교차로,교차로부근,이륜차,승용차,127.04731907,37.74035568
5237,2017,2017-06-04 18:00,야간,일,1,1,0,0,강원,양양군,차량단독,전도전복,운전자법규위반,안전운전 의무 불이행,단일로,기타단일로,이륜차,없음,128.62944811,38.09530718
5238,2017,2017-06-04 19:00,야간,일,1,1,0,0,전남,나주시,차대차,정면충돌,운전자법규위반,중앙선 침범,교차로,교차로부근,원동기장치자전거,승용차,126.85972502,34.91405334
5239,2017,2017-06-05 01:00,야간,월,1,1,0,0,전북,남원시,차대사람,기타,운전자법규위반,안전운전 의무 불이행,단일로,기타단일로,승용차,보행자,127.38523068,35.41299292
5240,2017,2017-06-05 07:00,주간,월,1,1,0,0,경기,고양시,차대사람,기타,운전자법규위반,안전운전 의무 불이행,기타,기타,건설기계,보행자,126.85673065,37.706472399999996
5241,2017,2017-06-05 08:00,주간,월,1,1,0,0,제주,서귀포시,차량단독,전도전복,운전자법규위반,안전운전 의무 불이행,단일로,기타단일로,화물차,없음,126.45447141,33.30739239
5242,2017,2017-06-05 09:00,주간,월,1,1,0,0,경남,거창군,차대차,기타,운전자법규위반,과속,교차로,교차로내,화물차,이륜차,127.90587639,35.67996773
5243,2017,2017-06-05 09:00,주간,월,1,1,0,0,경기,의정부시,차량단독,전도전복,운전자법규위반,안전운전 의무 불이행,기타,기타,이륜차,없음,127.03341101,37.73021564
5244,2017,2017-06-05 13:00,주간,월,1,2,1,0,경기,파주시,차대사람,횡단중,운전자법규위반,기타(운전자법규위반),단일로,기타단일로,승용차,보행자,126.83143937,37.93115259
5245,2017,2017-06-05 13:00,주간,월,1,1,0,0,충북,음성군,차량단독,전도전복,운전자법규위반,안전운전 의무 불이행,단일로,기타단일로,화물차,없음,127.47185269,36.98282099
5246,2017,2017-06-05 16:00,주간,월,1,1,0,0,서울,강동구,차대사람,보도통행중,운전자법규위반,안전운전 의무 불이행,단일로,기타단일로,화물차,보행자,127.16486336,37.55766834
5247,2017,2017-06-05 18:00,야간,월,1,6,0,5,충북,보은군,차대차,추돌,운전자법규위반,안전운전 의무 불이행,단일로,기타단일로,화물차,승용차,127.72795453,36.51730713
5248,2017,2017-06-05 19:00,야간,월,1,1,0,0,전남,순천시,차량단독,전도,운전자법규위반,안전운전 의무 불이행,교차로,교차로부근,승합차,없음,127.44365575,34.94411421
5249,2017,2017-06-05 20:00,야간,월,1,1,0,0,경기,화성시,차대사람,횡단중,운전자법규위반,안전운전 의무 불이행,단일로,기타단일로,승합차,보행자,126.7972784,37.10348157
5250,2017,2017-06-05 21:00,야간,월,1,2,0,1,충북,청주시,차대차,추돌,운전자법규위반,중앙선 침범,단일로,기타단일로,화물차,화물차,127.51076826,36.52858604
5251,2017,2017-06-06 01:00,야간,화,2,2,0,0,대전,중구,차대사람,차도통행중,운전자법규위반,과속,단일로,교량위,승합차,보행자,127.43616370000001,36.32110032
5252,2017,2017-06-06 03:00,야간,화,1,1,0,0,경기,고양시,차대사람,횡단중,운전자법규위반,안전운전 의무 불이행,교차로,교차로내,화물차,보행자,126.73015196,37.69510538
5253,2017,2017-06-06 07:00,주간,화,1,3,0,2,경기,평택시,차대차,정면충돌,운전자법규위반,과속,단일로,기타단일로,승용차,승용차,127.02741178,36.94216625
5254,2017,2017-06-06 10:00,주간,화,1,1,0,0,경북,구미시,차대차,추돌,운전자법규위반,안전운전 의무 불이행,단일로,기타단일로,화물차,화물차,128.39134950000002,36.08885035
5255,2017,2017-06-06 13:00,주간,화,1,1,0,0,경북,영천시,차량단독,기타,운전자법규위반,안전운전 의무 불이행,교차로,교차로부근,화물차,없음,128.86237619,36.01053317
5256,2017,2017-06-06 21:00,야간,화,1,1,0,0,경기,화성시,차대사람,횡단중,운전자법규위반,신호위반,단일로,기타단일로,승용차,보행자,126.93779209999998,37.18775561
5257,2017,2017-06-07 02:00,야간,수,1,1,0,0,충남,천안시,차대차,기타,운전자법규위반,안전운전 의무 불이행,단일로,기타단일로,승용차,이륜차,127.12781211,36.80559204
5258,2017,2017-06-07 11:00,주간,수,1,4,2,1,전남,화순군,차대차,정면충돌,운전자법규위반,중앙선 침범,단일로,기타단일로,승용차,승합차,126.94584041,34.85874862
5259,2017,2017-06-07 14:00,주간,수,1,1,0,0,대전,중구,차대사람,횡단중,운전자법규위반,안전운전 의무 불이행,교차로,교차로부근,승용차,보행자,127.41970057,36.31833167
5260,2017,2017-06-07 17:00,주간,수,1,1,0,0,충남,아산시,차대차,추돌,운전자법규위반,안전운전 의무 불이행,교차로,교차로부근,원동기장치자전거,화물차,127.07569424,36.77724665
5261,2017,2017-06-07 20:00,야간,수,1,1,0,0,전남,영암군,차대사람,횡단중,운전자법규위반,안전운전 의무 불이행,단일로,기타단일로,화물차,보행자,126.70167792,34.79540624
5262,2017,2017-06-07 21:00,야간,수,1,1,0,0,전남,보성군,차대사람,횡단중,운전자법규위반,안전운전 의무 불이행,교차로,교차로내,승용차,보행자,127.06996814,34.75469137
5263,2017,2017-06-07 22:00,야간,수,1,1,0,0,전남,강진군,차량단독,공작물충돌,운전자법규위반,안전운전 의무 불이행,단일로,기타단일로,승용차,없음,126.75559327,34.69270348
5264,2017,2017-06-07 23:00,야간,수,1,2,1,0,대구,동구,차대차,측면충돌,운전자법규위반,안전운전 의무 불이행,단일로,기타단일로,승용차,이륜차,128.73000631,35.86992655
5265,2017,2017-06-08 01:00,야간,목,1,2,1,0,전남,영광군,차량단독,공작물충돌,운전자법규위반,과속,단일로,기타단일로,승용차,없음,126.57420896,35.29391643
5266,2017,2017-06-08 05:00,야간,목,1,3,1,1,충북,청주시,차량단독,기타,운전자법규위반,안전운전 의무 불이행,단일로,기타단일로,이륜차,없음,127.44149750000001,36.59203846
5267,2017,2017-06-08 15:00,주간,목,1,1,0,0,경기,이천시,차량단독,도로이탈 추락,운전자법규위반,안전운전 의무 불이행,단일로,기타단일로,농기계,없음,127.52229259,37.13481302
5268,2017,2017-06-08 15:00,주간,목,1,1,0,0,충남,보령시,차대사람,기타,운전자법규위반,안전운전 의무 불이행,단일로,기타단일로,화물차,보행자,126.56926802,36.28116286
5269,2017,2017-06-08 16:00,주간,목,1,1,0,0,경기,안산시,차대사람,횡단중,운전자법규위반,과속,교차로,교차로내,승용차,보행자,126.85645921,37.28848687
5270,2017,2017-06-08 20:00,야간,목,1,1,0,0,경북,경산시,차량단독,전도전복,운전자법규위반,안전운전 의무 불이행,단일로,기타단일로,이륜차,없음,128.77992909,35.85349271
5271,2017,2017-06-09 01:00,야간,금,1,1,0,0,서울,강남구,차대차,측면충돌,운전자법규위반,신호위반,교차로,교차로내,이륜차,승용차,127.04856997,37.47376123
5272,2017,2017-06-09 07:00,주간,금,1,1,0,0,충남,예산군,차대사람,횡단중,운전자법규위반,안전운전 의무 불이행,단일로,기타단일로,화물차,보행자,126.87581934,36.62084366
5273,2017,2017-06-09 10:00,주간,금,1,2,1,0,제주,제주시,차대차,측면충돌,운전자법규위반,안전운전 의무 불이행,교차로,교차로부근,이륜차,화물차,126.27300823,33.42059019
5274,2017,2017-06-09 14:00,주간,금,1,1,0,0,경기,시흥시,차대사람,보도통행중,운전자법규위반,중앙선 침범,단일로,기타단일로,특수차,보행자,126.73360609,37.34825531
5275,2017,2017-06-09 15:00,주간,금,1,2,0,1,경기,여주시,차대차,정면충돌,운전자법규위반,중앙선 침범,단일로,기타단일로,승용차,승용차,127.56297543,37.3840364
5276,2017,2017-06-09 17:00,주간,금,1,4,3,0,전북,군산시,차대차,정면충돌,운전자법규위반,중앙선 침범,단일로,기타단일로,승용차,화물차,126.59341672,35.95563936
5277,2017,2017-06-09 18:00,야간,금,1,1,0,0,전남,여수시,차량단독,전도전복,운전자법규위반,안전운전 의무 불이행,단일로,기타단일로,원동기장치자전거,없음,127.76359859,34.72511808
5278,2017,2017-06-09 20:00,야간,금,1,1,0,0,충북,음성군,차대사람,횡단중,운전자법규위반,안전운전 의무 불이행,교차로,교차로부근,승용차,보행자,127.5716543,36.98224381
5279,2017,2017-06-10 02:00,야간,토,1,1,0,0,경기,이천시,차대사람,기타,운전자법규위반,안전운전 의무 불이행,단일로,기타단일로,승용차,보행자,127.57593657,37.16398779
5280,2017,2017-06-10 02:00,야간,토,1,1,0,0,경기,성남시,차대차,추돌,운전자법규위반,안전운전 의무 불이행,교차로,교차로내,승용차,이륜차,127.10255026,37.40317052
5281,2017,2017-06-10 03:00,야간,토,1,1,0,0,울산,울주군,차량단독,전도,운전자법규위반,안전운전 의무 불이행,단일로,기타단일로,승용차,없음,129.30284276,35.40630764
5282,2017,2017-06-10 03:00,야간,토,1,2,1,0,충남,논산시,차량단독,공작물충돌,운전자법규위반,안전운전 의무 불이행,단일로,기타단일로,승용차,없음,127.22334145,36.19208256
5283,2017,2017-06-10 06:00,주간,토,1,1,0,0,부산,동래구,차대차,측면충돌,운전자법규위반,신호위반,단일로,기타단일로,승용차,자전거,129.08654905,35.20131196
5284,2017,2017-06-10 09:00,주간,토,1,1,0,0,인천,중구,차대차,측면충돌,운전자법규위반,신호위반,교차로,교차로내,특수차,화물차,126.63011117,37.45835197
5285,2017,2017-06-10 11:00,주간,토,1,1,0,0,충북,청주시,차대사람,기타,운전자법규위반,안전운전 의무 불이행,단일로,기타단일로,승용차,보행자,127.41918678,36.45968306
5286,2017,2017-06-10 13:00,주간,토,1,1,0,0,경북,경산시,차량단독,전도,운전자법규위반,안전운전 의무 불이행,단일로,기타단일로,이륜차,없음,128.87811603,35.76859937
5287,2017,2017-06-10 15:00,주간,토,1,1,0,0,충남,논산시,차대사람,기타,운전자법규위반,과속,단일로,기타단일로,승용차,보행자,127.09615237,36.21903819
5288,2017,2017-06-10 20:00,야간,토,1,1,0,0,경기,김포시,차대사람,기타,운전자법규위반,안전운전 의무 불이행,단일로,기타단일로,승용차,보행자,126.55820617,37.70954011
5289,2017,2017-06-10 21:00,야간,토,1,1,0,0,경기,용인시,차대사람,횡단중,운전자법규위반,안전운전 의무 불이행,단일로,기타단일로,승용차,보행자,127.08390605,37.31132764
5290,2017,2017-06-10 23:00,야간,토,1,1,0,0,경북,영천시,차대사람,횡단중,운전자법규위반,안전운전 의무 불이행,단일로,기타단일로,승용차,보행자,129.01782651,35.89514921
5291,2017,2017-06-11 07:00,주간,일,1,1,0,0,경북,상주시,차대차,측면충돌,운전자법규위반,신호위반,교차로,교차로내,화물차,승용차,128.15277138,36.41542817
5292,2017,2017-06-11 08:00,주간,일,1,1,0,0,대구,동구,차대차,측면충돌,운전자법규위반,안전운전 의무 불이행,단일로,기타단일로,승용차,원동기장치자전거,128.70694688,35.95612274
5293,2017,2017-06-11 13:00,주간,일,1,1,0,0,충북,진천군,차대차,측면충돌,운전자법규위반,안전운전 의무 불이행,단일로,기타단일로,승용차,이륜차,127.43516298,36.85340272
5294,2017,2017-06-11 15:00,주간,일,1,1,0,0,광주,동구,차대차,측면충돌,운전자법규위반,부당한 회전,교차로,교차로내,자전거,승합차,126.92028829,35.16151771
5295,2017,2017-06-11 17:00,주간,일,1,1,0,0,경기,안산시,차대차,기타,운전자법규위반,과속,단일로,기타단일로,이륜차,승합차,126.77946005,37.33606851
5296,2017,2017-06-12 02:00,야간,월,1,2,0,1,제주,서귀포시,차대사람,기타,운전자법규위반,과속,단일로,기타단일로,승용차,보행자,126.32065698,33.28249187
5297,2017,2017-06-12 08:00,주간,월,1,1,0,0,경남,창원시(통합),차대차,측면충돌,운전자법규위반,안전운전 의무 불이행,교차로,교차로내,이륜차,화물차,128.60017385,35.25606536
5298,2017,2017-06-12 08:00,주간,월,1,1,0,0,경기,파주시,차대차,측면충돌,운전자법규위반,중앙선 침범,단일로,기타단일로,원동기장치자전거,승용차,126.81574742,37.83039704
5299,2017,2017-06-12 10:00,주간,월,1,1,0,0,경기,의정부시,차대사람,횡단중,운전자법규위반,보행자 보호의무 위반,교차로,교차로횡단보도내,승용차,보행자,127.05651331,37.730701399999994
5300,2017,2017-06-12 10:00,주간,월,1,1,0,0,충남,천안시,차량단독,전도전복,운전자법규위반,안전운전 의무 불이행,단일로,기타단일로,이륜차,없음,127.26469371,36.76463612
5301,2017,2017-06-12 11:00,주간,월,1,2,1,0,대구,북구,차대차,추돌,운전자법규위반,안전운전 의무 불이행,단일로,기타단일로,화물차,화물차,128.57840616,35.90861771
5302,2017,2017-06-12 13:00,주간,월,1,1,0,0,서울,영등포구,차대차,정면충돌,운전자법규위반,안전운전 의무 불이행,기타,기타,화물차,자전거,126.90574377,37.50513637
5303,2017,2017-06-12 20:00,야간,월,1,1,0,0,경기,남양주시,차대사람,횡단중,운전자법규위반,안전운전 의무 불이행,단일로,기타단일로,화물차,보행자,127.24380607,37.54640077
5304,2017,2017-06-12 20:00,야간,월,1,1,0,0,울산,울주군,차대사람,기타,운전자법규위반,안전운전 의무 불이행,단일로,기타단일로,승용차,보행자,129.30769849,35.48952733
5305,2017,2017-06-12 22:00,야간,월,1,1,0,0,경남,창원시(통합),차대차,정면충돌,운전자법규위반,중앙선 침범,단일로,기타단일로,승용차,승용차,128.63636197,35.23173805
5306,2017,2017-06-12 23:00,야간,월,1,1,0,0,대구,달서구,차대차,측면충돌,운전자법규위반,과속,교차로,교차로횡단보도내,승용차,자전거,128.52730521,35.80891943
5307,2017,2017-06-13 00:00,야간,화,1,1,0,0,충북,청주시,차대사람,횡단중,운전자법규위반,과속,단일로,기타단일로,승용차,보행자,127.49122166,36.61324684
5308,2017,2017-06-13 00:00,야간,화,1,1,0,0,전남,진도군,차량단독,공작물충돌,운전자법규위반,안전운전 의무 불이행,단일로,기타단일로,화물차,없음,126.15889813,34.42687414
5309,2017,2017-06-13 04:00,야간,화,1,2,1,0,경기,광주시,차대차,측면충돌,운전자법규위반,중앙선 침범,교차로,교차로내,이륜차,화물차,127.26349096,37.44281185
5310,2017,2017-06-13 05:00,야간,화,1,1,0,0,경북,군위군,차대사람,횡단중,운전자법규위반,중앙선 침범,단일로,기타단일로,화물차,보행자,128.62978049999998,36.18506919
5311,2017,2017-06-13 13:00,주간,화,1,1,0,0,강원,원주시,차량단독,전도전복,운전자법규위반,안전운전 의무 불이행,단일로,기타단일로,농기계,없음,127.77333772,37.25338433
5312,2017,2017-06-13 14:00,주간,화,1,2,0,1,충북,영동군,차대차,측면충돌,운전자법규위반,중앙선 침범,단일로,기타단일로,화물차,승용차,127.98537458,36.15329129999999
5313,2017,2017-06-13 15:00,주간,화,1,10,7,2,경기,의정부시,차대차,정면충돌,운전자법규위반,안전운전 의무 불이행,단일로,기타단일로,승합차,건설기계,127.06949671,37.72663949
5314,2017,2017-06-13 15:00,주간,화,1,1,0,0,전북,남원시,차량단독,전도전복,운전자법규위반,안전운전 의무 불이행,단일로,기타단일로,개인형이동수단(PM),없음,127.32401370000001,35.42790515
5315,2017,2017-06-13 18:00,야간,화,1,1,0,0,경북,구미시,차대차,측면충돌,운전자법규위반,중앙선 침범,단일로,기타단일로,이륜차,승용차,128.34067234,36.12904698
5316,2017,2017-06-13 19:00,야간,화,1,2,0,0,경기,이천시,차대차,정면충돌,운전자법규위반,안전운전 의무 불이행,단일로,기타단일로,승용차,화물차,127.52244057,37.29247868
5317,2017,2017-06-13 20:00,야간,화,1,1,0,0,경남,사천시,차대사람,횡단중,운전자법규위반,안전운전 의무 불이행,단일로,기타단일로,승용차,보행자,128.10367283,35.07378337
5318,2017,2017-06-13 22:00,야간,화,1,1,0,0,충남,아산시,차대사람,횡단중,운전자법규위반,안전운전 의무 불이행,단일로,기타단일로,승용차,보행자,126.99976464,36.76972183
5319,2017,2017-06-13 23:00,야간,화,1,2,0,1,경기,양주시,차대차,추돌,운전자법규위반,안전운전 의무 불이행,교차로,교차로부근,승용차,승합차,127.06242378,37.8408373
5320,2017,2017-06-13 23:00,야간,화,1,3,2,0,대구,북구,차대차,추돌,운전자법규위반,안전운전 의무 불이행,단일로,기타단일로,승용차,승용차,128.54797331,35.89672512
5321,2017,2017-06-14 06:00,주간,수,1,1,0,0,경기,고양시,차대사람,횡단중,운전자법규위반,안전운전 의무 불이행,단일로,기타단일로,승용차,보행자,126.78371149,37.67519023
5322,2017,2017-06-14 10:00,주간,수,1,1,0,0,대전,서구,차대사람,길가장자리구역통행중,운전자법규위반,안전운전 의무 불이행,단일로,기타단일로,승용차,보행자,127.37715904,36.34459355
5323,2017,2017-06-14 12:00,주간,수,1,2,0,1,경북,김천시,차대차,측면충돌,운전자법규위반,중앙선 침범,단일로,기타단일로,승용차,화물차,128.21768111,36.12888239
5324,2017,2017-06-14 12:00,주간,수,1,1,0,0,인천,부평구,차대사람,기타,운전자법규위반,안전운전 의무 불이행,교차로,교차로내,승합차,보행자,126.74493603,37.48389253
5325,2017,2017-06-14 15:00,주간,수,1,3,2,0,경북,군위군,차대차,정면충돌,운전자법규위반,중앙선 침범,단일로,기타단일로,화물차,화물차,128.59260289,36.14816356
5326,2017,2017-06-14 16:00,주간,수,1,1,0,0,제주,제주시,차량단독,전도전복,운전자법규위반,안전운전 의무 불이행,단일로,기타단일로,농기계,없음,126.74720283,33.54554078
5327,2017,2017-06-14 17:00,주간,수,1,1,0,0,경남,거창군,차량단독,도로이탈 추락,운전자법규위반,안전운전 의무 불이행,단일로,기타단일로,원동기장치자전거,없음,128.01489270000002,35.66625179
5328,2017,2017-06-14 17:00,주간,수,1,3,1,1,충남,천안시,차량단독,공작물충돌,운전자법규위반,안전운전 의무 불이행,단일로,기타단일로,화물차,없음,127.17981374,36.76605162
5329,2017,2017-06-15 02:00,야간,목,1,1,0,0,충남,천안시,차대사람,차도통행중,운전자법규위반,안전운전 의무 불이행,단일로,기타단일로,승용차,보행자,127.13368778,36.79823628
5330,2017,2017-06-15 03:00,야간,목,1,1,0,0,인천,강화군,차량단독,도로이탈 기타,운전자법규위반,안전운전 의무 불이행,단일로,기타단일로,이륜차,없음,126.4094104,37.60084952
5331,2017,2017-06-15 03:00,야간,목,1,1,0,0,충북,청주시,차대사람,횡단중,운전자법규위반,안전운전 의무 불이행,교차로,교차로내,승용차,보행자,127.4892711,36.64778311
5332,2017,2017-06-15 13:00,주간,목,1,1,0,0,광주,북구,차대사람,횡단중,운전자법규위반,보행자 보호의무 위반,단일로,기타단일로,승용차,보행자,126.91155278,35.18494871
5333,2017,2017-06-15 13:00,주간,목,1,1,0,0,경기,가평군,차대사람,횡단중,운전자법규위반,신호위반,교차로,교차로내,화물차,보행자,127.50645549999999,37.84064057
5334,2017,2017-06-15 14:00,주간,목,1,1,0,0,전남,진도군,차대차,측면충돌,운전자법규위반,안전운전 의무 불이행,단일로,기타단일로,사륜오토바이(ATV),승용차,126.21750946,34.44267477
5335,2017,2017-06-15 15:00,주간,목,1,1,0,0,충북,청주시,차대사람,횡단중,운전자법규위반,안전운전 의무 불이행,교차로,교차로부근,승합차,보행자,127.37632849999999,36.66424379
5336,2017,2017-06-15 15:00,주간,목,1,1,0,0,서울,금천구,차대사람,보도통행중,운전자법규위반,기타(운전자법규위반),단일로,기타단일로,승합차,보행자,126.90230813,37.43946592
5337,2017,2017-06-15 15:00,주간,목,1,1,0,0,충남,천안시,차대사람,횡단중,운전자법규위반,안전운전 의무 불이행,교차로,교차로내,승합차,보행자,127.14957304,36.8003485
5338,2017,2017-06-15 16:00,주간,목,1,10,2,7,대전,유성구,차대차,추돌,운전자법규위반,안전운전 의무 불이행,단일로,기타단일로,화물차,화물차,127.32541108,36.39224754
5339,2017,2017-06-15 20:00,야간,목,1,1,0,0,충북,제천시,차대사람,기타,운전자법규위반,안전운전 의무 불이행,교차로,교차로내,승용차,보행자,128.16444112,37.1298972
5340,2017,2017-06-15 20:00,야간,목,1,1,0,0,경북,청도군,차대사람,횡단중,운전자법규위반,안전운전 의무 불이행,단일로,기타단일로,화물차,보행자,128.61802627,35.64166907
5341,2017,2017-06-15 20:00,야간,목,1,1,0,0,전북,남원시,차량단독,전도전복,운전자법규위반,안전운전 의무 불이행,단일로,기타단일로,이륜차,없음,127.38135743,35.40289033
5342,2017,2017-06-15 21:00,야간,목,1,3,2,0,대구,달서구,차대차,추돌,운전자법규위반,안전운전 의무 불이행,단일로,기타단일로,승용차,화물차,128.51610747,35.82481024
5343,2017,2017-06-15 23:00,야간,목,1,1,0,0,충남,예산군,차대사람,기타,운전자법규위반,안전운전 의무 불이행,단일로,기타단일로,승용차,보행자,126.72807507,36.68693943
5344,2017,2017-06-15 23:00,야간,목,1,1,0,0,충남,홍성군,차량단독,전도전복,운전자법규위반,안전운전 의무 불이행,단일로,기타단일로,자전거,없음,126.71425087,36.66171608
5345,2017,2017-06-16 00:00,야간,금,1,1,0,0,서울,구로구,차대사람,기타,운전자법규위반,안전운전 의무 불이행,단일로,기타단일로,승용차,보행자,126.85877006,37.50617965
5346,2017,2017-06-16 00:00,야간,금,2,9,3,3,경기,성남시,차대차,추돌,운전자법규위반,과속,단일로,기타단일로,승용차,승용차,127.14051102,37.46296287
5347,2017,2017-06-16 04:00,야간,금,1,1,0,0,부산,사상구,차대사람,횡단중,운전자법규위반,안전운전 의무 불이행,단일로,기타단일로,승용차,보행자,128.9838034,35.16396265
5348,2017,2017-06-16 05:00,야간,금,1,2,0,1,경기,부천시,차대사람,기타,운전자법규위반,과속,단일로,기타단일로,승용차,보행자,126.80837742,37.49504309
5349,2017,2017-06-16 07:00,주간,금,1,1,0,0,전북,익산시,차량단독,전도전복,운전자법규위반,안전운전 의무 불이행,단일로,기타단일로,승용차,없음,126.96155489,35.93662505
5350,2017,2017-06-16 08:00,주간,금,1,1,0,0,대전,서구,차대차,측면충돌,운전자법규위반,신호위반,교차로,교차로내,승용차,원동기장치자전거,127.33470759999999,36.29888815
5351,2017,2017-06-16 08:00,주간,금,1,1,0,0,경북,포항시,차대사람,차도통행중,운전자법규위반,과속,단일로,기타단일로,승용차,보행자,129.37995358,36.03560025
5352,2017,2017-06-16 09:00,주간,금,1,3,2,0,전남,영암군,차대차,추돌,운전자법규위반,안전운전 의무 불이행,단일로,기타단일로,화물차,승합차,126.38940764,34.73604706
5353,2017,2017-06-16 10:00,주간,금,1,1,0,0,경북,봉화군,차대차,기타,운전자법규위반,안전운전 의무 불이행,교차로,교차로부근,농기계,화물차,128.81613986,36.88302816
5354,2017,2017-06-16 10:00,주간,금,1,1,0,0,경기,고양시,차대사람,횡단중,운전자법규위반,보행자 보호의무 위반,단일로,기타단일로,승용차,보행자,126.90070363,37.71759207
5355,2017,2017-06-16 12:00,주간,금,1,1,0,0,인천,계양구,차대차,측면충돌,운전자법규위반,중앙선 침범,교차로,교차로부근,자전거,승용차,126.74574192,37.55668114
5356,2017,2017-06-16 14:00,주간,금,1,1,0,0,서울,용산구,차대사람,기타,운전자법규위반,안전운전 의무 불이행,단일로,기타단일로,승용차,보행자,127.00684150000001,37.53001942
5357,2017,2017-06-16 15:00,주간,금,1,2,0,1,대구,수성구,차대차,측면충돌,운전자법규위반,중앙선 침범,단일로,기타단일로,이륜차,승용차,128.61811957,35.8113186
5358,2017,2017-06-16 16:00,주간,금,1,1,0,0,경기,부천시,차대사람,횡단중,운전자법규위반,보행자 보호의무 위반,교차로,교차로내,승합차,보행자,126.7695597,37.51060105
5359,2017,2017-06-16 17:00,주간,금,1,1,0,0,광주,서구,차대사람,횡단중,운전자법규위반,안전운전 의무 불이행,교차로,교차로부근,화물차,보행자,126.85348038,35.16574582
5360,2017,2017-06-16 19:00,야간,금,1,1,0,0,충남,당진시,차대사람,횡단중,운전자법규위반,안전운전 의무 불이행,단일로,기타단일로,화물차,보행자,126.58799034,36.91993572
5361,2017,2017-06-17 04:00,야간,토,1,2,1,0,서울,도봉구,차대차,기타,운전자법규위반,안전운전 의무 불이행,단일로,지하차도(도로)내,이륜차,승용차,127.05085247,37.64573856
5362,2017,2017-06-17 08:00,주간,토,1,1,0,0,경북,청도군,차량단독,기타,운전자법규위반,안전운전 의무 불이행,단일로,기타단일로,농기계,없음,128.73007071,35.67514337
5363,2017,2017-06-17 11:00,주간,토,1,1,0,0,서울,강서구,차대차,측면충돌,운전자법규위반,부당한 회전,단일로,기타단일로,자전거,승합차,126.81674587,37.5710301
5364,2017,2017-06-17 15:00,주간,토,1,1,0,0,경북,영주시,차량단독,전도전복,운전자법규위반,안전운전 의무 불이행,단일로,기타단일로,이륜차,없음,128.63891552,36.78555894
5365,2017,2017-06-17 16:00,주간,토,1,1,0,0,전북,전주시,차대사람,보도통행중,운전자법규위반,보행자 보호의무 위반,교차로,교차로횡단보도내,승용차,보행자,127.11228873,35.8355127
5366,2017,2017-06-17 20:00,야간,토,1,2,0,1,충북,청주시,차대차,정면충돌,운전자법규위반,신호위반,교차로,교차로내,이륜차,승용차,127.49392691,36.62523697
5367,2017,2017-06-17 23:00,야간,토,1,2,0,1,광주,북구,차대차,추돌,운전자법규위반,안전운전 의무 불이행,교차로,교차로부근,승용차,승합차,126.89378477,35.23628478
5368,2017,2017-06-18 00:00,야간,일,1,1,0,0,서울,마포구,차대사람,차도통행중,운전자법규위반,안전운전 의무 불이행,단일로,기타단일로,승용차,보행자,126.89097233,37.56022366
5369,2017,2017-06-18 00:00,야간,일,1,3,2,0,전남,영광군,차량단독,공작물충돌,운전자법규위반,안전운전 의무 불이행,단일로,기타단일로,승용차,없음,126.44179314,35.38455441
5370,2017,2017-06-18 04:00,야간,일,1,3,2,0,서울,영등포구,차대차,정면충돌,운전자법규위반,중앙선 침범,단일로,기타단일로,승용차,승용차,126.90620707,37.53234148
5371,2017,2017-06-18 06:00,주간,일,1,2,0,1,경북,포항시,차대차,측면충돌,운전자법규위반,신호위반,교차로,교차로내,승용차,원동기장치자전거,129.37945336,36.07244077