,발생년,발생년월일시분,주야,요일,사망자수,사상자수,중상자수,경상자수,발생지시도,발생지시군구,사고유형_대분류,사고유형,법규위반_대분류,법규위반,도로형태_대분류,도로형태,가해자_당사자종별,피해자_당사자종별,경도,위도
5517,2017,2017-07-02 13:00,주간,일,1,1,0,0,경북,군위군,차량단독,공작물충돌,운전자법규위반,안전운전 의무 불이행,단일로,기타단일로,승용차,없음,128.44447154,36.26170858
5518,2017,2017-07-02 13:00,주간,일,1,1,0,0,서울,서초구,차대사람,횡단중,운전자법규위반,안전운전 의무 불이행,단일로,기타단일로,승용차,보행자,127.04009104,37.47878517
5519,2017,2017-07-03 00:00,야간,월,1,1,0,0,서울,송파구,차대사람,횡단중,운전자법규위반,안전운전 의무 불이행,교차로,교차로부근,승합차,보행자,127.12695836,37.47552196
5520,2017,2017-07-03 09:00,주간,월,1,1,0,0,경기,여주시,차대차,측면충돌,운전자법규위반,안전운전 의무 불이행,단일로,고가도로위,승합차,자전거,127.6154678,37.41328268
5521,2017,2017-07-03 09:00,주간,월,1,3,0,2,충남,논산시,차대차,정면충돌,운전자법규위반,신호위반,교차로,교차로내,화물차,승합차,127.08481471,36.19589251
5522,2017,2017-07-03 09:00,주간,월,1,1,0,0,전북,진안군,차량단독,전도전복,운전자법규위반,안전운전 의무 불이행,교차로,교차로부근,화물차,없음,127.58451725,35.84727039
5523,2017,2017-07-03 09:00,주간,월,1,1,0,0,제주,서귀포시,차대사람,횡단중,운전자법규위반,기타(운전자법규위반),기타,기타,승용차,보행자,126.25210326,33.22290938
5524,2017,2017-07-03 10:00,주간,월,1,1,0,0,전북,익산시,차대차,측면충돌,운전자법규위반,신호위반,교차로,교차로내,원동기장치자전거,화물차,126.92541497,35.95447846
5525,2017,2017-07-03 10:00,주간,월,1,4,1,2,경기,광주시,차대차,추돌,운전자법규위반,안전운전 의무 불이행,단일로,터널안,화물차,화물차,127.27550878,37.38576003
5526,2017,2017-07-03 11:00,주간,월,1,1,0,0,경기,수원시,차대사람,횡단중,운전자법규위반,안전운전 의무 불이행,단일로,기타단일로,승용차,보행자,126.96913777,37.28072605
5527,2017,2017-07-03 12:00,주간,월,1,1,0,0,충남,서천군,차량단독,공작물충돌,운전자법규위반,안전운전 의무 불이행,단일로,기타단일로,이륜차,없음,126.7065855,36.05454037
5528,2017,2017-07-03 13:00,주간,월,1,1,0,0,경북,의성군,차대차,측면충돌,운전자법규위반,신호위반,교차로,교차로내,건설기계,승용차,128.41593771,36.40611791
5529,2017,2017-07-03 13:00,주간,월,1,1,0,0,서울,종로구,차대사람,횡단중,운전자법규위반,안전운전 의무 불이행,단일로,기타단일로,화물차,보행자,126.97181226,37.57818924
5530,2017,2017-07-03 18:00,야간,월,1,2,0,1,경남,양산시,차대차,측면충돌,운전자법규위반,신호위반,교차로,교차로내,원동기장치자전거,화물차,129.16514534,35.41080933
5531,2017,2017-07-03 20:00,야간,월,1,1,0,0,경남,양산시,차대차,측면충돌,운전자법규위반,중앙선 침범,단일로,기타단일로,화물차,승용차,129.1605888,35.40664377
5532,2017,2017-07-03 22:00,야간,월,1,1,0,0,경북,청도군,차대사람,길가장자리구역통행중,운전자법규위반,안전운전 의무 불이행,단일로,기타단일로,화물차,보행자,128.57720559999998,35.62614592
5533,2017,2017-07-04 02:00,야간,화,1,1,0,0,경남,창원시(통합),차량단독,공작물충돌,운전자법규위반,안전운전 의무 불이행,교차로,교차로내,승용차,없음,128.39507542,35.11380332
5534,2017,2017-07-04 07:00,주간,화,1,2,1,0,경남,밀양시,차대차,추돌,운전자법규위반,안전운전 의무 불이행,단일로,기타단일로,승용차,화물차,128.7568441,35.446954
5535,2017,2017-07-04 08:00,주간,화,1,1,0,0,경남,양산시,차량단독,전도전복,운전자법규위반,안전운전 의무 불이행,교차로,교차로부근,승합차,없음,129.15499823,35.38149486
5536,2017,2017-07-04 13:00,주간,화,1,1,0,0,경기,부천시,차대차,기타,운전자법규위반,부당한 회전,교차로,교차로내,자전거,승용차,126.75768899,37.50274843
5537,2017,2017-07-04 14:00,주간,화,1,1,0,0,경기,수원시,차대사람,횡단중,운전자법규위반,안전운전 의무 불이행,교차로,교차로내,승용차,보행자,127.02656697,37.29507644
5538,2017,2017-07-04 19:00,야간,화,1,1,0,0,경기,가평군,차대차,측면충돌,운전자법규위반,안전운전 의무 불이행,교차로,교차로내,화물차,화물차,127.50716921,37.81683677
5539,2017,2017-07-04 22:00,야간,화,1,1,0,0,대구,북구,차대사람,횡단중,운전자법규위반,보행자 보호의무 위반,단일로,기타단일로,승용차,보행자,128.54869063,35.91078322
5540,2017,2017-07-05 00:00,야간,수,1,2,0,1,세종,세종,차대차,정면충돌,운전자법규위반,중앙선 침범,단일로,기타단일로,승용차,승합차,127.34712324,36.45978381
5541,2017,2017-07-05 02:00,야간,수,1,1,0,0,서울,노원구,차대사람,차도통행중,운전자법규위반,안전운전 의무 불이행,단일로,기타단일로,승용차,보행자,127.05506294,37.65439833
5542,2017,2017-07-05 02:00,야간,수,1,1,0,0,광주,북구,차대차,측면충돌,운전자법규위반,신호위반,교차로,교차로내,이륜차,승용차,126.90996742,35.16723157
5543,2017,2017-07-05 03:00,야간,수,1,2,1,0,경기,이천시,차대차,정면충돌,운전자법규위반,중앙선 침범,단일로,기타단일로,승용차,승용차,127.6283275,37.13406959
5544,2017,2017-07-05 04:00,야간,수,1,1,0,0,부산,북구,차량단독,공작물충돌,운전자법규위반,안전운전 의무 불이행,단일로,기타단일로,승용차,없음,129.00521611,35.21532466
5545,2017,2017-07-05 09:00,주간,수,1,2,0,1,전북,정읍시,차대차,정면충돌,운전자법규위반,중앙선 침범,단일로,기타단일로,자전거,이륜차,126.92179844,35.70899007
5546,2017,2017-07-05 10:00,주간,수,1,1,0,0,경기,포천시,차대사람,횡단중,운전자법규위반,보행자 보호의무 위반,교차로,교차로내,승합차,보행자,127.20041822,37.90052109
5547,2017,2017-07-05 11:00,주간,수,1,1,0,0,전남,신안군,차대차,정면충돌,운전자법규위반,중앙선 침범,단일로,기타단일로,화물차,이륜차,126.20504809999998,35.05904912
5548,2017,2017-07-05 12:00,주간,수,2,7,5,0,경북,영천시,차대차,추돌,운전자법규위반,안전운전 의무 불이행,단일로,기타단일로,화물차,승용차,128.89999922,36.02730062
5549,2017,2017-07-05 12:00,주간,수,2,12,1,9,충북,청주시,차대사람,기타,운전자법규위반,기타(운전자법규위반),교차로,교차로내,승합차,보행자,127.46032416,36.63504784
5550,2017,2017-07-05 17:00,주간,수,2,3,1,0,전남,완도군,차대차,정면충돌,운전자법규위반,중앙선 침범,단일로,기타단일로,화물차,화물차,126.81884827,34.40140801
5551,2017,2017-07-05 17:00,주간,수,1,1,0,0,경기,시흥시,차대차,측면충돌,운전자법규위반,신호위반,단일로,기타단일로,화물차,이륜차,126.71962675,37.31787788
5552,2017,2017-07-05 18:00,야간,수,1,2,0,1,충남,천안시,차대차,추돌,운전자법규위반,안전운전 의무 불이행,단일로,기타단일로,화물차,화물차,127.30077122,36.72949741
5553,2017,2017-07-05 18:00,야간,수,1,1,0,0,강원,양양군,차량단독,전도전복,운전자법규위반,안전운전 의무 불이행,단일로,기타단일로,건설기계,없음,128.58951963,38.06101446
5554,2017,2017-07-05 21:00,야간,수,1,1,0,0,울산,울주군,차대사람,횡단중,운전자법규위반,신호위반,교차로,교차로부근,승용차,보행자,129.24970289,35.5330609
5555,2017,2017-07-05 22:00,야간,수,1,1,0,0,경기,평택시,차대사람,횡단중,운전자법규위반,안전운전 의무 불이행,단일로,기타단일로,승합차,보행자,127.0305298,37.13458858
5556,2017,2017-07-05 22:00,야간,수,1,1,0,0,서울,구로구,차대사람,횡단중,운전자법규위반,안전운전 의무 불이행,단일로,기타단일로,화물차,보행자,126.84694279,37.49753399
5557,2017,2017-07-05 23:00,야간,수,1,1,0,0,경기,남양주시,차대사람,횡단중,운전자법규위반,안전운전 의무 불이행,교차로,교차로횡단보도내,승용차,보행자,127.19281081,37.72726867
5558,2017,2017-07-05 23:00,야간,수,1,2,0,1,인천,옹진군,차량단독,공작물충돌,운전자법규위반,안전운전 의무 불이행,단일로,기타단일로,승용차,없음,126.44190199,37.51983746
5559,2017,2017-07-05 23:00,야간,수,1,1,0,0,충남,아산시,차대사람,횡단중,운전자법규위반,안전운전 의무 불이행,단일로,기타단일로,승용차,보행자,127.02081376,36.77238667
5560,2017,2017-07-06 01:00,야간,목,1,2,0,1,경남,함양군,차대차,추돌,운전자법규위반,안전운전 의무 불이행,단일로,기타단일로,화물차,화물차,127.70396449,35.64448549
5561,2017,2017-07-06 04:00,야간,목,1,2,0,1,경기,용인시,차대차,기타,운전자법규위반,안전운전 의무 불이행,기타,기타,화물차,화물차,127.13776671,37.03967337
5562,2017,2017-07-06 05:00,야간,목,1,1,0,0,경남,김해시,차대차,측면충돌,운전자법규위반,과속,교차로,교차로내,화물차,원동기장치자전거,128.86796259,35.17402711
5563,2017,2017-07-06 11:00,주간,목,1,1,0,0,충북,괴산군,차대차,추돌,운전자법규위반,안전운전 의무 불이행,단일로,기타단일로,화물차,농기계,127.74141654,36.85511339999999
5564,2017,2017-07-06 12:00,주간,목,1,1,0,0,경기,안성시,차대차,추돌,운전자법규위반,안전운전 의무 불이행,단일로,기타단일로,화물차,화물차,127.33336729999999,36.98108479
5565,2017,2017-07-06 13:00,주간,목,1,1,0,0,충남,공주시,차대차,기타,운전자법규위반,직진 및 우회전차의 통행방해,교차로,교차로내,승용차,승용차,126.93870325,36.48192006
5566,2017,2017-07-06 15:00,주간,목,1,3,0,2,전북,군산시,차대차,정면충돌,운전자법규위반,중앙선 침범,단일로,기타단일로,승용차,원동기장치자전거,126.82478459,36.02471924
5567,2017,2017-07-06 16:00,주간,목,1,1,0,0,경기,군포시,차대사람,횡단중,운전자법규위반,보행자 보호의무 위반,교차로,교차로횡단보도내,승합차,보행자,126.94188156,37.36654747
5568,2017,2017-07-06 20:00,야간,목,1,1,0,0,경기,화성시,차대사람,횡단중,운전자법규위반,과속,단일로,기타단일로,승용차,보행자,126.85467338,37.24129855
5569,2017,2017-07-06 21:00,야간,목,1,1,0,0,서울,서대문구,차대차,측면충돌,운전자법규위반,신호위반,교차로,교차로내,승합차,이륜차,126.90608874,37.57436163
5570,2017,2017-07-06 22:00,야간,목,1,1,0,0,강원,고성군,차대사람,차도통행중,운전자법규위반,안전운전 의무 불이행,기타,기타,승용차,보행자,128.48493912,38.20818117
5571,2017,2017-07-07 00:00,야간,금,1,3,1,1,경기,화성시,차대차,추돌,운전자법규위반,안전운전 의무 불이행,단일로,기타단일로,화물차,화물차,127.09473759999999,37.20436934
5572,2017,2017-07-07 00:00,야간,금,1,1,0,0,경기,포천시,차대사람,횡단중,운전자법규위반,안전운전 의무 불이행,교차로,교차로내,이륜차,보행자,127.14575900000001,37.82791325
5573,2017,2017-07-07 02:00,야간,금,1,1,0,0,전남,순천시,차대사람,횡단중,운전자법규위반,안전운전 의무 불이행,교차로,교차로내,화물차,보행자,127.48816534,34.9186341
5574,2017,2017-07-07 15:00,주간,금,1,8,1,6,경기,고양시,차대차,추돌,운전자법규위반,안전운전 의무 불이행,단일로,기타단일로,승용차,승용차,126.87667222,37.58059146
5575,2017,2017-07-07 21:00,야간,금,1,3,0,2,경기,성남시,차대차,추돌,운전자법규위반,안전운전 의무 불이행,단일로,고가도로위,승용차,승용차,127.13530459,37.43367944
5576,2017,2017-07-07 21:00,야간,금,1,1,0,0,경기,평택시,차대사람,횡단중,운전자법규위반,안전운전 의무 불이행,교차로,교차로내,승합차,보행자,127.11376541,37.01490020000001
5577,2017,2017-07-08 00:00,야간,토,1,4,3,0,전남,해남군,차량단독,기타,운전자법규위반,안전운전 의무 불이행,교차로,교차로부근,승용차,없음,126.34117703,34.69645309
5578,2017,2017-07-08 04:00,야간,토,1,2,0,1,부산,영도구,차량단독,공작물충돌,운전자법규위반,안전운전 의무 불이행,단일로,기타단일로,원동기장치자전거,없음,129.05599873,35.07196941
5579,2017,2017-07-08 07:00,주간,토,1,4,1,2,전북,남원시,차대차,정면충돌,운전자법규위반,안전운전 의무 불이행,단일로,기타단일로,승용차,승용차,127.34588349,35.33404246
5580,2017,2017-07-08 08:00,주간,토,1,1,0,0,경북,영덕군,차량단독,도로이탈 기타,운전자법규위반,안전운전 의무 불이행,단일로,기타단일로,농기계,없음,129.30401231,36.4001318
5581,2017,2017-07-08 15:00,주간,토,2,6,1,3,충남,예산군,차대차,측면충돌,운전자법규위반,신호위반,교차로,교차로내,승용차,화물차,126.88095765,36.636989
5582,2017,2017-07-08 16:00,주간,토,1,1,0,0,경남,김해시,차대차,추돌,운전자법규위반,안전운전 의무 불이행,교차로,교차로부근,이륜차,승용차,128.83995846,35.20530223
5583,2017,2017-07-08 17:00,주간,토,1,1,0,0,경남,사천시,차대사람,기타,운전자법규위반,안전운전 의무 불이행,교차로,교차로내,승용차,보행자,128.0796736,34.94011118
5584,2017,2017-07-08 17:00,주간,토,1,6,5,0,강원,양양군,차대차,정면충돌,운전자법규위반,중앙선 침범,기타,기타,승용차,승용차,128.47039811,38.07534815
5585,2017,2017-07-08 17:00,주간,토,1,1,0,0,경기,용인시,차대사람,횡단중,운전자법규위반,보행자 보호의무 위반,교차로,교차로횡단보도내,승합차,보행자,127.23065261,37.24938494
5586,2017,2017-07-08 19:00,야간,토,1,1,0,0,강원,정선군,차대사람,차도통행중,운전자법규위반,안전운전 의무 불이행,단일로,기타단일로,승용차,보행자,128.722141,37.47242196
5587,2017,2017-07-08 19:00,야간,토,1,2,1,0,경기,안산시,차대차,정면충돌,운전자법규위반,안전운전 의무 불이행,교차로,교차로내,승합차,화물차,126.80313594,37.30267012
5588,2017,2017-07-08 21:00,야간,토,1,1,0,0,경북,영양군,차량단독,전도전복,운전자법규위반,안전운전 의무 불이행,단일로,교량위,승용차,없음,129.23003461,36.74545754
5589,2017,2017-07-08 22:00,야간,토,1,1,0,0,대전,동구,차대사람,횡단중,운전자법규위반,과속,단일로,기타단일로,승용차,보행자,127.43240429,36.35267932
5590,2017,2017-07-08 22:00,야간,토,1,1,0,0,경기,수원시,차대사람,횡단중,운전자법규위반,안전운전 의무 불이행,교차로,교차로내,승용차,보행자,127.02718452,37.26850588
5591,2017,2017-07-09 00:00,야간,일,1,1,0,0,경기,화성시,차대차,추돌,운전자법규위반,과속,단일로,기타단일로,승용차,이륜차,127.02827619,37.22004209
5592,2017,2017-07-09 03:00,야간,일,1,1,0,0,부산,강서구,차량단독,전도전복,운전자법규위반,안전운전 의무 불이행,기타,기타,이륜차,없음,128.91885445,35.10893723
5593,2017,2017-07-09 08:00,주간,일,1,1,0,0,충남,부여군,차대차,측면충돌,운전자법규위반,직진 및 우회전차의 통행방해,교차로,교차로내,이륜차,화물차,126.84014127,36.12487839
5594,2017,2017-07-09 12:00,주간,일,1,1,0,0,경북,영천시,차대차,추돌,운전자법규위반,안전거리 미확보,단일로,기타단일로,건설기계,이륜차,128.96017592,35.94016455
5595,2017,2017-07-09 14:00,주간,일,2,16,4,9,서울,서초구,차대차,추돌,운전자법규위반,안전운전 의무 불이행,단일로,기타단일로,승합차,승용차,127.04749039,37.45567212
5596,2017,2017-07-09 14:00,주간,일,1,1,0,0,경기,양평군,차대차,기타,운전자법규위반,중앙선 침범,단일로,기타단일로,이륜차,자전거,127.46794416,37.56395338
5597,2017,2017-07-09 16:00,주간,일,1,1,0,0,전남,완도군,차대사람,기타,운전자법규위반,안전운전 의무 불이행,단일로,기타단일로,승합차,보행자,126.62421168,34.20239378
5598,2017,2017-07-10 00:00,야간,월,1,1,0,0,경기,김포시,차대차,측면충돌,운전자법규위반,차로위반(진로변경 위반),단일로,기타단일로,이륜차,승용차,126.72821919,37.61558714
5599,2017,2017-07-10 00:00,야간,월,1,1,0,0,대구,달성군,차대사람,횡단중,운전자법규위반,안전운전 의무 불이행,교차로,교차로내,화물차,보행자,128.453904,35.86282569
5600,2017,2017-07-10 10:00,주간,월,1,2,0,1,전북,순창군,차대차,측면충돌,운전자법규위반,안전운전 의무 불이행,단일로,기타단일로,농기계,승용차,127.23178956,35.4564088
5601,2017,2017-07-10 11:00,주간,월,1,1,0,0,경북,상주시,차대차,기타,운전자법규위반,안전운전 의무 불이행,단일로,기타단일로,화물차,이륜차,128.21119741,36.46941027
5602,2017,2017-07-10 16:00,주간,월,1,3,0,2,충남,공주시,차대차,추돌,운전자법규위반,기타(운전자법규위반),단일로,터널안,승용차,승용차,127.2364881,36.35773598
5603,2017,2017-07-10 17:00,주간,월,1,1,0,0,전남,영광군,차대사람,기타,운전자법규위반,안전운전 의무 불이행,교차로,교차로내,승용차,보행자,126.43856664,35.24148001
5604,2017,2017-07-10 18:00,야간,월,1,2,1,0,경기,여주시,차대차,측면충돌,운전자법규위반,중앙선 침범,단일로,기타단일로,승합차,승용차,127.74510625,37.24303763
5605,2017,2017-07-10 19:00,야간,월,1,2,0,1,강원,원주시,차대차,측면충돌,운전자법규위반,안전운전 의무 불이행,단일로,기타단일로,승용차,승용차,127.89040905,37.184552200000006
5606,2017,2017-07-10 19:00,야간,월,1,1,0,0,전북,남원시,차량단독,도로이탈 추락,운전자법규위반,안전운전 의무 불이행,기타,기타,자전거,없음,127.31032990000001,35.30619266
5607,2017,2017-07-10 20:00,야간,월,1,1,0,0,전남,목포시,차대차,측면충돌,운전자법규위반,안전운전 의무 불이행,단일로,기타단일로,승합차,자전거,126.36726495,34.80366932
5608,2017,2017-07-10 21:00,야간,월,1,1,0,0,인천,부평구,차대차,기타,운전자법규위반,안전운전 의무 불이행,단일로,기타단일로,승용차,원동기장치자전거,126.73291468,37.52317052
5609,2017,2017-07-10 22:00,야간,월,1,9,3,5,경기,화성시,차대차,측면충돌,운전자법규위반,중앙선 침범,단일로,기타단일로,승용차,승합차,126.83881777,37.19264399
5610,2017,2017-07-10 22:00,야간,월,2,3,1,0,경기,성남시,차량단독,전도전복,운전자법규위반,안전운전 의무 불이행,단일로,기타단일로,승용차,없음,127.07499178,37.39527777
5611,2017,2017-07-11 04:00,야간,화,1,1,0,0,경기,여주시,차량단독,공작물충돌,운전자법규위반,안전운전 의무 불이행,기타,기타,승용차,없음,127.57270067,37.30138232
5612,2017,2017-07-11 04:00,야간,화,1,3,1,1,대구,수성구,차대차,측면충돌,운전자법규위반,중앙선 침범,단일로,기타단일로,승용차,승용차,128.62936214,35.86656947
5613,2017,2017-07-11 07:00,주간,화,1,1,0,0,강원,횡성군,차대차,추돌,운전자법규위반,안전운전 의무 불이행,단일로,기타단일로,화물차,농기계,127.85991729999999,37.42019151
5614,2017,2017-07-11 08:00,주간,화,1,1,0,0,전북,전주시,차대사람,횡단중,운전자법규위반,안전운전 의무 불이행,교차로,교차로부근,승용차,보행자,127.12634506,35.79417304
5615,2017,2017-07-11 12:00,주간,화,1,6,3,2,경남,함양군,차대차,측면충돌,운전자법규위반,신호위반,교차로,교차로내,화물차,승용차,127.78093608,35.5443013
5616,2017,2017-07-11 17:00,주간,화,1,1,0,0,충북,충주시,차량단독,전도전복,운전자법규위반,안전운전 의무 불이행,단일로,기타단일로,화물차,없음,127.8141695,37.00984846
5617,2017,2017-07-11 22:00,야간,화,1,1,0,0,강원,고성군,차대사람,횡단중,운전자법규위반,안전운전 의무 불이행,교차로,교차로내,화물차,보행자,128.53866821,38.30377865
5618,2017,2017-07-11 22:00,야간,화,1,1,0,0,경북,고령군,차대사람,차도통행중,운전자법규위반,안전운전 의무 불이행,교차로,교차로내,화물차,보행자,128.25163218,35.70599427
5619,2017,2017-07-11 23:00,야간,화,1,1,0,0,서울,영등포구,차대사람,횡단중,운전자법규위반,과속,단일로,기타단일로,이륜차,보행자,126.8966979,37.52133287
5620,2017,2017-07-12 00:00,야간,수,1,1,0,0,경기,화성시,차대사람,차도통행중,운전자법규위반,안전운전 의무 불이행,단일로,기타단일로,승용차,보행자,126.91420927,37.17340821
5621,2017,2017-07-12 00:00,야간,수,1,4,1,2,충북,옥천군,차대차,추돌,운전자법규위반,안전운전 의무 불이행,단일로,기타단일로,화물차,특수차,127.53618976,36.33129935
5622,2017,2017-07-12 02:00,야간,수,1,2,1,0,강원,원주시,차대차,기타,운전자법규위반,안전운전 의무 불이행,단일로,기타단일로,이륜차,화물차,127.9494547,37.32020870000001
5623,2017,2017-07-12 03:00,야간,수,1,1,0,0,부산,북구,차대차,측면충돌,운전자법규위반,안전운전 의무 불이행,교차로,교차로내,승용차,이륜차,129.00826232,35.19856012
5624,2017,2017-07-12 04:00,야간,수,1,1,0,0,경기,양주시,차대사람,횡단중,운전자법규위반,안전운전 의무 불이행,단일로,기타단일로,화물차,보행자,126.97724692,37.74008377
5625,2017,2017-07-12 08:00,주간,수,1,1,0,0,서울,강동구,차대사람,차도통행중,운전자법규위반,안전운전 의무 불이행,단일로,기타단일로,승용차,보행자,127.12169239,37.54639717
5626,2017,2017-07-12 09:00,주간,수,1,1,0,0,전북,부안군,차대사람,횡단중,운전자법규위반,안전운전 의무 불이행,교차로,교차로부근,승합차,보행자,126.73095933,35.72651316
5627,2017,2017-07-12 09:00,주간,수,1,1,0,0,경남,통영시,차대사람,횡단중,운전자법규위반,안전운전 의무 불이행,교차로,교차로횡단보도내,화물차,보행자,128.42433716,34.84531696
5628,2017,2017-07-12 09:00,주간,수,1,1,0,0,경북,포항시,차량단독,전도전복,운전자법규위반,안전운전 의무 불이행,단일로,기타단일로,이륜차,없음,129.363393,35.92942485
5629,2017,2017-07-12 10:00,주간,수,1,1,0,0,충남,홍성군,철길건널목,철길건널목,운전자법규위반,철길건널목 통과방법위반,철길건널목,철길건널목,자전거,기타,126.62373371,36.49817877
5630,2017,2017-07-12 17:00,주간,수,1,1,0,0,충남,금산군,차대사람,횡단중,운전자법규위반,안전운전 의무 불이행,교차로,교차로내,화물차,보행자,127.48838057,36.09303935
5631,2017,2017-07-12 17:00,주간,수,1,1,0,0,충북,청주시,차대사람,횡단중,운전자법규위반,보행자 보호의무 위반,교차로,교차로횡단보도내,승용차,보행자,127.43076019,36.62260266
5632,2017,2017-07-12 18:00,야간,수,1,1,0,0,경기,수원시,차대차,기타,운전자법규위반,차로위반(진로변경 위반),교차로,교차로부근,이륜차,승합차,127.03165923,37.2890033
5633,2017,2017-07-12 20:00,야간,수,1,1,0,0,경기,파주시,차대사람,기타,운전자법규위반,안전운전 의무 불이행,단일로,기타단일로,화물차,보행자,126.72857209,37.83750129
5634,2017,2017-07-12 21:00,야간,수,1,1,0,0,광주,북구,차대사람,횡단중,운전자법규위반,안전운전 의무 불이행,교차로,교차로횡단보도내,화물차,보행자,126.93223939,35.18421789
5635,2017,2017-07-12 21:00,야간,수,1,2,1,0,서울,노원구,차대사람,횡단중,운전자법규위반,안전운전 의무 불이행,단일로,기타단일로,승용차,보행자,127.06093477,37.67375396
5636,2017,2017-07-12 22:00,야간,수,1,1,0,0,경기,성남시,차대사람,횡단중,운전자법규위반,안전운전 의무 불이행,단일로,기타단일로,승용차,보행자,127.12612803,37.45603179
5637,2017,2017-07-12 22:00,야간,수,1,1,0,0,경기,양평군,차대사람,차도통행중,운전자법규위반,안전운전 의무 불이행,단일로,기타단일로,화물차,보행자,127.54001635,37.4161446
5638,2017,2017-07-13 01:00,야간,목,1,1,0,0,경기,화성시,차대사람,횡단중,운전자법규위반,안전운전 의무 불이행,단일로,기타단일로,화물차,보행자,126.87522164,37.24329265
5639,2017,2017-07-13 02:00,야간,목,1,2,1,0,경기,고양시,차대사람,기타,운전자법규위반,안전운전 의무 불이행,단일로,기타단일로,승용차,보행자,126.87453129,37.58199524
5640,2017,2017-07-13 08:00,주간,목,1,1,0,0,경기,화성시,차대차,기타,운전자법규위반,안전운전 의무 불이행,단일로,기타단일로,원동기장치자전거,건설기계,126.86133052,37.27007092
5641,2017,2017-07-13 09:00,주간,목,1,1,0,0,충북,영동군,차량단독,기타,운전자법규위반,안전운전 의무 불이행,교차로,교차로내,농기계,없음,127.76352798,36.13044499
5642,2017,2017-07-13 10:00,주간,목,1,1,0,0,제주,서귀포시,차대사람,차도통행중,운전자법규위반,안전운전 의무 불이행,단일로,기타단일로,승용차,보행자,126.91180642,33.45215166
5643,2017,2017-07-13 11:00,주간,목,1,4,1,2,경기,남양주시,차대사람,횡단중,운전자법규위반,안전운전 의무 불이행,기타,기타,승용차,보행자,127.30699523,37.65232144
5644,2017,2017-07-13 12:00,주간,목,1,1,0,0,인천,옹진군,차대차,측면충돌,운전자법규위반,안전운전 의무 불이행,단일로,기타단일로,승용차,이륜차,126.52895349,37.24237449
5645,2017,2017-07-13 15:00,주간,목,1,1,0,0,서울,성동구,차대차,측면충돌,운전자법규위반,안전운전 의무 불이행,교차로,교차로내,자전거,승용차,127.06188522,37.54276527
5646,2017,2017-07-13 16:00,주간,목,1,2,1,0,전북,장수군,차대차,기타,운전자법규위반,안전운전 의무 불이행,단일로,터널안,승용차,화물차,127.55807418,35.728037
5647,2017,2017-07-13 18:00,야간,목,1,2,1,0,전북,익산시,차대차,측면충돌,운전자법규위반,신호위반,교차로,교차로내,승용차,승용차,127.00182591,36.00956428
5648,2017,2017-07-13 20:00,야간,목,1,1,0,0,인천,남동구,차대사람,차도통행중,운전자법규위반,안전운전 의무 불이행,단일로,기타단일로,승합차,보행자,126.72600223,37.45094284
5649,2017,2017-07-14 02:00,야간,금,1,2,1,0,강원,횡성군,차대차,정면충돌,운전자법규위반,중앙선 침범,단일로,기타단일로,승용차,승용차,128.00526157,37.48784068
5650,2017,2017-07-14 02:00,야간,금,1,1,0,0,경기,부천시,차대사람,횡단중,운전자법규위반,과속,단일로,기타단일로,승용차,보행자,126.77198133,37.5035855
5651,2017,2017-07-14 07:00,주간,금,1,1,0,0,대구,수성구,차대사람,횡단중,운전자법규위반,보행자 보호의무 위반,단일로,기타단일로,건설기계,보행자,128.62354811,35.837593700000006
5652,2017,2017-07-14 07:00,주간,금,1,3,0,2,부산,동래구,차대차,측면충돌,운전자법규위반,안전운전 의무 불이행,단일로,기타단일로,승용차,화물차,129.06747871,35.20865597
5653,2017,2017-07-14 09:00,주간,금,1,1,0,0,전북,익산시,차대사람,횡단중,운전자법규위반,안전운전 의무 불이행,교차로,교차로횡단보도내,건설기계,보행자,126.98804336,35.94782872
5654,2017,2017-07-14 11:00,주간,금,1,1,0,0,경기,남양주시,차량단독,전도,운전자법규위반,안전운전 의무 불이행,단일로,기타단일로,이륜차,없음,127.17802208,37.63860995
5655,2017,2017-07-14 11:00,주간,금,1,2,0,1,인천,계양구,차대차,추돌,운전자법규위반,안전운전 의무 불이행,단일로,기타단일로,화물차,승용차,126.7492341,37.54150412
5656,2017,2017-07-14 12:00,주간,금,1,1,0,0,서울,은평구,차대차,측면충돌,운전자법규위반,안전운전 의무 불이행,교차로,교차로부근,이륜차,건설기계,126.88909916,37.58578506
5657,2017,2017-07-14 17:00,주간,금,1,1,0,0,전남,담양군,차량단독,도로이탈 추락,운전자법규위반,안전운전 의무 불이행,단일로,기타단일로,승용차,없음,127.03952199,35.24675549
5658,2017,2017-07-14 21:00,야간,금,1,1,0,0,전북,익산시,차대사람,횡단중,운전자법규위반,안전운전 의무 불이행,교차로,교차로횡단보도내,화물차,보행자,126.99325234,35.96017647
5659,2017,2017-07-14 22:00,야간,금,1,1,0,0,서울,용산구,차대차,기타,운전자법규위반,과속,단일로,교량위,이륜차,승용차,126.9452615,37.52687091
5660,2017,2017-07-14 22:00,야간,금,1,1,0,0,서울,강동구,차대사람,횡단중,운전자법규위반,안전운전 의무 불이행,단일로,기타단일로,승용차,보행자,127.12033631,37.54369777
5661,2017,2017-07-14 23:00,야간,금,1,1,0,0,전북,진안군,차량단독,기타,운전자법규위반,안전운전 의무 불이행,단일로,기타단일로,화물차,없음,127.39947079,35.69692958
5662,2017,2017-07-15 08:00,주간,토,1,1,0,0,경남,창원시(통합),차대차,기타,운전자법규위반,안전운전 의무 불이행,교차로,교차로횡단보도내,화물차,원동기장치자전거,128.65621958,35.22557205