,발생년,발생년월일시분,주야,요일,사망자수,사상자수,중상자수,경상자수,발생지시도,발생지시군구,사고유형_대분류,사고유형,법규위반_대분류,법규위반,도로형태_대분류,도로형태,가해자_당사자종별,피해자_당사자종별,경도,위도
5663,2017,2017-07-15 11:00,주간,토,1,1,0,0,서울,양천구,차대사람,기타,운전자법규위반,안전운전 의무 불이행,교차로,교차로내,화물차,보행자,126.86402988,37.54365911
5664,2017,2017-07-15 15:00,주간,토,1,1,0,0,경북,예천군,차대사람,기타,운전자법규위반,안전운전 의무 불이행,교차로,교차로부근,승용차,보행자,128.48697988,36.64537145
5665,2017,2017-07-15 16:00,주간,토,1,2,0,1,충남,아산시,차대차,정면충돌,운전자법규위반,중앙선 침범,단일로,기타단일로,화물차,화물차,127.07126595,36.89010272
5666,2017,2017-07-15 18:00,야간,토,1,1,0,0,전북,남원시,차량단독,전도전복,운전자법규위반,안전운전 의무 불이행,교차로,교차로부근,화물차,없음,127.65510636,35.43158558
5667,2017,2017-07-15 21:00,야간,토,1,1,0,0,대구,남구,차대사람,횡단중,운전자법규위반,안전운전 의무 불이행,단일로,기타단일로,승용차,보행자,128.59834144,35.85477616
5668,2017,2017-07-15 21:00,야간,토,1,1,0,0,전남,여수시,차량단독,도로이탈 추락,운전자법규위반,안전운전 의무 불이행,교차로,교차로내,화물차,없음,127.65436644,34.79054016
5669,2017,2017-07-15 22:00,야간,토,1,1,0,0,전북,익산시,차대사람,횡단중,운전자법규위반,안전운전 의무 불이행,교차로,교차로부근,승합차,보행자,126.95898152,35.95324962
5670,2017,2017-07-16 04:00,야간,일,1,1,0,0,경기,군포시,차대사람,횡단중,운전자법규위반,과속,교차로,교차로횡단보도내,승용차,보행자,126.94001135,37.37050468
5671,2017,2017-07-16 04:00,야간,일,1,1,0,0,대구,달성군,차량단독,공작물충돌,운전자법규위반,과속,교차로,교차로내,승용차,없음,128.49727803,35.80367266
5672,2017,2017-07-16 08:00,주간,일,2,2,0,0,충북,진천군,차량단독,공작물충돌,운전자법규위반,안전운전 의무 불이행,단일로,기타단일로,승용차,없음,127.4923746,36.82839543
5673,2017,2017-07-16 13:00,주간,일,2,2,0,0,전남,담양군,차대차,측면충돌,운전자법규위반,안전운전 의무 불이행,교차로,교차로내,승용차,승합차,126.94134125,35.30359302
5674,2017,2017-07-16 15:00,주간,일,1,9,2,6,충북,충주시,차대차,추돌,운전자법규위반,안전운전 의무 불이행,단일로,기타단일로,승용차,승용차,127.84582076,36.98218543
5675,2017,2017-07-16 15:00,주간,일,1,4,0,3,충남,서천군,차대차,측면충돌,운전자법규위반,중앙선 침범,단일로,기타단일로,화물차,승합차,126.77911363,36.07345344
5676,2017,2017-07-16 16:00,주간,일,1,1,0,0,경기,포천시,차량단독,전도전복,운전자법규위반,안전운전 의무 불이행,단일로,기타단일로,화물차,없음,127.22520778,37.94210444
5677,2017,2017-07-16 16:00,주간,일,1,1,0,0,전남,담양군,차대차,측면충돌,운전자법규위반,안전운전 의무 불이행,단일로,기타단일로,원동기장치자전거,승용차,126.97263977,35.30580472
5678,2017,2017-07-16 18:00,야간,일,1,1,0,0,전북,군산시,차대사람,횡단중,운전자법규위반,안전운전 의무 불이행,단일로,기타단일로,승용차,보행자,126.73768997,35.96923571
5679,2017,2017-07-16 22:00,야간,일,1,1,0,0,경남,창원시(통합),차량단독,전도,운전자법규위반,안전운전 의무 불이행,단일로,기타단일로,원동기장치자전거,없음,128.70129128,35.18443279
5680,2017,2017-07-17 00:00,야간,월,1,1,0,0,전북,군산시,차대차,측면충돌,운전자법규위반,안전운전 의무 불이행,교차로,교차로내,승용차,이륜차,126.73320004,35.97283052
5681,2017,2017-07-17 02:00,야간,월,1,1,0,0,경기,파주시,차대차,측면충돌,운전자법규위반,안전운전 의무 불이행,단일로,기타단일로,승용차,화물차,126.73745804,37.82878054
5682,2017,2017-07-17 07:00,주간,월,1,1,0,0,충남,홍성군,차대차,측면충돌,운전자법규위반,신호위반,교차로,교차로내,화물차,승용차,126.52681729,36.61304138
5683,2017,2017-07-17 09:00,주간,월,1,1,0,0,제주,제주시,차량단독,전도,운전자법규위반,안전운전 의무 불이행,단일로,기타단일로,농기계,없음,126.75972007,33.54794322
5684,2017,2017-07-17 09:00,주간,월,1,1,0,0,경기,남양주시,차대사람,횡단중,운전자법규위반,안전운전 의무 불이행,기타,기타,승용차,보행자,127.1821011,37.70804195
5685,2017,2017-07-17 11:00,주간,월,1,1,0,0,충남,서산시,차대사람,횡단중,운전자법규위반,안전운전 의무 불이행,교차로,교차로횡단보도내,화물차,보행자,126.45934291,36.78175375
5686,2017,2017-07-17 15:00,주간,월,1,1,0,0,광주,남구,차대사람,횡단중,운전자법규위반,안전운전 의무 불이행,단일로,기타단일로,승합차,보행자,126.9004406,35.13367924
5687,2017,2017-07-17 15:00,주간,월,1,1,0,0,대전,동구,차대차,측면충돌,운전자법규위반,안전운전 의무 불이행,단일로,기타단일로,이륜차,승용차,127.44430342,36.32692838
5688,2017,2017-07-17 16:00,주간,월,1,1,0,0,경기,용인시,차대차,측면충돌,운전자법규위반,교차로 통행방법 위반,교차로,교차로내,건설기계,자전거,127.21453259999998,37.23922442
5689,2017,2017-07-17 19:00,야간,월,1,1,0,0,울산,남구,차대차,측면충돌,운전자법규위반,안전거리 미확보,교차로,교차로부근,승용차,승용차,129.36137599,35.49221789
5690,2017,2017-07-17 19:00,야간,월,2,2,0,0,충남,공주시,차량단독,전도전복,운전자법규위반,안전운전 의무 불이행,단일로,기타단일로,승용차,없음,127.02557146,36.49398966
5691,2017,2017-07-17 21:00,야간,월,2,2,0,0,경기,이천시,차대차,정면충돌,운전자법규위반,안전운전 의무 불이행,단일로,기타단일로,승용차,원동기장치자전거,127.42833345,37.31746385
5692,2017,2017-07-18 01:00,야간,화,1,1,0,0,강원,양양군,차대사람,횡단중,운전자법규위반,안전운전 의무 불이행,교차로,교차로내,승용차,보행자,128.6283587,38.09610262
5693,2017,2017-07-18 03:00,야간,화,1,1,0,0,전남,담양군,차량단독,공작물충돌,운전자법규위반,안전운전 의무 불이행,단일로,기타단일로,승용차,없음,127.02067614,35.33733823
5694,2017,2017-07-18 04:00,야간,화,1,1,0,0,경북,경산시,차대차,기타,운전자법규위반,안전운전 의무 불이행,단일로,기타단일로,승용차,농기계,128.73237522,35.83405662
5695,2017,2017-07-18 10:00,주간,화,1,1,0,0,경기,안성시,차대차,기타,운전자법규위반,안전운전 의무 불이행,교차로,교차로내,화물차,농기계,127.18279978,37.03317857
5696,2017,2017-07-18 11:00,주간,화,1,2,0,1,경북,경산시,차대차,정면충돌,운전자법규위반,안전운전 의무 불이행,교차로,교차로내,이륜차,승용차,128.81215452,35.83467245
5697,2017,2017-07-18 12:00,주간,화,1,1,0,0,충북,옥천군,차대차,측면충돌,운전자법규위반,안전운전 의무 불이행,교차로,교차로내,원동기장치자전거,승용차,127.56666104,36.30214826
5698,2017,2017-07-18 12:00,주간,화,1,2,1,0,서울,서초구,차대사람,횡단중,운전자법규위반,보행자 보호의무 위반,단일로,기타단일로,승용차,보행자,126.99477648,37.50150363
5699,2017,2017-07-18 12:00,주간,화,1,1,0,0,경남,창녕군,차대차,측면충돌,운전자법규위반,안전운전 의무 불이행,단일로,기타단일로,화물차,이륜차,128.51146777,35.4891925
5700,2017,2017-07-18 14:00,주간,화,1,1,0,0,충북,청주시,차대차,측면충돌,운전자법규위반,안전운전 의무 불이행,단일로,기타단일로,승용차,화물차,127.43023069,36.47771148
5701,2017,2017-07-18 16:00,주간,화,1,1,0,0,경기,안양시,차대사람,보도통행중,운전자법규위반,안전운전 의무 불이행,단일로,기타단일로,자전거,보행자,126.95298307,37.38673605
5702,2017,2017-07-18 17:00,주간,화,1,3,0,2,충북,청주시,차대차,측면충돌,운전자법규위반,신호위반,교차로,교차로내,이륜차,승용차,127.42712567,36.71726626
5703,2017,2017-07-18 17:00,주간,화,1,1,0,0,경남,거제시,차대차,측면충돌,운전자법규위반,중앙선 침범,기타,기타,화물차,이륜차,128.65505477,34.91658059
5704,2017,2017-07-18 18:00,야간,화,1,2,0,1,경기,양평군,차량단독,공작물충돌,운전자법규위반,안전운전 의무 불이행,단일로,교량위,이륜차,없음,127.30701759,37.53400112
5705,2017,2017-07-18 19:00,야간,화,1,1,0,0,경기,군포시,차대사람,기타,운전자법규위반,안전운전 의무 불이행,교차로,교차로횡단보도내,화물차,보행자,126.93682468,37.3344705
5706,2017,2017-07-19 02:00,야간,수,1,1,0,0,강원,춘천시,차대사람,차도통행중,운전자법규위반,안전운전 의무 불이행,단일로,기타단일로,화물차,보행자,127.76131629999999,37.84434996
5707,2017,2017-07-19 05:00,야간,수,1,1,0,0,경남,창원시(통합),차량단독,전도전복,운전자법규위반,안전운전 의무 불이행,단일로,기타단일로,화물차,없음,128.65882809,35.26989903
5708,2017,2017-07-19 10:00,주간,수,1,2,0,1,전북,완주군,차대차,측면충돌,운전자법규위반,신호위반,교차로,교차로내,승용차,화물차,127.12103061,35.96679596
5709,2017,2017-07-19 15:00,주간,수,1,1,0,0,전남,진도군,차대사람,횡단중,운전자법규위반,보행자 보호의무 위반,교차로,교차로횡단보도내,화물차,보행자,126.28046289999999,34.42553186
5710,2017,2017-07-19 17:00,주간,수,1,1,0,0,경기,남양주시,차대차,측면충돌,운전자법규위반,부당한 회전,단일로,기타단일로,사륜오토바이(ATV),화물차,127.17882115,37.70044385
5711,2017,2017-07-19 17:00,주간,수,1,1,0,0,경남,창원시(통합),차대차,측면충돌,운전자법규위반,안전운전 의무 불이행,단일로,기타단일로,승용차,원동기장치자전거,128.49510946,35.12105733
5712,2017,2017-07-19 19:00,야간,수,1,1,0,0,강원,원주시,차량단독,전도전복,운전자법규위반,안전운전 의무 불이행,단일로,기타단일로,사륜오토바이(ATV),없음,127.8353139,37.28051306
5713,2017,2017-07-19 20:00,야간,수,1,2,1,0,경남,창녕군,차대차,기타,운전자법규위반,안전운전 의무 불이행,단일로,기타단일로,승용차,이륜차,128.51006286,35.49409108
5714,2017,2017-07-20 00:00,야간,목,1,1,0,0,경기,평택시,차대사람,횡단중,운전자법규위반,과속,교차로,교차로횡단보도내,승용차,보행자,127.11366513,36.99473474
5715,2017,2017-07-20 00:00,야간,목,1,1,0,0,서울,도봉구,차대차,측면충돌,운전자법규위반,안전운전 의무 불이행,교차로,교차로부근,승용차,자전거,127.0398494,37.67086143
5716,2017,2017-07-20 00:00,야간,목,1,1,0,0,충북,청주시,차대차,기타,운전자법규위반,중앙선 침범,교차로,교차로횡단보도내,자전거,승용차,127.50119746,36.67277302
5717,2017,2017-07-20 03:00,야간,목,1,1,0,0,강원,춘천시,차대사람,횡단중,운전자법규위반,보행자 보호의무 위반,교차로,교차로부근,화물차,보행자,127.74156067,37.89012723
5718,2017,2017-07-20 05:00,야간,목,1,1,0,0,전북,고창군,차대사람,길가장자리구역통행중,운전자법규위반,안전운전 의무 불이행,단일로,기타단일로,화물차,보행자,126.53032841,35.50541329
5719,2017,2017-07-20 08:00,주간,목,1,1,0,0,경기,용인시,차대사람,횡단중,운전자법규위반,안전운전 의무 불이행,교차로,교차로내,승용차,보행자,127.11293845,37.11577624
5720,2017,2017-07-20 08:00,주간,목,1,1,0,0,전남,해남군,차량단독,전도전복,운전자법규위반,안전운전 의무 불이행,단일로,기타단일로,농기계,없음,126.53518852,34.31714993
5721,2017,2017-07-20 10:00,주간,목,1,1,0,0,경남,밀양시,차대차,추돌,운전자법규위반,안전거리 미확보,단일로,기타단일로,화물차,화물차,128.77676756,35.48338598
5722,2017,2017-07-20 12:00,주간,목,1,1,0,0,경북,예천군,차량단독,전도,운전자법규위반,안전운전 의무 불이행,단일로,기타단일로,건설기계,없음,128.35155089,36.56387766
5723,2017,2017-07-20 17:00,주간,목,1,1,0,0,전북,장수군,차량단독,전도전복,운전자법규위반,안전운전 의무 불이행,단일로,기타단일로,건설기계,없음,127.51217706,35.74585767
5724,2017,2017-07-20 18:00,야간,목,1,2,1,0,충남,천안시,차대차,정면충돌,운전자법규위반,중앙선 침범,단일로,기타단일로,승용차,승용차,127.31818301,36.7555889
5725,2017,2017-07-20 21:00,야간,목,1,3,1,0,경기,화성시,차대차,추돌,운전자법규위반,안전운전 의무 불이행,단일로,기타단일로,승용차,화물차,126.96802360000001,37.18890479
5726,2017,2017-07-20 21:00,야간,목,1,1,0,0,경북,구미시,차량단독,전도전복,운전자법규위반,안전운전 의무 불이행,단일로,기타단일로,이륜차,없음,128.35163497,36.23430507
5727,2017,2017-07-20 22:00,야간,목,1,2,1,0,대구,북구,차대차,측면충돌,운전자법규위반,신호위반,교차로,교차로내,화물차,화물차,128.59645554,35.90196304
5728,2017,2017-07-20 22:00,야간,목,1,1,0,0,광주,서구,차대사람,횡단중,운전자법규위반,안전운전 의무 불이행,교차로,교차로횡단보도내,승용차,보행자,126.88576435,35.14109712
5729,2017,2017-07-21 00:00,야간,금,1,1,0,0,경남,하동군,차량단독,전도전복,운전자법규위반,안전운전 의무 불이행,단일로,기타단일로,화물차,없음,127.81121045,34.99570517
5730,2017,2017-07-21 01:00,야간,금,1,3,2,0,경기,평택시,차량단독,전도전복,운전자법규위반,안전운전 의무 불이행,단일로,기타단일로,승용차,없음,127.07269385,37.03035421
5731,2017,2017-07-21 05:00,야간,금,1,2,0,1,경북,군위군,차량단독,공작물충돌,운전자법규위반,안전운전 의무 불이행,단일로,기타단일로,화물차,없음,128.56735205,36.25413014
5732,2017,2017-07-21 08:00,주간,금,1,1,0,0,전남,고흥군,차대사람,횡단중,운전자법규위반,안전운전 의무 불이행,단일로,기타단일로,건설기계,보행자,127.12941343,34.47324728
5733,2017,2017-07-21 09:00,주간,금,1,1,0,0,전북,정읍시,차대사람,횡단중,운전자법규위반,과속,단일로,기타단일로,화물차,보행자,126.90325248,35.68473601
5734,2017,2017-07-21 10:00,주간,금,1,1,0,0,경기,파주시,차대사람,횡단중,운전자법규위반,보행자 보호의무 위반,교차로,교차로횡단보도내,승합차,보행자,126.74948984,37.72338713
5735,2017,2017-07-21 12:00,주간,금,1,1,0,0,경북,문경시,차량단독,공작물충돌,운전자법규위반,안전운전 의무 불이행,단일로,기타단일로,화물차,없음,128.15553423,36.6255433
5736,2017,2017-07-21 21:00,야간,금,1,1,0,0,대구,북구,차대사람,기타,운전자법규위반,안전운전 의무 불이행,단일로,기타단일로,자전거,보행자,128.61692745,35.92283465
5737,2017,2017-07-21 23:00,야간,금,1,1,0,0,경기,수원시,차대차,정면충돌,운전자법규위반,신호위반,교차로,교차로내,승용차,승합차,126.94257981,37.26747072
5738,2017,2017-07-22 01:00,야간,토,1,3,2,0,경기,김포시,차대차,측면충돌,운전자법규위반,안전운전 의무 불이행,교차로,교차로내,승용차,특수차,126.62563023,37.6427584
5739,2017,2017-07-22 01:00,야간,토,1,1,0,0,경기,화성시,차량단독,전도전복,운전자법규위반,안전운전 의무 불이행,단일로,기타단일로,개인형이동수단(PM),없음,126.90800682,37.10928726
5740,2017,2017-07-22 03:00,야간,토,1,2,0,1,서울,용산구,차대사람,기타,운전자법규위반,안전운전 의무 불이행,단일로,기타단일로,승용차,보행자,126.98645159,37.53754894
5741,2017,2017-07-22 03:00,야간,토,1,1,0,0,서울,서초구,차대사람,횡단중,운전자법규위반,안전운전 의무 불이행,단일로,기타단일로,승용차,보행자,127.02302152,37.50407275
5742,2017,2017-07-22 07:00,주간,토,1,1,0,0,전남,영암군,차량단독,전도전복,운전자법규위반,안전운전 의무 불이행,단일로,기타단일로,원동기장치자전거,없음,126.60889395,34.85827934
5743,2017,2017-07-22 08:00,주간,토,1,1,0,0,경남,통영시,차대사람,기타,운전자법규위반,안전운전 의무 불이행,교차로,교차로부근,건설기계,보행자,128.39338877,34.90344796
5744,2017,2017-07-22 10:00,주간,토,1,1,0,0,전남,영암군,차량단독,전도,운전자법규위반,안전운전 의무 불이행,단일로,기타단일로,자전거,없음,126.55640821,34.71238066
5745,2017,2017-07-22 12:00,주간,토,1,2,0,0,인천,옹진군,차량단독,공작물충돌,운전자법규위반,안전운전 의무 불이행,교차로,교차로부근,자전거,없음,126.31197195,37.25001366
5746,2017,2017-07-22 12:00,주간,토,1,4,1,2,서울,도봉구,차대차,추돌,운전자법규위반,안전운전 의무 불이행,단일로,기타단일로,승용차,승용차,127.02481933,37.65216224
5747,2017,2017-07-22 20:00,야간,토,1,1,0,0,강원,영월군,차대사람,기타,운전자법규위반,안전운전 의무 불이행,단일로,기타단일로,승용차,보행자,128.37704193,37.21529152
5748,2017,2017-07-22 20:00,야간,토,1,1,0,0,서울,서초구,차대사람,횡단중,운전자법규위반,안전운전 의무 불이행,단일로,기타단일로,승용차,보행자,127.00604124,37.49517867
5749,2017,2017-07-22 23:00,야간,토,1,3,2,0,강원,삼척시,차대차,추돌,운전자법규위반,과속,단일로,기타단일로,승용차,승합차,129.21273064,37.39355961
5750,2017,2017-07-23 00:00,야간,일,1,1,0,0,제주,서귀포시,차대사람,횡단중,운전자법규위반,안전운전 의무 불이행,교차로,교차로내,승용차,보행자,126.90096047,33.47406224
5751,2017,2017-07-23 09:00,주간,일,1,7,2,4,강원,인제군,차대차,기타,운전자법규위반,과속,단일로,기타단일로,승합차,승합차,128.18349904,38.07446846
5752,2017,2017-07-23 09:00,주간,일,1,1,0,0,경북,의성군,차대차,측면충돌,운전자법규위반,앞지르기 금지위반,교차로,교차로내,특수차,이륜차,128.43095953,36.36492938
5753,2017,2017-07-23 09:00,주간,일,1,1,0,0,충북,영동군,차량단독,도로이탈 기타,운전자법규위반,안전운전 의무 불이행,단일로,기타단일로,승용차,없음,127.63066296,36.17682402
5754,2017,2017-07-23 11:00,주간,일,1,3,0,2,서울,송파구,차대차,정면충돌,운전자법규위반,신호위반,교차로,교차로내,승용차,승용차,127.13715133,37.47492275
5755,2017,2017-07-23 14:00,주간,일,1,3,1,0,강원,양구군,차량단독,전도,운전자법규위반,과속,단일로,터널안,승용차,없음,128.01159950000002,38.10547993
5756,2017,2017-07-23 17:00,주간,일,2,4,1,1,서울,은평구,차대차,기타,운전자법규위반,신호위반,교차로,교차로내,이륜차,승용차,126.93132936,37.60884505
5757,2017,2017-07-23 19:00,야간,일,1,1,0,0,전북,고창군,차대사람,기타,운전자법규위반,부당한 회전,교차로,교차로내,화물차,보행자,126.60636644,35.46263184
5758,2017,2017-07-23 21:00,야간,일,2,2,0,0,충남,보령시,차대사람,길가장자리구역통행중,운전자법규위반,안전운전 의무 불이행,단일로,기타단일로,승용차,보행자,126.55357755,36.48738395
5759,2017,2017-07-23 23:00,야간,일,1,2,0,1,충남,천안시,차량단독,공작물충돌,운전자법규위반,안전운전 의무 불이행,단일로,기타단일로,승용차,없음,127.10021752,36.79806538
5760,2017,2017-07-24 01:00,야간,월,1,1,0,0,경기,고양시,차량단독,전도전복,운전자법규위반,안전운전 의무 불이행,단일로,기타단일로,승용차,없음,126.82097812,37.61000126
5761,2017,2017-07-24 03:00,야간,월,1,1,0,0,경기,성남시,차대사람,횡단중,운전자법규위반,안전운전 의무 불이행,교차로,교차로부근,승용차,보행자,127.12684382,37.44850762
5762,2017,2017-07-24 08:00,주간,월,1,1,0,0,전남,여수시,차량단독,기타,운전자법규위반,기타(운전자법규위반),단일로,기타단일로,화물차,없음,127.79552521,34.6024014
5763,2017,2017-07-24 10:00,주간,월,1,1,0,0,경기,연천군,차대사람,횡단중,운전자법규위반,안전운전 의무 불이행,교차로,교차로내,화물차,보행자,127.06780331,38.02483831
5764,2017,2017-07-24 10:00,주간,월,1,1,0,0,전남,여수시,차대사람,횡단중,운전자법규위반,안전운전 의무 불이행,교차로,교차로내,승용차,보행자,127.67308063,34.76145796
5765,2017,2017-07-24 14:00,주간,월,1,1,0,0,대구,동구,차량단독,기타,운전자법규위반,안전운전 의무 불이행,단일로,기타단일로,화물차,없음,128.74764938,35.87052894
5766,2017,2017-07-24 14:00,주간,월,1,1,0,0,울산,중구,차대사람,횡단중,운전자법규위반,보행자 보호의무 위반,교차로,교차로횡단보도내,화물차,보행자,129.3204648,35.55501988
5767,2017,2017-07-24 15:00,주간,월,1,1,0,0,강원,강릉시,차량단독,전도,운전자법규위반,안전운전 의무 불이행,단일로,기타단일로,이륜차,없음,128.94288837,37.57959194
5768,2017,2017-07-24 16:00,주간,월,1,1,0,0,부산,사상구,차대사람,횡단중,운전자법규위반,안전운전 의무 불이행,교차로,교차로부근,화물차,보행자,128.98045396,35.19056704
5769,2017,2017-07-24 22:00,야간,월,1,1,0,0,대구,달서구,차대사람,횡단중,운전자법규위반,안전운전 의무 불이행,교차로,교차로횡단보도내,화물차,보행자,128.49175074,35.85579348
5770,2017,2017-07-24 23:00,야간,월,1,1,0,0,경기,화성시,차량단독,공작물충돌,운전자법규위반,안전운전 의무 불이행,단일로,기타단일로,승용차,없음,127.03014349,37.21337914
5771,2017,2017-07-25 00:00,야간,화,1,1,0,0,경기,수원시,차대사람,횡단중,운전자법규위반,과속,교차로,교차로부근,승용차,보행자,126.94582571,37.27393992
5772,2017,2017-07-25 04:00,야간,화,1,1,0,0,충남,서산시,차량단독,공작물충돌,운전자법규위반,안전운전 의무 불이행,교차로,교차로부근,승용차,없음,126.44253087,36.91384417
5773,2017,2017-07-25 05:00,야간,화,1,2,1,0,부산,사상구,차대차,측면충돌,운전자법규위반,중앙선 침범,단일로,기타단일로,이륜차,승용차,128.99102861,35.186252
5774,2017,2017-07-25 05:00,야간,화,1,1,0,0,경남,산청군,차량단독,전도전복,운전자법규위반,안전운전 의무 불이행,단일로,기타단일로,화물차,없음,127.98975652,35.286396200000006
5775,2017,2017-07-25 06:00,주간,화,1,1,0,0,인천,남구,차대차,정면충돌,운전자법규위반,중앙선 침범,단일로,기타단일로,기타,승용차,126.64160533,37.45680459
5776,2017,2017-07-25 12:00,주간,화,1,1,0,0,경북,경주시,차대사람,횡단중,운전자법규위반,안전운전 의무 불이행,단일로,기타단일로,화물차,보행자,129.20158948,35.86775051
5777,2017,2017-07-25 14:00,주간,화,1,1,0,0,서울,양천구,차대사람,차도통행중,운전자법규위반,안전운전 의무 불이행,단일로,기타단일로,승용차,보행자,126.85328828,37.51339661
5778,2017,2017-07-25 19:00,야간,화,1,1,0,0,경북,의성군,차대차,측면충돌,운전자법규위반,안전운전 의무 불이행,교차로,교차로내,승용차,원동기장치자전거,128.69942408,36.35066319
5779,2017,2017-07-25 20:00,야간,화,1,1,0,0,경남,창녕군,차대차,추돌,운전자법규위반,안전운전 의무 불이행,단일로,기타단일로,특수차,이륜차,128.51152828,35.42095664
5780,2017,2017-07-25 21:00,야간,화,1,1,0,0,서울,강서구,차대사람,기타,운전자법규위반,안전운전 의무 불이행,단일로,기타단일로,자전거,보행자,126.87018861,37.55837502
5781,2017,2017-07-25 21:00,야간,화,1,1,0,0,충남,금산군,차대차,기타,운전자법규위반,안전운전 의무 불이행,단일로,기타단일로,승용차,자전거,127.49755513,36.125731099999996
5782,2017,2017-07-25 22:00,야간,화,1,1,0,0,경북,상주시,차대차,추돌,운전자법규위반,안전거리 미확보,단일로,기타단일로,화물차,화물차,128.25220236,36.39974292
5783,2017,2017-07-25 22:00,야간,화,1,1,0,0,경북,칠곡군,차대차,추돌,운전자법규위반,안전운전 의무 불이행,단일로,기타단일로,승용차,이륜차,128.49154031,35.93220309
5784,2017,2017-07-26 04:00,야간,수,1,1,0,0,서울,영등포구,차대사람,길가장자리구역통행중,운전자법규위반,안전운전 의무 불이행,단일로,기타단일로,화물차,보행자,126.90111394,37.53516402
5785,2017,2017-07-26 04:00,야간,수,1,1,0,0,서울,성북구,차대사람,기타,운전자법규위반,안전운전 의무 불이행,단일로,기타단일로,승용차,보행자,127.02205278,37.60090993
5786,2017,2017-07-26 05:00,야간,수,1,2,0,1,충남,서천군,차대차,추돌,운전자법규위반,안전운전 의무 불이행,단일로,기타단일로,승용차,화물차,126.62618818,36.13106366
5787,2017,2017-07-26 09:00,주간,수,1,2,1,0,경기,남양주시,차대차,기타,운전자법규위반,과속,단일로,기타단일로,승용차,화물차,127.11487088,37.67511415
5788,2017,2017-07-26 13:00,주간,수,2,4,0,2,경북,경주시,차대차,측면충돌,운전자법규위반,안전운전 의무 불이행,단일로,기타단일로,승합차,화물차,129.22506652,35.990052500000004
5789,2017,2017-07-26 14:00,주간,수,1,1,0,0,충남,당진시,차량단독,공작물충돌,운전자법규위반,안전운전 의무 불이행,단일로,기타단일로,승용차,없음,126.65620443,36.83326218
5790,2017,2017-07-26 16:00,주간,수,1,1,0,0,강원,영월군,차대차,측면충돌,운전자법규위반,중앙선 침범,단일로,기타단일로,화물차,승용차,128.6197513,37.12154013
5791,2017,2017-07-26 17:00,주간,수,1,2,1,0,제주,서귀포시,차대차,측면충돌,운전자법규위반,안전운전 의무 불이행,단일로,기타단일로,화물차,승용차,126.67368938,33.32991489
5792,2017,2017-07-26 19:00,야간,수,1,1,0,0,전남,해남군,차량단독,전도전복,운전자법규위반,안전운전 의무 불이행,단일로,기타단일로,농기계,없음,126.51071678,34.5793412
5793,2017,2017-07-26 19:00,야간,수,1,1,0,0,전북,익산시,차대사람,횡단중,운전자법규위반,안전운전 의무 불이행,교차로,교차로내,승용차,보행자,126.89602058,36.01388357
5794,2017,2017-07-26 21:00,야간,수,1,2,0,1,전남,강진군,차대차,정면충돌,운전자법규위반,중앙선 침범,단일로,기타단일로,승용차,승용차,126.69103839,34.57265287
5795,2017,2017-07-26 23:00,야간,수,1,1,0,0,강원,강릉시,차대사람,횡단중,운전자법규위반,안전운전 의무 불이행,교차로,교차로부근,승용차,보행자,128.84410063,37.83698535
5796,2017,2017-07-27 02:00,야간,목,1,1,0,0,경북,김천시,차대사람,횡단중,운전자법규위반,안전운전 의무 불이행,단일로,기타단일로,승용차,보행자,128.26727246,36.15671231
5797,2017,2017-07-27 04:00,야간,목,1,1,0,0,부산,사상구,차량단독,주/정차차량 충돌,운전자법규위반,안전운전 의무 불이행,단일로,기타단일로,승용차,승합차,128.99217978,35.13926542
5798,2017,2017-07-27 06:00,주간,목,1,1,0,0,인천,남동구,차량단독,전도,운전자법규위반,안전운전 의무 불이행,단일로,기타단일로,화물차,없음,126.74397263,37.44478574
5799,2017,2017-07-27 07:00,주간,목,2,3,1,0,충북,단양군,차대차,정면충돌,운전자법규위반,중앙선 침범,단일로,기타단일로,화물차,건설기계,128.35690113,36.99848122
5800,2017,2017-07-27 13:00,주간,목,1,1,0,0,경남,창녕군,차대차,기타,운전자법규위반,신호위반,교차로,교차로내,승용차,이륜차,128.51371273,35.45902326
5801,2017,2017-07-27 22:00,야간,목,1,2,0,1,경남,밀양시,차대차,측면충돌,운전자법규위반,안전운전 의무 불이행,단일로,기타단일로,승용차,승용차,128.77678034,35.44305722
5802,2017,2017-07-27 23:00,야간,목,1,1,0,0,전남,목포시,차량단독,기타,운전자법규위반,안전운전 의무 불이행,기타,기타,자전거,없음,126.42773526,34.82229932
5803,2017,2017-07-27 23:00,야간,목,1,1,0,0,경기,고양시,차대사람,횡단중,운전자법규위반,신호위반,교차로,교차로내,승합차,보행자,126.83021899,37.63069459
5804,2017,2017-07-28 04:00,야간,금,1,1,0,0,서울,동대문구,차대차,측면충돌,운전자법규위반,과속,단일로,기타단일로,승용차,자전거,127.06479256,37.57033935
5805,2017,2017-07-28 07:00,주간,금,1,4,3,0,경기,안산시,차대차,기타,운전자법규위반,과속,단일로,기타단일로,승용차,화물차,126.87511291,37.335566799999995
5806,2017,2017-07-28 09:00,주간,금,1,1,0,0,경기,구리시,차대사람,횡단중,운전자법규위반,안전운전 의무 불이행,단일로,기타단일로,승용차,보행자,127.13298969,37.60648979
5807,2017,2017-07-28 10:00,주간,금,1,1,0,0,전북,부안군,차량단독,전도,운전자법규위반,안전운전 의무 불이행,교차로,교차로내,이륜차,없음,126.82723632,35.69060148