,발생년,발생년월일시분,주야,요일,사망자수,사상자수,중상자수,경상자수,발생지시도,발생지시군구,사고유형_대분류,사고유형,법규위반_대분류,법규위반,도로형태_대분류,도로형태,가해자_당사자종별,피해자_당사자종별,경도,위도
5954,2017,2017-08-10 10:00,주간,목,1,2,0,1,충남,금산군,차대차,측면충돌,운전자법규위반,교차로 통행방법 위반,교차로,교차로내,화물차,승용차,127.53211755,36.10053675
5955,2017,2017-08-10 10:00,주간,목,1,2,0,0,경기,군포시,차대사람,횡단중,운전자법규위반,안전운전 의무 불이행,단일로,기타단일로,승용차,보행자,126.92524392,37.33579392
5956,2017,2017-08-10 13:00,주간,목,1,1,0,0,인천,남동구,차대차,측면충돌,운전자법규위반,안전운전 의무 불이행,단일로,기타단일로,화물차,기타,126.71589797,37.44923397
5957,2017,2017-08-10 14:00,주간,목,1,4,0,3,제주,제주시,차대차,기타,운전자법규위반,중앙선 침범,단일로,기타단일로,승용차,화물차,126.55327148,33.50871051
5958,2017,2017-08-10 16:00,주간,목,1,1,0,0,경남,사천시,차대사람,차도통행중,운전자법규위반,중앙선 침범,단일로,기타단일로,승합차,보행자,128.07690094,34.93198169
5959,2017,2017-08-10 18:00,야간,목,1,1,0,0,강원,강릉시,차대차,정면충돌,운전자법규위반,중앙선 침범,단일로,기타단일로,화물차,화물차,128.87221324,37.80252614
5960,2017,2017-08-10 21:00,야간,목,1,1,0,0,서울,동대문구,차대사람,횡단중,운전자법규위반,안전운전 의무 불이행,단일로,기타단일로,승합차,보행자,126.97839369,37.56660917
5961,2017,2017-08-11 00:00,야간,금,1,1,0,0,대전,서구,차대사람,횡단중,운전자법규위반,안전운전 의무 불이행,교차로,교차로부근,승용차,보행자,127.37952642,36.35591932
5962,2017,2017-08-11 02:00,야간,금,1,1,0,0,충북,제천시,차대사람,기타,운전자법규위반,안전운전 의무 불이행,교차로,교차로부근,승용차,보행자,128.21477435,37.14893947
5963,2017,2017-08-11 03:00,야간,금,1,1,0,0,인천,남동구,차대사람,횡단중,운전자법규위반,과속,단일로,기타단일로,승용차,보행자,126.71681334,37.45610112
5964,2017,2017-08-11 05:00,야간,금,1,1,0,0,경북,경주시,차량단독,전도전복,운전자법규위반,안전운전 의무 불이행,단일로,기타단일로,농기계,없음,129.29465242,35.66679745
5965,2017,2017-08-11 07:00,주간,금,1,1,0,0,충남,금산군,차대차,측면충돌,운전자법규위반,안전운전 의무 불이행,단일로,기타단일로,이륜차,화물차,127.51635312,36.10026045
5966,2017,2017-08-11 09:00,주간,금,1,1,0,0,경기,평택시,차대차,측면충돌,운전자법규위반,신호위반,교차로,교차로내,이륜차,승용차,126.92092148,36.9886956
5967,2017,2017-08-11 15:00,주간,금,1,1,0,0,경남,통영시,차대사람,횡단중,운전자법규위반,안전운전 의무 불이행,단일로,기타단일로,승용차,보행자,128.41158879,34.91513434
5968,2017,2017-08-11 16:00,주간,금,1,1,0,0,충남,태안군,차대사람,횡단중,운전자법규위반,안전운전 의무 불이행,교차로,교차로내,화물차,보행자,126.39373278,36.44256688
5969,2017,2017-08-11 17:00,주간,금,1,1,0,0,강원,원주시,차대차,측면충돌,운전자법규위반,안전운전 의무 불이행,단일로,기타단일로,기타,건설기계,128.08289654,37.23124456
5970,2017,2017-08-11 18:00,야간,금,1,1,0,0,경북,성주군,차대사람,기타,운전자법규위반,안전운전 의무 불이행,단일로,기타단일로,화물차,보행자,128.28775413,35.88393709
5971,2017,2017-08-11 20:00,야간,금,1,1,0,0,강원,철원군,차대사람,횡단중,운전자법규위반,안전운전 의무 불이행,단일로,기타단일로,승용차,보행자,127.41902772,38.24947087
5972,2017,2017-08-11 21:00,야간,금,2,7,5,0,전남,함평군,차대차,측면충돌,운전자법규위반,안전운전 의무 불이행,교차로,교차로내,승용차,승용차,126.53413838,35.04465046
5973,2017,2017-08-11 23:00,야간,금,1,1,0,0,인천,남구,차대사람,횡단중,운전자법규위반,안전운전 의무 불이행,단일로,기타단일로,승용차,보행자,126.64873655,37.43913566
5974,2017,2017-08-12 04:00,야간,토,1,1,0,0,경기,성남시,차대사람,횡단중,운전자법규위반,안전운전 의무 불이행,단일로,기타단일로,건설기계,보행자,127.12771103,37.43320508
5975,2017,2017-08-12 05:00,야간,토,1,1,0,0,충남,부여군,차대차,측면충돌,운전자법규위반,중앙선 침범,단일로,교량위,농기계,화물차,126.89192606,36.27595451
5976,2017,2017-08-12 05:00,야간,토,1,1,0,0,제주,제주시,차대사람,횡단중,운전자법규위반,안전운전 의무 불이행,단일로,기타단일로,승용차,보행자,126.53602096,33.49244222
5977,2017,2017-08-12 11:00,주간,토,1,1,0,0,서울,강동구,차대차,측면충돌,운전자법규위반,부당한 회전,교차로,교차로내,자전거,화물차,127.12867793,37.53709933
5978,2017,2017-08-12 17:00,주간,토,1,1,0,0,경북,청도군,차량단독,전도,운전자법규위반,안전운전 의무 불이행,단일로,기타단일로,원동기장치자전거,없음,128.65997417,35.65231681
5979,2017,2017-08-12 23:00,야간,토,1,1,0,0,강원,인제군,차량단독,전도,운전자법규위반,안전운전 의무 불이행,교차로,교차로부근,이륜차,없음,128.17369282,38.06688236
5980,2017,2017-08-13 02:00,야간,일,1,2,0,1,서울,동대문구,차대차,추돌,운전자법규위반,안전운전 의무 불이행,단일로,교량위,승용차,건설기계,127.0406544,37.59538645
5981,2017,2017-08-13 04:00,야간,일,1,1,0,0,광주,서구,차량단독,전도,운전자법규위반,안전운전 의무 불이행,단일로,기타단일로,이륜차,없음,126.87424485,35.12587149
5982,2017,2017-08-13 19:00,야간,일,1,7,4,2,전남,구례군,차대차,측면충돌,운전자법규위반,신호위반,교차로,교차로내,승용차,화물차,127.45470126,35.22970609
5983,2017,2017-08-13 23:00,야간,일,1,1,0,0,충남,당진시,차량단독,전도전복,운전자법규위반,안전운전 의무 불이행,단일로,기타단일로,원동기장치자전거,없음,126.68310773,36.98376372
5984,2017,2017-08-14 01:00,야간,월,1,1,0,0,부산,부산진구,차대차,기타,운전자법규위반,과속,단일로,고가도로위,승용차,이륜차,129.03427384,35.1597815
5985,2017,2017-08-14 05:00,야간,월,1,1,0,0,경기,동두천시,차대사람,길가장자리구역통행중,운전자법규위반,안전운전 의무 불이행,단일로,기타단일로,화물차,보행자,127.08053206,37.89438659
5986,2017,2017-08-14 09:00,주간,월,1,2,1,0,충북,충주시,차량단독,전도,운전자법규위반,안전운전 의무 불이행,교차로,교차로내,승용차,없음,127.95871415,37.07981542
5987,2017,2017-08-14 12:00,주간,월,1,1,0,0,경북,포항시,차량단독,전도전복,운전자법규위반,안전운전 의무 불이행,단일로,기타단일로,승용차,없음,129.34887849999998,36.18962464
5988,2017,2017-08-14 13:00,주간,월,1,2,0,1,경북,칠곡군,차대차,정면충돌,운전자법규위반,중앙선 침범,단일로,기타단일로,승용차,화물차,128.48848613,36.09880773
5989,2017,2017-08-14 13:00,주간,월,1,1,0,0,서울,강서구,차대차,정면충돌,운전자법규위반,안전운전 의무 불이행,단일로,기타단일로,이륜차,승용차,126.84196355,37.55439939
5990,2017,2017-08-14 16:00,주간,월,1,4,0,2,경기,양평군,차대차,기타,운전자법규위반,중앙선 침범,단일로,기타단일로,건설기계,승용차,127.65796806,37.44525945
5991,2017,2017-08-14 17:00,주간,월,1,2,0,1,강원,삼척시,차량단독,도로이탈 기타,운전자법규위반,과속,단일로,기타단일로,승용차,없음,129.16371713,37.42111772
5992,2017,2017-08-14 21:00,야간,월,1,3,2,0,인천,중구,차대차,측면충돌,운전자법규위반,신호위반,교차로,교차로내,승용차,승용차,126.50481803,37.48581837
5993,2017,2017-08-14 21:00,야간,월,1,1,0,0,광주,북구,차대사람,횡단중,운전자법규위반,안전운전 의무 불이행,교차로,교차로부근,승용차,보행자,126.87339176,35.17417134
5994,2017,2017-08-14 23:00,야간,월,1,1,0,0,전남,광양시,차대사람,횡단중,운전자법규위반,안전운전 의무 불이행,단일로,기타단일로,승용차,보행자,127.58049906,34.982915500000004
5995,2017,2017-08-15 06:00,주간,화,1,1,0,0,경남,창녕군,차대사람,횡단중,운전자법규위반,안전운전 의무 불이행,교차로,교차로내,승용차,보행자,128.44828527,35.51615037
5996,2017,2017-08-15 08:00,주간,화,1,1,0,0,인천,중구,차대차,측면충돌,운전자법규위반,안전운전 의무 불이행,단일로,기타단일로,승용차,특수차,126.52649873,37.51213767
5997,2017,2017-08-15 09:00,주간,화,1,1,0,0,전북,완주군,차량단독,전도,운전자법규위반,안전운전 의무 불이행,기타,기타,농기계,없음,127.27201414,36.04946599
5998,2017,2017-08-15 12:00,주간,화,1,4,0,3,전남,신안군,차대차,측면충돌,운전자법규위반,안전운전 의무 불이행,단일로,기타단일로,승용차,승합차,125.99860875,34.76109037
5999,2017,2017-08-15 12:00,주간,화,1,1,0,0,서울,금천구,차대사람,횡단중,운전자법규위반,신호위반,교차로,교차로내,승용차,보행자,126.90300499,37.44836408
6000,2017,2017-08-15 20:00,야간,화,1,1,0,0,광주,광산구,차대사람,길가장자리구역통행중,운전자법규위반,안전운전 의무 불이행,단일로,기타단일로,승합차,보행자,126.77262573,35.09217115
6001,2017,2017-08-15 20:00,야간,화,1,1,0,0,경기,포천시,차대사람,횡단중,운전자법규위반,보행자 보호의무 위반,단일로,기타단일로,화물차,보행자,127.22652844,37.78507255
6002,2017,2017-08-16 03:00,야간,수,1,1,0,0,경남,하동군,차량단독,공작물충돌,운전자법규위반,안전운전 의무 불이행,단일로,기타단일로,화물차,없음,127.77987694,35.03625146
6003,2017,2017-08-16 15:00,주간,수,1,1,0,0,경북,김천시,차대차,정면충돌,운전자법규위반,중앙선 침범,단일로,기타단일로,승용차,화물차,128.20153477,36.16770869
6004,2017,2017-08-16 15:00,주간,수,1,1,0,0,충남,금산군,차대차,추돌,운전자법규위반,안전운전 의무 불이행,단일로,기타단일로,승합차,이륜차,127.49221126,36.11044915
6005,2017,2017-08-16 21:00,야간,수,1,1,0,0,충남,당진시,차량단독,공작물충돌,운전자법규위반,안전운전 의무 불이행,교차로,교차로부근,승용차,없음,126.54401909,37.01123665
6006,2017,2017-08-16 23:00,야간,수,3,3,0,0,경기,안산시,차대차,정면충돌,운전자법규위반,신호위반,교차로,교차로내,승용차,승용차,126.83026351,37.31520269
6007,2017,2017-08-17 00:00,야간,목,1,2,0,1,경기,평택시,차량단독,공작물충돌,운전자법규위반,과속,단일로,기타단일로,승용차,없음,127.12022232,36.99365614
6008,2017,2017-08-17 01:00,야간,목,1,1,0,0,경기,오산시,차대사람,횡단중,운전자법규위반,과속,단일로,기타단일로,승용차,보행자,127.07350884,37.13782483
6009,2017,2017-08-17 02:00,야간,목,1,1,0,0,경남,창녕군,차량단독,공작물충돌,운전자법규위반,안전운전 의무 불이행,교차로,교차로내,화물차,없음,128.46839271,35.5797532
6010,2017,2017-08-17 04:00,야간,목,1,2,1,0,경기,남양주시,차대차,기타,운전자법규위반,중앙선 침범,교차로,교차로내,화물차,화물차,127.1527021,37.67244649
6011,2017,2017-08-17 08:00,주간,목,1,3,2,0,인천,부평구,차대차,기타,운전자법규위반,안전운전 의무 불이행,단일로,기타단일로,승용차,화물차,126.72685363,37.51788789
6012,2017,2017-08-17 09:00,주간,목,1,1,0,0,경북,상주시,차대차,측면충돌,운전자법규위반,교차로 통행방법 위반,교차로,교차로내,화물차,이륜차,127.97089341,36.45410266
6013,2017,2017-08-17 17:00,주간,목,1,1,0,0,경기,양평군,차량단독,기타,운전자법규위반,안전운전 의무 불이행,단일로,기타단일로,자전거,없음,127.73022431,37.395069299999996
6014,2017,2017-08-17 18:00,야간,목,1,1,0,0,전북,전주시,차대사람,차도통행중,운전자법규위반,안전운전 의무 불이행,단일로,기타단일로,승용차,보행자,127.14436009,35.81187235
6015,2017,2017-08-17 18:00,야간,목,1,1,0,0,전남,순천시,차량단독,도로이탈 추락,운전자법규위반,안전운전 의무 불이행,기타,기타,농기계,없음,127.2556438,34.92225752
6016,2017,2017-08-17 18:00,야간,목,1,2,1,0,충남,천안시,차대사람,횡단중,운전자법규위반,안전운전 의무 불이행,단일로,기타단일로,화물차,보행자,127.28626763,36.74255455
6017,2017,2017-08-17 19:00,야간,목,1,1,0,0,전남,광양시,차대차,측면충돌,운전자법규위반,중앙선 침범,단일로,기타단일로,자전거,승용차,127.58165964,34.97328046
6018,2017,2017-08-18 01:00,야간,금,1,3,0,1,경기,수원시,차대차,기타,운전자법규위반,안전운전 의무 불이행,단일로,기타단일로,승용차,승용차,126.95025926,37.28624652
6019,2017,2017-08-18 10:00,주간,금,1,1,0,0,전남,보성군,차량단독,전도,운전자법규위반,안전운전 의무 불이행,단일로,기타단일로,원동기장치자전거,없음,127.34754239,34.84202373
6020,2017,2017-08-18 11:00,주간,금,1,1,0,0,경북,군위군,차량단독,공작물충돌,운전자법규위반,안전운전 의무 불이행,단일로,기타단일로,건설기계,없음,128.54742369,36.15528362
6021,2017,2017-08-18 13:00,주간,금,1,2,1,0,인천,서구,차대차,추돌,운전자법규위반,안전운전 의무 불이행,교차로,교차로내,화물차,이륜차,126.67324884,37.56178403
6022,2017,2017-08-18 15:00,주간,금,1,1,0,0,충남,천안시,차대사람,길가장자리구역통행중,운전자법규위반,안전운전 의무 불이행,단일로,기타단일로,화물차,보행자,127.21100863,36.87314464
6023,2017,2017-08-18 15:00,주간,금,1,1,0,0,경기,안양시,차대차,측면충돌,운전자법규위반,중앙선 침범,단일로,기타단일로,건설기계,이륜차,126.91438838,37.42677028
6024,2017,2017-08-18 16:00,주간,금,1,1,0,0,대전,동구,차량단독,공작물충돌,운전자법규위반,안전운전 의무 불이행,단일로,기타단일로,특수차,없음,127.50118137,36.35142726
6025,2017,2017-08-18 21:00,야간,금,1,1,0,0,경기,광주시,차대사람,횡단중,운전자법규위반,안전운전 의무 불이행,단일로,기타단일로,승용차,보행자,127.29242811,37.38666528
6026,2017,2017-08-19 00:00,야간,토,1,1,0,0,전남,여수시,차대사람,횡단중,운전자법규위반,안전운전 의무 불이행,교차로,교차로부근,화물차,보행자,127.74109784,34.74362414
6027,2017,2017-08-19 06:00,주간,토,1,1,0,0,부산,동래구,차대사람,횡단중,운전자법규위반,안전운전 의무 불이행,교차로,교차로횡단보도내,자전거,보행자,129.06989523,35.20065451
6028,2017,2017-08-19 08:00,주간,토,1,1,0,0,충북,충주시,차대사람,횡단중,운전자법규위반,안전운전 의무 불이행,교차로,교차로내,화물차,보행자,127.91496075,36.97448195
6029,2017,2017-08-19 09:00,주간,토,1,1,0,0,부산,연제구,차대사람,기타,운전자법규위반,안전운전 의무 불이행,교차로,교차로부근,승용차,보행자,129.08280759,35.18873314
6030,2017,2017-08-19 11:00,주간,토,1,1,0,0,전남,무안군,차량단독,도로이탈 기타,운전자법규위반,안전운전 의무 불이행,단일로,기타단일로,이륜차,없음,126.51739925,34.87465299
6031,2017,2017-08-19 11:00,주간,토,1,4,2,1,경기,평택시,차대차,정면충돌,운전자법규위반,안전운전 의무 불이행,교차로,교차로내,승용차,화물차,127.10943695,36.99305324
6032,2017,2017-08-19 12:00,주간,토,1,1,0,0,전남,순천시,차량단독,기타,운전자법규위반,안전운전 의무 불이행,단일로,기타단일로,승용차,없음,127.48570351,34.97340626
6033,2017,2017-08-19 13:00,주간,토,1,1,0,0,부산,강서구,차대사람,횡단중,운전자법규위반,신호위반,교차로,교차로횡단보도내,화물차,보행자,128.90323121,35.08915597
6034,2017,2017-08-19 16:00,주간,토,1,1,0,0,경북,성주군,차량단독,공작물충돌,운전자법규위반,안전운전 의무 불이행,교차로,교차로부근,사륜오토바이(ATV),없음,128.18026728,35.90212088
6035,2017,2017-08-19 17:00,주간,토,2,4,0,2,전남,보성군,차량단독,공작물충돌,운전자법규위반,안전운전 의무 불이행,단일로,기타단일로,승용차,없음,127.21606581,34.78911293
6036,2017,2017-08-19 17:00,주간,토,1,1,0,0,경북,구미시,차대차,기타,운전자법규위반,안전운전 의무 불이행,단일로,기타단일로,이륜차,승용차,128.41227679,36.14751843
6037,2017,2017-08-19 18:00,야간,토,2,3,0,1,강원,고성군,차량단독,공작물충돌,운전자법규위반,안전운전 의무 불이행,기타,기타,승용차,없음,128.35245723,38.27574671
6038,2017,2017-08-19 19:00,야간,토,1,1,0,0,인천,남동구,차대차,측면충돌,운전자법규위반,중앙선 침범,교차로,교차로횡단보도내,자전거,이륜차,126.73442459,37.40659689
6039,2017,2017-08-19 19:00,야간,토,1,1,0,0,전남,순천시,차대사람,횡단중,운전자법규위반,안전운전 의무 불이행,단일로,기타단일로,승용차,보행자,127.47240278,35.00951887
6040,2017,2017-08-19 19:00,야간,토,1,1,0,0,전북,무주군,차대사람,기타,운전자법규위반,안전운전 의무 불이행,단일로,기타단일로,화물차,보행자,127.76482852,36.01125314
6041,2017,2017-08-19 23:00,야간,토,1,1,0,0,경기,화성시,차대사람,횡단중,운전자법규위반,안전운전 의무 불이행,단일로,기타단일로,승용차,보행자,126.92734284,37.15559754
6042,2017,2017-08-19 23:00,야간,토,1,2,1,0,경남,창원시(통합),차량단독,전도,운전자법규위반,안전운전 의무 불이행,기타,기타,이륜차,없음,128.59647764,35.12342867
6043,2017,2017-08-20 01:00,야간,일,1,1,0,0,경기,하남시,차량단독,공작물충돌,운전자법규위반,안전운전 의무 불이행,단일로,지하차도(도로)내,승용차,없음,127.21895045,37.548318200000004
6044,2017,2017-08-20 02:00,야간,일,1,1,0,0,강원,강릉시,차량단독,공작물충돌,운전자법규위반,안전운전 의무 불이행,단일로,기타단일로,화물차,없음,128.85924448,37.60934946
6045,2017,2017-08-20 05:00,야간,일,1,2,1,0,전북,부안군,차량단독,공작물충돌,운전자법규위반,과속,교차로,교차로내,승용차,없음,126.52828558,35.66369334
6046,2017,2017-08-20 08:00,주간,일,1,2,0,1,충북,충주시,차대차,추돌,운전자법규위반,안전운전 의무 불이행,단일로,기타단일로,승용차,승용차,127.84691107,37.05151168
6047,2017,2017-08-20 08:00,주간,일,1,1,0,0,경기,가평군,차대차,측면충돌,운전자법규위반,안전운전 의무 불이행,단일로,기타단일로,화물차,이륜차,127.45934518,37.69743115
6048,2017,2017-08-20 13:00,주간,일,1,2,1,0,충남,부여군,차대차,정면충돌,운전자법규위반,안전운전 의무 불이행,단일로,기타단일로,승합차,화물차,126.77964148,36.2453729
6049,2017,2017-08-20 14:00,주간,일,1,1,0,0,충북,진천군,차량단독,전도전복,운전자법규위반,안전운전 의무 불이행,단일로,기타단일로,승용차,없음,127.55852641,36.78610222
6050,2017,2017-08-20 15:00,주간,일,1,2,1,0,경기,파주시,차대차,측면충돌,운전자법규위반,교차로 통행방법 위반,교차로,교차로내,승용차,원동기장치자전거,126.75829666,37.72438024
6051,2017,2017-08-20 23:00,야간,일,1,1,0,0,경북,김천시,차대차,추돌,운전자법규위반,안전운전 의무 불이행,단일로,기타단일로,화물차,화물차,128.01423482,36.17727852
6052,2017,2017-08-20 23:00,야간,일,1,4,3,0,전북,임실군,차대차,정면충돌,운전자법규위반,중앙선 침범,단일로,기타단일로,화물차,승용차,127.31780922,35.59489357
6053,2017,2017-08-21 00:00,야간,월,1,1,0,0,울산,중구,차대사람,횡단중,운전자법규위반,안전운전 의무 불이행,단일로,기타단일로,승용차,보행자,129.30455194,35.55431257
6054,2017,2017-08-21 04:00,야간,월,1,1,0,0,경기,군포시,차대차,추돌,운전자법규위반,안전운전 의무 불이행,단일로,기타단일로,승용차,화물차,126.91739689,37.32282073
6055,2017,2017-08-21 04:00,야간,월,1,1,0,0,부산,부산진구,차대사람,기타,운전자법규위반,안전운전 의무 불이행,단일로,기타단일로,승용차,보행자,129.06315409,35.16297358
6056,2017,2017-08-21 04:00,야간,월,1,1,0,0,서울,동대문구,차대사람,보도통행중,운전자법규위반,안전운전 의무 불이행,교차로,교차로횡단보도내,화물차,보행자,127.05353635,37.58363726
6057,2017,2017-08-21 08:00,주간,월,1,1,0,0,경기,양평군,차대차,추돌,운전자법규위반,중앙선 침범,불명,불명,승용차,이륜차,127.64064735,37.47485534
6058,2017,2017-08-21 09:00,주간,월,1,1,0,0,충남,서산시,차대사람,횡단중,운전자법규위반,안전운전 의무 불이행,교차로,교차로내,화물차,보행자,126.46398104,36.78018968
6059,2017,2017-08-21 09:00,주간,월,1,1,0,0,서울,성북구,차대사람,횡단중,운전자법규위반,보행자 보호의무 위반,단일로,기타단일로,승용차,보행자,127.03746634,37.61265275
6060,2017,2017-08-21 10:00,주간,월,1,1,0,0,경남,김해시,차량단독,전도전복,운전자법규위반,안전운전 의무 불이행,단일로,기타단일로,화물차,없음,128.83902340000003,35.27541395
6061,2017,2017-08-21 12:00,주간,월,1,1,0,0,부산,수영구,차대사람,차도통행중,운전자법규위반,안전운전 의무 불이행,단일로,기타단일로,승합차,보행자,129.11243478,35.162192299999994
6062,2017,2017-08-21 15:00,주간,월,1,1,0,0,전남,무안군,차대사람,횡단중,운전자법규위반,안전운전 의무 불이행,단일로,기타단일로,승합차,보행자,126.50031851,34.85847221
6063,2017,2017-08-21 17:00,주간,월,1,1,0,0,경북,청도군,차량단독,전도,운전자법규위반,안전운전 의무 불이행,단일로,기타단일로,승용차,없음,128.86713853,35.68556541
6064,2017,2017-08-21 18:00,야간,월,1,1,0,0,경북,군위군,차대차,측면충돌,운전자법규위반,안전운전 의무 불이행,기타,기타,이륜차,화물차,128.66635348,36.09776721
6065,2017,2017-08-21 21:00,야간,월,1,1,0,0,제주,서귀포시,차대사람,기타,운전자법규위반,보행자 보호의무 위반,단일로,기타단일로,승용차,보행자,126.43281529,33.25632114
6066,2017,2017-08-21 21:00,야간,월,1,1,0,0,전북,전주시,차대사람,기타,운전자법규위반,안전운전 의무 불이행,교차로,교차로부근,이륜차,보행자,127.11575695,35.83314087
6067,2017,2017-08-21 22:00,야간,월,1,1,0,0,경남,창원시(통합),차대사람,기타,운전자법규위반,안전운전 의무 불이행,단일로,기타단일로,승용차,보행자,128.61290054,35.26151215
6068,2017,2017-08-21 23:00,야간,월,1,2,0,1,세종,세종,차대차,추돌,운전자법규위반,안전운전 의무 불이행,단일로,기타단일로,화물차,화물차,127.26530382,36.44185488
6069,2017,2017-08-22 05:00,야간,화,1,1,0,0,경기,고양시,차대사람,횡단중,운전자법규위반,안전운전 의무 불이행,교차로,교차로부근,승용차,보행자,126.86435506,37.68777526
6070,2017,2017-08-22 08:00,주간,화,1,1,0,0,충북,청주시,차대사람,횡단중,운전자법규위반,안전운전 의무 불이행,단일로,기타단일로,승용차,보행자,127.32806599999999,36.61903697
6071,2017,2017-08-22 08:00,주간,화,1,1,0,0,부산,부산진구,차대사람,횡단중,운전자법규위반,안전운전 의무 불이행,단일로,기타단일로,승합차,보행자,129.03922839999998,35.16985273
6072,2017,2017-08-22 08:00,주간,화,1,1,0,0,전남,곡성군,차량단독,공작물충돌,운전자법규위반,안전운전 의무 불이행,단일로,기타단일로,승용차,없음,127.25566056,35.14866544
6073,2017,2017-08-22 09:00,주간,화,1,1,0,0,경북,고령군,차량단독,도로이탈 추락,운전자법규위반,안전운전 의무 불이행,단일로,기타단일로,건설기계,없음,128.32709299,35.73965219
6074,2017,2017-08-22 11:00,주간,화,1,1,0,0,전남,영암군,차량단독,공작물충돌,운전자법규위반,안전운전 의무 불이행,단일로,기타단일로,이륜차,없음,126.65265013,34.81830355
6075,2017,2017-08-22 11:00,주간,화,1,1,0,0,경남,창원시(통합),차량단독,도로이탈 기타,운전자법규위반,안전운전 의무 불이행,단일로,기타단일로,이륜차,없음,128.56357538,35.12254069
6076,2017,2017-08-22 12:00,주간,화,1,1,0,0,전남,해남군,차량단독,전도전복,운전자법규위반,안전운전 의무 불이행,단일로,기타단일로,승용차,없음,126.54888832,34.46122595
6077,2017,2017-08-22 15:00,주간,화,1,1,0,0,대전,서구,차대사람,횡단중,운전자법규위반,안전운전 의무 불이행,단일로,기타단일로,승용차,보행자,127.39525282,36.34770307
6078,2017,2017-08-22 17:00,주간,화,1,1,0,0,대구,북구,차량단독,전도전복,운전자법규위반,안전운전 의무 불이행,단일로,교량위,자전거,없음,128.55021057,35.89581303
6079,2017,2017-08-22 18:00,야간,화,1,1,0,0,전북,군산시,차대사람,횡단중,운전자법규위반,보행자 보호의무 위반,교차로,교차로횡단보도내,승용차,보행자,126.70190167,35.96632714
6080,2017,2017-08-22 18:00,야간,화,1,1,0,0,경기,화성시,차량단독,도로이탈 추락,운전자법규위반,안전운전 의무 불이행,기타,기타,농기계,없음,126.81178563,37.27719362
6081,2017,2017-08-22 21:00,야간,화,1,1,0,0,부산,동구,차대사람,횡단중,운전자법규위반,안전운전 의무 불이행,단일로,기타단일로,승용차,보행자,129.04567187,35.11751328
6082,2017,2017-08-22 23:00,야간,화,1,1,0,0,전남,담양군,차대사람,차도통행중,운전자법규위반,안전운전 의무 불이행,단일로,기타단일로,승용차,보행자,126.98994744,35.33475089
6083,2017,2017-08-22 23:00,야간,화,1,1,0,0,경기,시흥시,차대차,추돌,운전자법규위반,안전운전 의무 불이행,단일로,기타단일로,승용차,화물차,126.86919161,37.38890569
6084,2017,2017-08-23 01:00,야간,수,1,1,0,0,경기,평택시,차대사람,기타,운전자법규위반,안전운전 의무 불이행,단일로,기타단일로,승용차,보행자,126.90826962,36.99144567
6085,2017,2017-08-23 01:00,야간,수,1,3,0,2,제주,제주시,차대차,측면충돌,운전자법규위반,신호위반,교차로,교차로내,승용차,화물차,126.48494198,33.46400287
6086,2017,2017-08-23 08:00,주간,수,1,1,0,0,경기,이천시,차대차,측면충돌,운전자법규위반,안전운전 의무 불이행,단일로,기타단일로,자전거,화물차,127.58210168,37.14698291
6087,2017,2017-08-23 12:00,주간,수,1,1,0,0,경기,광주시,차대차,측면충돌,운전자법규위반,안전운전 의무 불이행,교차로,교차로내,화물차,이륜차,127.32310417,37.46565773
6088,2017,2017-08-23 15:00,주간,수,1,1,0,0,전남,여수시,차대차,측면충돌,운전자법규위반,신호위반,교차로,교차로횡단보도내,화물차,자전거,127.71762036,34.73101637
6089,2017,2017-08-23 15:00,주간,수,1,2,1,0,제주,제주시,차대사람,보도통행중,운전자법규위반,과속,교차로,교차로내,승용차,보행자,126.30826075,33.45228386
6090,2017,2017-08-23 16:00,주간,수,1,3,0,2,경기,부천시,차대차,측면충돌,운전자법규위반,교차로 통행방법 위반,교차로,교차로내,자전거,승용차,126.78512985,37.48558474
6091,2017,2017-08-23 16:00,주간,수,1,1,0,0,서울,성동구,차대차,측면충돌,운전자법규위반,안전운전 의무 불이행,교차로,교차로내,승용차,이륜차,127.04498044,37.54532428
6092,2017,2017-08-23 18:00,야간,수,1,1,0,0,경기,광주시,차대차,측면충돌,운전자법규위반,부당한 회전,교차로,교차로부근,자전거,승용차,127.20853342,37.3419058
6093,2017,2017-08-23 23:00,야간,수,1,1,0,0,경기,과천시,차대사람,기타,운전자법규위반,안전운전 의무 불이행,단일로,기타단일로,화물차,보행자,126.98579976,37.41140964
6094,2017,2017-08-24 01:00,야간,목,1,1,0,0,경기,오산시,차대사람,기타,운전자법규위반,안전운전 의무 불이행,단일로,기타단일로,승용차,보행자,127.07487586,37.15711098
6095,2017,2017-08-24 04:00,야간,목,1,1,0,0,서울,동대문구,차대사람,기타,운전자법규위반,안전운전 의무 불이행,단일로,기타단일로,화물차,보행자,127.06991459,37.59137755
6096,2017,2017-08-24 05:00,야간,목,1,1,0,0,경북,의성군,차량단독,전복,운전자법규위반,안전운전 의무 불이행,단일로,기타단일로,이륜차,없음,128.42863024,36.49420377
6097,2017,2017-08-24 05:00,야간,목,1,1,0,0,충북,제천시,차대사람,횡단중,운전자법규위반,신호위반,교차로,교차로부근,화물차,보행자,128.21379515,37.12741988
6098,2017,2017-08-24 07:00,주간,목,1,1,0,0,경남,거창군,차대차,측면충돌,운전자법규위반,안전운전 의무 불이행,교차로,교차로내,승용차,이륜차,127.92585747,35.68643556