,발생년,발생년월일시분,주야,요일,사망자수,사상자수,중상자수,경상자수,발생지시도,발생지시군구,사고유형_대분류,사고유형,법규위반_대분류,법규위반,도로형태_대분류,도로형태,가해자_당사자종별,피해자_당사자종별,경도,위도
6390,2017,2017-09-18 12:00,주간,월,1,1,0,0,울산,울주군,차대차,추돌,운전자법규위반,안전운전 의무 불이행,교차로,교차로부근,화물차,화물차,129.13461782,35.59409657
6391,2017,2017-09-18 12:00,주간,월,1,2,1,0,전남,영암군,차대사람,기타,운전자법규위반,안전운전 의무 불이행,단일로,기타단일로,승용차,보행자,126.58097721,34.72394488
6392,2017,2017-09-18 13:00,주간,월,1,3,0,0,경기,고양시,차대차,추돌,운전자법규위반,안전운전 의무 불이행,단일로,기타단일로,화물차,화물차,126.70768745,37.68925125
6393,2017,2017-09-18 16:00,주간,월,1,2,1,0,충남,청양군,차대차,추돌,운전자법규위반,안전운전 의무 불이행,단일로,기타단일로,화물차,건설기계,127.04174319,36.44774205
6394,2017,2017-09-18 18:00,야간,월,1,2,1,0,서울,동대문구,차대차,측면충돌,운전자법규위반,안전운전 의무 불이행,교차로,교차로부근,이륜차,승용차,127.04988706,37.58402
6395,2017,2017-09-18 19:00,야간,월,1,1,0,0,제주,서귀포시,차대차,기타,운전자법규위반,과속,단일로,기타단일로,승용차,승용차,126.67742282,33.27903324
6396,2017,2017-09-18 19:00,야간,월,1,1,0,0,전북,익산시,차대사람,기타,운전자법규위반,보행자 보호의무 위반,교차로,교차로횡단보도내,승용차,보행자,126.98143327,35.95147883
6397,2017,2017-09-18 19:00,야간,월,1,2,0,1,경남,하동군,차대차,추돌,운전자법규위반,과속,단일로,기타단일로,승용차,농기계,127.87265624,35.02073564
6398,2017,2017-09-18 20:00,야간,월,1,1,0,0,충남,아산시,차대사람,횡단중,운전자법규위반,안전운전 의무 불이행,단일로,기타단일로,승용차,보행자,126.93317991,36.79002168
6399,2017,2017-09-18 20:00,야간,월,1,1,0,0,전북,전주시,차대차,측면충돌,운전자법규위반,신호위반,교차로,교차로내,이륜차,승용차,127.11346663,35.8574617
6400,2017,2017-09-18 21:00,야간,월,1,1,0,0,경북,안동시,차대사람,횡단중,운전자법규위반,안전운전 의무 불이행,단일로,기타단일로,승용차,보행자,128.68575751,36.57422558
6401,2017,2017-09-18 23:00,야간,월,1,2,1,0,경북,경주시,차대사람,횡단중,운전자법규위반,중앙선 침범,단일로,기타단일로,승용차,보행자,129.11897148,35.83531161
6402,2017,2017-09-19 00:00,야간,화,1,1,0,0,경북,성주군,차대사람,기타,운전자법규위반,안전운전 의무 불이행,단일로,기타단일로,승용차,보행자,128.29454409,35.91595263
6403,2017,2017-09-19 04:00,야간,화,2,3,0,1,전남,장성군,차량단독,전도,운전자법규위반,과속,단일로,기타단일로,승용차,없음,126.65885891,35.26336313
6404,2017,2017-09-19 05:00,야간,화,1,1,0,0,충북,청주시,차대차,추돌,운전자법규위반,안전운전 의무 불이행,단일로,기타단일로,화물차,농기계,127.31044498,36.60367572
6405,2017,2017-09-19 08:00,주간,화,1,1,0,0,광주,북구,차대사람,횡단중,운전자법규위반,안전운전 의무 불이행,교차로,교차로내,화물차,보행자,126.89635394,35.23217689
6406,2017,2017-09-19 11:00,주간,화,1,1,0,0,경기,안산시,차량단독,공작물충돌,운전자법규위반,안전운전 의무 불이행,단일로,터널안,승용차,없음,126.88527749,37.36543756
6407,2017,2017-09-19 11:00,주간,화,1,2,1,0,경남,진주시,차대차,추돌,운전자법규위반,안전운전 의무 불이행,단일로,기타단일로,화물차,건설기계,128.11441178,35.15868848
6408,2017,2017-09-19 11:00,주간,화,1,1,0,0,충북,단양군,차대차,측면충돌,운전자법규위반,직진 및 우회전차의 통행방해,교차로,교차로내,이륜차,승용차,128.3437228,36.92455992
6409,2017,2017-09-19 13:00,주간,화,1,1,0,0,부산,강서구,차대사람,차도통행중,운전자법규위반,중앙선 침범,단일로,기타단일로,승합차,보행자,128.9107788,35.21102901
6410,2017,2017-09-19 18:00,야간,화,1,1,0,0,경기,가평군,차대사람,횡단중,운전자법규위반,안전운전 의무 불이행,단일로,기타단일로,승용차,보행자,127.51511018,37.812726
6411,2017,2017-09-19 19:00,야간,화,1,1,0,0,전북,정읍시,차량단독,기타,운전자법규위반,안전운전 의무 불이행,단일로,기타단일로,농기계,없음,126.92076405,35.65175879
6412,2017,2017-09-19 19:00,야간,화,1,1,0,0,서울,구로구,차대사람,기타,운전자법규위반,안전운전 의무 불이행,단일로,기타단일로,승용차,보행자,126.84804486,37.50284723
6413,2017,2017-09-19 19:00,야간,화,1,1,0,0,전북,고창군,차대차,추돌,운전자법규위반,안전운전 의무 불이행,단일로,기타단일로,화물차,농기계,126.48894579,35.42356634
6414,2017,2017-09-19 22:00,야간,화,1,1,0,0,부산,사상구,차대차,측면충돌,운전자법규위반,차로위반(진로변경 위반),단일로,기타단일로,이륜차,승용차,128.99204840000002,35.14980696
6415,2017,2017-09-20 01:00,야간,수,1,1,0,0,경남,통영시,차대사람,횡단중,운전자법규위반,보행자 보호의무 위반,단일로,기타단일로,이륜차,보행자,128.41708029,34.83104344
6416,2017,2017-09-20 04:00,야간,수,1,1,0,0,대구,서구,차대사람,기타,운전자법규위반,안전운전 의무 불이행,단일로,기타단일로,승용차,보행자,128.56891575,35.86131647
6417,2017,2017-09-20 05:00,야간,수,1,1,0,0,부산,북구,차대사람,횡단중,운전자법규위반,보행자 보호의무 위반,교차로,교차로횡단보도내,화물차,보행자,129.00095042,35.20620918
6418,2017,2017-09-20 09:00,주간,수,1,1,0,0,강원,원주시,차대차,측면충돌,운전자법규위반,안전운전 의무 불이행,단일로,기타단일로,승용차,화물차,127.93359238,37.34979005
6419,2017,2017-09-20 11:00,주간,수,1,1,0,0,경북,청도군,차대차,추돌,운전자법규위반,안전운전 의무 불이행,단일로,기타단일로,화물차,농기계,128.97340925,35.76825386
6420,2017,2017-09-20 13:00,주간,수,1,1,0,0,경북,문경시,차량단독,공작물충돌,운전자법규위반,안전운전 의무 불이행,단일로,기타단일로,이륜차,없음,128.06744675,36.74426931
6421,2017,2017-09-20 16:00,주간,수,1,1,0,0,강원,홍천군,차량단독,전복,운전자법규위반,안전운전 의무 불이행,단일로,기타단일로,화물차,없음,128.11276659,37.80867265
6422,2017,2017-09-20 19:00,야간,수,1,1,0,0,경남,창원시(통합),차대사람,횡단중,운전자법규위반,안전운전 의무 불이행,단일로,기타단일로,승용차,보행자,128.56369828,35.17669385
6423,2017,2017-09-20 19:00,야간,수,1,1,0,0,충북,청주시,차대사람,길가장자리구역통행중,운전자법규위반,안전운전 의무 불이행,교차로,교차로내,승합차,보행자,127.46229291,36.63492227
6424,2017,2017-09-20 19:00,야간,수,1,1,0,0,전남,보성군,차대사람,횡단중,운전자법규위반,안전운전 의무 불이행,단일로,기타단일로,승용차,보행자,127.07498461,34.76507935
6425,2017,2017-09-20 20:00,야간,수,1,1,0,0,경기,남양주시,차대사람,횡단중,운전자법규위반,안전운전 의무 불이행,단일로,기타단일로,승용차,보행자,127.10496036,37.68141775
6426,2017,2017-09-20 21:00,야간,수,1,1,0,0,경기,평택시,차대사람,보도통행중,운전자법규위반,보행자 보호의무 위반,교차로,교차로횡단보도내,승합차,보행자,127.11564179,37.00168222
6427,2017,2017-09-20 22:00,야간,수,1,2,0,1,부산,중구,차대사람,횡단중,운전자법규위반,안전운전 의무 불이행,단일로,기타단일로,이륜차,보행자,129.02502295,35.09820975
6428,2017,2017-09-20 23:00,야간,수,1,1,0,0,경기,수원시,차대사람,기타,운전자법규위반,안전운전 의무 불이행,교차로,교차로부근,승합차,보행자,127.0165489,37.27553886
6429,2017,2017-09-20 23:00,야간,수,1,2,0,1,충북,보은군,차대차,추돌,운전자법규위반,안전운전 의무 불이행,단일로,기타단일로,화물차,화물차,127.78231117,36.455319700000004
6430,2017,2017-09-21 02:00,야간,목,1,1,0,0,경기,화성시,차대차,기타,운전자법규위반,안전운전 의무 불이행,단일로,기타단일로,승용차,화물차,126.89184222,37.15461843
6431,2017,2017-09-21 02:00,야간,목,2,2,0,0,광주,광산구,차대사람,횡단중,운전자법규위반,안전운전 의무 불이행,기타,기타,승용차,보행자,126.80611768,35.16185626
6432,2017,2017-09-21 04:00,야간,목,1,2,1,0,충남,아산시,차대차,추돌,운전자법규위반,안전운전 의무 불이행,단일로,기타단일로,이륜차,승합차,127.10654612,36.79678837
6433,2017,2017-09-21 05:00,야간,목,1,1,0,0,대구,서구,차대사람,횡단중,운전자법규위반,안전운전 의무 불이행,단일로,기타단일로,승용차,보행자,128.57222774,35.87943544
6434,2017,2017-09-21 06:00,주간,목,1,1,0,0,경기,안산시,차대사람,기타,운전자법규위반,안전운전 의무 불이행,교차로,교차로내,화물차,보행자,126.82124008,37.3384879
6435,2017,2017-09-21 06:00,주간,목,1,1,0,0,대구,동구,차대차,측면충돌,운전자법규위반,신호위반,교차로,교차로내,승용차,승용차,128.64062363,35.92120543
6436,2017,2017-09-21 08:00,주간,목,1,2,1,0,강원,원주시,차량단독,전도전복,운전자법규위반,안전운전 의무 불이행,단일로,기타단일로,화물차,없음,127.81943076,37.43500925
6437,2017,2017-09-21 08:00,주간,목,1,1,0,0,경기,화성시,차대사람,차도통행중,운전자법규위반,보행자 보호의무 위반,교차로,교차로내,승용차,보행자,126.73984408,37.21422448
6438,2017,2017-09-21 14:00,주간,목,1,4,2,1,전남,해남군,차대차,측면충돌,운전자법규위반,안전거리 미확보,단일로,기타단일로,화물차,화물차,126.54947669,34.47463095
6439,2017,2017-09-21 14:00,주간,목,1,1,0,0,경기,용인시,차대차,측면충돌,운전자법규위반,차로위반(진로변경 위반),단일로,기타단일로,원동기장치자전거,승용차,127.37062033,37.1701162
6440,2017,2017-09-21 14:00,주간,목,1,1,0,0,대구,수성구,차대차,추돌,운전자법규위반,안전운전 의무 불이행,단일로,기타단일로,승용차,자전거,128.60808654,35.84439983
6441,2017,2017-09-21 15:00,주간,목,1,1,0,0,경북,경주시,차량단독,전도전복,운전자법규위반,안전운전 의무 불이행,단일로,기타단일로,화물차,없음,129.42163663,35.66895708
6442,2017,2017-09-21 16:00,주간,목,1,1,0,0,경기,광주시,차대사람,길가장자리구역통행중,운전자법규위반,안전운전 의무 불이행,교차로,교차로내,승용차,보행자,127.23430296,37.40091698
6443,2017,2017-09-21 16:00,주간,목,1,1,0,0,강원,양구군,차량단독,도로이탈 기타,운전자법규위반,안전운전 의무 불이행,단일로,기타단일로,이륜차,없음,127.86740158,38.22074165
6444,2017,2017-09-21 19:00,야간,목,1,1,0,0,경남,창녕군,차량단독,기타,운전자법규위반,안전운전 의무 불이행,단일로,기타단일로,농기계,없음,128.42979636,35.54525454
6445,2017,2017-09-21 20:00,야간,목,1,1,0,0,경북,청도군,차대차,추돌,운전자법규위반,안전운전 의무 불이행,단일로,기타단일로,승용차,자전거,128.67710984,35.65627077
6446,2017,2017-09-21 23:00,야간,목,1,1,0,0,경북,칠곡군,차대사람,기타,운전자법규위반,안전운전 의무 불이행,단일로,기타단일로,승용차,보행자,128.34514934,36.06354494
6447,2017,2017-09-22 05:00,야간,금,1,2,0,1,전북,정읍시,차대차,추돌,운전자법규위반,안전운전 의무 불이행,교차로,교차로부근,화물차,화물차,126.85932193,35.58804476
6448,2017,2017-09-22 05:00,야간,금,1,3,0,2,충남,천안시,차대사람,기타,운전자법규위반,안전운전 의무 불이행,단일로,기타단일로,승용차,보행자,127.12966931,36.81335045
6449,2017,2017-09-22 06:00,주간,금,1,1,0,0,광주,광산구,차대사람,횡단중,운전자법규위반,신호위반,교차로,교차로부근,승합차,보행자,126.81648729,35.17169862
6450,2017,2017-09-22 07:00,주간,금,1,1,0,0,대구,서구,차대사람,기타,운전자법규위반,안전운전 의무 불이행,기타,기타,자전거,보행자,128.55507175,35.88055204
6451,2017,2017-09-22 09:00,주간,금,1,1,0,0,서울,성동구,차량단독,기타,운전자법규위반,안전운전 의무 불이행,단일로,기타단일로,화물차,없음,127.06069682,37.54466271
6452,2017,2017-09-22 11:00,주간,금,1,2,0,1,전남,무안군,차대차,측면충돌,운전자법규위반,신호위반,교차로,교차로내,이륜차,승용차,126.36267247,34.99791786
6453,2017,2017-09-22 11:00,주간,금,1,2,0,1,전북,김제시,차대차,측면충돌,운전자법규위반,앞지르기 금지위반,교차로,교차로내,화물차,원동기장치자전거,126.94631090000001,35.78983626
6454,2017,2017-09-22 12:00,주간,금,1,1,0,0,경기,고양시,차대차,측면충돌,운전자법규위반,안전운전 의무 불이행,교차로,교차로내,승합차,이륜차,126.88930217,37.65238577
6455,2017,2017-09-22 13:00,주간,금,1,1,0,0,대전,동구,차대차,정면충돌,운전자법규위반,중앙선 침범,단일로,기타단일로,승용차,이륜차,127.52777466,36.41760582
6456,2017,2017-09-22 13:00,주간,금,1,1,0,0,대구,달성군,차대차,측면충돌,운전자법규위반,안전운전 의무 불이행,교차로,교차로내,원동기장치자전거,건설기계,128.41368383,35.65738559
6457,2017,2017-09-22 16:00,주간,금,1,1,0,0,인천,강화군,차대차,추돌,운전자법규위반,교차로 통행방법 위반,교차로,교차로내,자전거,화물차,126.48799581,37.74518144
6458,2017,2017-09-22 17:00,주간,금,1,1,0,0,경기,파주시,차대사람,길가장자리구역통행중,운전자법규위반,안전운전 의무 불이행,단일로,기타단일로,건설기계,보행자,126.91745618,37.77627968
6459,2017,2017-09-22 18:00,야간,금,1,4,1,2,전북,임실군,차대차,추돌,운전자법규위반,안전운전 의무 불이행,단일로,기타단일로,승용차,농기계,127.20488978,35.57378769
6460,2017,2017-09-22 18:00,야간,금,1,2,0,1,경기,안양시,차대차,측면충돌,운전자법규위반,안전운전 의무 불이행,교차로,교차로횡단보도내,승합차,자전거,126.9555419,37.37811269
6461,2017,2017-09-22 19:00,야간,금,1,1,0,0,광주,남구,차대사람,횡단중,운전자법규위반,과속,단일로,기타단일로,승합차,보행자,126.88996025,35.10984708
6462,2017,2017-09-22 22:00,야간,금,1,1,0,0,서울,관악구,차대사람,기타,운전자법규위반,안전운전 의무 불이행,주차장,주차장,승용차,보행자,126.92605293,37.46369324
6463,2017,2017-09-22 23:00,야간,금,1,1,0,0,경북,안동시,차대사람,길가장자리구역통행중,운전자법규위반,안전운전 의무 불이행,단일로,기타단일로,승용차,보행자,128.74495736,36.58921966
6464,2017,2017-09-22 23:00,야간,금,1,3,2,0,전북,전주시,차대차,측면충돌,운전자법규위반,신호위반,교차로,교차로내,이륜차,이륜차,127.11233940000001,35.81894751
6465,2017,2017-09-23 03:00,야간,토,1,3,1,1,경남,김해시,차량단독,전복,운전자법규위반,과속,단일로,기타단일로,승용차,없음,128.86733909,35.26194258
6466,2017,2017-09-23 04:00,야간,토,1,1,0,0,전북,익산시,차대사람,횡단중,운전자법규위반,신호위반,교차로,교차로횡단보도내,승용차,보행자,126.99777512,35.96063636
6467,2017,2017-09-23 04:00,야간,토,1,2,1,0,경기,안산시,차량단독,전도전복,운전자법규위반,안전운전 의무 불이행,교차로,교차로부근,승용차,없음,126.79766897,37.33481693
6468,2017,2017-09-23 05:00,야간,토,1,1,0,0,경기,화성시,차대사람,횡단중,운전자법규위반,안전운전 의무 불이행,교차로,교차로부근,화물차,보행자,127.06477933,37.232693299999994
6469,2017,2017-09-23 06:00,주간,토,1,1,0,0,경기,안산시,차대사람,횡단중,운전자법규위반,신호위반,단일로,기타단일로,화물차,보행자,126.57835371,37.28992904
6470,2017,2017-09-23 08:00,주간,토,1,1,0,0,광주,광산구,차량단독,기타,운전자법규위반,안전운전 의무 불이행,기타,기타,자전거,없음,126.85454024,35.21529788
6471,2017,2017-09-23 09:00,주간,토,1,1,0,0,대구,남구,차대사람,횡단중,운전자법규위반,안전운전 의무 불이행,단일로,기타단일로,건설기계,보행자,128.57136325,35.84978166
6472,2017,2017-09-23 10:00,주간,토,1,5,2,2,서울,금천구,차대사람,기타,운전자법규위반,안전운전 의무 불이행,교차로,교차로내,승용차,보행자,126.90044806,37.46559416
6473,2017,2017-09-23 12:00,주간,토,1,5,0,4,강원,평창군,차대차,측면충돌,운전자법규위반,중앙선 침범,단일로,기타단일로,이륜차,승합차,128.41608699,37.43133206
6474,2017,2017-09-23 13:00,주간,토,1,1,0,0,서울,성동구,차대차,기타,운전자법규위반,안전운전 의무 불이행,교차로,교차로부근,승합차,자전거,127.03772025,37.5716155
6475,2017,2017-09-23 13:00,주간,토,1,3,1,1,경기,안성시,차대차,정면충돌,운전자법규위반,중앙선 침범,단일로,기타단일로,화물차,건설기계,127.26342179,37.08268405
6476,2017,2017-09-23 15:00,주간,토,1,1,0,0,대구,북구,차대사람,기타,운전자법규위반,안전운전 의무 불이행,단일로,기타단일로,자전거,보행자,128.56697072,35.90210243
6477,2017,2017-09-23 15:00,주간,토,1,1,0,0,충남,아산시,차대차,측면충돌,운전자법규위반,신호위반,교차로,교차로내,승용차,이륜차,126.98450700000001,36.78589211
6478,2017,2017-09-23 17:00,주간,토,1,1,0,0,경기,하남시,차대사람,횡단중,운전자법규위반,신호위반,교차로,교차로횡단보도내,이륜차,보행자,127.18410679,37.55330475
6479,2017,2017-09-23 18:00,야간,토,1,1,0,0,대구,남구,차대사람,기타,운전자법규위반,안전운전 의무 불이행,단일로,기타단일로,승용차,보행자,128.58244743,35.84891598
6480,2017,2017-09-23 19:00,야간,토,1,1,0,0,제주,서귀포시,차대차,측면충돌,운전자법규위반,과속,단일로,기타단일로,특수차,이륜차,126.9034429,33.40386606
6481,2017,2017-09-23 19:00,야간,토,1,1,0,0,대전,동구,차대사람,횡단중,운전자법규위반,신호위반,단일로,기타단일로,승용차,보행자,127.45288435,36.30518676
6482,2017,2017-09-23 19:00,야간,토,1,1,0,0,경남,하동군,차대사람,횡단중,운전자법규위반,안전운전 의무 불이행,기타,기타,승용차,보행자,127.87703268,35.05954167
6483,2017,2017-09-23 19:00,야간,토,1,1,0,0,전남,고흥군,차대사람,횡단중,운전자법규위반,안전운전 의무 불이행,단일로,기타단일로,승용차,보행자,127.34747005,34.55229809
6484,2017,2017-09-24 01:00,야간,일,1,2,1,0,경남,진주시,차대차,정면충돌,운전자법규위반,중앙선 침범,단일로,기타단일로,이륜차,승용차,128.10379847,35.2008242
6485,2017,2017-09-24 03:00,야간,일,2,3,1,0,서울,송파구,차대사람,기타,운전자법규위반,안전운전 의무 불이행,단일로,기타단일로,승용차,보행자,127.11351904,37.52665805
6486,2017,2017-09-24 05:00,야간,일,1,2,1,0,전북,진안군,차대차,추돌,운전자법규위반,안전운전 의무 불이행,단일로,기타단일로,승합차,농기계,127.42443668,35.75084853
6487,2017,2017-09-24 09:00,주간,일,1,1,0,0,전북,완주군,차대차,추돌,운전자법규위반,안전운전 의무 불이행,단일로,기타단일로,승용차,자전거,127.10042734,35.91991826
6488,2017,2017-09-24 10:00,주간,일,1,1,0,0,전북,남원시,차량단독,공작물충돌,운전자법규위반,안전운전 의무 불이행,단일로,기타단일로,승용차,없음,127.38666433,35.40385121
6489,2017,2017-09-24 11:00,주간,일,1,1,0,0,서울,노원구,차대사람,기타,운전자법규위반,안전운전 의무 불이행,교차로,교차로내,승용차,보행자,127.09040838,37.62391687
6490,2017,2017-09-24 11:00,주간,일,1,4,2,1,전남,화순군,차대차,정면충돌,운전자법규위반,중앙선 침범,단일로,교량위,승용차,승용차,127.15282981,34.97643666
6491,2017,2017-09-24 13:00,주간,일,1,1,0,0,충북,청주시,차대사람,기타,운전자법규위반,안전운전 의무 불이행,단일로,기타단일로,화물차,보행자,127.41707248,36.66300802
6492,2017,2017-09-24 13:00,주간,일,1,1,0,0,대구,수성구,차대차,측면충돌,운전자법규위반,안전거리 미확보,단일로,기타단일로,승용차,이륜차,128.65057369,35.85667102
6493,2017,2017-09-24 15:00,주간,일,1,1,0,0,전북,완주군,차량단독,기타,운전자법규위반,안전운전 의무 불이행,단일로,기타단일로,자전거,없음,127.14683212,35.7234664
6494,2017,2017-09-24 15:00,주간,일,1,2,1,0,전남,완도군,차대사람,기타,운전자법규위반,안전운전 의무 불이행,교차로,교차로부근,승용차,보행자,126.571271,34.17720433
6495,2017,2017-09-24 15:00,주간,일,1,1,0,0,충남,당진시,차량단독,공작물충돌,운전자법규위반,안전운전 의무 불이행,단일로,기타단일로,승용차,없음,126.81714884,36.94317166
6496,2017,2017-09-24 16:00,주간,일,1,1,0,0,경북,경주시,차량단독,공작물충돌,운전자법규위반,안전운전 의무 불이행,단일로,기타단일로,이륜차,없음,129.24620841,35.96185515
6497,2017,2017-09-24 19:00,야간,일,1,1,0,0,경북,안동시,차량단독,전도전복,운전자법규위반,안전운전 의무 불이행,단일로,기타단일로,이륜차,없음,128.88366820000002,36.78222426
6498,2017,2017-09-24 22:00,야간,일,1,1,0,0,전남,목포시,차대사람,기타,운전자법규위반,안전운전 의무 불이행,단일로,기타단일로,승합차,보행자,126.40893542,34.79768668
6499,2017,2017-09-25 00:00,야간,월,1,1,0,0,서울,송파구,차대사람,기타,운전자법규위반,안전운전 의무 불이행,단일로,기타단일로,승용차,보행자,127.09926571,37.52118438
6500,2017,2017-09-25 04:00,야간,월,1,1,0,0,강원,춘천시,차대사람,횡단중,운전자법규위반,과속,단일로,기타단일로,승합차,보행자,127.74120642,37.87915005
6501,2017,2017-09-25 05:00,야간,월,1,1,0,0,울산,울주군,차대차,정면충돌,운전자법규위반,신호위반,교차로,교차로내,승용차,이륜차,129.33871955,35.47125346
6502,2017,2017-09-25 05:00,야간,월,1,1,0,0,전북,익산시,차대사람,횡단중,운전자법규위반,보행자 보호의무 위반,교차로,교차로횡단보도내,승용차,보행자,126.96452433,35.93490548
6503,2017,2017-09-25 07:00,주간,월,1,3,1,1,전북,김제시,차대차,추돌,운전자법규위반,안전운전 의무 불이행,단일로,기타단일로,승용차,화물차,127.04076217,35.78925133
6504,2017,2017-09-25 08:00,주간,월,1,1,0,0,충남,천안시,차대사람,차도통행중,운전자법규위반,안전운전 의무 불이행,단일로,기타단일로,승용차,보행자,127.13422108,36.92868798
6505,2017,2017-09-25 09:00,주간,월,1,1,0,0,충북,청주시,차대사람,기타,운전자법규위반,안전운전 의무 불이행,단일로,기타단일로,승용차,보행자,127.49058258,36.62703975
6506,2017,2017-09-25 11:00,주간,월,1,1,0,0,서울,종로구,차대사람,횡단중,운전자법규위반,신호위반,교차로,교차로부근,건설기계,보행자,126.99034561,37.57740542
6507,2017,2017-09-25 12:00,주간,월,1,1,0,0,충북,충주시,차대차,기타,운전자법규위반,안전운전 의무 불이행,교차로,교차로부근,화물차,자전거,127.91805384,36.97100055
6508,2017,2017-09-25 13:00,주간,월,1,1,0,0,경기,성남시,차대사람,횡단중,운전자법규위반,안전운전 의무 불이행,기타,기타,화물차,보행자,127.11845391,37.41086657
6509,2017,2017-09-25 14:00,주간,월,1,1,0,0,서울,성북구,차대차,측면충돌,운전자법규위반,신호위반,교차로,교차로내,원동기장치자전거,승용차,127.02370876,37.58637794
6510,2017,2017-09-25 15:00,주간,월,1,1,0,0,전남,여수시,차대차,측면충돌,운전자법규위반,중앙선 침범,단일로,기타단일로,이륜차,승용차,127.61778555,34.67848943
6511,2017,2017-09-25 18:00,야간,월,1,2,1,0,경기,파주시,차대차,추돌,운전자법규위반,안전운전 의무 불이행,단일로,기타단일로,승용차,농기계,126.78610276,37.74511085
6512,2017,2017-09-25 19:00,야간,월,1,1,0,0,충북,괴산군,차대사람,기타,운전자법규위반,안전운전 의무 불이행,단일로,기타단일로,승용차,보행자,127.78702649,36.63521354
6513,2017,2017-09-25 20:00,야간,월,1,1,0,0,경기,남양주시,차대차,측면충돌,운전자법규위반,안전운전 의무 불이행,단일로,기타단일로,승용차,자전거,127.16094541,37.64763861
6514,2017,2017-09-25 21:00,야간,월,1,1,0,0,전남,신안군,차대사람,횡단중,운전자법규위반,안전운전 의무 불이행,단일로,기타단일로,화물차,보행자,126.25490579,35.05637029
6515,2017,2017-09-26 00:00,야간,화,1,1,0,0,경기,성남시,차대사람,차도통행중,운전자법규위반,안전운전 의무 불이행,단일로,기타단일로,승용차,보행자,127.12884566,37.41172892
6516,2017,2017-09-26 01:00,야간,화,1,1,0,0,서울,강서구,차대차,추돌,운전자법규위반,안전운전 의무 불이행,단일로,기타단일로,승용차,화물차,126.85198506,37.56985876
6517,2017,2017-09-26 05:00,야간,화,1,1,0,0,서울,영등포구,차대사람,횡단중,운전자법규위반,안전운전 의무 불이행,단일로,기타단일로,화물차,보행자,126.91058431,37.50969443
6518,2017,2017-09-26 07:00,주간,화,1,2,1,0,경북,안동시,차량단독,전도,운전자법규위반,안전운전 의무 불이행,단일로,기타단일로,이륜차,없음,128.92315884,36.460474299999994
6519,2017,2017-09-26 09:00,주간,화,1,1,0,0,전남,영암군,차량단독,기타,운전자법규위반,기타(운전자법규위반),단일로,기타단일로,농기계,없음,126.67073551,34.8102034
6520,2017,2017-09-26 09:00,주간,화,1,1,0,0,전남,고흥군,차대차,측면충돌,운전자법규위반,중앙선 침범,교차로,교차로부근,원동기장치자전거,화물차,127.14693029,34.52329561
6521,2017,2017-09-26 10:00,주간,화,1,1,0,0,전북,순창군,차대차,정면충돌,운전자법규위반,중앙선 침범,단일로,기타단일로,이륜차,화물차,127.18590593,35.38998884
6522,2017,2017-09-26 11:00,주간,화,1,1,0,0,부산,영도구,차대사람,기타,운전자법규위반,안전운전 의무 불이행,단일로,기타단일로,승용차,보행자,129.05269675,35.09420057
6523,2017,2017-09-26 12:00,주간,화,2,3,1,0,강원,철원군,차대차,측면충돌,운전자법규위반,안전운전 의무 불이행,단일로,기타단일로,화물차,농기계,127.2016991,38.25528424
6524,2017,2017-09-26 12:00,주간,화,1,2,1,0,충남,서천군,차대차,측면충돌,운전자법규위반,안전운전 의무 불이행,교차로,교차로부근,승용차,승용차,126.66878983,36.09484517
6525,2017,2017-09-26 14:00,주간,화,1,1,0,0,제주,서귀포시,차대차,기타,운전자법규위반,안전거리 미확보,단일로,기타단일로,이륜차,승용차,126.55461913,33.2522379
6526,2017,2017-09-26 15:00,주간,화,1,1,0,0,경기,파주시,차대차,측면충돌,운전자법규위반,중앙선 침범,단일로,기타단일로,자전거,승용차,126.70573094,37.77583587
6527,2017,2017-09-26 15:00,주간,화,2,3,0,1,서울,서초구,차대차,추돌,운전자법규위반,안전운전 의무 불이행,단일로,기타단일로,승용차,승용차,127.05083662,37.45217316
6528,2017,2017-09-26 15:00,주간,화,1,1,0,0,부산,금정구,차대차,추돌,운전자법규위반,안전운전 의무 불이행,단일로,기타단일로,화물차,화물차,129.09474106,35.24779864
6529,2017,2017-09-26 16:00,주간,화,1,1,0,0,부산,강서구,차대사람,보도통행중,운전자법규위반,신호위반,단일로,기타단일로,승용차,보행자,128.92072719,35.09134965
6530,2017,2017-09-26 18:00,야간,화,1,1,0,0,충북,제천시,차량단독,전도전복,운전자법규위반,안전운전 의무 불이행,교차로,교차로내,건설기계,없음,128.28243705,37.19016553
6531,2017,2017-09-26 18:00,야간,화,1,1,0,0,경기,의정부시,차대사람,횡단중,운전자법규위반,안전운전 의무 불이행,단일로,기타단일로,이륜차,보행자,127.11188989,37.75532261
6532,2017,2017-09-26 18:00,야간,화,1,1,0,0,충남,아산시,차대사람,길가장자리구역통행중,운전자법규위반,안전운전 의무 불이행,단일로,기타단일로,승용차,보행자,126.89484686,36.86567223
6533,2017,2017-09-26 21:00,야간,화,1,2,1,0,서울,동작구,차대사람,보도통행중,운전자법규위반,기타(운전자법규위반),단일로,기타단일로,승용차,보행자,126.96586577,37.50689635
6534,2017,2017-09-26 22:00,야간,화,1,1,0,0,울산,울주군,차대사람,횡단중,운전자법규위반,안전운전 의무 불이행,교차로,교차로부근,승용차,보행자,129.13161541,35.5766835
6535,2017,2017-09-26 23:00,야간,화,1,2,1,0,서울,영등포구,차대사람,기타,운전자법규위반,안전운전 의무 불이행,단일로,기타단일로,건설기계,보행자,126.91883438,37.52991657