,발생년,발생년월일시분,주야,요일,사망자수,사상자수,중상자수,경상자수,발생지시도,발생지시군구,사고유형_대분류,사고유형,법규위반_대분류,법규위반,도로형태_대분류,도로형태,가해자_당사자종별,피해자_당사자종별,경도,위도
6536,2017,2017-09-27 02:00,야간,수,1,1,0,0,경기,용인시,차대차,추돌,운전자법규위반,안전거리 미확보,단일로,기타단일로,화물차,화물차,127.27635929999998,37.24369307
6537,2017,2017-09-27 04:00,야간,수,1,1,0,0,강원,태백시,차량단독,공작물충돌,운전자법규위반,안전운전 의무 불이행,단일로,기타단일로,승용차,없음,128.98968676,37.15729854
6538,2017,2017-09-27 04:00,야간,수,1,1,0,0,경기,안산시,차대사람,횡단중,운전자법규위반,보행자 보호의무 위반,교차로,교차로횡단보도내,승용차,보행자,126.80177565,37.33506658
6539,2017,2017-09-27 05:00,야간,수,1,1,0,0,전북,고창군,차대차,추돌,운전자법규위반,안전운전 의무 불이행,단일로,기타단일로,승합차,자전거,126.56196028,35.40979245
6540,2017,2017-09-27 10:00,주간,수,1,1,0,0,경기,연천군,차량단독,도로이탈 기타,운전자법규위반,안전운전 의무 불이행,단일로,기타단일로,사륜오토바이(ATV),없음,127.10194388,38.03229527
6541,2017,2017-09-27 11:00,주간,수,1,1,0,0,경북,영천시,차량단독,전도,운전자법규위반,안전운전 의무 불이행,단일로,기타단일로,승용차,없음,128.90874863,35.9820055
6542,2017,2017-09-27 13:00,주간,수,1,1,0,0,강원,원주시,차대사람,횡단중,운전자법규위반,보행자 보호의무 위반,단일로,기타단일로,화물차,보행자,127.94416363,37.35011499
6543,2017,2017-09-27 14:00,주간,수,1,1,0,0,경남,밀양시,차대차,기타,운전자법규위반,안전운전 의무 불이행,단일로,기타단일로,화물차,화물차,128.78201961,35.51007162
6544,2017,2017-09-27 14:00,주간,수,1,1,0,0,전남,영광군,차량단독,도로이탈 추락,운전자법규위반,안전운전 의무 불이행,교차로,교차로부근,화물차,없음,126.38906206,35.22240755
6545,2017,2017-09-27 16:00,주간,수,1,1,0,0,경기,김포시,차대사람,기타,운전자법규위반,신호위반,교차로,교차로내,화물차,보행자,126.67923258,37.64377444
6546,2017,2017-09-27 18:00,야간,수,1,1,0,0,경남,창녕군,차대차,기타,운전자법규위반,안전운전 의무 불이행,단일로,기타단일로,승용차,승용차,128.60292086,35.43489807
6547,2017,2017-09-27 18:00,야간,수,1,1,0,0,전북,완주군,차대사람,횡단중,운전자법규위반,안전운전 의무 불이행,교차로,교차로내,승용차,보행자,127.16111134,35.93845243
6548,2017,2017-09-27 20:00,야간,수,1,1,0,0,경북,영주시,차대사람,차도통행중,운전자법규위반,안전운전 의무 불이행,단일로,기타단일로,화물차,보행자,128.61301783,36.80968286
6549,2017,2017-09-27 21:00,야간,수,1,1,0,0,서울,중구,차대사람,보도통행중,운전자법규위반,안전운전 의무 불이행,단일로,기타단일로,승용차,보행자,126.99541245,37.56162658
6550,2017,2017-09-27 22:00,야간,수,1,1,0,0,인천,연수구,차량단독,공작물충돌,운전자법규위반,안전운전 의무 불이행,단일로,기타단일로,승용차,없음,126.69684609,37.43609771
6551,2017,2017-09-28 02:00,야간,목,1,1,0,0,경북,봉화군,차량단독,공작물충돌,운전자법규위반,안전운전 의무 불이행,단일로,기타단일로,화물차,없음,128.71255483,36.87854171
6552,2017,2017-09-28 03:00,야간,목,1,2,0,1,충남,당진시,차량단독,공작물충돌,운전자법규위반,안전운전 의무 불이행,단일로,기타단일로,이륜차,없음,126.63524848,36.90164764
6553,2017,2017-09-28 05:00,야간,목,1,2,0,1,경기,평택시,차대차,측면충돌,운전자법규위반,신호위반,교차로,교차로내,승용차,승용차,127.0411749,37.04593942
6554,2017,2017-09-28 09:00,주간,목,1,1,0,0,전남,장성군,차대차,추돌,운전자법규위반,과속,단일로,기타단일로,승용차,이륜차,126.80291599,35.32738187
6555,2017,2017-09-28 17:00,주간,목,1,1,0,0,경기,의정부시,차대차,측면충돌,운전자법규위반,안전운전 의무 불이행,단일로,기타단일로,원동기장치자전거,승합차,127.04381808,37.74120746
6556,2017,2017-09-28 20:00,야간,목,1,1,0,0,경기,화성시,차대사람,기타,운전자법규위반,안전운전 의무 불이행,단일로,기타단일로,화물차,보행자,126.83738876,37.02577604
6557,2017,2017-09-28 20:00,야간,목,1,1,0,0,경북,김천시,차량단독,공작물충돌,운전자법규위반,안전운전 의무 불이행,단일로,기타단일로,화물차,없음,128.01891492,35.89956355
6558,2017,2017-09-28 21:00,야간,목,1,2,0,0,경북,울진군,차대차,기타,운전자법규위반,안전운전 의무 불이행,단일로,기타단일로,승용차,화물차,129.38416142,36.92011056
6559,2017,2017-09-28 22:00,야간,목,1,1,0,0,경기,용인시,차대사람,보도통행중,운전자법규위반,보행자 보호의무 위반,교차로,교차로횡단보도내,화물차,보행자,127.09334901,37.25521266
6560,2017,2017-09-28 23:00,야간,목,1,1,0,0,경북,경주시,차대사람,길가장자리구역통행중,운전자법규위반,안전운전 의무 불이행,단일로,기타단일로,화물차,보행자,129.33667690000001,35.66971548
6561,2017,2017-09-29 01:00,야간,금,1,1,0,0,서울,강남구,차대사람,기타,운전자법규위반,안전운전 의무 불이행,단일로,기타단일로,승용차,보행자,127.02489080000001,37.50368368
6562,2017,2017-09-29 05:00,야간,금,1,1,0,0,서울,강남구,차대사람,보도통행중,운전자법규위반,신호위반,교차로,교차로부근,승용차,보행자,127.03505694,37.515450799999996
6563,2017,2017-09-29 06:00,주간,금,1,1,0,0,서울,강남구,차대차,추돌,운전자법규위반,과속,단일로,기타단일로,승용차,이륜차,127.0486947,37.47370762
6564,2017,2017-09-29 06:00,주간,금,1,1,0,0,경남,창녕군,차대차,측면충돌,운전자법규위반,신호위반,교차로,교차로내,자전거,승용차,128.52673525,35.45530667
6565,2017,2017-09-29 07:00,주간,금,1,1,0,0,경기,안산시,차대차,측면충돌,운전자법규위반,안전운전 의무 불이행,단일로,기타단일로,이륜차,화물차,126.84030108,37.34693344
6566,2017,2017-09-29 10:00,주간,금,1,1,0,0,부산,사하구,차대사람,횡단중,운전자법규위반,안전운전 의무 불이행,교차로,교차로횡단보도내,승용차,보행자,128.99959141,35.08942152
6567,2017,2017-09-29 10:00,주간,금,1,1,0,0,강원,평창군,차대차,정면충돌,운전자법규위반,중앙선 침범,단일로,기타단일로,승용차,건설기계,128.53950585,37.64363606
6568,2017,2017-09-29 11:00,주간,금,1,2,0,1,전북,순창군,차대차,측면충돌,운전자법규위반,신호위반,교차로,교차로내,승합차,승용차,127.14482423,35.35712594
6569,2017,2017-09-29 11:00,주간,금,1,1,0,0,전북,익산시,차대차,기타,운전자법규위반,안전운전 의무 불이행,교차로,교차로부근,승용차,이륜차,126.96588468,35.96092241
6570,2017,2017-09-29 14:00,주간,금,1,1,0,0,경기,이천시,차량단독,전도전복,운전자법규위반,안전운전 의무 불이행,단일로,기타단일로,사륜오토바이(ATV),없음,127.45853456,37.2565437
6571,2017,2017-09-29 15:00,주간,금,1,1,0,0,전북,군산시,차대사람,횡단중,운전자법규위반,보행자 보호의무 위반,단일로,기타단일로,승용차,보행자,126.72315098,35.97649208
6572,2017,2017-09-29 15:00,주간,금,1,2,0,1,부산,기장군,차대차,측면충돌,운전자법규위반,신호위반,교차로,교차로내,이륜차,승용차,129.17256335,35.31937589
6573,2017,2017-09-29 16:00,주간,금,1,1,0,0,강원,홍천군,차대차,측면충돌,운전자법규위반,직진 및 우회전차의 통행방해,교차로,교차로내,이륜차,승용차,127.93223647,37.681967799999995
6574,2017,2017-09-29 19:00,야간,금,2,2,0,0,전남,해남군,차대차,추돌,운전자법규위반,안전운전 의무 불이행,단일로,기타단일로,화물차,농기계,126.51225078,34.43827373
6575,2017,2017-09-29 19:00,야간,금,1,1,0,0,전북,고창군,차량단독,도로이탈 추락,운전자법규위반,안전운전 의무 불이행,단일로,기타단일로,농기계,없음,126.67099646,35.49759886
6576,2017,2017-09-29 20:00,야간,금,1,1,0,0,경기,오산시,차대차,측면충돌,운전자법규위반,안전운전 의무 불이행,단일로,기타단일로,승용차,이륜차,127.03896327,37.14746682
6577,2017,2017-09-29 21:00,야간,금,1,2,0,1,경북,경산시,차대사람,길가장자리구역통행중,운전자법규위반,안전운전 의무 불이행,단일로,기타단일로,이륜차,보행자,128.73407331,35.830036299999996
6578,2017,2017-09-30 01:00,야간,토,1,1,0,0,충북,충주시,차량단독,공작물충돌,운전자법규위반,안전운전 의무 불이행,교차로,교차로내,승용차,없음,127.90018136,36.94344191
6579,2017,2017-09-30 04:00,야간,토,1,1,0,0,서울,강남구,차대차,기타,운전자법규위반,안전운전 의무 불이행,단일로,교량위,승용차,이륜차,127.05577254,37.52749152
6580,2017,2017-09-30 04:00,야간,토,1,1,0,0,광주,서구,차대사람,횡단중,운전자법규위반,과속,교차로,교차로횡단보도내,승용차,보행자,126.85490036,35.15167603
6581,2017,2017-09-30 06:00,주간,토,1,1,0,0,경기,용인시,차대사람,기타,운전자법규위반,안전운전 의무 불이행,단일로,기타단일로,화물차,보행자,127.40059845,37.13241171
6582,2017,2017-09-30 12:00,주간,토,1,1,0,0,전남,곡성군,차량단독,기타,운전자법규위반,안전운전 의무 불이행,교차로,교차로부근,이륜차,없음,127.29373611,35.27823989
6583,2017,2017-09-30 13:00,주간,토,1,1,0,0,전남,해남군,차량단독,공작물충돌,운전자법규위반,안전운전 의무 불이행,단일로,기타단일로,승용차,없음,126.66503929,34.45527503
6584,2017,2017-09-30 14:00,주간,토,1,1,0,0,충남,천안시,차대차,측면충돌,운전자법규위반,신호위반,교차로,교차로부근,이륜차,화물차,127.23064607,36.91413492
6585,2017,2017-09-30 14:00,주간,토,1,1,0,0,울산,남구,차대차,기타,운전자법규위반,중앙선 침범,단일로,지하차도(도로)내,특수차,승용차,129.35440208,35.54366642
6586,2017,2017-09-30 14:00,주간,토,1,7,0,6,경북,청도군,차대차,측면충돌,운전자법규위반,신호위반,교차로,교차로내,이륜차,승합차,128.88606046,35.71384716
6587,2017,2017-09-30 15:00,주간,토,1,1,0,0,전남,무안군,차량단독,기타,운전자법규위반,안전운전 의무 불이행,단일로,기타단일로,농기계,없음,126.47387752,34.86028985
6588,2017,2017-09-30 16:00,주간,토,1,2,1,0,전북,고창군,차대차,측면충돌,운전자법규위반,직진 및 우회전차의 통행방해,교차로,교차로부근,화물차,이륜차,126.66090722,35.38940372
6589,2017,2017-09-30 17:00,주간,토,1,1,0,0,전북,김제시,차량단독,도로이탈 기타,운전자법규위반,안전운전 의무 불이행,단일로,기타단일로,화물차,없음,126.81795336,35.83823287
6590,2017,2017-09-30 17:00,주간,토,1,1,0,0,부산,사상구,차대사람,횡단중,운전자법규위반,보행자 보호의무 위반,단일로,기타단일로,승용차,보행자,128.9734735,35.13270244
6591,2017,2017-09-30 18:00,야간,토,1,1,0,0,경남,합천군,차대차,측면충돌,운전자법규위반,신호위반,교차로,교차로내,자전거,승용차,128.17049755,35.56755062
6592,2017,2017-09-30 18:00,야간,토,1,1,0,0,경북,상주시,차대사람,횡단중,운전자법규위반,안전운전 의무 불이행,교차로,교차로부근,승용차,보행자,127.95287823,36.44388605
6593,2017,2017-09-30 19:00,야간,토,1,3,1,1,경북,성주군,차대사람,길가장자리구역통행중,운전자법규위반,안전운전 의무 불이행,기타,기타,화물차,보행자,128.35649703,35.90749362
6594,2017,2017-09-30 19:00,야간,토,1,2,0,0,경북,칠곡군,차대차,측면충돌,운전자법규위반,안전운전 의무 불이행,단일로,기타단일로,승용차,화물차,128.52774153,36.10626669
6595,2017,2017-09-30 20:00,야간,토,1,1,0,0,충북,옥천군,차대사람,차도통행중,운전자법규위반,안전운전 의무 불이행,교차로,교차로내,이륜차,보행자,127.56894501,36.30291328
6596,2017,2017-09-30 21:00,야간,토,1,2,1,0,경기,안산시,차대차,측면충돌,운전자법규위반,신호위반,교차로,교차로내,원동기장치자전거,승용차,126.87437983,37.30280678
6597,2017,2017-10-01 02:00,야간,일,1,1,0,0,부산,동구,차대사람,횡단중,운전자법규위반,안전운전 의무 불이행,단일로,기타단일로,승용차,보행자,129.05933918,35.13796706
6598,2017,2017-10-01 03:00,야간,일,1,3,2,0,경남,김해시,차대차,측면충돌,운전자법규위반,중앙선 침범,단일로,기타단일로,승용차,승용차,128.98510879,35.27786495
6599,2017,2017-10-01 04:00,야간,일,1,1,0,0,경남,진주시,차대사람,기타,운전자법규위반,과속,단일로,기타단일로,승용차,보행자,128.27516229,35.2427866
6600,2017,2017-10-01 07:00,주간,일,1,2,0,1,대구,동구,차대차,측면충돌,운전자법규위반,신호위반,기타,기타,이륜차,승용차,128.62306774,35.87576127
6601,2017,2017-10-01 11:00,주간,일,1,3,1,1,경기,남양주시,차대차,추돌,운전자법규위반,안전운전 의무 불이행,기타,기타,승용차,화물차,127.17819145,37.61510337
6602,2017,2017-10-01 13:00,주간,일,1,1,0,0,충남,서천군,차량단독,기타,운전자법규위반,안전운전 의무 불이행,교차로,교차로내,승용차,없음,126.70920546,36.00681991
6603,2017,2017-10-01 15:00,주간,일,1,1,0,0,전북,군산시,차량단독,공작물충돌,운전자법규위반,안전운전 의무 불이행,교차로,교차로부근,화물차,없음,126.74443924,35.98896154
6604,2017,2017-10-01 16:00,주간,일,1,1,0,0,경기,김포시,차대차,기타,운전자법규위반,안전운전 의무 불이행,단일로,기타단일로,승합차,자전거,126.55681906,37.71335956
6605,2017,2017-10-01 18:00,야간,일,1,1,0,0,충남,천안시,차량단독,공작물충돌,운전자법규위반,안전운전 의무 불이행,단일로,기타단일로,화물차,없음,127.1899585,36.80110068
6606,2017,2017-10-01 19:00,야간,일,1,2,1,0,경기,의왕시,차대차,측면충돌,운전자법규위반,안전운전 의무 불이행,단일로,기타단일로,승용차,승용차,126.96514115,37.35923661
6607,2017,2017-10-01 19:00,야간,일,1,2,1,0,경기,고양시,차대사람,횡단중,운전자법규위반,보행자 보호의무 위반,교차로,교차로내,승용차,보행자,126.83642655,37.62465469
6608,2017,2017-10-01 20:00,야간,일,3,4,1,0,충남,논산시,차대차,정면충돌,운전자법규위반,중앙선 침범,단일로,교량위,승용차,승용차,127.0268253,36.15990349
6609,2017,2017-10-01 22:00,야간,일,1,1,0,0,광주,북구,차대사람,차도통행중,운전자법규위반,안전운전 의무 불이행,단일로,기타단일로,승용차,보행자,126.91934995,35.18662744
6610,2017,2017-10-02 00:00,야간,월,1,1,0,0,충남,논산시,차대사람,횡단중,운전자법규위반,안전운전 의무 불이행,단일로,기타단일로,화물차,보행자,127.10740842,36.13059639
6611,2017,2017-10-02 04:00,야간,월,1,2,1,0,경기,의정부시,차대차,추돌,운전자법규위반,안전운전 의무 불이행,단일로,기타단일로,이륜차,승용차,127.07512368,37.75470909
6612,2017,2017-10-02 04:00,야간,월,1,2,1,0,경남,거제시,차량단독,기타,운전자법규위반,안전운전 의무 불이행,단일로,기타단일로,승용차,없음,128.59093869,34.89256573
6613,2017,2017-10-02 04:00,야간,월,1,1,0,0,서울,동대문구,차량단독,공작물충돌,운전자법규위반,안전운전 의무 불이행,교차로,교차로내,이륜차,없음,127.06844743,37.57278641
6614,2017,2017-10-02 05:00,야간,월,1,1,0,0,서울,서대문구,차대사람,횡단중,운전자법규위반,보행자 보호의무 위반,단일로,기타단일로,승합차,보행자,126.93761944,37.58900965
6615,2017,2017-10-02 05:00,야간,월,1,1,0,0,경기,안양시,차대차,측면충돌,운전자법규위반,안전운전 의무 불이행,교차로,교차로내,화물차,원동기장치자전거,126.96907673,37.38243773
6616,2017,2017-10-02 09:00,주간,월,1,1,0,0,광주,동구,차대사람,기타,운전자법규위반,안전운전 의무 불이행,단일로,기타단일로,승용차,보행자,126.92529635,35.13450119
6617,2017,2017-10-02 10:00,주간,월,1,1,0,0,전남,장성군,차대사람,기타,운전자법규위반,안전운전 의무 불이행,교차로,교차로내,화물차,보행자,126.77512983,35.3405154
6618,2017,2017-10-02 11:00,주간,월,1,1,0,0,충남,논산시,차대사람,횡단중,운전자법규위반,보행자 보호의무 위반,교차로,교차로횡단보도내,화물차,보행자,127.09872781,36.10455734
6619,2017,2017-10-02 14:00,주간,월,1,1,0,0,광주,북구,차대사람,횡단중,운전자법규위반,안전운전 의무 불이행,교차로,교차로내,승용차,보행자,126.89669639,35.20402228
6620,2017,2017-10-02 19:00,야간,월,1,1,0,0,전북,남원시,차대차,추돌,운전자법규위반,안전운전 의무 불이행,단일로,기타단일로,화물차,자전거,127.37655885,35.40810626
6621,2017,2017-10-02 20:00,야간,월,1,1,0,0,경기,용인시,차대차,추돌,운전자법규위반,안전운전 의무 불이행,교차로,교차로횡단보도내,승용차,이륜차,127.11220283,37.25537506
6622,2017,2017-10-03 01:00,야간,화,1,1,0,0,경기,가평군,차량단독,기타,운전자법규위반,안전운전 의무 불이행,단일로,교량위,사륜오토바이(ATV),없음,127.53303759,37.70993505
6623,2017,2017-10-03 01:00,야간,화,1,1,0,0,경북,경산시,차대사람,기타,운전자법규위반,안전운전 의무 불이행,교차로,교차로부근,승용차,보행자,128.76241886,35.81562357
6624,2017,2017-10-03 07:00,주간,화,1,2,1,0,부산,사상구,차대차,추돌,운전자법규위반,안전운전 의무 불이행,단일로,기타단일로,승용차,특수차,128.9885842,35.169043200000004
6625,2017,2017-10-03 08:00,주간,화,1,3,1,1,충남,아산시,차대차,측면충돌,운전자법규위반,중앙선 침범,불명,불명,승용차,승용차,126.98924289,36.66656636
6626,2017,2017-10-03 10:00,주간,화,1,1,0,0,강원,철원군,차량단독,전도전복,운전자법규위반,안전운전 의무 불이행,기타,기타,원동기장치자전거,없음,127.23832517,38.17074378
6627,2017,2017-10-03 18:00,야간,화,1,4,2,1,충북,음성군,차대차,측면충돌,운전자법규위반,신호위반,교차로,교차로내,승용차,승합차,127.61072081,37.03489402
6628,2017,2017-10-04 02:00,야간,수,1,1,0,0,서울,강북구,차대차,측면충돌,운전자법규위반,안전운전 의무 불이행,단일로,기타단일로,승용차,승용차,127.01291072,37.62346918
6629,2017,2017-10-04 16:00,주간,수,1,4,0,3,충남,금산군,차대차,측면충돌,운전자법규위반,안전운전 의무 불이행,단일로,기타단일로,승용차,승용차,127.46623327,36.18995426
6630,2017,2017-10-05 01:00,야간,목,1,1,0,0,경기,화성시,차량단독,기타,운전자법규위반,안전운전 의무 불이행,단일로,기타단일로,이륜차,없음,126.85975598,37.10271764
6631,2017,2017-10-05 03:00,야간,목,1,1,0,0,인천,부평구,차대차,기타,운전자법규위반,안전운전 의무 불이행,교차로,교차로내,승용차,승용차,126.7316679,37.51155041
6632,2017,2017-10-05 07:00,주간,목,1,1,0,0,경남,창원시(통합),차대사람,기타,운전자법규위반,안전운전 의무 불이행,단일로,기타단일로,승용차,보행자,128.62062093,35.26174745
6633,2017,2017-10-05 17:00,주간,목,1,1,0,0,전남,강진군,차대사람,횡단중,운전자법규위반,과속,단일로,기타단일로,승용차,보행자,126.79412483,34.53645642
6634,2017,2017-10-05 20:00,야간,목,1,1,0,0,광주,서구,차대사람,기타,운전자법규위반,안전운전 의무 불이행,단일로,기타단일로,승용차,보행자,126.88048706,35.15260215
6635,2017,2017-10-06 00:00,야간,금,1,1,0,0,강원,원주시,차량단독,도로이탈 추락,운전자법규위반,안전운전 의무 불이행,단일로,기타단일로,이륜차,없음,127.95723356,37.345771
6636,2017,2017-10-06 00:00,야간,금,1,1,0,0,충남,서산시,차량단독,공작물충돌,운전자법규위반,중앙선 침범,단일로,기타단일로,승용차,없음,126.44975616,36.77063594
6637,2017,2017-10-06 03:00,야간,금,1,1,0,0,대구,달성군,차량단독,기타,운전자법규위반,안전운전 의무 불이행,단일로,기타단일로,이륜차,없음,128.42950234,35.86267437
6638,2017,2017-10-06 05:00,야간,금,1,1,0,0,부산,사상구,차대사람,횡단중,운전자법규위반,안전운전 의무 불이행,단일로,기타단일로,승용차,보행자,128.98370264,35.16385569
6639,2017,2017-10-06 05:00,야간,금,1,1,0,0,제주,제주시,차대사람,횡단중,운전자법규위반,과속,단일로,기타단일로,승용차,보행자,126.5689764,33.51907531
6640,2017,2017-10-06 06:00,주간,금,1,1,0,0,경기,포천시,차량단독,전도,운전자법규위반,안전운전 의무 불이행,단일로,기타단일로,원동기장치자전거,없음,127.30968162,37.93142878
6641,2017,2017-10-06 14:00,주간,금,1,1,0,0,전남,광양시,차대차,측면충돌,운전자법규위반,중앙선 침범,단일로,기타단일로,화물차,원동기장치자전거,127.70948189,34.95088111
6642,2017,2017-10-06 15:00,주간,금,1,1,0,0,전남,진도군,차대차,기타,운전자법규위반,직진 및 우회전차의 통행방해,교차로,교차로내,승합차,화물차,126.23875985,34.48851418
6643,2017,2017-10-06 17:00,주간,금,1,3,2,0,전남,진도군,차량단독,공작물충돌,운전자법규위반,안전운전 의무 불이행,단일로,기타단일로,화물차,없음,126.36063079,34.4729198
6644,2017,2017-10-06 19:00,야간,금,1,1,0,0,경기,여주시,차대사람,차도통행중,운전자법규위반,안전운전 의무 불이행,단일로,기타단일로,승용차,보행자,127.67463317,37.32400897
6645,2017,2017-10-06 20:00,야간,금,1,2,0,1,서울,용산구,차대사람,횡단중,운전자법규위반,안전운전 의무 불이행,단일로,기타단일로,승용차,보행자,126.98502271,37.51983114
6646,2017,2017-10-06 22:00,야간,금,1,1,0,0,대구,달서구,차대차,측면충돌,운전자법규위반,신호위반,교차로,교차로내,승용차,이륜차,128.57214754,35.86197286
6647,2017,2017-10-07 01:00,야간,토,1,1,0,0,전남,고흥군,차대사람,길가장자리구역통행중,운전자법규위반,안전운전 의무 불이행,교차로,교차로내,화물차,보행자,127.34606981,34.82341209
6648,2017,2017-10-07 02:00,야간,토,2,2,0,0,전남,목포시,차량단독,공작물충돌,운전자법규위반,안전운전 의무 불이행,단일로,기타단일로,승용차,없음,126.45031883,34.8140616
6649,2017,2017-10-07 03:00,야간,토,1,2,0,1,전북,군산시,차량단독,공작물충돌,운전자법규위반,과속,단일로,기타단일로,승용차,없음,126.68340409,35.97053023
6650,2017,2017-10-07 10:00,주간,토,1,1,0,0,강원,철원군,차량단독,전도전복,운전자법규위반,안전운전 의무 불이행,단일로,기타단일로,이륜차,없음,127.15837055,38.26241212
6651,2017,2017-10-07 21:00,야간,토,1,2,1,0,경남,함양군,차대차,정면충돌,운전자법규위반,중앙선 침범,교차로,교차로부근,농기계,승용차,127.71611934,35.52283105
6652,2017,2017-10-07 22:00,야간,토,1,1,0,0,인천,부평구,차대사람,기타,운전자법규위반,안전운전 의무 불이행,단일로,기타단일로,승용차,보행자,126.70793506,37.47028328
6653,2017,2017-10-08 08:00,주간,일,1,2,1,0,광주,북구,차대차,정면충돌,운전자법규위반,중앙선 침범,단일로,기타단일로,승용차,승용차,126.88154582,35.17517716
6654,2017,2017-10-08 09:00,주간,일,1,1,0,0,전남,보성군,차대차,추돌,운전자법규위반,안전거리 미확보,단일로,기타단일로,이륜차,승용차,127.09834632,34.78788325
6655,2017,2017-10-08 11:00,주간,일,1,1,0,0,경기,성남시,차대사람,차도통행중,운전자법규위반,안전운전 의무 불이행,단일로,터널안,승용차,보행자,127.10437462,37.39357697
6656,2017,2017-10-08 11:00,주간,일,1,2,0,1,경기,이천시,차대차,기타,운전자법규위반,중앙선 침범,단일로,기타단일로,자전거,화물차,127.59882125,37.13636944
6657,2017,2017-10-08 14:00,주간,일,1,1,0,0,경북,청송군,차대사람,기타,운전자법규위반,안전운전 의무 불이행,기타,기타,화물차,보행자,129.08508834,36.53522501
6658,2017,2017-10-08 16:00,주간,일,1,1,0,0,대전,동구,차대사람,기타,운전자법규위반,안전운전 의무 불이행,교차로,교차로내,화물차,보행자,127.44801911,36.35211015
6659,2017,2017-10-08 17:00,주간,일,1,1,0,0,충남,예산군,차대차,기타,운전자법규위반,안전운전 의무 불이행,단일로,기타단일로,이륜차,승용차,126.83303464,36.75784302
6660,2017,2017-10-08 18:00,야간,일,1,1,0,0,강원,홍천군,차대사람,횡단중,운전자법규위반,보행자 보호의무 위반,단일로,기타단일로,승용차,보행자,127.86742791,37.6913045
6661,2017,2017-10-08 21:00,야간,일,1,1,0,0,부산,사상구,차대사람,횡단중,운전자법규위반,신호위반,단일로,기타단일로,승용차,보행자,129.00611624,35.14892511
6662,2017,2017-10-08 23:00,야간,일,1,1,0,0,세종,세종,차대차,측면충돌,운전자법규위반,안전운전 의무 불이행,단일로,기타단일로,승용차,승용차,127.23114017,36.49948013
6663,2017,2017-10-09 00:00,야간,월,1,1,0,0,경남,창녕군,차대차,정면충돌,운전자법규위반,안전운전 의무 불이행,교차로,교차로부근,원동기장치자전거,승용차,128.52513936,35.449378499999995
6664,2017,2017-10-09 01:00,야간,월,1,1,0,0,경북,경주시,차량단독,공작물충돌,운전자법규위반,안전운전 의무 불이행,단일로,터널안,승용차,없음,129.49729979999998,35.80572063
6665,2017,2017-10-09 04:00,야간,월,1,1,0,0,서울,도봉구,차량단독,기타,운전자법규위반,안전운전 의무 불이행,단일로,기타단일로,이륜차,없음,127.05095242,37.68560495
6666,2017,2017-10-09 04:00,야간,월,1,1,0,0,경남,창원시(통합),차대차,추돌,운전자법규위반,안전운전 의무 불이행,단일로,기타단일로,승용차,자전거,128.5739278,35.22717771
6667,2017,2017-10-09 06:00,주간,월,1,1,0,0,경남,창원시(통합),차대차,추돌,운전자법규위반,안전운전 의무 불이행,단일로,기타단일로,승용차,승용차,128.56010214,35.20504663
6668,2017,2017-10-09 07:00,주간,월,1,1,0,0,경남,거제시,차대사람,횡단중,운전자법규위반,안전운전 의무 불이행,교차로,교차로내,승용차,보행자,128.68815152,34.89258307
6669,2017,2017-10-09 10:00,주간,월,1,1,0,0,경남,밀양시,차대차,측면충돌,운전자법규위반,안전운전 의무 불이행,단일로,기타단일로,화물차,이륜차,128.64378237,35.46766134
6670,2017,2017-10-09 10:00,주간,월,1,1,0,0,대구,북구,차대사람,횡단중,운전자법규위반,보행자 보호의무 위반,단일로,교량위,화물차,보행자,128.56453465,35.90306167
6671,2017,2017-10-09 12:00,주간,월,1,1,0,0,경기,이천시,차대사람,횡단중,운전자법규위반,안전운전 의무 불이행,단일로,기타단일로,화물차,보행자,127.45051576,37.2751005
6672,2017,2017-10-09 14:00,주간,월,1,2,0,1,경남,창녕군,차대차,기타,운전자법규위반,안전운전 의무 불이행,단일로,기타단일로,농기계,화물차,128.46392416,35.45810573
6673,2017,2017-10-09 15:00,주간,월,1,1,0,0,충남,당진시,차대차,추돌,운전자법규위반,안전거리 미확보,교차로,교차로부근,이륜차,승용차,126.80545367,36.92013528
6674,2017,2017-10-09 16:00,주간,월,1,1,0,0,경북,봉화군,차량단독,전복,운전자법규위반,안전운전 의무 불이행,단일로,기타단일로,화물차,없음,128.9905328,36.98152499
6675,2017,2017-10-09 17:00,주간,월,1,1,0,0,대구,달성군,차대차,기타,운전자법규위반,신호위반,교차로,교차로내,이륜차,승합차,128.42229499,35.77488853
6676,2017,2017-10-09 18:00,야간,월,1,2,1,0,강원,강릉시,차대사람,횡단중,운전자법규위반,과속,단일로,기타단일로,승용차,보행자,128.73024334,37.8484196
6677,2017,2017-10-09 19:00,야간,월,1,1,0,0,경기,남양주시,차대차,기타,운전자법규위반,안전운전 의무 불이행,단일로,기타단일로,이륜차,승용차,127.34665103,37.65755336
6678,2017,2017-10-09 19:00,야간,월,1,1,0,0,전남,무안군,차량단독,기타,운전자법규위반,기타(운전자법규위반),단일로,기타단일로,화물차,없음,126.31133091,35.10872805
6679,2017,2017-10-09 20:00,야간,월,1,1,0,0,전북,정읍시,차대사람,횡단중,운전자법규위반,안전운전 의무 불이행,교차로,교차로부근,승용차,보행자,126.75180968,35.61674628
6680,2017,2017-10-09 21:00,야간,월,1,1,0,0,부산,사상구,차대사람,기타,운전자법규위반,안전거리 미확보,교차로,교차로내,승용차,보행자,128.98847559,35.17874591
6681,2017,2017-10-10 04:00,야간,화,2,6,3,1,경북,경산시,차대차,측면충돌,운전자법규위반,신호위반,교차로,교차로내,승용차,특수차,128.81767581,35.91005276