,발생년,발생년월일시분,주야,요일,사망자수,사상자수,중상자수,경상자수,발생지시도,발생지시군구,사고유형_대분류,사고유형,법규위반_대분류,법규위반,도로형태_대분류,도로형태,가해자_당사자종별,피해자_당사자종별,경도,위도
6972,2017,2017-10-30 07:00,주간,월,1,1,0,0,경남,진주시,차대차,정면충돌,운전자법규위반,안전운전 의무 불이행,단일로,기타단일로,자전거,승용차,128.10776877,35.16898336
6973,2017,2017-10-30 11:00,주간,월,1,1,0,0,전남,순천시,차량단독,전복,운전자법규위반,안전운전 의무 불이행,단일로,기타단일로,농기계,없음,127.33516228,35.05309028
6974,2017,2017-10-30 11:00,주간,월,1,1,0,0,서울,강북구,차대사람,횡단중,운전자법규위반,안전운전 의무 불이행,교차로,교차로부근,건설기계,보행자,127.03925981,37.62864955
6975,2017,2017-10-30 15:00,주간,월,1,1,0,0,서울,은평구,차대사람,횡단중,운전자법규위반,보행자 보호의무 위반,교차로,교차로내,승용차,보행자,126.93514559,37.63755292
6976,2017,2017-10-30 16:00,주간,월,1,1,0,0,충북,청주시,차대차,측면충돌,운전자법규위반,신호위반,교차로,교차로내,이륜차,승용차,127.50580498,36.62947403
6977,2017,2017-10-30 16:00,주간,월,1,1,0,0,서울,강남구,차대차,측면충돌,운전자법규위반,안전운전 의무 불이행,단일로,기타단일로,승용차,승용차,127.05856194,37.51699217
6978,2017,2017-10-30 18:00,야간,월,1,1,0,0,충남,논산시,차대사람,횡단중,운전자법규위반,안전운전 의무 불이행,단일로,기타단일로,승용차,보행자,127.19393918,36.21644326
6979,2017,2017-10-30 19:00,야간,월,1,1,0,0,경남,진주시,차량단독,전도,운전자법규위반,안전운전 의무 불이행,교차로,교차로부근,원동기장치자전거,없음,128.16877509,35.13084458
6980,2017,2017-10-30 19:00,야간,월,1,1,0,0,전북,군산시,차대사람,횡단중,운전자법규위반,안전운전 의무 불이행,단일로,기타단일로,승용차,보행자,126.69809040000001,35.98897623
6981,2017,2017-10-30 20:00,야간,월,1,1,0,0,경남,거창군,차량단독,전복,운전자법규위반,안전운전 의무 불이행,단일로,기타단일로,승합차,없음,127.83508543,35.856831799999995
6982,2017,2017-10-30 20:00,야간,월,1,1,0,0,충북,청주시,차대차,측면충돌,운전자법규위반,안전운전 의무 불이행,교차로,교차로내,승합차,자전거,127.31716316,36.59019071
6983,2017,2017-10-31 03:00,야간,화,1,1,0,0,경기,안산시,차대사람,횡단중,운전자법규위반,안전운전 의무 불이행,단일로,기타단일로,승용차,보행자,126.87541013,37.36101421
6984,2017,2017-10-31 04:00,야간,화,1,1,0,0,서울,동작구,차대사람,횡단중,운전자법규위반,보행자 보호의무 위반,교차로,교차로부근,화물차,보행자,126.94272283,37.49539269
6985,2017,2017-10-31 04:00,야간,화,1,1,0,0,인천,남동구,차대사람,횡단중,운전자법규위반,과속,단일로,기타단일로,승용차,보행자,126.71089382,37.4792805
6986,2017,2017-10-31 04:00,야간,화,1,1,0,0,부산,기장군,차량단독,공작물충돌,운전자법규위반,안전운전 의무 불이행,교차로,교차로내,승용차,없음,129.21292592,35.1900123
6987,2017,2017-10-31 05:00,야간,화,1,4,2,1,경기,부천시,차대차,측면충돌,운전자법규위반,차로위반(진로변경 위반),단일로,교량위,화물차,승용차,126.74989944,37.51474299
6988,2017,2017-10-31 05:00,야간,화,1,1,0,0,대전,대덕구,차대사람,횡단중,운전자법규위반,과속,단일로,기타단일로,승용차,보행자,127.42503977,36.37334723
6989,2017,2017-10-31 06:00,주간,화,1,1,0,0,전북,군산시,차대사람,기타,운전자법규위반,안전운전 의무 불이행,단일로,기타단일로,승합차,보행자,126.71711617,35.97995095
6990,2017,2017-10-31 07:00,주간,화,1,1,0,0,충남,아산시,차대사람,횡단중,운전자법규위반,보행자 보호의무 위반,교차로,교차로횡단보도내,화물차,보행자,126.99841304,36.78283249
6991,2017,2017-10-31 10:00,주간,화,1,1,0,0,경북,예천군,차량단독,도로이탈 추락,운전자법규위반,안전운전 의무 불이행,단일로,기타단일로,이륜차,없음,128.35646088,36.60674376
6992,2017,2017-10-31 10:00,주간,화,1,1,0,0,전남,순천시,차대사람,횡단중,운전자법규위반,안전운전 의무 불이행,단일로,기타단일로,화물차,보행자,127.27050246,35.06686286
6993,2017,2017-10-31 11:00,주간,화,1,6,2,3,전남,함평군,차대차,추돌,운전자법규위반,안전운전 의무 불이행,단일로,기타단일로,화물차,농기계,126.53325556,35.0581598
6994,2017,2017-10-31 11:00,주간,화,1,2,0,1,전남,장성군,차대차,기타,운전자법규위반,안전운전 의무 불이행,단일로,기타단일로,이륜차,건설기계,126.83620962,35.2702486
6995,2017,2017-10-31 12:00,주간,화,1,1,0,0,경북,의성군,차량단독,도로이탈 추락,운전자법규위반,안전운전 의무 불이행,단일로,기타단일로,농기계,없음,128.38485022,36.36724507
6996,2017,2017-10-31 13:00,주간,화,1,1,0,0,경남,의령군,차대차,측면충돌,운전자법규위반,안전운전 의무 불이행,단일로,기타단일로,이륜차,화물차,128.28952621,35.33213967
6997,2017,2017-10-31 14:00,주간,화,1,1,0,0,제주,서귀포시,차대사람,횡단중,운전자법규위반,안전운전 의무 불이행,교차로,교차로내,화물차,보행자,126.90602361,33.44496258
6998,2017,2017-10-31 15:00,주간,화,1,1,0,0,충남,부여군,차대사람,기타,운전자법규위반,안전운전 의무 불이행,단일로,기타단일로,건설기계,보행자,126.88653321,36.25083714
6999,2017,2017-10-31 15:00,주간,화,1,1,0,0,전남,보성군,차대차,측면충돌,운전자법규위반,직진 및 우회전차의 통행방해,교차로,교차로내,이륜차,승용차,127.22298422,34.77559687
7000,2017,2017-10-31 18:00,야간,화,1,1,0,0,서울,구로구,차대차,기타,운전자법규위반,신호위반,교차로,교차로횡단보도내,승용차,자전거,126.84757172,37.5019631
7001,2017,2017-10-31 19:00,야간,화,1,1,0,0,경북,성주군,차량단독,도로이탈 추락,운전자법규위반,안전운전 의무 불이행,단일로,기타단일로,이륜차,없음,128.18762829,35.84092388
7002,2017,2017-10-31 20:00,야간,화,1,1,0,0,경기,포천시,차대사람,차도통행중,운전자법규위반,안전운전 의무 불이행,단일로,기타단일로,승용차,보행자,127.23930625,37.95246537
7003,2017,2017-10-31 21:00,야간,화,1,2,0,1,경북,포항시,차대사람,기타,운전자법규위반,안전운전 의무 불이행,단일로,기타단일로,승합차,보행자,129.44405797,35.98816303
7004,2017,2017-10-31 21:00,야간,화,1,1,0,0,강원,양양군,차대사람,차도통행중,운전자법규위반,안전운전 의무 불이행,단일로,기타단일로,화물차,보행자,128.61232943,38.07612185
7005,2017,2017-11-01 04:00,야간,수,1,1,0,0,경기,수원시,차대차,추돌,운전자법규위반,안전운전 의무 불이행,기타,기타,이륜차,화물차,127.02373951,37.23526661
7006,2017,2017-11-01 09:00,주간,수,1,2,0,1,전남,장성군,차대차,후진중충돌,운전자법규위반,기타(운전자법규위반),교차로,교차로부근,승용차,화물차,126.80828876,35.33367665
7007,2017,2017-11-01 13:00,주간,수,1,2,1,0,경북,영천시,차대사람,횡단중,운전자법규위반,안전운전 의무 불이행,단일로,기타단일로,이륜차,보행자,128.93163626,35.95588822
7008,2017,2017-11-01 14:00,주간,수,1,1,0,0,경기,안산시,차대차,측면충돌,운전자법규위반,안전운전 의무 불이행,단일로,기타단일로,원동기장치자전거,승용차,126.8619219,37.28285575
7009,2017,2017-11-01 15:00,주간,수,1,1,0,0,경북,안동시,차량단독,도로이탈 추락,운전자법규위반,안전운전 의무 불이행,교차로,교차로내,농기계,없음,128.85131502,36.71702775
7010,2017,2017-11-01 16:00,주간,수,1,1,0,0,경북,상주시,차량단독,전도,운전자법규위반,안전운전 의무 불이행,단일로,기타단일로,이륜차,없음,128.08565982,36.29219488
7011,2017,2017-11-01 18:00,야간,수,1,1,0,0,경북,상주시,차대사람,횡단중,운전자법규위반,안전운전 의무 불이행,교차로,교차로내,승합차,보행자,128.11924267,36.56131701
7012,2017,2017-11-01 18:00,야간,수,1,1,0,0,전남,진도군,차대사람,횡단중,운전자법규위반,안전운전 의무 불이행,단일로,기타단일로,승용차,보행자,126.33837665,34.4964147
7013,2017,2017-11-01 20:00,야간,수,1,3,0,2,전북,김제시,차대차,추돌,운전자법규위반,안전운전 의무 불이행,단일로,기타단일로,화물차,화물차,126.99802855,35.76591799
7014,2017,2017-11-01 21:00,야간,수,1,1,0,0,경남,진주시,차대차,추돌,운전자법규위반,안전운전 의무 불이행,단일로,기타단일로,승용차,건설기계,128.19893032,35.18141297
7015,2017,2017-11-01 22:00,야간,수,1,1,0,0,경남,거제시,차대사람,횡단중,운전자법규위반,안전운전 의무 불이행,단일로,기타단일로,승용차,보행자,128.62486735,34.89199498
7016,2017,2017-11-02 00:00,야간,목,1,1,0,0,경기,이천시,차대차,기타,운전자법규위반,보행자 보호의무 위반,교차로,교차로내,승용차,승용차,127.447296,37.28231932
7017,2017,2017-11-02 05:00,야간,목,1,1,0,0,부산,북구,차대사람,횡단중,운전자법규위반,신호위반,단일로,기타단일로,승합차,보행자,129.01082372,35.21142297
7018,2017,2017-11-02 06:00,주간,목,1,1,0,0,경남,김해시,차대사람,차도통행중,운전자법규위반,안전운전 의무 불이행,단일로,기타단일로,승용차,보행자,128.91099818,35.24330979
7019,2017,2017-11-02 07:00,주간,목,1,1,0,0,제주,제주시,차대차,추돌,운전자법규위반,안전운전 의무 불이행,단일로,기타단일로,승용차,농기계,126.87020181,33.52007128
7020,2017,2017-11-02 08:00,주간,목,1,1,0,0,전남,무안군,차대차,측면충돌,운전자법규위반,안전운전 의무 불이행,교차로,교차로부근,승용차,이륜차,126.37487358,35.05193403
7021,2017,2017-11-02 09:00,주간,목,1,1,0,0,충남,부여군,차량단독,도로이탈 추락,운전자법규위반,안전운전 의무 불이행,단일로,기타단일로,건설기계,없음,126.86070999,36.09208296
7022,2017,2017-11-02 09:00,주간,목,1,1,0,0,세종,세종,차량단독,전도,운전자법규위반,안전운전 의무 불이행,단일로,기타단일로,이륜차,없음,127.28897695,36.62834974
7023,2017,2017-11-02 12:00,주간,목,1,1,0,0,전남,보성군,차대사람,기타,운전자법규위반,안전운전 의무 불이행,단일로,기타단일로,승합차,보행자,127.19020352,34.91118809
7024,2017,2017-11-02 13:00,주간,목,3,10,3,4,경남,창원시(통합),차대차,기타,운전자법규위반,안전운전 의무 불이행,단일로,기타단일로,화물차,화물차,128.7142335,35.19412626
7025,2017,2017-11-02 14:00,주간,목,1,1,0,0,강원,원주시,차대사람,기타,운전자법규위반,안전운전 의무 불이행,단일로,기타단일로,승용차,보행자,127.93810649999999,37.38243042
7026,2017,2017-11-02 17:00,주간,목,1,1,0,0,서울,중랑구,차대사람,차도통행중,운전자법규위반,안전운전 의무 불이행,단일로,기타단일로,승용차,보행자,127.08811937,37.60335827
7027,2017,2017-11-02 18:00,야간,목,1,1,0,0,경남,산청군,차대차,측면충돌,운전자법규위반,안전운전 의무 불이행,단일로,기타단일로,승용차,승용차,127.97303652,35.31207973
7028,2017,2017-11-02 19:00,야간,목,1,1,0,0,충북,괴산군,차대사람,차도통행중,운전자법규위반,안전운전 의무 불이행,단일로,기타단일로,화물차,보행자,127.7341746,36.71300155
7029,2017,2017-11-02 19:00,야간,목,1,1,0,0,충북,청주시,차대사람,횡단중,운전자법규위반,안전운전 의무 불이행,교차로,교차로부근,승용차,보행자,127.55959456,36.64556903
7030,2017,2017-11-02 20:00,야간,목,1,2,1,0,경북,성주군,차대차,측면충돌,운전자법규위반,신호위반,교차로,교차로내,화물차,승용차,128.35235531,35.85400525
7031,2017,2017-11-02 22:00,야간,목,1,1,0,0,충북,단양군,차량단독,전도전복,운전자법규위반,안전운전 의무 불이행,기타,기타,승용차,없음,128.40385034,36.97908612
7032,2017,2017-11-02 22:00,야간,목,1,1,0,0,경북,칠곡군,차량단독,전도,운전자법규위반,안전운전 의무 불이행,교차로,교차로부근,승용차,없음,128.42037198,35.92837921
7033,2017,2017-11-03 00:00,야간,금,1,2,0,1,광주,서구,차대차,추돌,운전자법규위반,안전운전 의무 불이행,단일로,기타단일로,승용차,화물차,126.85908764,35.12170756
7034,2017,2017-11-03 00:00,야간,금,1,1,0,0,서울,노원구,차대차,기타,운전자법규위반,안전운전 의무 불이행,단일로,지하차도(도로)내,승용차,이륜차,127.0708947,37.62977834
7035,2017,2017-11-03 05:00,야간,금,1,1,0,0,전남,장흥군,차대사람,기타,운전자법규위반,안전운전 의무 불이행,단일로,기타단일로,승용차,보행자,126.96785962,34.5573299
7036,2017,2017-11-03 12:00,주간,금,1,1,0,0,경기,양주시,차량단독,기타,운전자법규위반,안전운전 의무 불이행,단일로,기타단일로,화물차,없음,126.96340295,37.76798945
7037,2017,2017-11-03 13:00,주간,금,1,1,0,0,경기,용인시,차량단독,전복,운전자법규위반,안전운전 의무 불이행,교차로,교차로부근,승용차,없음,127.11026795,37.32445148
7038,2017,2017-11-03 15:00,주간,금,1,1,0,0,강원,영월군,차량단독,전도전복,운전자법규위반,안전운전 의무 불이행,단일로,기타단일로,화물차,없음,128.45916184,37.25827239
7039,2017,2017-11-03 17:00,주간,금,1,2,1,0,경북,김천시,차대차,측면충돌,운전자법규위반,교차로 통행방법 위반,교차로,교차로내,승용차,건설기계,128.27085591,36.0650014
7040,2017,2017-11-03 18:00,야간,금,1,1,0,0,서울,종로구,차대차,추돌,운전자법규위반,안전운전 의무 불이행,교차로,교차로내,승용차,기타,126.99217054,37.57049996
7041,2017,2017-11-03 18:00,야간,금,1,1,0,0,경북,안동시,차대차,기타,운전자법규위반,안전운전 의무 불이행,교차로,교차로부근,승용차,농기계,128.70121359,36.45974161
7042,2017,2017-11-03 23:00,야간,금,1,2,0,1,충북,보은군,차대차,추돌,운전자법규위반,안전운전 의무 불이행,단일로,기타단일로,화물차,화물차,127.77034542,36.45462619
7043,2017,2017-11-04 01:00,야간,토,1,1,0,0,인천,서구,차대사람,보도통행중,운전자법규위반,안전운전 의무 불이행,단일로,기타단일로,승용차,보행자,126.62474807,37.58942966
7044,2017,2017-11-04 06:00,주간,토,1,2,0,1,울산,북구,차대차,측면충돌,운전자법규위반,신호위반,교차로,교차로내,이륜차,승용차,129.36087331,35.57071103
7045,2017,2017-11-04 09:00,주간,토,1,1,0,0,강원,태백시,차량단독,공작물충돌,운전자법규위반,안전운전 의무 불이행,단일로,기타단일로,화물차,없음,129.00326749,37.12770739
7046,2017,2017-11-04 10:00,주간,토,1,1,0,0,대구,수성구,차대차,측면충돌,운전자법규위반,안전운전 의무 불이행,단일로,기타단일로,승용차,자전거,128.61212676,35.83795238
7047,2017,2017-11-04 10:00,주간,토,1,1,0,0,경기,남양주시,차대차,기타,운전자법규위반,안전운전 의무 불이행,기타,기타,화물차,이륜차,127.23774357,37.55458981
7048,2017,2017-11-04 11:00,주간,토,1,1,0,0,전남,고흥군,차량단독,전도전복,운전자법규위반,안전운전 의무 불이행,단일로,기타단일로,이륜차,없음,127.34634183,34.8212013
7049,2017,2017-11-04 11:00,주간,토,1,1,0,0,서울,동대문구,차대사람,차도통행중,운전자법규위반,안전운전 의무 불이행,단일로,기타단일로,승용차,보행자,127.04460318,37.577555100000005
7050,2017,2017-11-04 13:00,주간,토,1,1,0,0,경기,의정부시,차대사람,기타,운전자법규위반,안전운전 의무 불이행,단일로,기타단일로,승용차,보행자,127.05153646,37.71291745
7051,2017,2017-11-04 16:00,주간,토,1,1,0,0,경남,거창군,차대차,기타,운전자법규위반,부당한 회전,단일로,기타단일로,자전거,화물차,127.91892005,35.68701891
7052,2017,2017-11-04 23:00,야간,토,1,1,0,0,경북,구미시,차대차,기타,운전자법규위반,안전운전 의무 불이행,단일로,기타단일로,화물차,화물차,128.30910216,36.3301709
7053,2017,2017-11-04 23:00,야간,토,1,1,0,0,서울,영등포구,차대사람,횡단중,운전자법규위반,안전운전 의무 불이행,단일로,기타단일로,승용차,보행자,126.90692127,37.5196162
7054,2017,2017-11-05 00:00,야간,일,1,1,0,0,충남,천안시,차대사람,횡단중,운전자법규위반,안전운전 의무 불이행,단일로,기타단일로,승용차,보행자,127.17079737,36.95096159
7055,2017,2017-11-05 01:00,야간,일,1,2,1,0,경북,구미시,차량단독,공작물충돌,운전자법규위반,안전운전 의무 불이행,기타,기타,승용차,없음,128.35153656,36.07716728
7056,2017,2017-11-05 13:00,주간,일,1,1,0,0,경북,경산시,차량단독,공작물충돌,운전자법규위반,안전운전 의무 불이행,단일로,기타단일로,이륜차,없음,128.81247885,35.81671914
7057,2017,2017-11-05 16:00,주간,일,1,1,0,0,경북,의성군,차대사람,길가장자리구역통행중,운전자법규위반,안전운전 의무 불이행,단일로,기타단일로,승용차,보행자,128.70731073,36.20223421
7058,2017,2017-11-05 18:00,야간,일,1,1,0,0,경기,고양시,차대사람,기타,운전자법규위반,안전운전 의무 불이행,교차로,교차로내,승용차,보행자,126.84569862,37.62309308
7059,2017,2017-11-05 19:00,야간,일,1,1,0,0,충북,단양군,차량단독,전도전복,운전자법규위반,안전운전 의무 불이행,교차로,교차로부근,화물차,없음,128.2792795,37.02402157
7060,2017,2017-11-05 19:00,야간,일,1,1,0,0,전북,김제시,차대사람,횡단중,운전자법규위반,안전운전 의무 불이행,교차로,교차로부근,화물차,보행자,126.95111754,35.90656194
7061,2017,2017-11-05 23:00,야간,일,1,1,0,0,부산,강서구,차대사람,횡단중,운전자법규위반,안전운전 의무 불이행,단일로,기타단일로,승용차,보행자,128.96052399,35.21288512
7062,2017,2017-11-05 23:00,야간,일,1,1,0,0,서울,영등포구,차대사람,횡단중,운전자법규위반,안전운전 의무 불이행,교차로,교차로부근,승용차,보행자,126.91634691,37.51797943
7063,2017,2017-11-06 01:00,야간,월,1,1,0,0,경남,양산시,차량단독,공작물충돌,운전자법규위반,안전운전 의무 불이행,단일로,기타단일로,승용차,없음,129.03012898,35.34951212
7064,2017,2017-11-06 02:00,야간,월,1,1,0,0,충남,아산시,차량단독,공작물충돌,운전자법규위반,안전운전 의무 불이행,교차로,교차로내,승용차,없음,127.01468759,36.78964297
7065,2017,2017-11-06 03:00,야간,월,1,1,0,0,서울,동대문구,차량단독,기타,운전자법규위반,안전운전 의무 불이행,단일로,기타단일로,이륜차,없음,127.03673066,37.58877327
7066,2017,2017-11-06 07:00,주간,월,1,1,0,0,경남,창녕군,차대사람,횡단중,운전자법규위반,안전운전 의무 불이행,교차로,교차로내,승용차,보행자,128.53038572,35.45899929
7067,2017,2017-11-06 11:00,주간,월,1,1,0,0,서울,영등포구,차대사람,횡단중,운전자법규위반,안전운전 의무 불이행,단일로,기타단일로,승합차,보행자,126.9012217,37.51460477
7068,2017,2017-11-06 14:00,주간,월,1,1,0,0,전남,무안군,차대사람,기타,운전자법규위반,안전운전 의무 불이행,단일로,기타단일로,승용차,보행자,126.47572924,34.98867223
7069,2017,2017-11-06 15:00,주간,월,1,1,0,0,서울,구로구,차대차,기타,운전자법규위반,안전운전 의무 불이행,교차로,교차로내,승용차,자전거,126.82460796,37.48908893
7070,2017,2017-11-06 15:00,주간,월,1,1,0,0,충남,서산시,차대차,측면충돌,운전자법규위반,안전운전 의무 불이행,교차로,교차로내,승용차,이륜차,126.47209873,36.76979444
7071,2017,2017-11-06 15:00,주간,월,1,1,0,0,전북,김제시,차대사람,횡단중,운전자법규위반,보행자 보호의무 위반,단일로,기타단일로,승용차,보행자,126.90177494,35.80844853
7072,2017,2017-11-06 18:00,야간,월,1,2,0,0,전북,전주시,차대사람,횡단중,운전자법규위반,보행자 보호의무 위반,교차로,교차로내,자전거,보행자,127.13602733,35.80895322
7073,2017,2017-11-06 18:00,야간,월,1,1,0,0,경북,영천시,차대사람,횡단중,운전자법규위반,보행자 보호의무 위반,교차로,교차로내,화물차,보행자,128.82241131,35.96682402
7074,2017,2017-11-07 05:00,야간,화,1,1,0,0,인천,남동구,차대차,측면충돌,운전자법규위반,안전운전 의무 불이행,교차로,교차로내,승합차,이륜차,126.73380679,37.44837977
7075,2017,2017-11-07 06:00,주간,화,1,1,0,0,부산,부산진구,차대사람,횡단중,운전자법규위반,안전운전 의무 불이행,단일로,기타단일로,승용차,보행자,129.03675965,35.16090224
7076,2017,2017-11-07 06:00,주간,화,1,1,0,0,부산,영도구,차대사람,횡단중,운전자법규위반,과속,단일로,기타단일로,승용차,보행자,129.05069321,35.09481497
7077,2017,2017-11-07 07:00,주간,화,1,2,1,0,경기,김포시,차대사람,횡단중,운전자법규위반,신호위반,단일로,기타단일로,승합차,보행자,126.63025527,37.64174706
7078,2017,2017-11-07 08:00,주간,화,1,1,0,0,경북,안동시,차대사람,보도통행중,운전자법규위반,안전운전 의무 불이행,단일로,기타단일로,승합차,보행자,128.72623965,36.56543253
7079,2017,2017-11-07 08:00,주간,화,1,1,0,0,전남,구례군,차량단독,전도,운전자법규위반,안전운전 의무 불이행,단일로,기타단일로,농기계,없음,127.42840090000001,35.31749673
7080,2017,2017-11-07 08:00,주간,화,1,1,0,0,전북,남원시,차대사람,횡단중,운전자법규위반,과속,교차로,교차로내,승용차,보행자,127.36965524,35.40689076
7081,2017,2017-11-07 09:00,주간,화,1,1,0,0,충남,서산시,차대차,추돌,운전자법규위반,안전운전 의무 불이행,단일로,기타단일로,이륜차,화물차,126.49640538,36.82536808
7082,2017,2017-11-07 10:00,주간,화,1,1,0,0,전남,나주시,차대차,추돌,운전자법규위반,안전운전 의무 불이행,단일로,기타단일로,승용차,건설기계,126.70736347,34.96611328
7083,2017,2017-11-07 13:00,주간,화,1,1,0,0,대구,달서구,차대사람,횡단중,운전자법규위반,과속,교차로,교차로부근,승용차,보행자,128.53373919,35.8313766
7084,2017,2017-11-07 13:00,주간,화,1,3,2,0,경북,예천군,차대차,측면충돌,운전자법규위반,신호위반,교차로,교차로내,승용차,화물차,128.37032183,36.53070282
7085,2017,2017-11-07 15:00,주간,화,1,1,0,0,전남,여수시,차량단독,전도,운전자법규위반,안전운전 의무 불이행,교차로,교차로부근,농기계,없음,127.63024852,34.7829186
7086,2017,2017-11-07 17:00,주간,화,1,1,0,0,경남,하동군,차대차,기타,운전자법규위반,안전운전 의무 불이행,기타,기타,승용차,자전거,127.75246403,35.074094200000005
7087,2017,2017-11-07 17:00,주간,화,1,1,0,0,서울,구로구,차대사람,횡단중,운전자법규위반,안전운전 의무 불이행,단일로,기타단일로,승합차,보행자,126.88490886,37.48789498
7088,2017,2017-11-07 18:00,야간,화,1,1,0,0,충북,제천시,차대사람,차도통행중,운전자법규위반,안전운전 의무 불이행,단일로,기타단일로,승용차,보행자,128.1723893,37.07133281
7089,2017,2017-11-07 18:00,야간,화,1,1,0,0,경기,성남시,차대사람,횡단중,운전자법규위반,안전운전 의무 불이행,교차로,교차로부근,승합차,보행자,127.16502446,37.45073121
7090,2017,2017-11-07 19:00,야간,화,1,1,0,0,충북,음성군,차대사람,기타,운전자법규위반,안전운전 의무 불이행,교차로,교차로내,승용차,보행자,127.67260586,36.92932408
7091,2017,2017-11-07 22:00,야간,화,1,5,0,4,충북,옥천군,차대차,기타,운전자법규위반,안전운전 의무 불이행,단일로,기타단일로,승용차,승용차,127.58718685,36.270716
7092,2017,2017-11-08 02:00,야간,수,1,2,0,1,강원,춘천시,차대차,정면충돌,운전자법규위반,중앙선 침범,단일로,기타단일로,승용차,화물차,127.75079642,37.85016195
7093,2017,2017-11-08 04:00,야간,수,1,1,0,0,서울,용산구,차량단독,공작물충돌,운전자법규위반,안전운전 의무 불이행,단일로,기타단일로,승용차,없음,126.95346384,37.52570134
7094,2017,2017-11-08 04:00,야간,수,1,1,0,0,서울,성북구,차대차,측면충돌,운전자법규위반,중앙선 침범,교차로,교차로횡단보도내,자전거,화물차,127.06026262,37.61274891
7095,2017,2017-11-08 06:00,주간,수,1,1,0,0,전북,군산시,차대사람,횡단중,운전자법규위반,보행자 보호의무 위반,교차로,교차로부근,승용차,보행자,126.67857617,35.97834995
7096,2017,2017-11-08 10:00,주간,수,1,1,0,0,서울,송파구,차대사람,횡단중,운전자법규위반,안전운전 의무 불이행,단일로,기타단일로,건설기계,보행자,127.12654180000001,37.47968495
7097,2017,2017-11-08 11:00,주간,수,1,1,0,0,전남,영암군,차량단독,전도전복,운전자법규위반,안전운전 의무 불이행,단일로,기타단일로,승용차,없음,126.63735157,34.83440291
7098,2017,2017-11-08 13:00,주간,수,1,1,0,0,경북,영천시,차량단독,공작물충돌,운전자법규위반,안전운전 의무 불이행,단일로,기타단일로,화물차,없음,129.04064515,36.13487148
7099,2017,2017-11-08 15:00,주간,수,1,1,0,0,전북,남원시,차대차,측면충돌,운전자법규위반,안전운전 의무 불이행,교차로,교차로내,이륜차,화물차,127.29890464,35.31809462
7100,2017,2017-11-08 16:00,주간,수,1,1,0,0,충북,청주시,차대사람,횡단중,운전자법규위반,안전운전 의무 불이행,교차로,교차로내,승용차,보행자,127.47447609,36.62909281
7101,2017,2017-11-08 18:00,야간,수,1,1,0,0,전남,순천시,차대사람,기타,운전자법규위반,안전운전 의무 불이행,단일로,기타단일로,승용차,보행자,127.49409387,34.9914419
7102,2017,2017-11-08 19:00,야간,수,1,1,0,0,경북,구미시,차대차,측면충돌,운전자법규위반,신호위반,교차로,교차로부근,자전거,승용차,128.44063895,36.09307144
7103,2017,2017-11-09 00:00,야간,목,1,7,6,0,충북,괴산군,차대차,추돌,운전자법규위반,안전운전 의무 불이행,단일로,기타단일로,화물차,승용차,127.98678933,36.762656
7104,2017,2017-11-09 00:00,야간,목,1,2,1,0,충북,괴산군,차대차,추돌,운전자법규위반,안전운전 의무 불이행,단일로,기타단일로,화물차,승용차,127.98484426,36.76514298
7105,2017,2017-11-09 00:00,야간,목,1,4,1,2,충북,청주시,차대차,기타,운전자법규위반,안전운전 의무 불이행,단일로,기타단일로,승용차,승용차,127.50269741,36.68216654
7106,2017,2017-11-09 01:00,야간,목,1,1,0,0,광주,서구,차대사람,횡단중,운전자법규위반,과속,교차로,교차로부근,승용차,보행자,126.88309441,35.1443297
7107,2017,2017-11-09 03:00,야간,목,1,1,0,0,경북,울진군,차량단독,공작물충돌,운전자법규위반,안전운전 의무 불이행,주차장,주차장,화물차,없음,129.43307972,36.66496947
7108,2017,2017-11-09 09:00,주간,목,1,1,0,0,서울,동작구,차대사람,차도통행중,운전자법규위반,안전운전 의무 불이행,단일로,기타단일로,건설기계,보행자,126.98188419,37.48273559
7109,2017,2017-11-09 13:00,주간,목,1,1,0,0,전남,영암군,차량단독,전도전복,운전자법규위반,안전운전 의무 불이행,단일로,기타단일로,농기계,없음,126.75520657,34.86953426
7110,2017,2017-11-09 14:00,주간,목,1,1,0,0,경북,경산시,차량단독,전도전복,운전자법규위반,안전운전 의무 불이행,교차로,교차로부근,건설기계,없음,128.87865425,35.76773673
7111,2017,2017-11-09 18:00,야간,목,1,1,0,0,서울,송파구,차대사람,횡단중,운전자법규위반,안전운전 의무 불이행,단일로,기타단일로,승합차,보행자,127.10558737,37.50695518
7112,2017,2017-11-09 18:00,야간,목,1,1,0,0,서울,송파구,차대사람,횡단중,운전자법규위반,안전운전 의무 불이행,교차로,교차로횡단보도내,승용차,보행자,127.10691714,37.50581488
7113,2017,2017-11-09 21:00,야간,목,1,2,0,1,경남,창원시(통합),차대차,추돌,운전자법규위반,안전운전 의무 불이행,단일로,기타단일로,화물차,화물차,128.7111258,35.35981122
7114,2017,2017-11-09 22:00,야간,목,1,1,0,0,경북,청송군,차대사람,기타,운전자법규위반,안전운전 의무 불이행,단일로,기타단일로,화물차,보행자,128.89858348,36.26981785
7115,2017,2017-11-10 02:00,야간,금,1,1,0,0,경기,광주시,차대사람,횡단중,운전자법규위반,안전운전 의무 불이행,교차로,교차로부근,화물차,보행자,127.32554078,37.35616181
7116,2017,2017-11-10 03:00,야간,금,1,1,0,0,전남,목포시,차대사람,기타,운전자법규위반,안전운전 의무 불이행,단일로,기타단일로,승용차,보행자,126.38555692,34.79013487