,발생년,발생년월일시분,주야,요일,사망자수,사상자수,중상자수,경상자수,발생지시도,발생지시군구,사고유형_대분류,사고유형,법규위반_대분류,법규위반,도로형태_대분류,도로형태,가해자_당사자종별,피해자_당사자종별,경도,위도
7117,2017,2017-11-10 06:00,주간,금,1,1,0,0,부산,기장군,차대사람,횡단중,운전자법규위반,보행자 보호의무 위반,교차로,교차로횡단보도내,건설기계,보행자,129.18477649,35.31687393
7118,2017,2017-11-10 07:00,주간,금,1,1,0,0,경남,합천군,차량단독,도로이탈 추락,운전자법규위반,안전운전 의무 불이행,단일로,기타단일로,이륜차,없음,128.10074286,35.41782002
7119,2017,2017-11-10 08:00,주간,금,1,2,0,1,경북,김천시,차대차,정면충돌,운전자법규위반,교차로 통행방법 위반,교차로,교차로내,화물차,이륜차,128.20649398,36.17517139
7120,2017,2017-11-10 08:00,주간,금,1,1,0,0,충북,충주시,차대차,기타,운전자법규위반,기타(운전자법규위반),교차로,교차로내,특수차,승용차,127.91906174,36.99909484
7121,2017,2017-11-10 10:00,주간,금,1,1,0,0,충남,논산시,차대차,측면충돌,운전자법규위반,신호위반,교차로,교차로내,이륜차,화물차,127.20027285,36.21271782
7122,2017,2017-11-10 11:00,주간,금,1,2,1,0,경기,여주시,차량단독,전복,운전자법규위반,안전운전 의무 불이행,교차로,교차로내,승용차,없음,127.45289879999999,37.37877068
7123,2017,2017-11-10 18:00,야간,금,1,2,0,0,전남,나주시,차대차,추돌,운전자법규위반,안전운전 의무 불이행,단일로,기타단일로,승용차,원동기장치자전거,126.79025554,34.9694394
7124,2017,2017-11-10 21:00,야간,금,1,2,1,0,전남,순천시,차대차,측면충돌,운전자법규위반,안전운전 의무 불이행,단일로,기타단일로,승용차,승용차,127.38017983,35.0134666
7125,2017,2017-11-10 22:00,야간,금,1,1,0,0,경기,광주시,차대사람,기타,운전자법규위반,안전운전 의무 불이행,단일로,기타단일로,승용차,보행자,127.31156946,37.47026393
7126,2017,2017-11-11 03:00,야간,토,2,3,1,0,충남,당진시,차대차,정면충돌,운전자법규위반,중앙선 침범,단일로,기타단일로,승용차,화물차,126.70436289,36.89989504
7127,2017,2017-11-11 05:00,야간,토,1,1,0,0,경기,남양주시,차대차,추돌,운전자법규위반,안전운전 의무 불이행,교차로,교차로부근,원동기장치자전거,화물차,127.31433122,37.65181945
7128,2017,2017-11-11 06:00,주간,토,2,2,0,0,전북,전주시,차대차,추돌,운전자법규위반,안전운전 의무 불이행,기타,기타,화물차,화물차,127.16945765,35.84029078
7129,2017,2017-11-11 09:00,주간,토,1,1,0,0,경북,포항시,차대사람,횡단중,운전자법규위반,보행자 보호의무 위반,단일로,기타단일로,승용차,보행자,129.37207829,36.02782689
7130,2017,2017-11-11 12:00,주간,토,1,1,0,0,대구,북구,차대차,측면충돌,운전자법규위반,부당한 회전,교차로,교차로부근,자전거,승용차,128.58099201,35.88933716
7131,2017,2017-11-11 12:00,주간,토,1,1,0,0,경기,고양시,차대차,측면충돌,운전자법규위반,안전운전 의무 불이행,교차로,교차로내,승용차,이륜차,126.86766955,37.64870253
7132,2017,2017-11-11 16:00,주간,토,1,1,0,0,인천,남구,차대사람,기타,운전자법규위반,안전운전 의무 불이행,교차로,교차로부근,승용차,보행자,126.63945519,37.45302132
7133,2017,2017-11-11 16:00,주간,토,1,1,0,0,경남,진주시,차대차,기타,운전자법규위반,신호위반,교차로,교차로내,승합차,이륜차,128.09530492,35.17045191
7134,2017,2017-11-11 18:00,야간,토,1,1,0,0,전남,영광군,차대사람,횡단중,운전자법규위반,안전운전 의무 불이행,교차로,교차로내,승용차,보행자,126.46248836,35.28400665
7135,2017,2017-11-11 19:00,야간,토,1,3,1,1,충북,충주시,차대차,기타,운전자법규위반,안전운전 의무 불이행,단일로,기타단일로,승용차,승용차,127.8408436,37.02006925
7136,2017,2017-11-11 22:00,야간,토,1,1,0,0,경북,포항시,차대사람,기타,운전자법규위반,안전운전 의무 불이행,단일로,기타단일로,승용차,보행자,129.35337438,36.01767879
7137,2017,2017-11-12 03:00,야간,일,1,1,0,0,대구,달성군,차량단독,기타,운전자법규위반,기타(운전자법규위반),기타,기타,화물차,없음,128.65369839,35.77186336
7138,2017,2017-11-12 04:00,야간,일,1,11,4,4,충북,충주시,차대차,추돌,운전자법규위반,안전운전 의무 불이행,단일로,기타단일로,승합차,화물차,127.82389334,37.03124945
7139,2017,2017-11-12 06:00,주간,일,1,1,0,0,경기,김포시,차대차,기타,운전자법규위반,안전운전 의무 불이행,단일로,기타단일로,승용차,화물차,126.74424987,37.60797552
7140,2017,2017-11-12 06:00,주간,일,1,1,0,0,인천,남동구,차대사람,횡단중,운전자법규위반,안전운전 의무 불이행,교차로,교차로부근,승용차,보행자,126.69417488,37.40890728
7141,2017,2017-11-12 07:00,주간,일,1,1,0,0,경기,파주시,차대차,정면충돌,운전자법규위반,중앙선 침범,단일로,기타단일로,승용차,건설기계,126.84681803,37.83009577
7142,2017,2017-11-12 09:00,주간,일,1,1,0,0,전남,해남군,차대사람,기타,운전자법규위반,안전운전 의무 불이행,교차로,교차로내,승합차,보행자,126.54896428,34.44569248
7143,2017,2017-11-12 13:00,주간,일,1,1,0,0,전남,나주시,차대차,기타,운전자법규위반,부당한 회전,단일로,기타단일로,원동기장치자전거,승용차,126.66175044,34.94796201
7144,2017,2017-11-12 17:00,주간,일,1,1,0,0,충남,서산시,차대차,추돌,운전자법규위반,안전거리 미확보,단일로,기타단일로,이륜차,농기계,126.41141075,36.98108734
7145,2017,2017-11-12 18:00,야간,일,1,1,0,0,광주,서구,차대차,측면충돌,운전자법규위반,신호위반,단일로,기타단일로,승합차,이륜차,126.85713039,35.1501099
7146,2017,2017-11-12 18:00,야간,일,1,1,0,0,경북,경주시,차대사람,차도통행중,운전자법규위반,안전운전 의무 불이행,단일로,기타단일로,화물차,보행자,129.07293829,35.81905576
7147,2017,2017-11-12 23:00,야간,일,1,1,0,0,충북,청주시,차대사람,기타,운전자법규위반,안전운전 의무 불이행,단일로,교량위,승용차,보행자,127.54182931,36.72845963
7148,2017,2017-11-12 23:00,야간,일,1,1,0,0,경기,성남시,차대사람,기타,운전자법규위반,안전운전 의무 불이행,교차로,교차로내,이륜차,보행자,127.14346,37.44202398
7149,2017,2017-11-13 00:00,야간,월,1,1,0,0,서울,강남구,차대차,측면충돌,운전자법규위반,신호위반,교차로,교차로내,승합차,이륜차,127.0518354,37.51591225
7150,2017,2017-11-13 03:00,야간,월,1,2,0,1,전북,고창군,차대차,추돌,운전자법규위반,안전운전 의무 불이행,단일로,기타단일로,화물차,농기계,126.73592478,35.53843003
7151,2017,2017-11-13 06:00,주간,월,2,3,1,0,충남,보령시,차대차,추돌,운전자법규위반,안전운전 의무 불이행,단일로,기타단일로,승용차,화물차,126.56548117,36.21114825
7152,2017,2017-11-13 06:00,주간,월,1,1,0,0,전남,영암군,차대사람,횡단중,운전자법규위반,안전운전 의무 불이행,교차로,교차로내,승용차,보행자,126.69174411,34.84148179
7153,2017,2017-11-13 09:00,주간,월,1,1,0,0,경남,진주시,차대사람,기타,운전자법규위반,안전운전 의무 불이행,기타,기타,화물차,보행자,128.07643203,35.26116369
7154,2017,2017-11-13 10:00,주간,월,1,1,0,0,경기,성남시,차대사람,횡단중,운전자법규위반,안전운전 의무 불이행,단일로,기타단일로,화물차,보행자,127.17230724,37.45811581
7155,2017,2017-11-13 22:00,야간,월,1,2,0,1,경북,군위군,차대차,추돌,운전자법규위반,안전운전 의무 불이행,단일로,기타단일로,승용차,농기계,128.56927274,36.18919502
7156,2017,2017-11-13 22:00,야간,월,1,1,0,0,전남,해남군,차량단독,기타,운전자법규위반,안전운전 의무 불이행,단일로,기타단일로,화물차,없음,126.60839809999999,34.3925794
7157,2017,2017-11-13 23:00,야간,월,1,1,0,0,대구,중구,차대사람,차도통행중,운전자법규위반,안전운전 의무 불이행,단일로,기타단일로,승용차,보행자,128.5918054,35.87561676
7158,2017,2017-11-14 01:00,야간,화,1,1,0,0,부산,수영구,차대사람,횡단중,운전자법규위반,안전운전 의무 불이행,교차로,교차로내,승용차,보행자,129.11046242,35.17051686
7159,2017,2017-11-14 01:00,야간,화,1,2,0,0,대전,대덕구,차량단독,공작물충돌,운전자법규위반,안전운전 의무 불이행,단일로,기타단일로,승용차,없음,127.463999,36.35694829
7160,2017,2017-11-14 03:00,야간,화,1,1,0,0,전북,군산시,차량단독,공작물충돌,운전자법규위반,안전운전 의무 불이행,단일로,기타단일로,승용차,없음,126.6683182,35.91858707
7161,2017,2017-11-14 04:00,야간,화,1,1,0,0,광주,남구,차대사람,횡단중,운전자법규위반,안전운전 의무 불이행,교차로,교차로부근,승용차,보행자,126.89776323,35.12610785
7162,2017,2017-11-14 05:00,야간,화,1,1,0,0,경기,남양주시,차대차,기타,운전자법규위반,안전운전 의무 불이행,단일로,기타단일로,자전거,승용차,127.12613854,37.65561845
7163,2017,2017-11-14 05:00,야간,화,1,1,0,0,전남,순천시,차대차,추돌,운전자법규위반,과속,단일로,기타단일로,승용차,이륜차,127.53113502,34.91666486
7164,2017,2017-11-14 08:00,주간,화,1,1,0,0,강원,강릉시,차대사람,횡단중,운전자법규위반,보행자 보호의무 위반,단일로,기타단일로,승용차,보행자,128.90799863,37.74889366
7165,2017,2017-11-14 08:00,주간,화,2,2,0,0,서울,성동구,차량단독,공작물충돌,운전자법규위반,안전운전 의무 불이행,단일로,기타단일로,원동기장치자전거,없음,127.05997722,37.54383079
7166,2017,2017-11-14 09:00,주간,화,1,1,0,0,전남,화순군,차대사람,기타,운전자법규위반,안전운전 의무 불이행,단일로,기타단일로,화물차,보행자,126.97474223,34.94486734
7167,2017,2017-11-14 09:00,주간,화,1,1,0,0,전북,부안군,차대차,측면충돌,운전자법규위반,안전운전 의무 불이행,단일로,기타단일로,승용차,이륜차,126.6693034,35.61369014
7168,2017,2017-11-14 10:00,주간,화,1,1,0,0,충남,공주시,차대차,추돌,운전자법규위반,안전운전 의무 불이행,단일로,기타단일로,승합차,이륜차,127.12388007,36.62124485
7169,2017,2017-11-14 13:00,주간,화,2,3,1,0,경기,용인시,차대차,정면충돌,운전자법규위반,중앙선 침범,단일로,기타단일로,화물차,승합차,127.31418084,37.15889061
7170,2017,2017-11-14 14:00,주간,화,1,4,3,0,강원,강릉시,차대차,측면충돌,운전자법규위반,과속,교차로,교차로내,건설기계,승용차,129.00803056,37.68348669
7171,2017,2017-11-14 14:00,주간,화,1,1,0,0,부산,서구,차대차,측면충돌,운전자법규위반,신호위반,교차로,교차로부근,특수차,이륜차,129.02157169,35.1114348
7172,2017,2017-11-14 17:00,주간,화,1,1,0,0,경기,고양시,차대차,측면충돌,운전자법규위반,신호위반,교차로,교차로내,승합차,이륜차,126.81323921,37.68146782
7173,2017,2017-11-14 19:00,야간,화,1,1,0,0,경기,안산시,차대차,측면충돌,운전자법규위반,신호위반,교차로,교차로내,승용차,이륜차,126.81474289,37.31304967
7174,2017,2017-11-14 19:00,야간,화,1,1,0,0,울산,동구,차대차,기타,운전자법규위반,안전운전 의무 불이행,교차로,교차로내,화물차,이륜차,129.42758239,35.50426788
7175,2017,2017-11-14 21:00,야간,화,1,1,0,0,경북,경주시,차대사람,길가장자리구역통행중,운전자법규위반,안전운전 의무 불이행,단일로,기타단일로,화물차,보행자,129.11891614,35.83531236
7176,2017,2017-11-14 23:00,야간,화,1,1,0,0,경기,수원시,차대차,정면충돌,운전자법규위반,안전운전 의무 불이행,단일로,기타단일로,화물차,승용차,127.02755249,37.28542648
7177,2017,2017-11-14 23:00,야간,화,1,1,0,0,전북,전주시,차대사람,차도통행중,운전자법규위반,과속,단일로,기타단일로,승용차,보행자,127.12284503,35.81587306
7178,2017,2017-11-15 00:00,야간,수,1,1,0,0,충남,천안시,차량단독,도로이탈 추락,운전자법규위반,안전운전 의무 불이행,단일로,기타단일로,화물차,없음,127.27717602,36.70633432
7179,2017,2017-11-15 00:00,야간,수,1,1,0,0,경남,양산시,차대사람,횡단중,운전자법규위반,안전운전 의무 불이행,교차로,교차로부근,승용차,보행자,129.16457028,35.40640864
7180,2017,2017-11-15 14:00,주간,수,1,1,0,0,경기,부천시,차대사람,횡단중,운전자법규위반,보행자 보호의무 위반,교차로,교차로내,화물차,보행자,126.77519463,37.51994666
7181,2017,2017-11-15 15:00,주간,수,1,1,0,0,부산,북구,차대차,기타,운전자법규위반,부당한 회전,교차로,교차로부근,자전거,화물차,128.99088718,35.19714521
7182,2017,2017-11-15 17:00,주간,수,1,1,0,0,인천,서구,차대차,측면충돌,운전자법규위반,직진 및 우회전차의 통행방해,교차로,교차로내,승용차,자전거,126.65494316,37.55852679
7183,2017,2017-11-15 18:00,야간,수,1,1,0,0,강원,횡성군,차대사람,횡단중,운전자법규위반,안전운전 의무 불이행,단일로,기타단일로,승용차,보행자,128.14841345,37.40810512
7184,2017,2017-11-15 18:00,야간,수,1,2,1,0,경남,창녕군,차대사람,횡단중,운전자법규위반,보행자 보호의무 위반,교차로,교차로횡단보도내,화물차,보행자,128.52676141,35.45563104
7185,2017,2017-11-15 22:00,야간,수,1,1,0,0,대구,달서구,차대사람,횡단중,운전자법규위반,안전운전 의무 불이행,교차로,교차로내,승합차,보행자,128.54207676,35.81450827
7186,2017,2017-11-15 23:00,야간,수,1,1,0,0,제주,서귀포시,차대사람,횡단중,운전자법규위반,안전운전 의무 불이행,단일로,기타단일로,승용차,보행자,126.55712137,33.2641356
7187,2017,2017-11-15 23:00,야간,수,1,1,0,0,충북,진천군,차대사람,차도통행중,운전자법규위반,안전운전 의무 불이행,교차로,교차로부근,승용차,보행자,127.44168648,36.93383427
7188,2017,2017-11-16 00:00,야간,목,1,1,0,0,경기,김포시,차대차,정면충돌,운전자법규위반,중앙선 침범,단일로,터널안,승용차,이륜차,126.6599517,37.64177298
7189,2017,2017-11-16 01:00,야간,목,1,3,2,0,경남,양산시,차대차,측면충돌,운전자법규위반,신호위반,교차로,교차로내,승용차,승용차,129.02895857,35.33470486
7190,2017,2017-11-16 03:00,야간,목,1,1,0,0,충남,청양군,차량단독,공작물충돌,운전자법규위반,안전운전 의무 불이행,교차로,교차로내,승용차,없음,126.79780430000001,36.46262116
7191,2017,2017-11-16 04:00,야간,목,1,2,1,0,경기,남양주시,차대차,기타,운전자법규위반,중앙선 침범,단일로,고가도로위,승용차,승용차,127.19788355,37.74397437
7192,2017,2017-11-16 06:00,주간,목,1,1,0,0,서울,은평구,차대사람,횡단중,운전자법규위반,안전운전 의무 불이행,단일로,기타단일로,승합차,보행자,126.88440220000001,37.5894922
7193,2017,2017-11-16 06:00,주간,목,1,1,0,0,광주,남구,차대사람,기타,운전자법규위반,안전운전 의무 불이행,교차로,교차로부근,화물차,보행자,126.9044795,35.10523489
7194,2017,2017-11-16 06:00,주간,목,1,1,0,0,충남,당진시,차대사람,횡단중,운전자법규위반,안전운전 의무 불이행,교차로,교차로횡단보도내,화물차,보행자,126.59567259,36.97097876
7195,2017,2017-11-16 10:00,주간,목,1,2,0,1,전북,순창군,차대차,측면충돌,운전자법규위반,앞지르기 금지위반,단일로,교량위,승용차,이륜차,127.13341806,35.37489111
7196,2017,2017-11-16 10:00,주간,목,1,1,0,0,전남,곡성군,차량단독,전도전복,운전자법규위반,안전운전 의무 불이행,단일로,기타단일로,화물차,없음,127.27190818,35.23143834
7197,2017,2017-11-16 11:00,주간,목,1,1,0,0,전남,무안군,차대차,기타,운전자법규위반,서행 및 일시정지위반,교차로,교차로내,승용차,건설기계,126.26319409,35.06374053
7198,2017,2017-11-16 17:00,주간,목,1,1,0,0,전북,익산시,차량단독,공작물충돌,운전자법규위반,안전운전 의무 불이행,단일로,기타단일로,이륜차,없음,126.94418432,35.940808600000004
7199,2017,2017-11-16 18:00,야간,목,1,1,0,0,전남,무안군,차대사람,횡단중,운전자법규위반,안전운전 의무 불이행,교차로,교차로부근,승용차,보행자,126.38084804,35.0496269
7200,2017,2017-11-16 21:00,야간,목,1,1,0,0,부산,북구,차량단독,기타,운전자법규위반,안전운전 의무 불이행,단일로,기타단일로,승용차,없음,128.99571767,35.20540028
7201,2017,2017-11-16 22:00,야간,목,1,1,0,0,경기,파주시,차량단독,전도,운전자법규위반,안전운전 의무 불이행,단일로,기타단일로,승용차,없음,126.93208459,37.94776937
7202,2017,2017-11-16 23:00,야간,목,1,1,0,0,강원,강릉시,차대차,측면충돌,운전자법규위반,안전운전 의무 불이행,교차로,교차로내,승용차,자전거,128.9015256,37.75413414
7203,2017,2017-11-16 23:00,야간,목,1,1,0,0,경기,남양주시,차대차,기타,운전자법규위반,안전운전 의무 불이행,교차로,교차로내,승용차,승합차,127.23741202,37.55550845
7204,2017,2017-11-17 06:00,주간,금,1,1,0,0,전남,여수시,차대사람,차도통행중,운전자법규위반,안전운전 의무 불이행,교차로,교차로내,승용차,보행자,127.69225439,34.75345928
7205,2017,2017-11-17 10:00,주간,금,1,1,0,0,부산,북구,차대사람,횡단중,운전자법규위반,안전운전 의무 불이행,교차로,교차로내,화물차,보행자,129.03333123,35.21247163
7206,2017,2017-11-17 11:00,주간,금,1,1,0,0,경북,안동시,차량단독,전도,운전자법규위반,안전운전 의무 불이행,단일로,기타단일로,건설기계,없음,128.5670723,36.46464935
7207,2017,2017-11-17 11:00,주간,금,1,2,0,1,전남,여수시,차량단독,전도,운전자법규위반,안전운전 의무 불이행,단일로,기타단일로,농기계,없음,127.57958352,34.70722702
7208,2017,2017-11-17 16:00,주간,금,1,1,0,0,경북,경주시,차량단독,공작물충돌,운전자법규위반,안전운전 의무 불이행,단일로,기타단일로,농기계,없음,129.42983914,35.82716882
7209,2017,2017-11-17 16:00,주간,금,1,1,0,0,전북,고창군,차대사람,차도통행중,운전자법규위반,안전운전 의무 불이행,단일로,기타단일로,화물차,보행자,126.48495486,35.43349591
7210,2017,2017-11-17 17:00,주간,금,1,1,0,0,충북,단양군,차대차,추돌,운전자법규위반,안전운전 의무 불이행,교차로,교차로내,승용차,건설기계,128.33161246,37.01581504
7211,2017,2017-11-17 18:00,야간,금,1,2,0,1,전북,진안군,차대차,기타,운전자법규위반,신호위반,교차로,교차로내,승용차,원동기장치자전거,127.34777163,35.8379531
7212,2017,2017-11-17 20:00,야간,금,1,1,0,0,충북,청주시,차대사람,횡단중,운전자법규위반,과속,교차로,교차로부근,화물차,보행자,127.48153632,36.61835724
7213,2017,2017-11-18 00:00,야간,토,1,1,0,0,부산,사상구,차대사람,기타,운전자법규위반,안전운전 의무 불이행,단일로,기타단일로,승용차,보행자,129.00422228,35.15069417
7214,2017,2017-11-18 02:00,야간,토,1,2,1,0,경기,김포시,차대차,기타,운전자법규위반,안전운전 의무 불이행,단일로,기타단일로,승용차,승용차,126.64426959,37.66997965
7215,2017,2017-11-18 07:00,주간,토,1,1,0,0,강원,정선군,차량단독,기타,운전자법규위반,안전운전 의무 불이행,단일로,기타단일로,화물차,없음,128.89711843,37.20617026
7216,2017,2017-11-18 07:00,주간,토,1,1,0,0,전북,완주군,차량단독,도로이탈 추락,운전자법규위반,안전운전 의무 불이행,단일로,기타단일로,화물차,없음,127.15625773,35.89896922
7217,2017,2017-11-18 07:00,주간,토,1,2,0,1,강원,정선군,차량단독,도로이탈 추락,운전자법규위반,안전운전 의무 불이행,단일로,기타단일로,승용차,없음,128.83354514,37.21428424
7218,2017,2017-11-18 13:00,주간,토,1,1,0,0,경기,안성시,차대차,측면충돌,운전자법규위반,신호위반,교차로,교차로내,이륜차,화물차,127.23654452,37.02688283
7219,2017,2017-11-18 14:00,주간,토,1,3,2,0,전남,강진군,차량단독,공작물충돌,운전자법규위반,안전운전 의무 불이행,단일로,교량위,승용차,없음,126.79524491,34.64430231
7220,2017,2017-11-18 15:00,주간,토,1,1,0,0,경남,합천군,차대차,정면충돌,운전자법규위반,중앙선 침범,단일로,기타단일로,건설기계,화물차,128.12487051,35.74811244
7221,2017,2017-11-18 16:00,주간,토,1,1,0,0,광주,남구,차대차,측면충돌,운전자법규위반,신호위반,교차로,교차로내,이륜차,승용차,126.90424209999999,35.112073200000005
7222,2017,2017-11-18 18:00,야간,토,1,2,0,1,경기,포천시,차대차,추돌,운전자법규위반,안전운전 의무 불이행,단일로,기타단일로,화물차,화물차,127.31730419,37.96881762
7223,2017,2017-11-18 20:00,야간,토,1,1,0,0,충북,옥천군,차대사람,횡단중,운전자법규위반,안전운전 의무 불이행,교차로,교차로내,화물차,보행자,127.56833422,36.29221224
7224,2017,2017-11-18 23:00,야간,토,1,1,0,0,충북,청주시,차량단독,기타,운전자법규위반,안전운전 의무 불이행,단일로,기타단일로,화물차,없음,127.66813817,36.64263459
7225,2017,2017-11-19 02:00,야간,일,1,1,0,0,경남,창원시(통합),차대차,추돌,운전자법규위반,안전운전 의무 불이행,단일로,기타단일로,이륜차,승용차,128.69609284,35.22912478
7226,2017,2017-11-19 02:00,야간,일,1,3,2,0,대구,달서구,차대차,기타,운전자법규위반,안전운전 의무 불이행,기타,기타,승용차,화물차,128.54227029999998,35.83947115
7227,2017,2017-11-19 06:00,주간,일,1,1,0,0,대구,수성구,차대사람,횡단중,운전자법규위반,안전운전 의무 불이행,단일로,기타단일로,화물차,보행자,128.60891323,35.85287592
7228,2017,2017-11-19 07:00,주간,일,1,1,0,0,강원,원주시,차량단독,전도전복,운전자법규위반,안전운전 의무 불이행,단일로,기타단일로,화물차,없음,128.14436132,37.24974983
7229,2017,2017-11-19 10:00,주간,일,1,2,0,1,경남,산청군,차량단독,도로이탈 추락,운전자법규위반,안전운전 의무 불이행,단일로,기타단일로,승용차,없음,127.91051991,35.38156653
7230,2017,2017-11-19 15:00,주간,일,1,1,0,0,부산,금정구,차대사람,기타,운전자법규위반,안전운전 의무 불이행,단일로,기타단일로,승용차,보행자,129.09748003,35.21821736
7231,2017,2017-11-19 18:00,야간,일,1,1,0,0,경기,오산시,차대차,측면충돌,운전자법규위반,교차로 통행방법 위반,교차로,교차로내,승용차,이륜차,127.06796659999999,37.16600997
7232,2017,2017-11-19 18:00,야간,일,1,1,0,0,경기,안성시,차대차,추돌,운전자법규위반,안전운전 의무 불이행,단일로,기타단일로,승용차,승용차,127.36401905,37.05079613
7233,2017,2017-11-19 18:00,야간,일,1,1,0,0,충남,천안시,차량단독,전도전복,운전자법규위반,기타(운전자법규위반),단일로,기타단일로,화물차,없음,127.11277478,36.71503609
7234,2017,2017-11-20 05:00,야간,월,1,1,0,0,대전,대덕구,차대차,추돌,운전자법규위반,안전운전 의무 불이행,교차로,교차로내,원동기장치자전거,화물차,127.3921212,36.43649244
7235,2017,2017-11-20 06:00,주간,월,1,1,0,0,경기,안산시,차대사람,보도통행중,운전자법규위반,과속,단일로,기타단일로,승용차,보행자,126.86143412,37.27383026
7236,2017,2017-11-20 06:00,주간,월,1,1,0,0,경기,평택시,차대사람,차도통행중,운전자법규위반,안전운전 의무 불이행,단일로,기타단일로,승용차,보행자,127.06985989,36.99655823
7237,2017,2017-11-20 06:00,주간,월,1,2,1,0,충남,아산시,차대차,추돌,운전자법규위반,안전운전 의무 불이행,단일로,기타단일로,승용차,농기계,126.86142385,36.74433256
7238,2017,2017-11-20 08:00,주간,월,1,1,0,0,강원,고성군,차량단독,전도전복,운전자법규위반,안전운전 의무 불이행,기타,기타,승용차,없음,128.57170759,38.23679178
7239,2017,2017-11-20 10:00,주간,월,1,1,0,0,경북,영양군,차대사람,보도통행중,운전자법규위반,기타(운전자법규위반),단일로,기타단일로,승용차,보행자,129.11325531,36.66226008
7240,2017,2017-11-20 13:00,주간,월,1,1,0,0,전남,해남군,차대사람,기타,운전자법규위반,안전운전 의무 불이행,단일로,기타단일로,화물차,보행자,126.56207323,34.53898866
7241,2017,2017-11-20 14:00,주간,월,1,1,0,0,강원,춘천시,차량단독,전도전복,운전자법규위반,안전운전 의무 불이행,단일로,기타단일로,건설기계,없음,127.75690936,37.76093636
7242,2017,2017-11-20 15:00,주간,월,1,2,1,0,제주,서귀포시,차량단독,기타,운전자법규위반,안전운전 의무 불이행,교차로,교차로내,승용차,없음,126.67347724,33.27496629
7243,2017,2017-11-20 17:00,주간,월,1,1,0,0,광주,남구,차대사람,횡단중,운전자법규위반,보행자 보호의무 위반,단일로,기타단일로,승용차,보행자,126.88890154,35.10908431
7244,2017,2017-11-20 19:00,야간,월,1,1,0,0,충남,보령시,차대사람,횡단중,운전자법규위반,안전운전 의무 불이행,단일로,기타단일로,승용차,보행자,126.60154196,36.32919901
7245,2017,2017-11-20 20:00,야간,월,1,1,0,0,경남,고성군,차량단독,공작물충돌,운전자법규위반,과속,단일로,기타단일로,승용차,없음,128.4362622,35.04498169
7246,2017,2017-11-21 01:00,야간,화,1,1,0,0,서울,용산구,차대사람,기타,운전자법규위반,안전운전 의무 불이행,단일로,기타단일로,승용차,보행자,126.9706443,37.5319809
7247,2017,2017-11-21 04:00,야간,화,1,1,0,0,경북,문경시,차량단독,기타,운전자법규위반,안전운전 의무 불이행,교차로,교차로부근,승합차,없음,128.18894791,36.59360453
7248,2017,2017-11-21 05:00,야간,화,1,1,0,0,서울,성북구,차대사람,횡단중,운전자법규위반,안전운전 의무 불이행,교차로,교차로내,승용차,보행자,127.01079918,37.60674959
7249,2017,2017-11-21 06:00,주간,화,1,4,0,0,경기,고양시,차대차,추돌,운전자법규위반,안전운전 의무 불이행,단일로,기타단일로,승합차,화물차,126.76008089,37.63962234
7250,2017,2017-11-21 06:00,주간,화,1,2,1,0,경남,창원시(통합),차대차,추돌,운전자법규위반,안전운전 의무 불이행,단일로,기타단일로,승용차,이륜차,128.52927949,35.24442666
7251,2017,2017-11-21 08:00,주간,화,1,1,0,0,경북,포항시,차량단독,기타,운전자법규위반,기타(운전자법규위반),단일로,기타단일로,화물차,없음,129.09573706,36.16032857
7252,2017,2017-11-21 13:00,주간,화,1,6,0,5,경기,평택시,차대차,기타,운전자법규위반,안전거리 미확보,단일로,기타단일로,승용차,승용차,127.12907077,36.99280071
7253,2017,2017-11-21 14:00,주간,화,1,5,0,4,경기,화성시,차대차,기타,운전자법규위반,안전거리 미확보,단일로,기타단일로,승용차,승합차,127.09559545,37.18298187
7254,2017,2017-11-21 15:00,주간,화,1,3,1,1,경기,의정부시,차대차,측면충돌,운전자법규위반,안전운전 의무 불이행,교차로,교차로내,승용차,승용차,127.06429874,37.72675559
7255,2017,2017-11-21 16:00,주간,화,1,1,0,0,전남,함평군,차대차,측면충돌,운전자법규위반,안전운전 의무 불이행,교차로,교차로내,이륜차,화물차,126.52243806,35.05950679
7256,2017,2017-11-21 16:00,주간,화,1,1,0,0,인천,남구,차대사람,횡단중,운전자법규위반,안전운전 의무 불이행,교차로,교차로부근,승용차,보행자,126.69466493,37.46337037
7257,2017,2017-11-21 17:00,주간,화,1,11,2,8,충남,서산시,차대차,기타,운전자법규위반,안전운전 의무 불이행,단일로,기타단일로,화물차,승용차,126.57155215,36.80699438
7258,2017,2017-11-21 17:00,주간,화,1,1,0,0,전남,곡성군,차대사람,횡단중,운전자법규위반,안전운전 의무 불이행,교차로,교차로내,승합차,보행자,127.13584375,35.27101475
7259,2017,2017-11-21 18:00,야간,화,1,1,0,0,경기,하남시,차대사람,횡단중,운전자법규위반,중앙선 침범,단일로,기타단일로,화물차,보행자,127.20034046,37.52252965
7260,2017,2017-11-21 18:00,야간,화,1,1,0,0,충남,천안시,차대사람,횡단중,운전자법규위반,안전운전 의무 불이행,단일로,기타단일로,승용차,보행자,127.27947068,36.72610814
7261,2017,2017-11-21 21:00,야간,화,1,2,0,1,충북,음성군,차대차,측면충돌,운전자법규위반,중앙선 침범,단일로,기타단일로,승용차,화물차,127.63829140000001,37.10306742
7262,2017,2017-11-21 22:00,야간,화,1,1,0,0,경기,평택시,차대사람,기타,운전자법규위반,안전운전 의무 불이행,교차로,교차로부근,승용차,보행자,127.05817914,37.07683274