,발생년,발생년월일시분,주야,요일,사망자수,사상자수,중상자수,경상자수,발생지시도,발생지시군구,사고유형_대분류,사고유형,법규위반_대분류,법규위반,도로형태_대분류,도로형태,가해자_당사자종별,피해자_당사자종별,경도,위도
7553,2017,2017-12-16 23:00,야간,토,1,5,3,1,부산,사상구,차대차,정면충돌,운전자법규위반,중앙선 침범,단일로,기타단일로,승용차,승용차,128.96693031,35.14005703
7554,2017,2017-12-17 02:00,야간,일,1,3,0,2,서울,서초구,차대사람,차도통행중,운전자법규위반,과속,단일로,기타단일로,승용차,보행자,127.04065299,37.46273408
7555,2017,2017-12-17 02:00,야간,일,1,1,0,0,경남,김해시,차대사람,횡단중,운전자법규위반,안전운전 의무 불이행,단일로,기타단일로,승용차,보행자,128.7645963,35.28860332
7556,2017,2017-12-17 03:00,야간,일,1,4,0,2,대구,달성군,차대차,기타,운전자법규위반,안전운전 의무 불이행,단일로,기타단일로,승용차,승용차,128.46453709,35.85828701
7557,2017,2017-12-17 15:00,주간,일,1,1,0,0,전남,나주시,차량단독,도로이탈 추락,운전자법규위반,안전운전 의무 불이행,단일로,기타단일로,자전거,없음,126.72591924,34.91134499
7558,2017,2017-12-17 18:00,야간,일,1,1,0,0,대구,서구,차대사람,횡단중,운전자법규위반,안전운전 의무 불이행,단일로,기타단일로,승용차,보행자,128.57511725,35.88667619
7559,2017,2017-12-17 20:00,야간,일,1,1,0,0,광주,서구,차대차,기타,운전자법규위반,중앙선 침범,교차로,교차로부근,승용차,이륜차,126.90450893,35.14928801
7560,2017,2017-12-18 00:00,야간,월,1,1,0,0,서울,강북구,차대사람,횡단중,운전자법규위반,안전운전 의무 불이행,단일로,기타단일로,승용차,보행자,127.01774212,37.63162811
7561,2017,2017-12-18 08:00,주간,월,1,1,0,0,경북,영천시,차대사람,횡단중,운전자법규위반,신호위반,교차로,교차로횡단보도내,승용차,보행자,128.93466772,35.96287479
7562,2017,2017-12-18 10:00,주간,월,1,2,1,0,서울,관악구,차대사람,기타,운전자법규위반,안전운전 의무 불이행,단일로,기타단일로,승용차,보행자,126.95208846,37.48782003
7563,2017,2017-12-18 12:00,주간,월,1,2,0,1,충북,괴산군,차대차,정면충돌,운전자법규위반,중앙선 침범,단일로,기타단일로,승용차,건설기계,127.76309493,36.77818118
7564,2017,2017-12-18 13:00,주간,월,1,1,0,0,경북,경주시,차대차,추돌,운전자법규위반,안전운전 의무 불이행,단일로,기타단일로,화물차,화물차,129.09690859999998,35.86355356
7565,2017,2017-12-18 15:00,주간,월,1,1,0,0,충북,청주시,차대사람,횡단중,운전자법규위반,안전운전 의무 불이행,단일로,기타단일로,승용차,보행자,127.41355462,36.64680566
7566,2017,2017-12-18 19:00,야간,월,1,1,0,0,부산,연제구,차대사람,차도통행중,운전자법규위반,안전운전 의무 불이행,단일로,기타단일로,승용차,보행자,129.06982092,35.18166505
7567,2017,2017-12-18 21:00,야간,월,1,1,0,0,경기,동두천시,차대사람,횡단중,운전자법규위반,과속,단일로,기타단일로,승용차,보행자,127.05807498,37.90486765
7568,2017,2017-12-19 04:00,야간,화,1,1,0,0,전북,군산시,차량단독,공작물충돌,운전자법규위반,안전운전 의무 불이행,단일로,기타단일로,승용차,없음,126.85339493,35.98554116
7569,2017,2017-12-19 06:00,주간,화,1,1,0,0,부산,기장군,차대차,정면충돌,운전자법규위반,안전운전 의무 불이행,교차로,교차로내,승용차,원동기장치자전거,129.26215042,35.31826091
7570,2017,2017-12-19 07:00,주간,화,1,1,0,0,대전,동구,차량단독,공작물충돌,운전자법규위반,안전운전 의무 불이행,단일로,기타단일로,승용차,없음,127.44283154,36.32246053
7571,2017,2017-12-19 10:00,주간,화,1,1,0,0,전남,보성군,차대차,후진중충돌,운전자법규위반,기타(운전자법규위반),단일로,기타단일로,화물차,이륜차,127.30007923,34.84024253
7572,2017,2017-12-19 11:00,주간,화,1,1,0,0,전북,완주군,차량단독,도로이탈 추락,운전자법규위반,안전운전 의무 불이행,단일로,기타단일로,화물차,없음,127.13673213,36.00371959
7573,2017,2017-12-19 11:00,주간,화,1,1,0,0,인천,남구,차대사람,횡단중,운전자법규위반,안전운전 의무 불이행,단일로,기타단일로,화물차,보행자,126.65294742,37.4616816
7574,2017,2017-12-19 14:00,주간,화,1,1,0,0,충남,당진시,차량단독,공작물충돌,운전자법규위반,안전운전 의무 불이행,단일로,기타단일로,이륜차,없음,126.75627866,36.86700431
7575,2017,2017-12-19 16:00,주간,화,1,1,0,0,대구,남구,차대차,측면충돌,운전자법규위반,안전거리 미확보,단일로,기타단일로,원동기장치자전거,승용차,128.58144396,35.84107237
7576,2017,2017-12-19 16:00,주간,화,1,1,0,0,전북,부안군,차량단독,전도전복,운전자법규위반,안전운전 의무 불이행,교차로,교차로내,화물차,없음,126.72327476,35.72309178
7577,2017,2017-12-19 19:00,야간,화,1,1,0,0,경기,안성시,차대사람,횡단중,운전자법규위반,신호위반,교차로,교차로내,승용차,보행자,127.21920153,37.01030169
7578,2017,2017-12-19 19:00,야간,화,1,1,0,0,울산,울주군,차대사람,차도통행중,운전자법규위반,안전운전 의무 불이행,단일로,기타단일로,승용차,보행자,129.08363183,35.55638966
7579,2017,2017-12-19 23:00,야간,화,1,1,0,0,서울,관악구,차대차,기타,운전자법규위반,안전운전 의무 불이행,단일로,기타단일로,이륜차,화물차,126.95871968,37.47333872
7580,2017,2017-12-20 05:00,야간,수,1,1,0,0,충북,음성군,차량단독,전도전복,운전자법규위반,안전운전 의무 불이행,단일로,기타단일로,승용차,없음,127.61196298,37.03851663
7581,2017,2017-12-20 05:00,야간,수,1,1,0,0,경기,의정부시,차대차,측면충돌,운전자법규위반,안전운전 의무 불이행,교차로,교차로횡단보도내,화물차,기타,127.04685508,37.74199431
7582,2017,2017-12-20 10:00,주간,수,1,1,0,0,부산,금정구,차대사람,길가장자리구역통행중,운전자법규위반,보행자 보호의무 위반,교차로,교차로부근,화물차,보행자,129.08922574,35.22536747
7583,2017,2017-12-20 10:00,주간,수,1,1,0,0,경북,성주군,차대차,측면충돌,운전자법규위반,안전운전 의무 불이행,교차로,교차로내,이륜차,화물차,128.27771125,35.96149334
7584,2017,2017-12-20 10:00,주간,수,1,2,0,1,경북,군위군,차대차,추돌,운전자법규위반,안전운전 의무 불이행,단일로,터널안,승용차,건설기계,128.50581081,36.20983103
7585,2017,2017-12-20 13:00,주간,수,1,1,0,0,전남,진도군,차대사람,횡단중,운전자법규위반,안전운전 의무 불이행,단일로,기타단일로,승용차,보행자,126.26401094,34.48301549
7586,2017,2017-12-20 13:00,주간,수,1,1,0,0,전북,완주군,차대사람,기타,운전자법규위반,안전운전 의무 불이행,단일로,기타단일로,화물차,보행자,127.07422485,35.91158758
7587,2017,2017-12-20 18:00,야간,수,1,1,0,0,전북,익산시,차대차,측면충돌,운전자법규위반,교차로 통행방법 위반,교차로,교차로부근,이륜차,화물차,126.99097162,35.95630711
7588,2017,2017-12-20 19:00,야간,수,1,1,0,0,충북,청주시,차대사람,기타,운전자법규위반,안전운전 의무 불이행,단일로,기타단일로,승용차,보행자,127.48599029,36.66352288
7589,2017,2017-12-20 19:00,야간,수,1,1,0,0,경기,시흥시,차대사람,횡단중,운전자법규위반,안전운전 의무 불이행,교차로,교차로횡단보도내,승용차,보행자,126.79696243,37.446816399999996
7590,2017,2017-12-21 00:00,야간,목,1,1,0,0,경남,창원시(통합),차량단독,공작물충돌,운전자법규위반,안전운전 의무 불이행,단일로,교량위,승용차,없음,128.79626463,35.11846298
7591,2017,2017-12-21 00:00,야간,목,1,1,0,0,경기,안산시,차대차,기타,운전자법규위반,안전운전 의무 불이행,단일로,지하차도(도로)내,승용차,승용차,126.78925594,37.32796132
7592,2017,2017-12-21 05:00,야간,목,1,1,0,0,전북,전주시,차대사람,횡단중,운전자법규위반,과속,교차로,교차로부근,화물차,보행자,127.12167904,35.86562036
7593,2017,2017-12-21 05:00,야간,목,1,1,0,0,충북,진천군,차대차,추돌,운전자법규위반,안전운전 의무 불이행,단일로,기타단일로,이륜차,화물차,127.43311785,36.870349100000006
7594,2017,2017-12-21 06:00,주간,목,2,3,1,0,경북,영천시,차대차,추돌,운전자법규위반,안전운전 의무 불이행,단일로,기타단일로,화물차,화물차,129.00319574,35.92588544
7595,2017,2017-12-21 09:00,주간,목,1,3,1,1,전남,고흥군,차대차,정면충돌,운전자법규위반,중앙선 침범,단일로,기타단일로,화물차,화물차,127.18909766,34.61688212
7596,2017,2017-12-21 11:00,주간,목,1,1,0,0,경북,성주군,차대차,측면충돌,운전자법규위반,안전운전 의무 불이행,교차로,교차로내,화물차,이륜차,128.3542629,35.90172141
7597,2017,2017-12-21 13:00,주간,목,1,1,0,0,대구,수성구,차대사람,보도통행중,운전자법규위반,보행자 보호의무 위반,단일로,기타단일로,승용차,보행자,128.70678781,35.83835528
7598,2017,2017-12-21 16:00,주간,목,1,1,0,0,광주,광산구,차대차,측면충돌,운전자법규위반,직진 및 우회전차의 통행방해,교차로,교차로내,승용차,이륜차,126.77480198,35.07584976
7599,2017,2017-12-21 17:00,주간,목,1,3,1,1,강원,춘천시,차량단독,공작물충돌,운전자법규위반,안전운전 의무 불이행,단일로,기타단일로,화물차,없음,127.77027079,37.791812799999995
7600,2017,2017-12-21 18:00,야간,목,1,1,0,0,강원,춘천시,차량단독,공작물충돌,운전자법규위반,안전운전 의무 불이행,단일로,기타단일로,승용차,없음,127.79476640000001,37.75383545
7601,2017,2017-12-21 19:00,야간,목,1,1,0,0,충북,청주시,차대차,기타,운전자법규위반,보행자 보호의무 위반,교차로,교차로내,승용차,승용차,127.47928235,36.64121889
7602,2017,2017-12-22 00:00,야간,금,1,1,0,0,인천,남동구,차대사람,횡단중,운전자법규위반,안전운전 의무 불이행,교차로,교차로내,승용차,보행자,126.70309815,37.44547264
7603,2017,2017-12-22 04:00,야간,금,1,1,0,0,광주,서구,차대사람,횡단중,운전자법규위반,안전운전 의무 불이행,단일로,기타단일로,승용차,보행자,126.89444879999999,35.151436499999996
7604,2017,2017-12-22 05:00,야간,금,1,1,0,0,경기,평택시,차대차,기타,운전자법규위반,안전운전 의무 불이행,단일로,기타단일로,승합차,화물차,127.06627764,37.065270299999995
7605,2017,2017-12-22 05:00,야간,금,1,1,0,0,경기,시흥시,차대사람,횡단중,운전자법규위반,보행자 보호의무 위반,단일로,기타단일로,화물차,보행자,126.74237449,37.35092576
7606,2017,2017-12-22 06:00,주간,금,1,1,0,0,경남,양산시,차대사람,횡단중,운전자법규위반,신호위반,교차로,교차로횡단보도내,승용차,보행자,129.05644798,35.41236752
7607,2017,2017-12-22 07:00,주간,금,1,1,0,0,전북,전주시,차대사람,기타,운전자법규위반,안전운전 의무 불이행,교차로,교차로내,승용차,보행자,127.13819945,35.83276243
7608,2017,2017-12-22 07:00,주간,금,1,1,0,0,전북,김제시,차대차,정면충돌,운전자법규위반,중앙선 침범,단일로,기타단일로,승용차,원동기장치자전거,126.89919899,35.81245686
7609,2017,2017-12-22 10:00,주간,금,1,2,1,0,충남,서산시,차량단독,공작물충돌,운전자법규위반,안전운전 의무 불이행,단일로,기타단일로,화물차,없음,126.40374121,36.72315691
7610,2017,2017-12-22 10:00,주간,금,1,1,0,0,경기,오산시,차대차,기타,운전자법규위반,안전운전 의무 불이행,교차로,교차로내,자전거,승합차,127.06440668,37.16220199
7611,2017,2017-12-22 11:00,주간,금,1,1,0,0,충남,서천군,차대차,측면충돌,운전자법규위반,직진 및 우회전차의 통행방해,교차로,교차로내,화물차,자전거,126.75285963,36.05710062
7612,2017,2017-12-22 11:00,주간,금,1,1,0,0,광주,동구,차대사람,횡단중,운전자법규위반,보행자 보호의무 위반,교차로,교차로횡단보도내,화물차,보행자,126.92947854,35.12975993
7613,2017,2017-12-22 11:00,주간,금,1,1,0,0,서울,광진구,차대차,기타,운전자법규위반,안전운전 의무 불이행,기타,기타,원동기장치자전거,건설기계,127.09019624,37.54275876
7614,2017,2017-12-22 14:00,주간,금,1,1,0,0,경기,수원시,차대사람,횡단중,운전자법규위반,안전운전 의무 불이행,교차로,교차로내,화물차,보행자,126.99957396,37.27879445
7615,2017,2017-12-22 17:00,주간,금,1,2,1,0,전남,광양시,차대차,측면충돌,운전자법규위반,교차로 통행방법 위반,교차로,교차로내,승용차,이륜차,127.59951472,34.98990436
7616,2017,2017-12-22 17:00,주간,금,1,2,0,1,경남,함안군,차대차,추돌,운전자법규위반,안전운전 의무 불이행,단일로,기타단일로,화물차,승용차,128.51864321,35.28330594
7617,2017,2017-12-22 17:00,주간,금,1,1,0,0,경북,경산시,차대사람,횡단중,운전자법규위반,신호위반,교차로,교차로횡단보도내,승용차,보행자,128.83405156,35.93955025
7618,2017,2017-12-22 18:00,야간,금,1,1,0,0,경남,밀양시,차대사람,기타,운전자법규위반,안전운전 의무 불이행,단일로,기타단일로,화물차,보행자,128.72387355,35.36872604
7619,2017,2017-12-22 19:00,야간,금,1,1,0,0,서울,성동구,차대차,측면충돌,운전자법규위반,중앙선 침범,단일로,기타단일로,이륜차,승용차,127.03426246,37.55587337
7620,2017,2017-12-22 19:00,야간,금,1,1,0,0,경기,수원시,차대차,측면충돌,운전자법규위반,교차로 통행방법 위반,교차로,교차로내,승용차,이륜차,127.01533257,37.28580073
7621,2017,2017-12-23 00:00,야간,토,1,1,0,0,울산,동구,차량단독,기타,운전자법규위반,안전운전 의무 불이행,교차로,교차로부근,이륜차,없음,129.40171138,35.5067791
7622,2017,2017-12-23 03:00,야간,토,1,1,0,0,경남,함안군,차대사람,기타,운전자법규위반,안전운전 의무 불이행,단일로,기타단일로,승용차,보행자,128.50252777,35.29084317
7623,2017,2017-12-23 04:00,야간,토,1,1,0,0,울산,남구,차대사람,기타,운전자법규위반,안전운전 의무 불이행,교차로,교차로부근,화물차,보행자,129.33529898,35.54421118
7624,2017,2017-12-23 05:00,야간,토,1,1,0,0,울산,남구,차대사람,기타,운전자법규위반,안전운전 의무 불이행,단일로,기타단일로,승용차,보행자,129.32400837,35.54100187
7625,2017,2017-12-23 06:00,주간,토,1,1,0,0,전남,목포시,차대사람,차도통행중,운전자법규위반,안전운전 의무 불이행,단일로,기타단일로,승용차,보행자,126.43638773,34.80204786
7626,2017,2017-12-23 06:00,주간,토,1,1,0,0,전남,목포시,차대사람,기타,운전자법규위반,교차로 통행방법 위반,단일로,기타단일로,건설기계,보행자,126.39213507,34.78838969
7627,2017,2017-12-23 07:00,주간,토,1,1,0,0,울산,울주군,차대차,정면충돌,운전자법규위반,신호위반,교차로,교차로내,이륜차,화물차,129.33488162,35.44202139
7628,2017,2017-12-23 08:00,주간,토,1,3,0,2,전북,전주시,차대차,측면충돌,운전자법규위반,신호위반,교차로,교차로내,승용차,승용차,127.11132445,35.85160335
7629,2017,2017-12-23 16:00,주간,토,1,1,0,0,경기,의정부시,차대사람,횡단중,운전자법규위반,안전운전 의무 불이행,단일로,기타단일로,승합차,보행자,127.07533086,37.75619702
7630,2017,2017-12-23 17:00,주간,토,1,1,0,0,서울,노원구,차대차,기타,운전자법규위반,안전운전 의무 불이행,교차로,교차로내,승용차,원동기장치자전거,127.06932054,37.63939891
7631,2017,2017-12-23 17:00,주간,토,1,1,0,0,충남,서천군,차대사람,차도통행중,운전자법규위반,안전운전 의무 불이행,교차로,교차로내,승용차,보행자,126.68402516,36.08246338
7632,2017,2017-12-23 18:00,야간,토,1,1,0,0,충남,예산군,차대사람,기타,운전자법규위반,안전운전 의무 불이행,단일로,기타단일로,승용차,보행자,126.786697,36.67556789
7633,2017,2017-12-23 19:00,야간,토,1,1,0,0,경기,양평군,차대사람,횡단중,운전자법규위반,안전운전 의무 불이행,교차로,교차로내,화물차,보행자,127.50238685,37.49069496
7634,2017,2017-12-23 20:00,야간,토,1,1,0,0,전북,완주군,차대차,추돌,운전자법규위반,안전거리 미확보,단일로,교량위,화물차,화물차,127.05944649,35.79835544
7635,2017,2017-12-23 21:00,야간,토,1,2,1,0,전남,강진군,차량단독,공작물충돌,운전자법규위반,안전운전 의무 불이행,단일로,기타단일로,화물차,없음,126.79463619,34.62173189
7636,2017,2017-12-24 00:00,야간,일,1,1,0,0,전남,목포시,차대사람,기타,운전자법규위반,안전운전 의무 불이행,교차로,교차로부근,승용차,보행자,126.39500743,34.80453036
7637,2017,2017-12-24 02:00,야간,일,1,1,0,0,강원,횡성군,차량단독,전도전복,운전자법규위반,안전운전 의무 불이행,단일로,기타단일로,승용차,없음,128.24922866,37.5100417
7638,2017,2017-12-24 03:00,야간,일,1,1,0,0,인천,부평구,차량단독,기타,운전자법규위반,안전운전 의무 불이행,단일로,기타단일로,승용차,없음,126.75149908,37.48021172
7639,2017,2017-12-24 14:00,주간,일,1,1,0,0,경남,거제시,차량단독,전복,운전자법규위반,안전운전 의무 불이행,단일로,기타단일로,승용차,없음,128.58367139,34.85916842
7640,2017,2017-12-24 17:00,주간,일,1,1,0,0,전남,보성군,차대사람,횡단중,운전자법규위반,보행자 보호의무 위반,교차로,교차로부근,승합차,보행자,127.08674097,34.67584206
7641,2017,2017-12-24 19:00,야간,일,1,1,0,0,광주,남구,차대차,추돌,운전자법규위반,안전운전 의무 불이행,단일로,기타단일로,승용차,자전거,126.90276116,35.14207477
7642,2017,2017-12-24 20:00,야간,일,1,1,0,0,경북,영덕군,차대사람,기타,운전자법규위반,안전운전 의무 불이행,단일로,기타단일로,승용차,보행자,129.40084924,36.56536569
7643,2017,2017-12-24 22:00,야간,일,2,3,0,1,대구,달성군,차대차,측면충돌,운전자법규위반,중앙선 침범,단일로,기타단일로,승용차,승합차,128.4449468,35.72570209
7644,2017,2017-12-25 05:00,야간,월,1,1,0,0,전남,곡성군,차량단독,전도전복,운전자법규위반,안전운전 의무 불이행,단일로,기타단일로,자전거,없음,127.30071535,35.29527026
7645,2017,2017-12-25 10:00,주간,월,1,1,0,0,경기,파주시,차대사람,보도통행중,운전자법규위반,보행자 보호의무 위반,교차로,교차로횡단보도내,승용차,보행자,126.78059988,37.86433770000001
7646,2017,2017-12-25 11:00,주간,월,1,1,0,0,세종,세종,차대차,측면충돌,운전자법규위반,안전운전 의무 불이행,교차로,교차로내,화물차,자전거,127.35397994,36.5467708
7647,2017,2017-12-25 14:00,주간,월,1,2,0,1,경기,화성시,차대차,정면충돌,운전자법규위반,중앙선 침범,단일로,기타단일로,승용차,건설기계,126.98136317,37.11640046
7648,2017,2017-12-25 14:00,주간,월,1,1,0,0,경남,창원시(통합),차대사람,횡단중,운전자법규위반,보행자 보호의무 위반,교차로,교차로횡단보도내,이륜차,보행자,128.56801057,35.1923719
7649,2017,2017-12-25 15:00,주간,월,1,2,1,0,경남,진주시,차대차,측면충돌,운전자법규위반,중앙선 침범,교차로,교차로부근,원동기장치자전거,승용차,128.18181370000002,35.12152946
7650,2017,2017-12-25 19:00,야간,월,1,1,0,0,충남,서산시,차대사람,횡단중,운전자법규위반,보행자 보호의무 위반,교차로,교차로부근,승용차,보행자,126.53694904,36.70280074
7651,2017,2017-12-25 22:00,야간,월,1,1,0,0,광주,남구,차대차,측면충돌,운전자법규위반,안전운전 의무 불이행,교차로,교차로내,승용차,이륜차,126.90777785,35.14404979
7652,2017,2017-12-26 01:00,야간,화,1,2,0,1,강원,동해시,차대차,추돌,운전자법규위반,안전거리 미확보,단일로,기타단일로,승용차,화물차,129.08086911,37.59633183
7653,2017,2017-12-26 03:00,야간,화,1,1,0,0,경기,고양시,차량단독,공작물충돌,운전자법규위반,중앙선 침범,단일로,기타단일로,승용차,없음,126.68756852,37.68286824
7654,2017,2017-12-26 06:00,주간,화,1,3,1,1,경북,상주시,차대차,추돌,운전자법규위반,안전운전 의무 불이행,단일로,기타단일로,화물차,특수차,128.21317034,36.42645075
7655,2017,2017-12-26 06:00,주간,화,1,1,0,0,부산,강서구,차대차,기타,운전자법규위반,안전운전 의무 불이행,단일로,기타단일로,화물차,자전거,128.96364253,35.19596924
7656,2017,2017-12-26 07:00,주간,화,1,1,0,0,충남,아산시,차대사람,보도통행중,운전자법규위반,보행자 보호의무 위반,교차로,교차로횡단보도내,승용차,보행자,127.00140407,36.78475617
7657,2017,2017-12-26 09:00,주간,화,1,1,0,0,경북,상주시,차대차,측면충돌,운전자법규위반,교차로 통행방법 위반,교차로,교차로내,이륜차,화물차,128.19692504,36.55697577
7658,2017,2017-12-26 09:00,주간,화,1,1,0,0,경남,거제시,차대사람,기타,운전자법규위반,안전운전 의무 불이행,단일로,기타단일로,승용차,보행자,128.68524062,34.89944631
7659,2017,2017-12-26 13:00,주간,화,1,1,0,0,충북,진천군,차대사람,기타,운전자법규위반,안전운전 의무 불이행,단일로,기타단일로,화물차,보행자,127.45126974,36.90880519
7660,2017,2017-12-26 18:00,야간,화,1,1,0,0,대전,중구,차대사람,차도통행중,운전자법규위반,안전운전 의무 불이행,단일로,기타단일로,승용차,보행자,127.41755237,36.33769538
7661,2017,2017-12-26 18:00,야간,화,1,1,0,0,전남,나주시,차대사람,횡단중,운전자법규위반,안전운전 의무 불이행,단일로,기타단일로,승용차,보행자,126.71322949,35.02276203
7662,2017,2017-12-26 18:00,야간,화,1,1,0,0,충북,음성군,차대사람,횡단중,운전자법규위반,안전운전 의무 불이행,단일로,기타단일로,승용차,보행자,127.59266798,36.99290237
7663,2017,2017-12-26 19:00,야간,화,1,1,0,0,경남,창원시(통합),차대차,추돌,운전자법규위반,안전운전 의무 불이행,단일로,기타단일로,화물차,특수차,128.78163534,35.13237772
7664,2017,2017-12-26 19:00,야간,화,1,1,0,0,전북,고창군,차대차,추돌,운전자법규위반,안전운전 의무 불이행,단일로,기타단일로,화물차,화물차,126.57815227,35.34474593
7665,2017,2017-12-26 20:00,야간,화,2,4,2,0,경남,사천시,차량단독,공작물충돌,운전자법규위반,안전운전 의무 불이행,단일로,기타단일로,승용차,없음,127.97177527,34.97601649
7666,2017,2017-12-27 01:00,야간,수,1,1,0,0,대구,동구,차량단독,공작물충돌,운전자법규위반,안전운전 의무 불이행,교차로,교차로부근,승용차,없음,128.64294378,35.89063878
7667,2017,2017-12-27 02:00,야간,수,1,1,0,0,충남,청양군,차량단독,전도전복,운전자법규위반,안전운전 의무 불이행,교차로,교차로부근,화물차,없음,126.79744076,36.44353415
7668,2017,2017-12-27 02:00,야간,수,1,1,0,0,광주,북구,차대사람,횡단중,운전자법규위반,안전운전 의무 불이행,단일로,기타단일로,승용차,보행자,126.93565684,35.16172734
7669,2017,2017-12-27 05:00,야간,수,1,1,0,0,서울,동대문구,차량단독,공작물충돌,운전자법규위반,안전운전 의무 불이행,단일로,기타단일로,승용차,없음,127.02776172,37.58130162
7670,2017,2017-12-27 06:00,주간,수,1,1,0,0,경기,용인시,차대사람,기타,운전자법규위반,안전운전 의무 불이행,단일로,기타단일로,화물차,보행자,127.18224216,37.17488082
7671,2017,2017-12-27 08:00,주간,수,1,2,1,0,충남,서산시,차대차,정면충돌,운전자법규위반,중앙선 침범,단일로,기타단일로,승용차,승용차,126.45710430000001,36.76087494
7672,2017,2017-12-27 08:00,주간,수,1,5,0,4,경기,안성시,차대차,추돌,운전자법규위반,안전거리 미확보,단일로,기타단일로,승용차,승용차,127.19289457,37.00578343
7673,2017,2017-12-27 10:00,주간,수,1,1,0,0,전북,전주시,차대사람,기타,운전자법규위반,안전운전 의무 불이행,단일로,기타단일로,승합차,보행자,127.13312957,35.80798599
7674,2017,2017-12-27 12:00,주간,수,1,1,0,0,경기,양주시,차대차,정면충돌,운전자법규위반,중앙선 침범,단일로,기타단일로,화물차,승용차,127.05125776,37.82483311
7675,2017,2017-12-27 13:00,주간,수,1,1,0,0,경북,영덕군,차량단독,공작물충돌,운전자법규위반,안전운전 의무 불이행,단일로,기타단일로,승용차,없음,129.24843891,36.48861996
7676,2017,2017-12-27 14:00,주간,수,1,1,0,0,경북,안동시,차량단독,전도전복,운전자법규위반,안전운전 의무 불이행,단일로,기타단일로,승용차,없음,128.66968361,36.50035035
7677,2017,2017-12-27 14:00,주간,수,1,6,1,4,서울,종로구,차대차,추돌,운전자법규위반,안전운전 의무 불이행,단일로,기타단일로,승용차,자전거,127.01097228,37.57164293
7678,2017,2017-12-27 16:00,주간,수,1,1,0,0,대전,동구,차대사람,횡단중,운전자법규위반,보행자 보호의무 위반,단일로,기타단일로,승용차,보행자,127.45235840000001,36.32751786
7679,2017,2017-12-27 18:00,야간,수,1,1,0,0,서울,은평구,차대사람,횡단중,운전자법규위반,신호위반,단일로,기타단일로,화물차,보행자,126.91593533,37.59104953
7680,2017,2017-12-27 19:00,야간,수,1,1,0,0,충남,아산시,차대차,측면충돌,운전자법규위반,신호위반,교차로,교차로내,이륜차,승용차,127.01466599,36.77173974
7681,2017,2017-12-27 20:00,야간,수,1,2,1,0,경기,용인시,차대차,측면충돌,운전자법규위반,중앙선 침범,단일로,기타단일로,승용차,승합차,127.23673045,37.2558256
7682,2017,2017-12-27 20:00,야간,수,1,1,0,0,대구,서구,차대사람,기타,운전자법규위반,안전운전 의무 불이행,교차로,교차로부근,승용차,보행자,128.54948324,35.87260412
7683,2017,2017-12-27 21:00,야간,수,1,2,0,0,경기,포천시,차대차,측면충돌,운전자법규위반,중앙선 침범,단일로,기타단일로,승용차,승용차,127.13582779,37.83247064
7684,2017,2017-12-27 22:00,야간,수,1,1,0,0,서울,송파구,차대사람,횡단중,운전자법규위반,과속,단일로,기타단일로,승용차,보행자,127.07405217,37.51125332
7685,2017,2017-12-27 23:00,야간,수,1,1,0,0,경기,평택시,차대사람,기타,운전자법규위반,안전운전 의무 불이행,교차로,교차로내,승용차,보행자,127.08173102,36.99388733
7686,2017,2017-12-28 11:00,주간,목,1,1,0,0,전북,순창군,차대사람,기타,운전자법규위반,안전운전 의무 불이행,주차장,주차장,화물차,보행자,127.14501820000001,35.37567414
7687,2017,2017-12-28 11:00,주간,목,1,1,0,0,경남,밀양시,차량단독,공작물충돌,운전자법규위반,안전운전 의무 불이행,교차로,교차로부근,승용차,없음,128.75753528,35.46446498
7688,2017,2017-12-28 11:00,주간,목,1,1,0,0,전남,광양시,차량단독,전도전복,운전자법규위반,안전운전 의무 불이행,교차로,교차로내,화물차,없음,127.59672474,34.93749695
7689,2017,2017-12-28 22:00,야간,목,1,1,0,0,경기,동두천시,차대사람,차도통행중,운전자법규위반,안전운전 의무 불이행,단일로,기타단일로,화물차,보행자,127.02413329,37.90991777
7690,2017,2017-12-28 22:00,야간,목,1,3,2,0,부산,동래구,차대사람,횡단중,운전자법규위반,보행자 보호의무 위반,교차로,교차로횡단보도내,승용차,보행자,129.08535128,35.22219058
7691,2017,2017-12-28 23:00,야간,목,1,1,0,0,서울,동대문구,차대사람,기타,운전자법규위반,안전운전 의무 불이행,단일로,기타단일로,화물차,보행자,127.02336285,37.57490241
7692,2017,2017-12-29 00:00,야간,금,1,2,0,1,전남,영암군,차대사람,차도통행중,운전자법규위반,과속,단일로,기타단일로,승용차,보행자,126.37350506,34.74882447
7693,2017,2017-12-29 02:00,야간,금,1,2,1,0,경기,화성시,차대사람,기타,운전자법규위반,안전운전 의무 불이행,교차로,교차로내,화물차,보행자,127.10983115,37.20793549
7694,2017,2017-12-29 04:00,야간,금,1,1,0,0,서울,서초구,차대차,기타,운전자법규위반,안전거리 미확보,단일로,기타단일로,건설기계,이륜차,126.98480654,37.46894854
7695,2017,2017-12-29 05:00,야간,금,1,1,0,0,경기,수원시,차대사람,횡단중,운전자법규위반,안전운전 의무 불이행,단일로,기타단일로,화물차,보행자,127.02910917,37.27820353
7696,2017,2017-12-29 08:00,주간,금,1,3,0,2,경북,울진군,차량단독,전도전복,운전자법규위반,안전운전 의무 불이행,단일로,기타단일로,화물차,없음,129.24894801,36.93679859
7697,2017,2017-12-29 09:00,주간,금,1,1,0,0,충북,청주시,차량단독,공작물충돌,운전자법규위반,안전운전 의무 불이행,단일로,기타단일로,건설기계,없음,127.47785856,36.69105321