,발생년,발생년월일시분,주야,요일,사망자수,사상자수,중상자수,경상자수,발생지시도,발생지시군구,사고유형_대분류,사고유형,법규위반_대분류,법규위반,도로형태_대분류,도로형태,가해자_당사자종별,피해자_당사자종별,경도,위도
7698,2017,2017-12-29 10:00,주간,금,1,1,0,0,경기,구리시,차대차,측면충돌,운전자법규위반,안전운전 의무 불이행,단일로,기타단일로,승용차,화물차,127.13368069,37.63653371
7699,2017,2017-12-29 18:00,야간,금,1,4,1,2,전남,영암군,차대사람,기타,운전자법규위반,안전운전 의무 불이행,교차로,교차로내,승용차,보행자,126.74037291,34.81808842
7700,2017,2017-12-29 20:00,야간,금,1,2,0,0,경기,가평군,차량단독,공작물충돌,운전자법규위반,안전운전 의무 불이행,교차로,교차로내,승용차,없음,127.48641369,37.68040209
7701,2017,2017-12-29 20:00,야간,금,1,2,0,1,경기,화성시,차대차,측면충돌,운전자법규위반,중앙선 침범,단일로,기타단일로,승용차,승합차,127.10532908,37.16135379
7702,2017,2017-12-29 21:00,야간,금,1,1,0,0,경기,시흥시,차대차,추돌,운전자법규위반,안전운전 의무 불이행,단일로,기타단일로,승용차,화물차,126.82856672,37.44234015
7703,2017,2017-12-30 03:00,야간,토,1,1,0,0,전남,여수시,차대사람,기타,운전자법규위반,안전운전 의무 불이행,주차장,주차장,승용차,보행자,127.64547486,34.77538325
7704,2017,2017-12-30 04:00,야간,토,1,1,0,0,강원,원주시,차대차,측면충돌,운전자법규위반,안전운전 의무 불이행,단일로,기타단일로,승용차,자전거,127.95304075,37.34057083
7705,2017,2017-12-30 07:00,주간,토,1,1,0,0,경기,포천시,차량단독,공작물충돌,운전자법규위반,안전운전 의무 불이행,단일로,기타단일로,승용차,없음,127.23357807,37.94378208
7706,2017,2017-12-30 07:00,주간,토,1,1,0,0,전북,완주군,차대사람,횡단중,운전자법규위반,안전운전 의무 불이행,단일로,기타단일로,화물차,보행자,127.16883462,35.94210743
7707,2017,2017-12-30 09:00,주간,토,1,1,0,0,경남,하동군,차대차,정면충돌,운전자법규위반,중앙선 침범,단일로,기타단일로,승용차,건설기계,127.83184448,35.06080086
7708,2017,2017-12-30 15:00,주간,토,1,5,2,1,강원,인제군,차량단독,공작물충돌,운전자법규위반,안전운전 의무 불이행,단일로,기타단일로,승합차,없음,128.46086133,37.94237744
7709,2017,2017-12-30 18:00,야간,토,2,2,0,0,경북,영덕군,차대사람,횡단중,운전자법규위반,과속,단일로,기타단일로,승용차,보행자,129.37508528,36.2700646
7710,2017,2017-12-30 18:00,야간,토,1,1,0,0,경북,영천시,차대사람,횡단중,운전자법규위반,보행자 보호의무 위반,교차로,교차로내,화물차,보행자,128.87797614,35.93264415
7711,2017,2017-12-30 23:00,야간,토,1,4,3,0,전남,무안군,차량단독,공작물충돌,운전자법규위반,안전운전 의무 불이행,교차로,교차로부근,승용차,없음,126.43260434,34.89571432
7712,2017,2017-12-30 23:00,야간,토,1,6,2,3,광주,동구,차대차,정면충돌,운전자법규위반,중앙선 침범,단일로,기타단일로,승용차,승용차,126.93732224,35.10608879
7713,2017,2017-12-31 00:00,야간,일,1,1,0,0,경기,용인시,차대사람,차도통행중,운전자법규위반,과속,단일로,기타단일로,승용차,보행자,127.08449894,37.31227618
7714,2017,2017-12-31 07:00,주간,일,1,1,0,0,제주,제주시,차대사람,기타,운전자법규위반,안전운전 의무 불이행,단일로,기타단일로,승용차,보행자,126.34885401,33.46620493
7715,2017,2017-12-31 12:00,주간,일,1,1,0,0,경북,경산시,차대차,기타,운전자법규위반,교차로 통행방법 위반,교차로,교차로부근,이륜차,승합차,128.72965401,35.82021769
7716,2017,2017-12-31 17:00,주간,일,1,1,0,0,대전,서구,차대사람,횡단중,운전자법규위반,신호위반,교차로,교차로내,이륜차,보행자,127.37025333,36.32226404
7717,2017,2017-12-31 18:00,야간,일,1,4,1,0,경남,사천시,차대차,추돌,운전자법규위반,안전운전 의무 불이행,단일로,기타단일로,화물차,화물차,127.9888328,35.13977429
7718,2017,2017-12-31 18:00,야간,일,1,1,0,0,부산,기장군,차량단독,공작물충돌,운전자법규위반,안전운전 의무 불이행,단일로,기타단일로,원동기장치자전거,없음,129.26774458,35.32208746
7719,2017,2017-12-31 19:00,야간,일,1,1,0,0,강원,홍천군,차량단독,도로이탈 추락,운전자법규위반,안전운전 의무 불이행,단일로,기타단일로,화물차,없음,128.26852250000002,37.8203506
7720,2017,2017-12-31 20:00,야간,일,1,11,1,9,경기,동두천시,차대차,정면충돌,운전자법규위반,중앙선 침범,단일로,기타단일로,승용차,승용차,127.05652544,37.8863311
7721,2017,2017-12-31 23:00,야간,일,1,1,0,0,대전,동구,차대사람,횡단중,운전자법규위반,안전운전 의무 불이행,단일로,기타단일로,이륜차,보행자,127.44767897,36.32743477
7722,2016,2016-12-23 20:00,야간,금,1,1,0,0,경기,광주시,차대사람,기타,운전자법규위반,안전운전 의무 불이행,교차로,교차로내,승용차,보행자,127.29362273,37.38768594
7723,2016,2016-12-25 17:00,주간,일,1,1,0,0,서울,금천구,차대사람,횡단중,운전자법규위반,안전운전 의무 불이행,단일로,기타단일로,승용차,보행자,126.88912311,37.4787771
7724,2016,2016-12-25 19:00,야간,일,1,1,0,0,충북,진천군,차대사람,차도통행중,운전자법규위반,안전운전 의무 불이행,단일로,기타단일로,화물차,보행자,127.43159166,36.91592601
7725,2016,2016-12-26 10:00,주간,월,1,1,0,0,경북,경주시,차대사람,횡단중,운전자법규위반,안전운전 의무 불이행,단일로,기타단일로,승합차,보행자,129.28218297,35.74239306
7726,2016,2016-12-28 19:00,야간,수,1,1,0,0,경남,진주시,차대사람,횡단중,운전자법규위반,보행자 보호의무 위반,단일로,기타단일로,승용차,보행자,128.11801548,35.17351216
7727,2016,2016-11-12 07:00,주간,토,1,1,0,0,경남,거제시,차대사람,횡단중,운전자법규위반,안전운전 의무 불이행,단일로,기타단일로,건설기계,보행자,128.62001002,34.88566481
7728,2016,2016-11-09 19:00,야간,수,1,1,0,0,경기,포천시,차대사람,기타,운전자법규위반,안전운전 의무 불이행,단일로,기타단일로,승용차,보행자,127.14467855,37.82573783
7729,2016,2016-11-10 05:00,야간,목,1,1,0,0,인천,서구,차대사람,횡단중,운전자법규위반,보행자 보호의무 위반,단일로,기타단일로,승용차,보행자,126.67814371,37.50060836
7730,2016,2016-11-07 11:00,주간,월,1,1,0,0,충남,예산군,차량단독,전도전복,운전자법규위반,안전운전 의무 불이행,단일로,기타단일로,건설기계,없음,126.77042873,36.72726764
7731,2016,2016-11-08 18:00,야간,화,1,1,0,0,전남,순천시,차대사람,차도통행중,운전자법규위반,안전운전 의무 불이행,단일로,기타단일로,승용차,보행자,127.45756318,34.88159203
7732,2016,2016-11-13 02:00,야간,일,1,2,1,0,서울,용산구,차대사람,횡단중,운전자법규위반,안전운전 의무 불이행,단일로,기타단일로,이륜차,보행자,126.98014056,37.52052182
7733,2016,2016-11-13 18:00,야간,일,1,1,0,0,전남,보성군,차대사람,차도통행중,운전자법규위반,안전운전 의무 불이행,단일로,기타단일로,승용차,보행자,127.34497919,34.83061404
7734,2016,2016-11-19 15:00,주간,토,1,1,0,0,경기,가평군,차량단독,전도전복,운전자법규위반,안전운전 의무 불이행,단일로,기타단일로,농기계,없음,127.55389197,37.86861416
7735,2016,2016-11-12 06:00,주간,토,1,1,0,0,경기,파주시,차량단독,기타,운전자법규위반,안전운전 의무 불이행,단일로,기타단일로,이륜차,없음,126.72558277,37.70909091
7736,2016,2016-11-27 00:00,야간,일,1,1,0,0,경북,칠곡군,차대사람,횡단중,운전자법규위반,안전운전 의무 불이행,단일로,기타단일로,승용차,보행자,128.39943229,35.990944299999995
7737,2016,2016-11-19 14:00,주간,토,1,1,0,0,서울,중랑구,차대사람,차도통행중,운전자법규위반,안전운전 의무 불이행,단일로,횡단보도부근,승용차,보행자,127.08745104,37.58897947
7738,2016,2016-11-25 23:00,야간,금,1,1,0,0,경기,화성시,차대차,기타,운전자법규위반,안전운전 의무 불이행,교차로,교차로부근,승용차,승용차,126.94924558,37.22096292
7739,2016,2016-11-26 18:00,야간,토,1,3,0,2,강원,원주시,차대차,정면충돌,운전자법규위반,중앙선 침범,단일로,기타단일로,승용차,승용차,127.91682689,37.41269352
7740,2016,2016-11-25 22:00,야간,금,1,2,0,1,충북,음성군,차량단독,전도전복,운전자법규위반,안전운전 의무 불이행,단일로,기타단일로,승합차,없음,127.70672331,36.88542282
7741,2016,2016-11-20 09:00,주간,일,2,2,0,0,경남,합천군,차량단독,전도전복,운전자법규위반,안전운전 의무 불이행,단일로,교량위,승용차,없음,128.26333159,35.55657566
7742,2016,2016-11-20 10:00,주간,일,1,1,0,0,전북,순창군,차대차,측면직각충돌,운전자법규위반,안전운전 의무 불이행,단일로,기타단일로,원동기장치자전거,승용차,127.11437103,35.36591419
7743,2016,2016-11-20 12:00,주간,일,1,1,0,0,부산,남구,차대사람,차도통행중,운전자법규위반,안전운전 의무 불이행,단일로,기타단일로,화물차,보행자,129.06490809,35.14277296
7744,2016,2016-10-31 08:00,주간,월,1,1,0,0,경기,양평군,차대차,기타,운전자법규위반,안전운전 의무 불이행,단일로,기타단일로,승용차,자전거,127.61779218,37.50476068
7745,2016,2016-11-04 11:00,주간,금,1,4,0,3,경기,광주시,차대차,진행중 추돌,운전자법규위반,안전운전 의무 불이행,교차로,교차로부근,화물차,화물차,127.24422771,37.36629875
7746,2016,2016-11-05 05:00,야간,토,1,1,0,0,서울,관악구,차량단독,전도전복,운전자법규위반,안전운전 의무 불이행,단일로,터널안,승용차,없음,126.94819023,37.46570958
7747,2016,2016-10-30 10:00,주간,일,1,1,0,0,강원,홍천군,차량단독,전도전복,운전자법규위반,안전운전 의무 불이행,단일로,기타단일로,이륜차,없음,128.15887982,37.82168193
7748,2016,2016-10-29 14:00,주간,토,1,1,0,0,경북,경산시,차대차,정면충돌,운전자법규위반,교차로 통행방법 위반,교차로,교차로부근,화물차,이륜차,128.84253347,35.87862041
7749,2016,2016-11-02 18:00,야간,수,1,1,0,0,경남,거창군,차대사람,길가장자리구역통행중,운전자법규위반,안전운전 의무 불이행,단일로,기타단일로,화물차,보행자,127.93102823,35.64711483
7750,2016,2016-12-12 13:00,주간,월,1,1,0,0,경남,창원시(통합),차대차,측면직각충돌,운전자법규위반,중앙선 침범,교차로,교차로부근,화물차,화물차,128.51159696,35.25253742
7751,2016,2016-12-12 06:00,주간,월,1,1,0,0,전북,임실군,차대차,진행중 추돌,운전자법규위반,안전운전 의무 불이행,단일로,기타단일로,승용차,자전거,127.32192082,35.50280408
7752,2016,2016-12-08 19:00,야간,목,1,1,0,0,대전,유성구,차대사람,횡단중,운전자법규위반,보행자 보호의무 위반,단일로,횡단보도상,승합차,보행자,127.39032764,36.42661005
7753,2016,2016-02-22 03:00,야간,월,1,2,1,0,서울,양천구,차대차,정면충돌,운전자법규위반,안전운전 의무 불이행,단일로,기타단일로,이륜차,승용차,126.86900476,37.52555069
7754,2016,2016-02-21 07:00,주간,일,1,1,0,0,경남,창원시(통합),차대차,측면직각충돌,운전자법규위반,신호위반,교차로,교차로내,원동기장치자전거,승용차,128.5384354,35.25911758
7755,2016,2016-02-21 10:00,주간,일,1,1,0,0,강원,원주시,차대사람,차도통행중,운전자법규위반,안전운전 의무 불이행,교차로,교차로부근,화물차,보행자,127.94230473,37.33560607
7756,2016,2016-02-27 13:00,주간,토,1,4,2,0,부산,금정구,차량단독,공작물충돌,운전자법규위반,안전운전 의무 불이행,단일로,기타단일로,승용차,없음,129.10953273,35.24021426
7757,2016,2016-02-28 19:00,야간,일,1,2,1,0,세종,세종,차량단독,기타,운전자법규위반,안전운전 의무 불이행,단일로,기타단일로,승용차,없음,127.27990977,36.46942425
7758,2016,2016-02-28 17:00,주간,일,1,1,0,0,경북,경산시,차대차,측면직각충돌,운전자법규위반,신호위반,교차로,교차로내,이륜차,승용차,128.84150799,35.79144386
7759,2016,2016-02-27 06:00,주간,토,1,1,0,0,경기,부천시,차대사람,기타,운전자법규위반,안전운전 의무 불이행,단일로,기타단일로,승용차,보행자,126.75991729,37.51082044
7760,2016,2016-02-27 13:00,주간,토,1,1,0,0,경북,칠곡군,차대사람,보도통행중,운전자법규위반,기타(운전자법규위반),교차로,교차로부근,승용차,보행자,128.39624706,35.99572839
7761,2016,2016-02-16 00:00,야간,화,1,4,0,3,인천,서구,차대차,정면충돌,운전자법규위반,중앙선 침범,고가도로위,고가도로위,승용차,승용차,126.67025339,37.48265252
7762,2016,2016-02-10 02:00,야간,수,1,1,0,0,서울,광진구,차량단독,공작물충돌,운전자법규위반,안전운전 의무 불이행,단일로,기타단일로,원동기장치자전거,없음,127.08031059,37.5373069
7763,2016,2016-02-07 13:00,주간,일,1,1,0,0,대구,동구,차대차,측면직각충돌,운전자법규위반,안전운전 의무 불이행,교차로,교차로부근,승용차,자전거,128.64375599,35.94245216
7764,2016,2016-02-16 07:00,주간,화,1,1,0,0,경남,거제시,차대사람,횡단중,운전자법규위반,보행자 보호의무 위반,교차로,교차로부근,화물차,보행자,128.64472715,34.88863558
7765,2016,2016-02-19 01:00,야간,금,1,1,0,0,경기,수원시,차대사람,횡단중,운전자법규위반,과속,단일로,기타단일로,승용차,보행자,127.07294999,37.24712741
7766,2016,2016-02-17 10:00,주간,수,1,3,2,0,전북,전주시,차량단독,공작물충돌,운전자법규위반,안전운전 의무 불이행,단일로,기타단일로,화물차,없음,127.13344482,35.807790399999995
7767,2016,2016-02-24 07:00,주간,수,1,2,0,1,서울,동작구,차대차,정면충돌,운전자법규위반,중앙선 침범,단일로,기타단일로,승용차,승용차,126.95964464,37.49691618
7768,2016,2016-02-25 06:00,주간,목,1,1,0,0,경기,안산시,차대사람,횡단중,운전자법규위반,안전운전 의무 불이행,단일로,기타단일로,승용차,보행자,126.84724218,37.3028495
7769,2016,2016-02-23 11:00,주간,화,1,1,0,0,서울,금천구,차대차,측면직각충돌,운전자법규위반,안전운전 의무 불이행,교차로,교차로내,승용차,이륜차,126.87722576,37.48412042
7770,2016,2016-02-27 20:00,야간,토,1,1,0,0,제주,서귀포시,차대사람,횡단중,운전자법규위반,안전운전 의무 불이행,단일로,기타단일로,승용차,보행자,126.50480358,33.24991002
7771,2016,2016-02-27 19:00,야간,토,1,1,0,0,인천,연수구,차대사람,보도통행중,운전자법규위반,보행자 보호의무 위반,단일로,기타단일로,승용차,보행자,126.65716129,37.42674838
7772,2016,2016-02-26 14:00,주간,금,1,1,0,0,경기,부천시,차대사람,횡단중,운전자법규위반,보행자 보호의무 위반,교차로,교차로내,승용차,보행자,126.80513548,37.48109819
7773,2016,2016-02-26 10:00,주간,금,1,1,0,0,경북,예천군,차대사람,횡단중,운전자법규위반,안전운전 의무 불이행,단일로,기타단일로,승용차,보행자,128.43790172,36.72357267
7774,2016,2016-02-25 03:00,야간,목,1,1,0,0,부산,기장군,차량단독,공작물충돌,운전자법규위반,안전운전 의무 불이행,단일로,기타단일로,승용차,없음,129.19510832,35.25373685
7775,2016,2016-02-26 08:00,주간,금,1,1,0,0,서울,강동구,차대사람,횡단중,운전자법규위반,중앙선 침범,단일로,기타단일로,승용차,보행자,127.13753484,37.55701975
7776,2016,2016-03-04 14:00,주간,금,1,1,0,0,서울,노원구,차대차,측면직각충돌,운전자법규위반,신호위반,교차로,교차로내,승용차,이륜차,127.08910279999999,37.62228991
7777,2016,2016-03-04 19:00,야간,금,1,1,0,0,충북,청주시,차대사람,횡단중,운전자법규위반,신호위반,단일로,횡단보도상,승용차,보행자,127.51068968,36.68781844
7778,2016,2016-03-08 11:00,주간,화,1,1,0,0,울산,울주군,차량단독,전도전복,운전자법규위반,안전운전 의무 불이행,교차로,교차로부근,승합차,없음,129.23346844,35.59914278
7779,2016,2016-03-07 09:00,주간,월,1,1,0,0,세종,세종,차대사람,기타,운전자법규위반,과속,단일로,터널안,화물차,보행자,127.27693307,36.46819265
7780,2016,2016-03-07 05:00,야간,월,1,1,0,0,대구,동구,차대사람,횡단중,운전자법규위반,안전운전 의무 불이행,단일로,횡단보도상,승용차,보행자,128.6257574,35.88414312
7781,2016,2016-03-07 12:00,주간,월,1,1,0,0,전남,화순군,차량단독,기타,운전자법규위반,안전운전 의무 불이행,단일로,기타단일로,농기계,없음,126.93738304,35.000021399999994
7782,2016,2016-03-07 13:00,주간,월,1,1,0,0,서울,성동구,차대사람,횡단중,운전자법규위반,보행자 보호의무 위반,교차로,교차로내,특수차,보행자,127.03422721,37.55425981
7783,2016,2016-02-12 23:00,야간,금,1,1,0,0,경북,영주시,차대사람,기타,운전자법규위반,안전운전 의무 불이행,단일로,기타단일로,승용차,보행자,128.53397492,36.85236687
7784,2016,2016-02-08 23:00,야간,월,1,2,1,0,경기,고양시,차량단독,전도전복,운전자법규위반,안전운전 의무 불이행,단일로,기타단일로,승용차,없음,126.79623901,37.67790652
7785,2016,2016-02-17 22:00,야간,수,1,2,1,0,울산,북구,차대차,진행중 추돌,운전자법규위반,안전운전 의무 불이행,단일로,기타단일로,화물차,화물차,129.38511825,35.54306379
7786,2016,2016-02-17 18:00,야간,수,1,1,0,0,전북,부안군,차대사람,차도통행중,운전자법규위반,안전운전 의무 불이행,기타/불명,기타/불명,승용차,보행자,126.73282591,35.71980808
7787,2016,2016-02-18 00:00,야간,목,1,1,0,0,충북,청주시,차대사람,횡단중,운전자법규위반,과속,단일로,횡단보도상,승용차,보행자,127.4592785,36.64316007
7788,2016,2016-02-18 19:00,야간,목,1,3,2,0,충북,청주시,차량단독,전도전복,운전자법규위반,안전운전 의무 불이행,교차로,교차로부근,승용차,없음,127.52283749,36.73575779
7789,2016,2016-02-18 22:00,야간,목,1,3,2,0,경남,거제시,차대차,정면충돌,운전자법규위반,중앙선 침범,단일로,기타단일로,승용차,승용차,128.68112981,34.90968447
7790,2016,2016-02-24 17:00,주간,수,1,3,2,0,경기,파주시,차대차,정면충돌,운전자법규위반,중앙선 침범,단일로,기타단일로,승용차,건설기계,126.85554763,37.80760226
7791,2016,2016-02-29 15:00,주간,월,1,2,1,0,전남,완도군,차량단독,공작물충돌,운전자법규위반,안전운전 의무 불이행,단일로,기타단일로,승용차,없음,126.58381200000001,34.19448733
7792,2016,2016-02-28 19:00,야간,일,1,2,1,0,경기,평택시,차대사람,기타,운전자법규위반,안전운전 의무 불이행,단일로,기타단일로,승용차,보행자,127.04865386,37.01543666
7793,2016,2016-02-26 21:00,야간,금,1,2,1,0,충남,서산시,차량단독,도로이탈 추락,운전자법규위반,안전운전 의무 불이행,교차로,교차로내,승용차,없음,126.46786333,36.79736870000001
7794,2016,2016-02-25 11:00,주간,목,1,1,0,0,경기,수원시,차대사람,횡단중,운전자법규위반,안전운전 의무 불이행,교차로,교차로부근,화물차,보행자,127.01740476,37.24217271
7795,2016,2016-02-16 11:00,주간,화,1,1,0,0,서울,마포구,차대사람,차도통행중,운전자법규위반,안전운전 의무 불이행,단일로,기타단일로,승합차,보행자,126.94846688,37.54496701
7796,2016,2016-02-21 19:00,야간,일,1,1,0,0,전남,순천시,차대사람,횡단중,운전자법규위반,안전운전 의무 불이행,단일로,기타단일로,승용차,보행자,127.54873417,34.96438886
7797,2016,2016-03-01 06:00,주간,화,1,1,0,0,충남,예산군,차대차,정면충돌,운전자법규위반,중앙선 침범,단일로,기타단일로,자전거,승합차,126.82518049,36.74128393
7798,2016,2016-02-29 20:00,야간,월,1,1,0,0,경기,평택시,차대사람,횡단중,운전자법규위반,안전운전 의무 불이행,단일로,기타단일로,승합차,보행자,127.05765889,37.08311372
7799,2016,2016-03-01 13:00,주간,화,1,1,0,0,서울,동대문구,차대차,기타,운전자법규위반,안전운전 의무 불이행,단일로,기타단일로,승용차,화물차,127.05662844,37.58858920000001
7800,2016,2016-03-07 22:00,야간,월,1,2,1,0,강원,원주시,차대차,진행중 추돌,운전자법규위반,안전운전 의무 불이행,단일로,기타단일로,승용차,승용차,127.9685061,37.31747751
7801,2016,2016-03-07 08:00,주간,월,1,1,0,0,경북,안동시,차량단독,전도전복,운전자법규위반,안전운전 의무 불이행,단일로,기타단일로,승용차,없음,128.63197068,36.48072862
7802,2016,2016-03-06 06:00,주간,일,1,1,0,0,충북,진천군,차대사람,기타,운전자법규위반,안전운전 의무 불이행,단일로,기타단일로,승용차,보행자,127.45992857,36.8583717
7803,2016,2016-03-06 19:00,야간,일,2,2,0,0,경북,청송군,차대차,정면충돌,운전자법규위반,중앙선 침범,단일로,기타단일로,승합차,화물차,129.06544311,36.36104043
7804,2016,2016-03-06 19:00,야간,일,2,2,0,0,대구,달성군,차대사람,횡단중,운전자법규위반,과속,단일로,기타단일로,승용차,보행자,128.64984531,35.75242631
7805,2016,2016-03-05 16:00,주간,토,1,7,3,3,전남,광양시,차대차,정면충돌,운전자법규위반,중앙선 침범,단일로,기타단일로,승용차,승용차,127.67441209,34.95556251
7806,2016,2016-02-14 03:00,야간,일,1,1,0,0,서울,송파구,차대사람,기타,운전자법규위반,안전운전 의무 불이행,고가도로위,고가도로위,승용차,보행자,127.12487243,37.46745715
7807,2016,2016-02-13 04:00,야간,토,1,2,0,1,서울,마포구,차대사람,차도통행중,운전자법규위반,안전운전 의무 불이행,단일로,기타단일로,승용차,보행자,126.95196668,37.55707939
7808,2016,2016-02-13 18:00,야간,토,1,1,0,0,충남,천안시,차대사람,횡단중,운전자법규위반,안전운전 의무 불이행,단일로,기타단일로,승용차,보행자,127.14540277,36.83200464
7809,2016,2016-02-22 19:00,야간,월,1,1,0,0,전북,전주시,차대사람,횡단중,운전자법규위반,안전운전 의무 불이행,단일로,기타단일로,승합차,보행자,127.1678108,35.83956494
7810,2016,2016-03-02 23:00,야간,수,1,1,0,0,충남,당진시,차량단독,전도전복,운전자법규위반,안전운전 의무 불이행,단일로,기타단일로,승용차,없음,126.67823834,36.935017200000004
7811,2016,2016-03-07 09:00,주간,월,1,1,0,0,경남,사천시,차대사람,차도통행중,운전자법규위반,안전운전 의무 불이행,단일로,기타단일로,승용차,보행자,128.07004195,34.96137461
7812,2016,2016-03-08 14:00,주간,화,1,1,0,0,서울,성동구,차대사람,횡단중,운전자법규위반,안전운전 의무 불이행,교차로,교차로내,건설기계,보행자,127.04799721,37.54064883
7813,2016,2016-03-05 01:00,야간,토,1,1,0,0,경북,경산시,차대차,기타,운전자법규위반,안전운전 의무 불이행,단일로,기타단일로,승용차,승용차,128.837401,35.92121196
7814,2016,2016-03-05 20:00,야간,토,1,1,0,0,경북,포항시,차대사람,횡단중,운전자법규위반,안전운전 의무 불이행,단일로,기타단일로,승용차,보행자,129.36932802,36.01334757
7815,2016,2016-02-15 15:00,주간,월,1,2,0,1,부산,강서구,차대차,진행중 추돌,운전자법규위반,안전운전 의무 불이행,단일로,터널안,화물차,화물차,128.77792929,35.01585074
7816,2016,2016-02-14 17:00,주간,일,1,2,1,0,서울,송파구,차대차,기타,운전자법규위반,안전운전 의무 불이행,교차로,교차로부근,승용차,건설기계,127.07572176,37.5041476
7817,2016,2016-02-19 18:00,야간,금,1,1,0,0,경남,양산시,차대차,측면직각충돌,운전자법규위반,안전거리 미확보,교차로,교차로부근,승용차,이륜차,129.03626359,35.34862286
7818,2016,2016-02-19 06:00,주간,금,1,1,0,0,전남,순천시,차대차,측면직각충돌,운전자법규위반,신호위반,교차로,교차로내,이륜차,승용차,127.52500223,34.94572982
7819,2016,2016-02-09 20:00,야간,화,1,1,0,0,경남,통영시,차대사람,횡단중,운전자법규위반,안전운전 의무 불이행,단일로,기타단일로,승용차,보행자,128.42262042,34.82967601
7820,2016,2016-02-08 13:00,주간,월,1,4,3,0,경북,김천시,차량단독,공작물충돌,운전자법규위반,안전운전 의무 불이행,단일로,기타단일로,승용차,없음,128.13674119,35.98114012
7821,2016,2016-02-15 06:00,주간,월,1,10,6,3,전남,강진군,차대차,측면직각충돌,운전자법규위반,안전운전 의무 불이행,단일로,기타단일로,승합차,승합차,126.73152759,34.59132158
7822,2016,2016-02-23 20:00,야간,화,1,3,1,1,경남,진주시,차대차,측면직각충돌,운전자법규위반,안전거리 미확보,단일로,기타단일로,승용차,승용차,128.1054077,35.15266534
7823,2016,2016-03-08 10:00,주간,화,1,1,0,0,전북,부안군,차량단독,전도전복,운전자법규위반,안전운전 의무 불이행,단일로,기타단일로,이륜차,없음,126.68131013,35.64517846
7824,2016,2016-03-07 21:00,야간,월,1,1,0,0,경기,남양주시,차대차,기타,운전자법규위반,신호위반,교차로,교차로내,승합차,이륜차,127.20250287,37.69865825
7825,2016,2016-03-05 22:00,야간,토,1,1,0,0,부산,북구,차대차,기타,운전자법규위반,중앙선 침범,단일로,기타단일로,자전거,승용차,129.01337343,35.25968549
7826,2016,2016-03-08 11:00,주간,화,1,1,0,0,전북,부안군,차대사람,횡단중,운전자법규위반,보행자 보호의무 위반,단일로,횡단보도상,화물차,보행자,126.73722426,35.72929393
7827,2016,2016-03-04 11:00,주간,금,1,1,0,0,경북,고령군,차대사람,횡단중,운전자법규위반,안전운전 의무 불이행,단일로,기타단일로,이륜차,보행자,128.26996625,35.72962681
7828,2016,2016-03-11 14:00,주간,금,1,1,0,0,경남,양산시,차대사람,횡단중,운전자법규위반,안전운전 의무 불이행,교차로,교차로부근,화물차,보행자,129.14816251,35.39072115
7829,2016,2016-03-13 03:00,야간,일,2,2,0,0,서울,중구,차대차,측면직각충돌,운전자법규위반,신호위반,교차로,교차로내,이륜차,승용차,126.99807367,37.56663139
7830,2016,2016-03-13 00:00,야간,일,1,1,0,0,대전,대덕구,차대사람,횡단중,운전자법규위반,과속,단일로,기타단일로,승용차,보행자,127.42069893,36.34453121
7831,2016,2016-02-14 21:00,야간,일,2,10,0,8,강원,속초시,차대차,정면충돌,운전자법규위반,중앙선 침범,교차로,교차로부근,승용차,승합차,128.52768375,38.20360602
7832,2016,2016-02-13 16:00,주간,토,1,1,0,0,강원,평창군,차량단독,전도전복,운전자법규위반,안전운전 의무 불이행,단일로,기타단일로,승용차,없음,128.59460425,37.67222263
7833,2016,2016-02-13 11:00,주간,토,1,1,0,0,부산,진구,차대사람,횡단중,운전자법규위반,보행자 보호의무 위반,단일로,횡단보도상,화물차,보행자,129.04146943,35.15606386
7834,2016,2016-02-20 10:00,주간,토,1,4,3,0,대구,북구,차대사람,보도통행중,운전자법규위반,기타(운전자법규위반),단일로,기타단일로,승용차,보행자,128.59095193,35.88664519
7835,2016,2016-02-20 04:00,야간,토,1,1,0,0,충북,음성군,차대사람,횡단중,운전자법규위반,안전운전 의무 불이행,단일로,기타단일로,승용차,보행자,127.4517257,36.9867989
7836,2016,2016-03-13 07:00,주간,일,1,3,0,2,전북,군산시,차대차,정면충돌,운전자법규위반,중앙선 침범,단일로,기타단일로,화물차,화물차,126.7076987,35.95654562
7837,2016,2016-03-20 23:00,야간,일,1,1,0,0,경북,영천시,차량단독,전도전복,운전자법규위반,안전운전 의무 불이행,교차로,교차로내,승용차,없음,128.92967894,35.94879861
7838,2016,2016-03-19 11:00,주간,토,1,1,0,0,충남,아산시,차량단독,전도전복,운전자법규위반,안전운전 의무 불이행,단일로,기타단일로,승용차,없음,126.86386748,36.74819491
7839,2016,2016-03-18 05:00,야간,금,1,1,0,0,부산,강서구,차대차,진행중 추돌,운전자법규위반,안전운전 의무 불이행,교차로,교차로부근,승용차,특수차,128.87310941,35.08885799
7840,2016,2016-03-17 17:00,주간,목,1,1,0,0,전남,화순군,차대차,측면직각충돌,운전자법규위반,교차로 통행방법 위반,교차로,교차로내,이륜차,승용차,126.88828309,34.96397624
7841,2016,2016-03-24 13:00,주간,목,1,1,0,0,경남,창원시(통합),차대차,기타,운전자법규위반,보행자 보호의무 위반,교차로,교차로부근,건설기계,자전거,128.70456145,35.13510695
7842,2016,2016-03-22 15:00,주간,화,1,1,0,0,경기,화성시,차량단독,전도전복,운전자법규위반,안전운전 의무 불이행,단일로,기타단일로,이륜차,없음,126.91944206,37.070907399999996