,발생년,발생년월일시분,주야,요일,사망자수,사상자수,중상자수,경상자수,발생지시도,발생지시군구,사고유형_대분류,사고유형,법규위반_대분류,법규위반,도로형태_대분류,도로형태,가해자_당사자종별,피해자_당사자종별,경도,위도
7843,2016,2016-03-27 15:00,주간,일,1,2,0,1,전남,구례군,차량단독,공작물충돌,운전자법규위반,안전운전 의무 불이행,교차로,교차로내,화물차,없음,127.54511706,35.15953469
7844,2016,2016-03-27 01:00,야간,일,1,2,1,0,대전,유성구,차대사람,횡단중,운전자법규위반,안전운전 의무 불이행,단일로,기타단일로,승용차,보행자,127.34988196,36.36015905
7845,2016,2016-03-30 22:00,야간,수,1,1,0,0,경남,창원시(통합),차대차,진행중 추돌,운전자법규위반,신호위반,교차로,교차로내,원동기장치자전거,승용차,128.66531376,35.24603336
7846,2016,2016-03-31 19:00,야간,목,1,2,0,1,경기,성남시,차대차,정면충돌,운전자법규위반,안전운전 의무 불이행,단일로,기타단일로,승용차,승용차,127.12727224,37.36663701
7847,2016,2016-04-07 08:00,주간,목,1,2,0,1,경기,이천시,차대차,정면충돌,운전자법규위반,안전운전 의무 불이행,교차로,교차로내,승용차,화물차,127.38683940000001,37.2087133
7848,2016,2016-04-06 12:00,주간,수,1,1,0,0,광주,남구,차대사람,횡단중,운전자법규위반,안전운전 의무 불이행,단일로,기타단일로,승용차,보행자,126.8993797,35.13465505
7849,2016,2016-04-07 14:00,주간,목,1,1,0,0,경기,포천시,차대차,기타,운전자법규위반,기타(운전자법규위반),단일로,기타단일로,화물차,화물차,127.2138902,37.787539200000005
7850,2016,2016-04-07 03:00,야간,목,1,1,0,0,경북,안동시,차대사람,횡단중,운전자법규위반,안전운전 의무 불이행,단일로,기타단일로,승용차,보행자,128.71917422,36.57250295
7851,2016,2016-04-07 08:00,주간,목,1,1,0,0,충남,보령시,차량단독,도로이탈 추락,운전자법규위반,안전운전 의무 불이행,단일로,교량위,승용차,없음,126.54332305,36.49240457
7852,2016,2016-04-06 18:00,야간,수,1,1,0,0,경기,화성시,차대차,측면직각충돌,운전자법규위반,안전운전 의무 불이행,단일로,기타단일로,화물차,원동기장치자전거,126.87690876,37.16977459
7853,2016,2016-03-11 20:00,야간,금,1,1,0,0,경남,양산시,차대차,측면직각충돌,운전자법규위반,교차로 통행방법 위반,교차로,교차로내,승용차,이륜차,129.01899541,35.33849994
7854,2016,2016-03-11 23:00,야간,금,1,1,0,0,대구,남구,차대차,정면충돌,운전자법규위반,중앙선 침범,단일로,기타단일로,원동기장치자전거,승용차,128.59171301,35.83253183
7855,2016,2016-03-11 05:00,야간,금,1,1,0,0,서울,강남구,차대사람,횡단중,운전자법규위반,안전운전 의무 불이행,단일로,기타단일로,승용차,보행자,127.02628648,37.50106994
7856,2016,2016-03-14 12:00,주간,월,1,4,2,1,강원,양양군,차대차,진행중 추돌,운전자법규위반,과속,단일로,기타단일로,승합차,승용차,128.64297632,38.06517517
7857,2016,2016-03-09 04:00,야간,수,1,1,0,0,경기,수원시,차대사람,횡단중,운전자법규위반,안전운전 의무 불이행,단일로,기타단일로,승용차,보행자,127.01878062,37.27048212
7858,2016,2016-03-16 15:00,주간,수,1,1,0,0,경남,김해시,차대사람,횡단중,운전자법규위반,보행자 보호의무 위반,교차로,교차로내,화물차,보행자,128.73112156,35.3030502
7859,2016,2016-03-16 16:00,주간,수,1,1,0,0,충북,청주시,차대차,측면직각충돌,운전자법규위반,안전운전 의무 불이행,단일로,기타단일로,승합차,자전거,127.48628599,36.63664931
7860,2016,2016-03-16 04:00,야간,수,1,1,0,0,대구,달성군,차대사람,횡단중,운전자법규위반,안전운전 의무 불이행,단일로,기타단일로,화물차,보행자,128.45227793,35.659737299999996
7861,2016,2016-03-17 06:00,주간,목,1,1,0,0,부산,금정구,차대사람,기타,운전자법규위반,안전운전 의무 불이행,단일로,횡단보도상,승용차,보행자,129.08935136,35.22651265
7862,2016,2016-03-22 14:00,주간,화,1,1,0,0,제주,서귀포시,차대차,기타,운전자법규위반,안전운전 의무 불이행,단일로,기타단일로,승용차,화물차,126.61608593,33.25141553
7863,2016,2016-03-22 14:00,주간,화,1,1,0,0,전남,진도군,차대차,진행중 추돌,운전자법규위반,안전운전 의무 불이행,단일로,기타단일로,화물차,농기계,126.19116395,34.39895403
7864,2016,2016-03-22 17:00,주간,화,1,1,0,0,경기,고양시,차대차,기타,운전자법규위반,안전운전 의무 불이행,단일로,횡단보도상,승합차,자전거,126.74886302,37.68094017
7865,2016,2016-03-26 18:00,야간,토,1,1,0,0,대전,동구,차대사람,횡단중,운전자법규위반,안전운전 의무 불이행,교차로,교차로부근,승용차,보행자,127.42734514,36.33984741
7866,2016,2016-03-25 10:00,주간,금,1,1,0,0,충북,제천시,차량단독,전도전복,운전자법규위반,안전운전 의무 불이행,단일로,기타단일로,승용차,없음,128.21619711,36.91467923
7867,2016,2016-04-01 06:00,주간,금,1,1,0,0,충남,아산시,차대차,측면직각충돌,운전자법규위반,신호위반,교차로,교차로내,화물차,원동기장치자전거,127.01294907,36.7898432
7868,2016,2016-03-29 06:00,주간,화,1,1,0,0,서울,강남구,차대차,측면직각충돌,운전자법규위반,신호위반,교차로,교차로내,이륜차,승용차,127.10184142,37.48730104
7869,2016,2016-04-04 09:00,주간,월,1,1,0,0,경기,여주시,차대사람,횡단중,운전자법규위반,안전운전 의무 불이행,교차로,교차로부근,화물차,보행자,127.60100228,37.26080758
7870,2016,2016-04-08 12:00,주간,금,1,3,1,1,전남,담양군,차대차,측면직각충돌,운전자법규위반,신호위반,교차로,교차로내,이륜차,승용차,126.89407863,35.2795042
7871,2016,2016-04-07 05:00,야간,목,1,1,0,0,서울,서초구,차대사람,보도통행중,운전자법규위반,신호위반,교차로,교차로부근,승용차,보행자,127.0088774,37.48359
7872,2016,2016-04-06 15:00,주간,수,1,1,0,0,울산,남구,차량단독,전도전복,운전자법규위반,안전운전 의무 불이행,단일로,기타단일로,이륜차,없음,129.2816186,35.54642285
7873,2016,2016-03-19 18:00,야간,토,1,1,0,0,충남,당진시,차대차,측면직각충돌,운전자법규위반,중앙선 침범,단일로,기타단일로,화물차,승용차,126.58624462,36.98715006
7874,2016,2016-03-19 13:00,주간,토,1,1,0,0,충남,서산시,차대차,정면충돌,운전자법규위반,중앙선 침범,단일로,기타단일로,승용차,화물차,126.44802657,36.84549334
7875,2016,2016-03-20 15:00,주간,일,2,3,0,1,경기,시흥시,차량단독,공작물충돌,운전자법규위반,안전운전 의무 불이행,단일로,기타단일로,화물차,없음,126.76840972,37.41617721
7876,2016,2016-03-17 22:00,야간,목,1,1,0,0,대구,동구,차량단독,전도전복,운전자법규위반,안전운전 의무 불이행,단일로,기타단일로,이륜차,없음,128.66621302,35.95648134
7877,2016,2016-02-26 09:00,주간,금,1,1,0,0,경기,남양주시,차대사람,횡단중,운전자법규위반,안전운전 의무 불이행,교차로,교차로내,화물차,보행자,127.20089640000002,37.74555937
7878,2016,2016-03-24 01:00,야간,목,1,1,0,0,인천,남구,차대차,기타,운전자법규위반,안전운전 의무 불이행,교차로,교차로내,원동기장치자전거,승용차,126.68999609,37.44648321
7879,2016,2016-03-23 00:00,야간,수,1,3,0,2,서울,서초구,차대차,기타,운전자법규위반,안전운전 의무 불이행,단일로,기타단일로,승용차,승합차,127.03584796,37.48272556
7880,2016,2016-03-23 19:00,야간,수,1,1,0,0,전북,익산시,차대사람,길가장자리구역통행중,운전자법규위반,안전운전 의무 불이행,단일로,기타단일로,승용차,보행자,126.89562775,35.93007044
7881,2016,2016-03-26 10:00,주간,토,1,1,0,0,전남,고흥군,차대사람,기타,운전자법규위반,안전운전 의무 불이행,단일로,기타단일로,화물차,보행자,127.33709178,34.80406464
7882,2016,2016-03-27 10:00,주간,일,1,1,0,0,경북,구미시,차대사람,횡단중,운전자법규위반,안전운전 의무 불이행,기타/불명,기타/불명,승용차,보행자,128.49429759,36.12625648
7883,2016,2016-03-25 19:00,야간,금,1,1,0,0,전남,신안군,차대사람,횡단중,운전자법규위반,중앙선 침범,단일로,기타단일로,승용차,보행자,126.12861526,34.74588893
7884,2016,2016-03-30 03:00,야간,수,1,1,0,0,경기,광명시,차량단독,전도전복,운전자법규위반,안전운전 의무 불이행,단일로,기타단일로,이륜차,없음,126.85307912,37.45368977
7885,2016,2016-03-30 09:00,주간,수,1,1,0,0,강원,양구군,차량단독,전도전복,운전자법규위반,안전운전 의무 불이행,단일로,기타단일로,건설기계,없음,128.10804474,38.25987407
7886,2016,2016-03-30 11:00,주간,수,1,2,1,0,경북,구미시,차대차,측면직각충돌,운전자법규위반,과속,단일로,기타단일로,승용차,이륜차,128.32742252,36.28516782
7887,2016,2016-03-29 22:00,야간,화,1,1,0,0,경기,의정부시,차대사람,횡단중,운전자법규위반,안전운전 의무 불이행,단일로,횡단보도상,승용차,보행자,127.04317286,37.73907784
7888,2016,2016-03-30 06:00,주간,수,1,2,0,1,충북,청주시,차대사람,기타,운전자법규위반,안전운전 의무 불이행,단일로,기타단일로,승용차,보행자,127.4562733,36.63791319
7889,2016,2016-03-31 12:00,주간,목,1,1,0,0,전남,무안군,차대사람,길가장자리구역통행중,운전자법규위반,안전운전 의무 불이행,교차로,교차로내,승용차,보행자,126.48713398,34.95227612
7890,2016,2016-03-31 07:00,주간,목,1,1,0,0,대구,북구,차대사람,기타,운전자법규위반,안전운전 의무 불이행,단일로,기타단일로,승용차,보행자,128.57378343,35.88799539
7891,2016,2016-04-05 15:00,주간,화,1,1,0,0,충북,청주시,차량단독,전도전복,운전자법규위반,안전운전 의무 불이행,단일로,기타단일로,승합차,없음,127.66800478,36.61726662
7892,2016,2016-04-06 08:00,주간,수,1,1,0,0,충남,천안시,차대차,측면직각충돌,운전자법규위반,안전거리 미확보,단일로,기타단일로,승합차,이륜차,127.30430122,36.75158234
7893,2016,2016-03-10 02:00,야간,목,1,1,0,0,충남,예산군,차량단독,공작물충돌,운전자법규위반,안전운전 의무 불이행,단일로,기타단일로,승용차,없음,126.84121979999999,36.71249079
7894,2016,2016-03-09 10:00,주간,수,1,2,0,1,경기,고양시,차대차,진행중 추돌,운전자법규위반,안전운전 의무 불이행,단일로,기타단일로,화물차,건설기계,126.74240157,37.64720744
7895,2016,2016-03-15 18:00,야간,화,1,1,0,0,경기,과천시,차대차,측면직각충돌,운전자법규위반,안전운전 의무 불이행,단일로,기타단일로,승용차,이륜차,126.99769209999998,37.429316899999996
7896,2016,2016-03-22 21:00,야간,화,1,1,0,0,세종,세종,차대차,기타,운전자법규위반,중앙선 침범,교차로,교차로부근,자전거,승용차,127.30505744,36.60296385
7897,2016,2016-03-25 05:00,야간,금,1,1,0,0,경기,안산시,차량단독,기타,운전자법규위반,안전운전 의무 불이행,단일로,기타단일로,이륜차,없음,126.85891016,37.30410311
7898,2016,2016-03-22 13:00,주간,화,1,2,0,1,전남,담양군,차대차,측면직각충돌,운전자법규위반,신호위반,교차로,교차로내,원동기장치자전거,승용차,126.97220561,35.31845346
7899,2016,2016-03-22 19:00,야간,화,1,1,0,0,충남,서천군,차대사람,차도통행중,운전자법규위반,안전운전 의무 불이행,단일로,기타단일로,승합차,보행자,126.72085601,36.10258777
7900,2016,2016-03-28 16:00,주간,월,2,2,0,0,대구,수성구,차량단독,전도전복,운전자법규위반,안전운전 의무 불이행,단일로,기타단일로,이륜차,없음,128.65936597,35.85203903
7901,2016,2016-03-30 15:00,주간,수,1,1,0,0,광주,북구,차대사람,횡단중,운전자법규위반,안전운전 의무 불이행,교차로,교차로내,화물차,보행자,126.91224532,35.16655735
7902,2016,2016-03-25 14:00,주간,금,1,1,0,0,대구,동구,차대차,측면직각충돌,운전자법규위반,안전운전 의무 불이행,교차로,교차로내,승용차,이륜차,128.63934699,35.87506432
7903,2016,2016-04-05 18:00,야간,화,1,2,0,1,충북,청주시,차대차,진행중 추돌,운전자법규위반,안전운전 의무 불이행,단일로,기타단일로,이륜차,승용차,127.37411196,36.62356595
7904,2016,2016-04-05 11:00,주간,화,1,2,0,1,경남,창원시(통합),차대차,측면직각충돌,운전자법규위반,신호위반,교차로,교차로내,승용차,승용차,128.64576304,35.24306428
7905,2016,2016-04-04 12:00,주간,월,1,1,0,0,충남,논산시,차대사람,횡단중,운전자법규위반,안전운전 의무 불이행,교차로,교차로내,승용차,보행자,127.01705486,36.15775483
7906,2016,2016-03-12 20:00,야간,토,1,1,0,0,충북,제천시,차대사람,횡단중,운전자법규위반,안전운전 의무 불이행,교차로,교차로부근,승용차,보행자,128.21156041,37.1412338
7907,2016,2016-03-14 23:00,야간,월,1,1,0,0,경북,포항시,차대사람,횡단중,운전자법규위반,안전운전 의무 불이행,단일로,기타단일로,승용차,보행자,129.37194021,36.06708396
7908,2016,2016-03-13 05:00,야간,일,1,1,0,0,대구,북구,차대사람,횡단중,운전자법규위반,과속,교차로,교차로부근,승용차,보행자,128.57525202,35.88763064
7909,2016,2016-03-17 22:00,야간,목,1,1,0,0,서울,용산구,차대사람,기타,운전자법규위반,안전운전 의무 불이행,단일로,기타단일로,승합차,보행자,126.97223359,37.54415625
7910,2016,2016-03-23 07:00,주간,수,1,1,0,0,광주,동구,차량단독,도로이탈 기타,운전자법규위반,안전운전 의무 불이행,기타/불명,기타/불명,승용차,없음,126.91492716,35.15393746
7911,2016,2016-03-23 23:00,야간,수,1,1,0,0,서울,강서구,차대차,측면직각충돌,운전자법규위반,신호위반,교차로,교차로내,자전거,승용차,126.84603618,37.54413137
7912,2016,2016-03-20 20:00,야간,일,1,1,0,0,전남,여수시,차대사람,횡단중,운전자법규위반,보행자 보호의무 위반,단일로,횡단보도상,승용차,보행자,127.72066896,34.73552881
7913,2016,2016-03-28 07:00,주간,월,1,9,1,7,전남,여수시,차대차,측면직각충돌,운전자법규위반,신호위반,교차로,교차로내,승용차,승합차,127.67410616,34.81582626
7914,2016,2016-03-27 21:00,야간,일,1,1,0,0,충남,부여군,차량단독,전도전복,운전자법규위반,안전운전 의무 불이행,교차로,교차로내,승용차,없음,126.92940926,36.28434322
7915,2016,2016-03-25 02:00,야간,금,1,2,1,0,경기,의정부시,차대차,측면직각충돌,운전자법규위반,신호위반,교차로,교차로내,승용차,승용차,127.08024163,37.75704383
7916,2016,2016-03-25 22:00,야간,금,1,2,1,0,대전,유성구,차대차,정면충돌,운전자법규위반,신호위반,교차로,교차로내,이륜차,승용차,127.38609684,36.4284993
7917,2016,2016-04-01 01:00,야간,금,1,1,0,0,서울,강북구,차대사람,횡단중,운전자법규위반,안전운전 의무 불이행,단일로,횡단보도상,승용차,보행자,127.03255318,37.61016371
7918,2016,2016-03-28 19:00,야간,월,1,1,0,0,충남,태안군,차대차,정면충돌,운전자법규위반,중앙선 침범,단일로,기타단일로,원동기장치자전거,승용차,126.3070477,36.66592348
7919,2016,2016-02-19 08:00,주간,금,1,1,0,0,전북,완주군,차대사람,기타,운전자법규위반,기타(운전자법규위반),단일로,기타단일로,승용차,보행자,127.15924241,35.93166982
7920,2016,2016-03-29 06:00,주간,화,1,1,0,0,대구,수성구,차량단독,전도전복,운전자법규위반,안전운전 의무 불이행,고가도로위,고가도로위,승용차,없음,128.60732499,35.82673256
7921,2016,2016-04-06 05:00,야간,수,1,3,1,1,서울,용산구,차대차,진행중 추돌,운전자법규위반,과속,단일로,교량위,승용차,이륜차,126.99630574,37.51468799
7922,2016,2016-04-02 22:00,야간,토,1,1,0,0,경기,안성시,차대사람,기타,운전자법규위반,안전운전 의무 불이행,단일로,기타단일로,화물차,보행자,127.27397383,37.02252496
7923,2016,2016-03-10 05:00,야간,목,1,1,0,0,경북,경주시,차대사람,기타,운전자법규위반,과속,단일로,기타단일로,승용차,보행자,129.2285965,35.87956733
7924,2016,2016-03-16 18:00,야간,수,1,1,0,0,강원,춘천시,차대사람,횡단중,운전자법규위반,안전운전 의무 불이행,교차로,교차로부근,승용차,보행자,127.74405606,37.86054118
7925,2016,2016-03-15 19:00,야간,화,1,1,0,0,경기,광주시,차대차,진행중 추돌,운전자법규위반,안전운전 의무 불이행,단일로,기타단일로,화물차,화물차,127.34191516,37.35020862
7926,2016,2016-03-15 14:00,주간,화,1,2,1,0,제주,서귀포시,차대차,기타,운전자법규위반,직진 및 우회전차의 통행방해,교차로,교차로내,화물차,승용차,126.83213064,33.41235178
7927,2016,2016-03-16 12:00,주간,수,1,1,0,0,충남,홍성군,차대차,측면직각충돌,운전자법규위반,교차로 통행방법 위반,교차로,교차로부근,이륜차,화물차,126.75181772,36.50490149
7928,2016,2016-03-18 00:00,야간,금,1,2,0,0,부산,해운대구,차대사람,횡단중,운전자법규위반,안전운전 의무 불이행,단일로,기타단일로,이륜차,보행자,129.17162475,35.17520219
7929,2016,2016-03-17 23:00,야간,목,1,1,0,0,경북,청도군,차대사람,기타,운전자법규위반,안전운전 의무 불이행,단일로,기타단일로,승용차,보행자,128.5504053,35.62873577
7930,2016,2016-03-24 03:00,야간,목,1,2,1,0,경남,창원시(통합),차대차,기타,운전자법규위반,안전운전 의무 불이행,단일로,기타단일로,이륜차,승용차,128.69318162,35.23367977
7931,2016,2016-03-28 10:00,주간,월,1,1,0,0,대구,북구,차대사람,횡단중,운전자법규위반,안전운전 의무 불이행,단일로,횡단보도상,승용차,보행자,128.59605225,35.899235
7932,2016,2016-03-28 11:00,주간,월,1,4,0,3,경기,성남시,차대차,진행중 추돌,운전자법규위반,안전운전 의무 불이행,단일로,기타단일로,화물차,화물차,127.15406756,37.42155828
7933,2016,2016-04-03 03:00,야간,일,1,1,0,0,대구,수성구,차대차,진행중 추돌,운전자법규위반,안전운전 의무 불이행,단일로,기타단일로,승용차,자전거,128.64447281,35.85906974
7934,2016,2016-04-03 14:00,주간,일,1,1,0,0,충남,공주시,차량단독,전도전복,운전자법규위반,안전운전 의무 불이행,단일로,기타단일로,이륜차,없음,127.0944909,36.47764692
7935,2016,2016-03-09 14:00,주간,수,1,1,0,0,경북,안동시,차대차,정면충돌,운전자법규위반,안전운전 의무 불이행,단일로,기타단일로,건설기계,농기계,128.65112426,36.55448334
7936,2016,2016-03-15 14:00,주간,화,1,1,0,0,전남,완도군,차량단독,전도전복,운전자법규위반,안전운전 의무 불이행,단일로,기타단일로,화물차,없음,126.88021393,34.17451817
7937,2016,2016-03-15 21:00,야간,화,1,1,0,0,충남,논산시,차대사람,기타,운전자법규위반,안전운전 의무 불이행,교차로,교차로내,승용차,보행자,127.22815764,36.23383578
7938,2016,2016-03-15 18:00,야간,화,1,1,0,0,전북,완주군,차대차,기타,운전자법규위반,안전운전 의무 불이행,단일로,기타단일로,건설기계,농기계,127.18717028,35.95120866
7939,2016,2016-03-15 20:00,야간,화,1,6,1,4,서울,동대문구,차대차,정면충돌,운전자법규위반,중앙선 침범,단일로,기타단일로,승용차,승합차,127.05424382,37.56565804
7940,2016,2016-03-17 02:00,야간,목,2,3,1,0,전남,무안군,차대차,기타,운전자법규위반,안전운전 의무 불이행,교차로,교차로내,승용차,승용차,126.47930908,35.00303032
7941,2016,2016-03-28 01:00,야간,월,1,1,0,0,울산,남구,차량단독,전도전복,운전자법규위반,중앙선 침범,단일로,기타단일로,승용차,없음,129.35726289,35.51561246
7942,2016,2016-03-25 09:00,주간,금,1,2,0,1,경기,파주시,차대차,진행중 추돌,운전자법규위반,신호위반,교차로,교차로내,승용차,승합차,126.74285551,37.72970797
7943,2016,2016-03-25 11:00,주간,금,1,2,1,0,충남,서천군,차대차,정면충돌,운전자법규위반,중앙선 침범,단일로,기타단일로,승용차,화물차,126.68271224,36.07947029
7944,2016,2016-03-29 17:00,주간,화,1,1,0,0,강원,원주시,차대차,측면직각충돌,운전자법규위반,안전운전 의무 불이행,교차로,교차로내,승합차,이륜차,127.95955641,37.32676083
7945,2016,2016-03-28 20:00,야간,월,1,2,1,0,경남,진주시,차대차,진행중 추돌,운전자법규위반,안전운전 의무 불이행,단일로,기타단일로,승용차,건설기계,128.1280284,35.1946145
7946,2016,2016-03-28 17:00,주간,월,1,1,0,0,충북,증평군,차량단독,전도전복,운전자법규위반,안전운전 의무 불이행,단일로,기타단일로,농기계,없음,127.63463966,36.73599935
7947,2016,2016-03-28 13:00,주간,월,1,1,0,0,대구,수성구,차대사람,차도통행중,운전자법규위반,안전운전 의무 불이행,단일로,기타단일로,화물차,보행자,128.62395209,35.84189939
7948,2016,2016-04-03 03:00,야간,일,2,2,0,0,서울,동작구,차대차,진행중 추돌,운전자법규위반,과속,단일로,기타단일로,승용차,화물차,126.94785074,37.51645439
7949,2016,2016-04-04 09:00,주간,월,1,1,0,0,충남,천안시,차량단독,공작물충돌,운전자법규위반,안전운전 의무 불이행,단일로,기타단일로,특수차,없음,127.37565737,36.80991363
7950,2016,2016-04-03 11:00,주간,일,1,2,1,0,경기,연천군,차량단독,공작물충돌,운전자법규위반,안전운전 의무 불이행,단일로,기타단일로,승용차,없음,127.09006515,38.03530078
7951,2016,2016-04-02 16:00,주간,토,1,1,0,0,경북,영덕군,차대차,기타,운전자법규위반,안전운전 의무 불이행,교차로,교차로내,승합차,자전거,129.29346471,36.41858914
7952,2016,2016-03-16 17:00,주간,수,1,1,0,0,전남,곡성군,차량단독,전도전복,운전자법규위반,안전운전 의무 불이행,단일로,기타단일로,이륜차,없음,127.36689461,35.22331138
7953,2016,2016-03-14 12:00,주간,월,1,1,0,0,경남,진주시,차대차,측면직각충돌,운전자법규위반,안전거리 미확보,교차로,교차로내,승용차,원동기장치자전거,128.12962139,35.18040449
7954,2016,2016-03-13 01:00,야간,일,1,1,0,0,서울,영등포구,차대차,진행중 추돌,운전자법규위반,안전운전 의무 불이행,단일로,기타단일로,승용차,원동기장치자전거,126.89755629,37.53983293
7955,2016,2016-03-13 21:00,야간,일,1,1,0,0,제주,제주시,차대사람,횡단중,운전자법규위반,안전운전 의무 불이행,단일로,기타단일로,승용차,보행자,126.52300101,33.49976029
7956,2016,2016-03-14 10:00,주간,월,1,1,0,0,경기,안양시,차대사람,횡단중,운전자법규위반,신호위반,교차로,교차로부근,승합차,보행자,126.91189653,37.39420952
7957,2016,2016-03-24 14:00,주간,목,1,1,0,0,충북,괴산군,차대사람,횡단중,운전자법규위반,보행자 보호의무 위반,교차로,교차로부근,화물차,보행자,127.78395191,36.81509352
7958,2016,2016-03-24 09:00,주간,목,1,1,0,0,전남,목포시,차대차,측면직각충돌,운전자법규위반,중앙선 침범,단일로,기타단일로,이륜차,승용차,126.38548042,34.79013417
7959,2016,2016-03-22 20:00,야간,화,1,1,0,0,서울,도봉구,차대사람,차도통행중,운전자법규위반,안전운전 의무 불이행,단일로,기타단일로,이륜차,보행자,127.03782076,37.66154272
7960,2016,2016-03-22 09:00,주간,화,1,1,0,0,인천,남구,차대사람,횡단중,운전자법규위반,신호위반,단일로,기타단일로,승합차,보행자,126.66988234,37.44870518
7961,2016,2016-03-16 19:00,야간,수,1,1,0,0,경북,경주시,차대사람,횡단중,운전자법규위반,과속,단일로,기타단일로,승용차,보행자,129.32524797,35.68013933
7962,2016,2016-04-02 04:00,야간,토,1,2,0,1,인천,남동구,차대차,측면직각충돌,운전자법규위반,신호위반,단일로,횡단보도상,승용차,자전거,126.71941509,37.45598314
7963,2016,2016-04-01 17:00,주간,금,1,1,0,0,전북,임실군,차량단독,전도전복,운전자법규위반,안전운전 의무 불이행,단일로,기타단일로,농기계,없음,127.20466438,35.57205596
7964,2016,2016-03-16 20:00,야간,수,1,1,0,0,경기,파주시,차대사람,횡단중,운전자법규위반,안전운전 의무 불이행,단일로,기타단일로,승용차,보행자,126.82949849,37.77246814
7965,2016,2016-03-14 11:00,주간,월,1,1,0,0,경기,성남시,차대차,진행중 추돌,운전자법규위반,안전운전 의무 불이행,단일로,기타단일로,승합차,농기계,127.12811184,37.39101297
7966,2016,2016-03-14 11:00,주간,월,1,3,2,0,경남,밀양시,차대차,정면충돌,운전자법규위반,중앙선 침범,단일로,기타단일로,승용차,화물차,128.69505223,35.49223827
7967,2016,2016-03-20 12:00,주간,일,1,1,0,0,전남,고흥군,차량단독,공작물충돌,운전자법규위반,안전운전 의무 불이행,단일로,기타단일로,승용차,없음,127.41409334,34.66436694
7968,2016,2016-03-20 01:00,야간,일,1,2,1,0,충북,괴산군,차량단독,공작물충돌,운전자법규위반,안전운전 의무 불이행,교차로,교차로내,승용차,없음,127.6581029,36.81165845
7969,2016,2016-03-20 07:00,주간,일,1,2,1,0,서울,양천구,차량단독,공작물충돌,운전자법규위반,안전운전 의무 불이행,단일로,기타단일로,승용차,없음,126.83667436,37.52268751
7970,2016,2016-03-16 23:00,야간,수,1,1,0,0,전북,익산시,차대사람,횡단중,운전자법규위반,신호위반,교차로,교차로내,승용차,보행자,126.96866932,35.93674511
7971,2016,2016-03-17 14:00,주간,목,1,4,3,0,전남,곡성군,차대차,정면충돌,운전자법규위반,중앙선 침범,단일로,기타단일로,건설기계,승용차,127.40108923,35.18872739
7972,2016,2016-03-17 22:00,야간,목,1,1,0,0,경기,수원시,차대사람,횡단중,운전자법규위반,안전운전 의무 불이행,단일로,기타단일로,승용차,보행자,126.98073255,37.29572252
7973,2016,2016-03-22 21:00,야간,화,1,1,0,0,경기,포천시,차대사람,기타,운전자법규위반,안전운전 의무 불이행,단일로,기타단일로,승용차,보행자,127.16804594,37.84235409
7974,2016,2016-03-24 01:00,야간,목,1,1,0,0,대전,유성구,차량단독,공작물충돌,운전자법규위반,안전운전 의무 불이행,단일로,기타단일로,승용차,없음,127.37056163,36.38505666
7975,2016,2016-03-22 08:00,주간,화,1,1,0,0,경북,경주시,차대차,진행중 추돌,운전자법규위반,과속,단일로,기타단일로,승용차,농기계,129.27159306,35.79341167
7976,2016,2016-03-22 06:00,주간,화,1,4,0,3,경기,성남시,차대차,기타,운전자법규위반,안전운전 의무 불이행,교차로,교차로내,승용차,승용차,127.10430561,37.37231322
7977,2016,2016-03-25 04:00,야간,금,1,2,1,0,경기,화성시,차량단독,공작물충돌,운전자법규위반,안전운전 의무 불이행,교차로,교차로부근,승용차,없음,127.00261806,37.20181895
7978,2016,2016-04-03 02:00,야간,일,1,1,0,0,충남,서천군,차량단독,기타,운전자법규위반,안전운전 의무 불이행,교차로,교차로내,승용차,없음,126.66336324,36.05869118
7979,2016,2016-04-02 16:00,주간,토,1,1,0,0,충북,충주시,차량단독,기타,운전자법규위반,안전운전 의무 불이행,단일로,기타단일로,원동기장치자전거,없음,127.92956746,36.92866373
7980,2016,2016-04-02 11:00,주간,토,1,1,0,0,경남,진주시,차량단독,전도전복,운전자법규위반,안전운전 의무 불이행,단일로,기타단일로,농기계,없음,128.15054726,35.15746287
7981,2016,2016-04-01 22:00,야간,금,1,1,0,0,경기,평택시,차대차,진행중 추돌,운전자법규위반,안전운전 의무 불이행,교차로,교차로부근,원동기장치자전거,화물차,127.13454878,36.99641444
7982,2016,2016-03-10 19:00,야간,목,1,1,0,0,충남,보령시,차량단독,전도전복,운전자법규위반,안전운전 의무 불이행,단일로,기타단일로,화물차,없음,126.5974473,36.38568363
7983,2016,2016-03-14 15:00,주간,월,1,2,1,0,경기,포천시,차대차,진행중 추돌,운전자법규위반,신호위반,교차로,교차로내,건설기계,화물차,127.26267203,37.822140999999995
7984,2016,2016-03-18 17:00,주간,금,1,1,0,0,경남,거제시,차대차,정면충돌,운전자법규위반,안전운전 의무 불이행,교차로,교차로내,원동기장치자전거,승합차,128.60294249,34.88754312
7985,2016,2016-03-23 11:00,주간,수,1,1,0,0,대전,서구,차대사람,횡단중,운전자법규위반,보행자 보호의무 위반,교차로,교차로내,승합차,보행자,127.36398513,36.35835483
7986,2016,2016-03-26 17:00,주간,토,1,1,0,0,경북,구미시,차대사람,횡단중,운전자법규위반,안전운전 의무 불이행,교차로,교차로부근,화물차,보행자,128.35343491,36.16231377
7987,2016,2016-03-25 08:00,주간,금,1,1,0,0,경기,안산시,차대차,측면직각충돌,운전자법규위반,신호위반,교차로,교차로내,승용차,이륜차,126.82931969,37.30457008