,발생년,발생년월일시분,주야,요일,사망자수,사상자수,중상자수,경상자수,발생지시도,발생지시군구,사고유형_대분류,사고유형,법규위반_대분류,법규위반,도로형태_대분류,도로형태,가해자_당사자종별,피해자_당사자종별,경도,위도
8132,2016,2016-08-11 20:00,야간,목,1,1,0,0,강원,춘천시,차대사람,길가장자리구역통행중,운전자법규위반,안전운전 의무 불이행,단일로,기타단일로,승용차,보행자,127.56028247,37.82769145
8133,2016,2016-08-12 12:00,주간,금,1,3,0,2,충남,보령시,차대차,정면충돌,운전자법규위반,안전운전 의무 불이행,단일로,기타단일로,화물차,건설기계,126.50337071,36.45618048
8134,2016,2016-08-15 19:00,야간,월,1,1,0,0,경북,경산시,차대사람,기타,운전자법규위반,안전운전 의무 불이행,단일로,기타단일로,승용차,보행자,128.77231987,35.8624177
8135,2016,2016-08-16 05:00,야간,화,1,1,0,0,전남,목포시,차대차,측면직각충돌,운전자법규위반,안전운전 의무 불이행,교차로,교차로내,이륜차,승용차,126.36795315,34.79779025
8136,2016,2016-08-16 10:00,주간,화,1,1,0,0,경기,안양시,차대사람,횡단중,운전자법규위반,신호위반,교차로,교차로내,특수차,보행자,126.93934658,37.3945682
8137,2016,2016-08-19 00:00,야간,금,1,1,0,0,대전,서구,차대사람,기타,운전자법규위반,안전운전 의무 불이행,단일로,기타단일로,승용차,보행자,127.397364,36.35248307
8138,2016,2016-08-19 17:00,주간,금,1,1,0,0,대전,동구,차대차,진행중 추돌,운전자법규위반,부당한 회전,단일로,기타단일로,승용차,원동기장치자전거,127.45473766,36.31697972
8139,2016,2016-08-26 00:00,야간,금,1,1,0,0,세종,세종,차대차,진행중 추돌,운전자법규위반,안전운전 의무 불이행,단일로,기타단일로,승용차,특수차,127.25450159999998,36.49891746
8140,2016,2016-08-23 13:00,주간,화,1,1,0,0,전북,부안군,차대사람,횡단중,운전자법규위반,안전운전 의무 불이행,교차로,교차로내,특수차,보행자,126.73618616,35.73263231
8141,2016,2016-08-28 03:00,야간,일,1,1,0,0,경남,고성군,차대차,진행중 추돌,운전자법규위반,안전운전 의무 불이행,단일로,기타단일로,이륜차,화물차,128.33214267,34.97868942
8142,2016,2016-08-27 21:00,야간,토,1,1,0,0,강원,철원군,차량단독,공작물충돌,운전자법규위반,안전운전 의무 불이행,단일로,기타단일로,승합차,없음,127.27633305,38.19223626
8143,2016,2016-08-29 17:00,주간,월,1,1,0,0,경남,창원시(통합),차대차,측면직각충돌,운전자법규위반,안전운전 의무 불이행,단일로,기타단일로,특수차,이륜차,128.42279544,35.11000674
8144,2016,2016-09-09 07:00,주간,금,1,1,0,0,서울,동대문구,차대차,정면충돌,운전자법규위반,신호위반,교차로,교차로내,승용차,자전거,127.05387069,37.57126302
8145,2016,2016-09-12 02:00,야간,월,1,2,1,0,충남,보령시,차량단독,전도전복,운전자법규위반,과속,교차로,교차로부근,승용차,없음,126.60975983,36.34526232
8146,2016,2016-09-11 20:00,야간,일,1,1,0,0,충북,충주시,차대사람,횡단중,운전자법규위반,안전운전 의무 불이행,단일로,기타단일로,승용차,보행자,127.92998182,36.98241525
8147,2016,2016-09-09 14:00,주간,금,1,1,0,0,서울,중구,차대차,측면직각충돌,운전자법규위반,신호위반,교차로,교차로내,승합차,이륜차,126.98764842,37.56609988
8148,2016,2016-09-08 02:00,야간,목,1,1,0,0,대전,서구,차대사람,횡단중,운전자법규위반,과속,교차로,교차로내,승용차,보행자,127.36380662,36.35845379
8149,2016,2016-09-08 17:00,주간,목,1,1,0,0,경기,용인시,차대사람,기타,운전자법규위반,안전운전 의무 불이행,단일로,기타단일로,화물차,보행자,127.26650299,37.15651667
8150,2016,2016-07-19 09:00,주간,화,1,1,0,0,경북,경주시,차대사람,횡단중,운전자법규위반,안전운전 의무 불이행,단일로,기타단일로,화물차,보행자,129.32077644,35.72887864
8151,2016,2016-07-23 14:00,주간,토,1,1,0,0,경남,통영시,차대사람,횡단중,운전자법규위반,안전운전 의무 불이행,단일로,기타단일로,승용차,보행자,128.41762341,34.88587323
8152,2016,2016-07-23 11:00,주간,토,1,1,0,0,충북,보은군,차대차,측면직각충돌,운전자법규위반,교차로 통행방법 위반,교차로,교차로내,승용차,원동기장치자전거,127.80582981,36.43438068
8153,2016,2016-07-29 10:00,주간,금,1,1,0,0,강원,정선군,차대사람,기타,운전자법규위반,안전운전 의무 불이행,단일로,기타단일로,화물차,보행자,128.60376481,37.35562039
8154,2016,2016-07-28 22:00,야간,목,1,1,0,0,경기,이천시,차대사람,기타,운전자법규위반,안전운전 의무 불이행,단일로,기타단일로,승용차,보행자,127.52141976,37.23358121
8155,2016,2016-08-01 09:00,주간,월,1,1,0,0,충남,논산시,차량단독,전도전복,운전자법규위반,안전운전 의무 불이행,단일로,기타단일로,농기계,없음,127.00166009,36.19417778
8156,2016,2016-08-01 14:00,주간,월,1,2,0,1,경기,화성시,차대차,진행중 추돌,운전자법규위반,안전운전 의무 불이행,교차로,교차로부근,화물차,승용차,126.93651738,37.17280429
8157,2016,2016-08-02 02:00,야간,화,1,1,0,0,제주,제주시,차대사람,기타,운전자법규위반,안전운전 의무 불이행,단일로,기타단일로,승용차,보행자,126.26591876,33.41456104
8158,2016,2016-08-03 17:00,주간,수,1,1,0,0,경북,고령군,차대차,측면직각충돌,운전자법규위반,교차로 통행방법 위반,교차로,교차로내,화물차,원동기장치자전거,128.26386296,35.73082878
8159,2016,2016-08-02 10:00,주간,화,1,1,0,0,충남,서산시,차대차,측면직각충돌,운전자법규위반,부당한 회전,단일로,기타단일로,자전거,승용차,126.47694299,36.76697864
8160,2016,2016-08-08 19:00,야간,월,1,1,0,0,경북,고령군,차대사람,길가장자리구역통행중,운전자법규위반,안전운전 의무 불이행,단일로,기타단일로,화물차,보행자,128.2288409,35.68197112
8161,2016,2016-08-11 07:00,주간,목,2,2,0,0,경남,양산시,차대사람,횡단중,운전자법규위반,보행자 보호의무 위반,교차로,교차로부근,승용차,보행자,129.03182982,35.36906394
8162,2016,2016-08-07 17:00,주간,일,1,4,0,3,울산,울주군,차대사람,기타,운전자법규위반,안전운전 의무 불이행,단일로,기타단일로,화물차,보행자,129.12692778,35.56408564
8163,2016,2016-08-13 04:00,야간,토,1,1,0,0,제주,서귀포시,차대사람,횡단중,운전자법규위반,안전운전 의무 불이행,교차로,교차로부근,화물차,보행자,126.64062456,33.26569147
8164,2016,2016-08-16 04:00,야간,화,1,1,0,0,경남,창원시(통합),차대차,정면충돌,운전자법규위반,안전운전 의무 불이행,단일로,기타단일로,승용차,승합차,128.61620061,35.26727934
8165,2016,2016-08-14 20:00,야간,일,1,1,0,0,경북,의성군,차대사람,길가장자리구역통행중,운전자법규위반,안전운전 의무 불이행,단일로,기타단일로,화물차,보행자,128.73393821,36.32739609
8166,2016,2016-08-16 15:00,주간,화,1,2,1,0,경남,의령군,차량단독,공작물충돌,운전자법규위반,안전운전 의무 불이행,단일로,기타단일로,화물차,없음,128.19197593,35.382771000000005
8167,2016,2016-08-22 10:00,주간,월,1,1,0,0,세종,세종,차대차,기타,운전자법규위반,중앙선 침범,교차로,교차로부근,원동기장치자전거,건설기계,127.22076581,36.65805787
8168,2016,2016-08-19 02:00,야간,금,1,4,3,0,인천,옹진군,차량단독,전도전복,운전자법규위반,안전운전 의무 불이행,단일로,기타단일로,승용차,없음,124.70970576,37.8363572
8169,2016,2016-08-18 14:00,주간,목,1,1,0,0,전북,완주군,차량단독,전도전복,운전자법규위반,안전운전 의무 불이행,단일로,기타단일로,승용차,없음,127.28462854,35.83207717
8170,2016,2016-08-26 10:00,주간,금,1,1,0,0,전북,순창군,차대차,진행중 추돌,운전자법규위반,안전운전 의무 불이행,단일로,기타단일로,원동기장치자전거,화물차,127.16122796,35.37993153
8171,2016,2016-08-28 00:00,야간,일,1,1,0,0,대구,달서구,차대사람,횡단중,운전자법규위반,안전운전 의무 불이행,단일로,기타단일로,승용차,보행자,128.55455074,35.83370215
8172,2016,2016-04-07 12:00,주간,목,1,5,4,0,경북,군위군,차대차,측면직각충돌,운전자법규위반,중앙선 침범,단일로,기타단일로,승용차,승용차,128.65699027,36.07662709
8173,2016,2016-04-08 12:00,주간,금,1,1,0,0,충남,당진시,차량단독,전도전복,운전자법규위반,안전운전 의무 불이행,단일로,기타단일로,이륜차,없음,126.49716411,37.052729
8174,2016,2016-04-06 23:00,야간,수,1,1,0,0,충남,청양군,차대사람,횡단중,운전자법규위반,안전운전 의무 불이행,단일로,기타단일로,승용차,보행자,126.75822323,36.48075431
8175,2016,2016-04-07 21:00,야간,목,1,2,1,0,충남,공주시,차량단독,공작물충돌,운전자법규위반,안전운전 의무 불이행,단일로,기타단일로,화물차,없음,127.19983901,36.44219505
8176,2016,2016-04-07 10:00,주간,목,1,1,0,0,전북,전주시,차대사람,횡단중,운전자법규위반,신호위반,교차로,교차로내,승용차,보행자,127.04015632,35.87703881
8177,2016,2016-03-09 21:00,야간,수,1,1,0,0,서울,동대문구,차대사람,횡단중,운전자법규위반,안전운전 의무 불이행,교차로,교차로내,승합차,보행자,127.03523423,37.57805038
8178,2016,2016-03-09 19:00,야간,수,1,1,0,0,경기,여주시,차대사람,차도통행중,운전자법규위반,안전운전 의무 불이행,단일로,기타단일로,승용차,보행자,127.56477379,37.2815201
8179,2016,2016-03-09 10:00,주간,수,1,1,0,0,충북,진천군,차대차,기타,운전자법규위반,안전운전 의무 불이행,교차로,교차로부근,이륜차,화물차,127.47451708,36.87757689
8180,2016,2016-03-14 17:00,주간,월,1,1,0,0,경기,파주시,차대차,측면직각충돌,운전자법규위반,직진 및 우회전차의 통행방해,교차로,교차로내,화물차,화물차,126.76684097,37.73706107
8181,2016,2016-04-26 04:00,야간,화,1,1,0,0,경북,문경시,차대사람,보도통행중,운전자법규위반,보행자 보호의무 위반,교차로,교차로부근,화물차,보행자,128.22280097,36.61174019
8182,2016,2016-04-28 04:00,야간,목,1,1,0,0,광주,광산구,차대차,진행중 추돌,운전자법규위반,안전운전 의무 불이행,단일로,기타단일로,승용차,화물차,126.84039631,35.19532127
8183,2016,2016-04-26 16:00,주간,화,1,2,1,0,경기,시흥시,차대차,측면직각충돌,운전자법규위반,직진 및 우회전차의 통행방해,교차로,교차로내,화물차,건설기계,126.69668206,37.3317136
8184,2016,2016-04-27 09:00,주간,수,1,1,0,0,서울,노원구,차대사람,횡단중,운전자법규위반,안전운전 의무 불이행,교차로,교차로내,화물차,보행자,127.07966259999999,37.62442889
8185,2016,2016-05-02 17:00,주간,월,1,1,0,0,경북,영주시,차대사람,횡단중,운전자법규위반,안전운전 의무 불이행,단일로,기타단일로,승용차,보행자,128.61925459,36.80839838
8186,2016,2016-04-30 10:00,주간,토,1,1,0,0,경기,김포시,차량단독,전도전복,운전자법규위반,안전운전 의무 불이행,단일로,기타단일로,승용차,없음,126.65282665,37.642379999999996
8187,2016,2016-04-11 02:00,야간,월,1,1,0,0,경기,용인시,차량단독,공작물충돌,운전자법규위반,안전운전 의무 불이행,교차로,교차로부근,승용차,없음,127.10466169,37.24401052
8188,2016,2016-04-10 17:00,주간,일,1,1,0,0,부산,사하구,차대차,진행중 추돌,운전자법규위반,안전운전 의무 불이행,단일로,기타단일로,화물차,화물차,128.99171433,35.08424328
8189,2016,2016-04-11 04:00,야간,월,1,1,0,0,경기,용인시,차대차,정면충돌,운전자법규위반,안전운전 의무 불이행,교차로,교차로부근,승용차,건설기계,127.21664037,37.23334331
8190,2016,2016-04-09 12:00,주간,토,1,1,0,0,충북,제천시,차대차,기타,운전자법규위반,안전운전 의무 불이행,단일로,기타단일로,승합차,승용차,128.13757462,36.92888318
8191,2016,2016-04-08 10:00,주간,금,1,2,1,0,경북,김천시,차대차,측면직각충돌,운전자법규위반,안전운전 의무 불이행,단일로,기타단일로,이륜차,화물차,128.18900356,36.10155329
8192,2016,2016-04-15 01:00,야간,금,1,2,1,0,충북,음성군,차대차,정면충돌,운전자법규위반,중앙선 침범,단일로,기타단일로,화물차,화물차,127.69124912,37.1147394
8193,2016,2016-04-14 23:00,야간,목,1,1,0,0,인천,남동구,차대사람,횡단중,운전자법규위반,안전운전 의무 불이행,단일로,횡단보도상,승용차,보행자,126.72429169,37.40087931
8194,2016,2016-04-13 05:00,야간,수,1,1,0,0,경기,성남시,차대차,기타,운전자법규위반,안전운전 의무 불이행,교차로,교차로내,승용차,자전거,127.12158029,37.3823931
8195,2016,2016-04-17 06:00,주간,일,1,2,0,1,경기,성남시,차대차,진행중 추돌,운전자법규위반,과속,교차로,교차로부근,승용차,승용차,127.15164424,37.4299069
8196,2016,2016-04-17 01:00,야간,일,1,1,0,0,서울,동작구,차대사람,차도통행중,운전자법규위반,안전운전 의무 불이행,단일로,기타단일로,이륜차,보행자,126.98036486,37.4849012
8197,2016,2016-04-16 12:00,주간,토,1,1,0,0,충남,아산시,차대차,진행중 추돌,운전자법규위반,안전운전 의무 불이행,단일로,기타단일로,승용차,화물차,127.00763788,36.80012507
8198,2016,2016-04-21 21:00,야간,목,1,1,0,0,전북,군산시,차대사람,횡단중,운전자법규위반,안전운전 의무 불이행,단일로,기타단일로,승용차,보행자,126.73772409,35.96857056
8199,2016,2016-04-22 02:00,야간,금,1,1,0,0,부산,연제구,차대사람,차도통행중,운전자법규위반,안전운전 의무 불이행,단일로,기타단일로,승용차,보행자,129.07825301,35.18185568
8200,2016,2016-04-18 21:00,야간,월,1,1,0,0,전북,완주군,차대사람,길가장자리구역통행중,운전자법규위반,안전운전 의무 불이행,교차로,교차로부근,화물차,보행자,127.02017269999999,35.81800454
8201,2016,2016-04-24 11:00,주간,일,1,2,1,0,충북,충주시,차대차,측면직각충돌,운전자법규위반,신호위반,교차로,교차로내,원동기장치자전거,승용차,127.91698123,36.99884976
8202,2016,2016-04-24 01:00,야간,일,1,1,0,0,경남,창원시(통합),차량단독,공작물충돌,운전자법규위반,안전운전 의무 불이행,교차로,교차로부근,승용차,없음,128.55961406,35.17338447
8203,2016,2016-04-23 20:00,야간,토,1,1,0,0,울산,울주군,차량단독,공작물충돌,운전자법규위반,안전운전 의무 불이행,단일로,기타단일로,승용차,없음,129.29676779,35.44166621
8204,2016,2016-04-27 08:00,주간,수,1,1,0,0,부산,연제구,차대사람,기타,운전자법규위반,안전운전 의무 불이행,교차로,교차로내,승용차,보행자,129.10706689,35.18789427
8205,2016,2016-05-03 20:00,야간,화,2,3,1,0,인천,강화군,차대차,진행중 추돌,운전자법규위반,안전운전 의무 불이행,단일로,기타단일로,화물차,농기계,126.46297655,37.77794213
8206,2016,2016-05-03 16:00,주간,화,1,1,0,0,서울,동대문구,차대사람,횡단중,운전자법규위반,안전운전 의무 불이행,교차로,교차로부근,승용차,보행자,127.05720247,37.57849537
8207,2016,2016-05-03 13:00,주간,화,1,1,0,0,강원,양구군,차대사람,횡단중,운전자법규위반,안전운전 의무 불이행,교차로,교차로내,화물차,보행자,128.02944937,38.10506829
8208,2016,2016-04-30 23:00,야간,토,1,1,0,0,경기,군포시,차대차,기타,운전자법규위반,부당한 회전,단일로,기타단일로,승합차,이륜차,126.94667597,37.37341144
8209,2016,2016-04-11 20:00,야간,월,1,1,0,0,경기,수원시,차대차,기타,운전자법규위반,안전운전 의무 불이행,단일로,기타단일로,승용차,자전거,127.01540921,37.31957606
8210,2016,2016-04-10 11:00,주간,일,2,4,1,1,전남,영암군,차대차,측면직각충돌,운전자법규위반,신호위반,교차로,교차로내,승용차,승용차,126.43744193,34.76545889
8211,2016,2016-04-08 20:00,야간,금,1,1,0,0,대구,북구,차대사람,횡단중,운전자법규위반,보행자 보호의무 위반,단일로,횡단보도부근,승용차,보행자,128.58978683,35.89411257
8212,2016,2016-04-09 05:00,야간,토,1,1,0,0,광주,서구,차대사람,횡단중,운전자법규위반,신호위반,단일로,횡단보도상,승용차,보행자,126.87727708,35.16582359
8213,2016,2016-04-15 08:00,주간,금,1,1,0,0,경기,광주시,차대사람,횡단중,운전자법규위반,보행자 보호의무 위반,교차로,교차로내,승용차,보행자,127.25435765,37.40790997
8214,2016,2016-06-14 23:00,야간,화,1,1,0,0,경북,경산시,차대차,진행중 추돌,운전자법규위반,안전운전 의무 불이행,교차로,교차로내,승용차,자전거,128.75201186,35.80631118
8215,2016,2016-06-18 19:00,야간,토,1,1,0,0,경기,화성시,차대차,측면직각충돌,운전자법규위반,안전거리 미확보,교차로,교차로부근,화물차,원동기장치자전거,127.0272693,37.20799534
8216,2016,2016-06-28 02:00,야간,화,1,1,0,0,전북,익산시,차대사람,기타,운전자법규위반,안전운전 의무 불이행,단일로,기타단일로,승용차,보행자,127.02086608,35.93273632
8217,2016,2016-06-28 01:00,야간,화,1,1,0,0,경기,의정부시,차대사람,횡단중,운전자법규위반,안전운전 의무 불이행,교차로,교차로내,승용차,보행자,127.05814668,37.74802196
8218,2016,2016-06-26 20:00,야간,일,1,1,0,0,충북,영동군,차량단독,전도전복,운전자법규위반,안전운전 의무 불이행,단일로,기타단일로,자전거,없음,127.73895253,36.13308405
8219,2016,2016-06-25 04:00,야간,토,1,1,0,0,광주,북구,차량단독,전도전복,운전자법규위반,안전운전 의무 불이행,단일로,기타단일로,승용차,없음,126.87676326,35.19286291
8220,2016,2016-07-02 10:00,주간,토,1,1,0,0,부산,동래구,차대사람,길가장자리구역통행중,운전자법규위반,안전운전 의무 불이행,단일로,기타단일로,화물차,보행자,129.06190657,35.20249793
8221,2016,2016-07-03 02:00,야간,일,1,3,1,1,대전,중구,차대차,측면직각충돌,운전자법규위반,신호위반,교차로,교차로내,화물차,승용차,127.40519466,36.32853555
8222,2016,2016-07-06 08:00,주간,수,1,2,1,0,경기,이천시,차대차,측면직각충돌,운전자법규위반,중앙선 침범,단일로,기타단일로,화물차,승용차,127.4757277,37.30489057
8223,2016,2016-07-06 15:00,주간,수,1,1,0,0,부산,남구,차대사람,차도통행중,운전자법규위반,안전운전 의무 불이행,단일로,기타단일로,승용차,보행자,129.06690645,35.14481091
8224,2016,2016-07-04 11:00,주간,월,1,2,0,0,경북,청송군,차대차,기타,운전자법규위반,직진 및 우회전차의 통행방해,교차로,교차로내,승용차,원동기장치자전거,128.89834746,36.27031642
8225,2016,2016-07-03 22:00,야간,일,1,1,0,0,경북,청도군,차대사람,기타,운전자법규위반,안전운전 의무 불이행,단일로,기타단일로,승용차,보행자,128.99016139,35.80049348
8226,2016,2016-07-05 01:00,야간,화,1,1,0,0,제주,제주시,차대사람,횡단중,운전자법규위반,안전운전 의무 불이행,단일로,기타단일로,승용차,보행자,126.50263322,33.49927783
8227,2016,2016-07-11 08:00,주간,월,1,1,0,0,경북,군위군,차대차,진행중 추돌,운전자법규위반,안전운전 의무 불이행,교차로,교차로부근,화물차,자전거,128.71785299,36.17263018
8228,2016,2016-07-08 14:00,주간,금,1,1,0,0,경기,성남시,차대차,측면직각충돌,운전자법규위반,과속,단일로,기타단일로,화물차,자전거,127.15179342,37.42210144
8229,2016,2016-07-08 06:00,주간,금,1,1,0,0,인천,남동구,차대사람,횡단중,운전자법규위반,안전운전 의무 불이행,교차로,교차로내,화물차,보행자,126.69797295,37.3896891
8230,2016,2016-07-08 17:00,주간,금,1,1,0,0,충남,태안군,차량단독,전도전복,운전자법규위반,안전운전 의무 불이행,단일로,기타단일로,농기계,없음,126.25380565,36.7762714
8231,2016,2016-07-07 14:00,주간,목,1,1,0,0,충남,아산시,차대차,진행중 추돌,운전자법규위반,안전운전 의무 불이행,단일로,기타단일로,원동기장치자전거,승합차,127.05691187,36.76956977
8232,2016,2016-07-07 09:00,주간,목,1,2,1,0,경북,청송군,차대차,진행중 추돌,운전자법규위반,안전운전 의무 불이행,단일로,기타단일로,승용차,화물차,128.90704998,36.19314708
8233,2016,2016-07-15 16:00,주간,금,1,2,1,0,경남,양산시,차대차,측면직각충돌,운전자법규위반,안전운전 의무 불이행,단일로,기타단일로,건설기계,이륜차,129.0479831,35.37917212
8234,2016,2016-07-15 18:00,야간,금,1,1,0,0,경북,성주군,차량단독,전도전복,운전자법규위반,안전운전 의무 불이행,단일로,기타단일로,화물차,없음,128.17529026,35.83798251
8235,2016,2016-07-21 09:00,주간,목,1,3,2,0,경기,성남시,차대차,기타,운전자법규위반,기타(운전자법규위반),단일로,기타단일로,승용차,화물차,127.14242207,37.44395879
8236,2016,2016-07-21 06:00,주간,목,1,1,0,0,충남,천안시,차대차,기타,운전자법규위반,중앙선 침범,교차로,교차로부근,이륜차,건설기계,127.13293767,36.82622449
8237,2016,2016-07-20 08:00,주간,수,1,1,0,0,경기,안산시,차량단독,전도전복,운전자법규위반,안전운전 의무 불이행,단일로,기타단일로,자전거,없음,126.79354945,37.32388578
8238,2016,2016-07-21 04:00,야간,목,1,1,0,0,서울,영등포구,차대사람,횡단중,운전자법규위반,신호위반,단일로,기타단일로,승용차,보행자,126.91760901,37.52157304
8239,2016,2016-07-21 16:00,주간,목,1,2,1,0,대구,북구,차대사람,길가장자리구역통행중,운전자법규위반,안전운전 의무 불이행,단일로,기타단일로,화물차,보행자,128.59293047,35.89566263
8240,2016,2016-06-08 04:00,야간,수,1,1,0,0,대전,서구,차대사람,횡단중,운전자법규위반,안전운전 의무 불이행,교차로,교차로내,승용차,보행자,127.38164097,36.32853258
8241,2016,2016-06-08 10:00,주간,수,1,1,0,0,경기,여주시,차대사람,기타,운전자법규위반,안전운전 의무 불이행,교차로,교차로내,승용차,보행자,127.67589493,37.27452947
8242,2016,2016-06-06 06:00,주간,월,1,1,0,0,전남,여수시,차대사람,길가장자리구역통행중,운전자법규위반,안전운전 의무 불이행,단일로,기타단일로,승합차,보행자,127.71233919,34.72465911
8243,2016,2016-06-06 15:00,주간,월,1,1,0,0,전남,영광군,차량단독,전도전복,운전자법규위반,안전운전 의무 불이행,교차로,교차로내,이륜차,없음,126.43254216,35.21308792
8244,2016,2016-06-10 16:00,주간,금,1,2,1,0,충북,충주시,차대차,측면직각충돌,운전자법규위반,안전운전 의무 불이행,교차로,교차로부근,승용차,원동기장치자전거,127.95959248,37.07808129
8245,2016,2016-06-11 13:00,주간,토,1,1,0,0,충남,부여군,차대차,측면직각충돌,운전자법규위반,안전운전 의무 불이행,단일로,기타단일로,이륜차,건설기계,126.94198415,36.23225735
8246,2016,2016-06-16 21:00,야간,목,1,2,1,0,경기,의왕시,차대사람,횡단중,운전자법규위반,안전운전 의무 불이행,단일로,기타단일로,승합차,보행자,126.97035081,37.35385178
8247,2016,2016-06-17 09:00,주간,금,1,1,0,0,서울,동작구,차량단독,기타,운전자법규위반,안전운전 의무 불이행,기타/불명,기타/불명,자전거,없음,126.95185333,37.51534635
8248,2016,2016-06-25 06:00,주간,토,1,1,0,0,경기,남양주시,차대사람,차도통행중,운전자법규위반,안전운전 의무 불이행,단일로,기타단일로,승용차,보행자,127.35166426,37.63368318
8249,2016,2016-06-24 00:00,야간,금,1,1,0,0,부산,사하구,차대사람,기타,운전자법규위반,안전운전 의무 불이행,단일로,기타단일로,화물차,보행자,128.99719277,35.10180162
8250,2016,2016-06-24 05:00,야간,금,1,1,0,0,서울,강남구,차량단독,기타,운전자법규위반,안전운전 의무 불이행,단일로,기타단일로,이륜차,없음,127.08545088,37.48999472
8251,2016,2016-06-28 21:00,야간,화,1,1,0,0,경북,경주시,차대사람,횡단중,운전자법규위반,안전운전 의무 불이행,교차로,교차로내,승용차,보행자,129.17571736,35.84460331
8252,2016,2016-06-25 09:00,주간,토,1,1,0,0,경남,밀양시,차량단독,공작물충돌,운전자법규위반,안전운전 의무 불이행,단일로,기타단일로,승용차,없음,128.65095218,35.48819503
8253,2016,2016-07-05 11:00,주간,화,1,1,0,0,경남,함안군,차대차,측면직각충돌,운전자법규위반,안전거리 미확보,교차로,교차로부근,이륜차,승용차,128.39089432,35.31991194
8254,2016,2016-07-03 09:00,주간,일,1,1,0,0,경기,동두천시,차대차,측면직각충돌,운전자법규위반,신호위반,교차로,교차로내,승합차,이륜차,127.05229380000002,37.89591393
8255,2016,2016-07-07 19:00,야간,목,1,1,0,0,충북,단양군,차대차,정면충돌,운전자법규위반,중앙선 침범,단일로,기타단일로,이륜차,승용차,128.39041086,37.00303008
8256,2016,2016-09-09 08:00,주간,금,1,2,0,1,전북,군산시,차대차,정면충돌,운전자법규위반,직진 및 우회전차의 통행방해,교차로,교차로내,이륜차,승용차,126.73600725,35.97754833
8257,2016,2016-11-04 20:00,야간,금,1,1,0,0,경기,안성시,차대사람,기타,운전자법규위반,안전운전 의무 불이행,단일로,기타단일로,승용차,보행자,127.39249622,37.07390204
8258,2016,2016-10-29 19:00,야간,토,2,3,1,0,전북,고창군,차대사람,횡단중,운전자법규위반,과속,단일로,기타단일로,승용차,보행자,126.75777689,35.54926895
8259,2016,2016-12-05 18:00,야간,월,1,1,0,0,경남,함안군,차량단독,공작물충돌,운전자법규위반,안전운전 의무 불이행,단일로,기타단일로,승용차,없음,128.49818086,35.33804451
8260,2016,2016-12-10 23:00,야간,토,1,1,0,0,서울,강북구,차대차,정면충돌,운전자법규위반,신호위반,교차로,교차로내,이륜차,승합차,127.04735291,37.626544700000004
8261,2016,2016-12-09 18:00,야간,금,1,1,0,0,경북,구미시,차대차,기타,운전자법규위반,안전운전 의무 불이행,기타/불명,기타/불명,승용차,건설기계,128.34408995,36.25808675
8262,2016,2016-12-09 06:00,주간,금,1,1,0,0,대전,중구,차대사람,횡단중,운전자법규위반,안전운전 의무 불이행,단일로,기타단일로,승용차,보행자,127.43822996,36.31447504
8263,2016,2016-12-09 19:00,야간,금,1,1,0,0,강원,홍천군,차대사람,횡단중,운전자법규위반,안전운전 의무 불이행,단일로,기타단일로,승용차,보행자,128.19180316,37.68833346
8264,2016,2016-12-28 19:00,야간,수,1,1,0,0,충남,공주시,차대사람,횡단중,운전자법규위반,안전운전 의무 불이행,교차로,교차로부근,승용차,보행자,127.25441092,36.38958935
8265,2016,2016-12-29 07:00,주간,목,1,1,0,0,제주,서귀포시,차대사람,횡단중,운전자법규위반,보행자 보호의무 위반,단일로,기타단일로,화물차,보행자,126.48824240000002,33.25055837
8266,2016,2016-12-21 00:00,야간,수,1,1,0,0,경기,군포시,차대차,측면직각충돌,운전자법규위반,신호위반,교차로,교차로내,승용차,이륜차,126.93901888,37.34300798
8267,2016,2016-12-23 05:00,야간,금,1,1,0,0,서울,서대문구,차대사람,횡단중,운전자법규위반,안전운전 의무 불이행,단일로,기타단일로,승용차,보행자,126.91272476,37.58274847
8268,2016,2016-12-27 05:00,야간,화,1,1,0,0,전남,광양시,차대사람,횡단중,운전자법규위반,안전운전 의무 불이행,단일로,기타단일로,승용차,보행자,127.58053762,34.95738337
8269,2016,2016-10-03 20:00,야간,월,1,1,0,0,전남,순천시,차대사람,횡단중,운전자법규위반,안전운전 의무 불이행,교차로,교차로내,승용차,보행자,127.50916705,34.95164393
8270,2016,2016-09-30 16:00,주간,금,1,1,0,0,충북,단양군,차대차,측면직각충돌,운전자법규위반,안전거리 미확보,단일로,기타단일로,승용차,이륜차,128.36376935,36.99067025
8271,2016,2016-09-30 10:00,주간,금,1,1,0,0,경기,안성시,차대사람,차도통행중,운전자법규위반,안전운전 의무 불이행,교차로,교차로내,승용차,보행자,127.26854174,37.00467501
8272,2016,2016-11-07 22:00,야간,월,1,1,0,0,경기,양평군,차대사람,기타,운전자법규위반,안전운전 의무 불이행,단일로,기타단일로,승용차,보행자,127.59003578,37.49312141
8273,2016,2016-11-11 14:00,주간,금,1,1,0,0,경남,밀양시,차량단독,공작물충돌,운전자법규위반,안전운전 의무 불이행,단일로,기타단일로,화물차,없음,128.8574041,35.54647317
8274,2016,2016-11-06 15:00,주간,일,1,1,0,0,전남,장성군,차대차,진행중 추돌,운전자법규위반,안전운전 의무 불이행,단일로,기타단일로,농기계,농기계,126.64492698,35.236117
8275,2016,2016-11-05 20:00,야간,토,1,1,0,0,대구,수성구,차대사람,횡단중,운전자법규위반,안전운전 의무 불이행,단일로,횡단보도상,승용차,보행자,128.62374603,35.83184347