,발생년,발생년월일시분,주야,요일,사망자수,사상자수,중상자수,경상자수,발생지시도,발생지시군구,사고유형_대분류,사고유형,법규위반_대분류,법규위반,도로형태_대분류,도로형태,가해자_당사자종별,피해자_당사자종별,경도,위도
8420,2016,2016-08-08 16:00,주간,월,1,2,1,0,강원,영월군,차대사람,기타,운전자법규위반,안전운전 의무 불이행,기타/불명,기타/불명,승용차,보행자,128.47000406,37.18078753
8421,2016,2016-08-08 08:00,주간,월,1,1,0,0,서울,중랑구,차대사람,횡단중,운전자법규위반,신호위반,교차로,교차로내,승합차,보행자,127.07837099999999,37.58624334
8422,2016,2016-08-13 05:00,야간,토,1,1,0,0,부산,강서구,차대사람,차도통행중,운전자법규위반,안전운전 의무 불이행,교차로,교차로부근,승용차,보행자,128.98859284,35.2146683
8423,2016,2016-08-12 20:00,야간,금,1,1,0,0,충북,청주시,차대사람,기타,운전자법규위반,안전운전 의무 불이행,단일로,기타단일로,승용차,보행자,127.43536362,36.56078905
8424,2016,2016-08-13 05:00,야간,토,1,1,0,0,강원,영월군,차대차,진행중 추돌,운전자법규위반,안전운전 의무 불이행,단일로,기타단일로,승용차,농기계,128.48512504,37.18492178
8425,2016,2016-04-12 13:00,주간,화,1,2,0,1,경남,합천군,차대차,측면직각충돌,운전자법규위반,중앙선 침범,단일로,기타단일로,이륜차,승용차,128.01570975,35.45602897
8426,2016,2016-04-11 09:00,주간,월,1,12,2,7,경북,칠곡군,차량단독,공작물충돌,운전자법규위반,안전운전 의무 불이행,단일로,기타단일로,승합차,없음,128.38873738,36.01264343
8427,2016,2016-04-09 22:00,야간,토,1,1,0,0,서울,동작구,차대사람,횡단중,운전자법규위반,안전운전 의무 불이행,단일로,횡단보도부근,승합차,보행자,126.94117283,37.50148755
8428,2016,2016-04-09 11:00,주간,토,1,1,0,0,충남,금산군,차량단독,전도전복,운전자법규위반,안전운전 의무 불이행,단일로,기타단일로,농기계,없음,127.52903710000001,36.242778
8429,2016,2016-04-11 21:00,야간,월,1,1,0,0,전북,고창군,차대차,측면직각충돌,운전자법규위반,안전운전 의무 불이행,교차로,교차로내,승용차,자전거,126.69488464,35.43829715
8430,2016,2016-04-18 20:00,야간,월,1,1,0,0,충남,당진시,차대사람,길가장자리구역통행중,운전자법규위반,안전운전 의무 불이행,단일로,기타단일로,화물차,보행자,126.73992061,36.886299799999996
8431,2016,2016-04-16 11:00,주간,토,1,8,7,0,강원,삼척시,차대차,정면충돌,운전자법규위반,중앙선 침범,단일로,기타단일로,승용차,승합차,129.06234726,37.26512503
8432,2016,2016-04-22 04:00,야간,금,1,1,0,0,울산,북구,차대사람,길가장자리구역통행중,운전자법규위반,안전운전 의무 불이행,단일로,기타단일로,승용차,보행자,129.35070176,35.63596507
8433,2016,2016-04-20 09:00,주간,수,1,1,0,0,경북,김천시,차대차,측면직각충돌,운전자법규위반,신호위반,교차로,교차로내,이륜차,승용차,128.13409425,36.11731823
8434,2016,2016-04-23 17:00,주간,토,1,1,0,0,전남,고흥군,차대사람,횡단중,운전자법규위반,안전운전 의무 불이행,단일로,기타단일로,승용차,보행자,127.13558907,34.5279968
8435,2016,2016-04-23 13:00,주간,토,1,1,0,0,경남,합천군,차대사람,횡단중,운전자법규위반,안전운전 의무 불이행,단일로,기타단일로,특수차,보행자,128.07516452,35.54906351
8436,2016,2016-04-29 22:00,야간,금,1,1,0,0,충남,천안시,차량단독,공작물충돌,운전자법규위반,안전운전 의무 불이행,단일로,기타단일로,승용차,없음,127.19631549,36.80083762
8437,2016,2016-04-29 17:00,주간,금,1,1,0,0,제주,서귀포시,차대사람,기타,운전자법규위반,안전운전 의무 불이행,교차로,교차로내,승합차,보행자,126.56287172,33.25348192
8438,2016,2016-04-26 23:00,야간,화,1,1,0,0,울산,동구,차량단독,공작물충돌,운전자법규위반,안전운전 의무 불이행,단일로,기타단일로,이륜차,없음,129.4091387,35.529902500000006
8439,2016,2016-05-02 20:00,야간,월,1,1,0,0,전북,완주군,차대사람,횡단중,운전자법규위반,보행자 보호의무 위반,단일로,기타단일로,승용차,보행자,127.12198161,35.96412573
8440,2016,2016-05-02 18:00,야간,월,1,1,0,0,충북,진천군,차대차,기타,운전자법규위반,신호위반,교차로,교차로내,이륜차,승용차,127.51559364,36.915214500000005
8441,2016,2016-05-06 02:00,야간,금,1,1,0,0,강원,강릉시,차대차,정면충돌,운전자법규위반,신호위반,교차로,교차로내,승용차,이륜차,128.82507746,37.88390831
8442,2016,2016-05-05 17:00,주간,목,1,1,0,0,경기,부천시,차대차,측면직각충돌,운전자법규위반,안전운전 의무 불이행,교차로,교차로내,승용차,자전거,126.82081983,37.46770514
8443,2016,2016-05-07 07:00,주간,토,1,1,0,0,강원,춘천시,차대차,측면직각충돌,운전자법규위반,안전운전 의무 불이행,교차로,교차로내,승용차,원동기장치자전거,127.73215363,37.92218746
8444,2016,2016-04-12 16:00,주간,화,1,1,0,0,전북,남원시,차량단독,전도전복,운전자법규위반,안전운전 의무 불이행,단일로,기타단일로,농기계,없음,127.26569209,35.42068282
8445,2016,2016-04-12 15:00,주간,화,1,1,0,0,울산,중구,차대사람,횡단중,운전자법규위반,보행자 보호의무 위반,교차로,교차로부근,승합차,보행자,129.34324957,35.56819623
8446,2016,2016-04-11 05:00,야간,월,1,1,0,0,경북,포항시,차대차,측면직각충돌,운전자법규위반,안전운전 의무 불이행,교차로,교차로내,화물차,자전거,129.55508779,35.98998057
8447,2016,2016-04-10 01:00,야간,일,1,1,0,0,경기,광주시,차대차,진행중 추돌,운전자법규위반,안전운전 의무 불이행,단일로,기타단일로,승용차,승용차,127.19991428,37.41122759
8448,2016,2016-04-09 13:00,주간,토,1,1,0,0,대구,동구,차대차,측면직각충돌,운전자법규위반,안전운전 의무 불이행,단일로,기타단일로,화물차,이륜차,128.68766492,35.87367128
8449,2016,2016-04-09 10:00,주간,토,1,2,0,1,인천,중구,차대차,측면직각충돌,운전자법규위반,신호위반,교차로,교차로내,승용차,승용차,126.53763083,37.50081803
8450,2016,2016-04-14 00:00,야간,목,1,1,0,0,경기,안양시,차대사람,횡단중,운전자법규위반,안전운전 의무 불이행,단일로,기타단일로,승용차,보행자,126.92401832,37.39572941
8451,2016,2016-04-13 14:00,주간,수,1,1,0,0,경기,포천시,차대차,정면충돌,운전자법규위반,중앙선 침범,단일로,기타단일로,이륜차,승용차,127.12488799,37.93486038
8452,2016,2016-04-15 07:00,주간,금,1,4,1,2,서울,성북구,차대사람,횡단중,운전자법규위반,안전운전 의무 불이행,교차로,교차로부근,특수차,보행자,127.00537496,37.58924092
8453,2016,2016-04-12 17:00,주간,화,1,1,0,0,전남,보성군,차대차,측면직각충돌,운전자법규위반,안전운전 의무 불이행,단일로,기타단일로,화물차,이륜차,127.18997645,34.76164801
8454,2016,2016-04-18 17:00,주간,월,1,1,0,0,전남,장흥군,차대차,진행중 추돌,운전자법규위반,안전운전 의무 불이행,교차로,교차로부근,원동기장치자전거,화물차,126.90132197,34.69750134
8455,2016,2016-04-21 19:00,야간,목,1,1,0,0,경기,광주시,차대사람,횡단중,운전자법규위반,보행자 보호의무 위반,단일로,횡단보도상,승합차,보행자,127.15153595,37.36055454
8456,2016,2016-04-18 20:00,야간,월,1,1,0,0,충남,태안군,차대사람,횡단중,운전자법규위반,안전운전 의무 불이행,단일로,기타단일로,승용차,보행자,126.35016893,36.53280672
8457,2016,2016-04-23 23:00,야간,토,1,1,0,0,서울,중랑구,차대사람,횡단중,운전자법규위반,안전운전 의무 불이행,단일로,기타단일로,승용차,보행자,127.10024148,37.59911856
8458,2016,2016-04-29 00:00,야간,금,1,2,0,1,서울,영등포구,차대사람,횡단중,운전자법규위반,과속,단일로,기타단일로,이륜차,보행자,126.90605201,37.51763968
8459,2016,2016-04-27 16:00,주간,수,1,1,0,0,서울,금천구,차대사람,횡단중,운전자법규위반,안전운전 의무 불이행,단일로,기타단일로,승용차,보행자,126.88564467,37.46295827
8460,2016,2016-04-27 19:00,야간,수,1,1,0,0,경기,고양시,차대사람,횡단중,운전자법규위반,안전운전 의무 불이행,단일로,기타단일로,화물차,보행자,126.74416161,37.69274444
8461,2016,2016-04-27 06:00,주간,수,1,2,1,0,충북,진천군,차대차,측면직각충돌,운전자법규위반,신호위반,교차로,교차로내,이륜차,화물차,127.43698629999999,36.85965085
8462,2016,2016-05-05 04:00,야간,목,1,1,0,0,경북,경주시,차대차,기타,운전자법규위반,안전운전 의무 불이행,단일로,기타단일로,승용차,자전거,129.24686335,35.89236904
8463,2016,2016-04-10 19:00,야간,일,1,1,0,0,울산,울주군,차대사람,횡단중,운전자법규위반,안전운전 의무 불이행,단일로,기타단일로,승용차,보행자,129.24245924,35.51991332
8464,2016,2016-04-09 05:00,야간,토,1,1,0,0,제주,제주시,차대사람,횡단중,운전자법규위반,보행자 보호의무 위반,단일로,횡단보도상,승용차,보행자,126.56842464,33.50173722
8465,2016,2016-04-12 22:00,야간,화,1,4,3,0,부산,사하구,차대차,측면직각충돌,운전자법규위반,신호위반,기타/불명,기타/불명,승용차,승용차,128.95575545,35.0965792
8466,2016,2016-04-13 15:00,주간,수,1,1,0,0,경기,파주시,차대차,정면충돌,운전자법규위반,신호위반,교차로,교차로내,승합차,원동기장치자전거,126.83935139,37.92185093
8467,2016,2016-07-14 04:00,야간,목,1,1,0,0,부산,해운대구,차대사람,기타,운전자법규위반,안전운전 의무 불이행,단일로,기타단일로,승용차,보행자,129.20325485,35.18865031
8468,2016,2016-06-11 11:00,주간,토,1,1,0,0,울산,중구,차대사람,횡단중,운전자법규위반,보행자 보호의무 위반,단일로,기타단일로,화물차,보행자,129.28491063,35.55261266
8469,2016,2016-06-11 07:00,주간,토,1,1,0,0,경북,칠곡군,차대차,진행중 추돌,운전자법규위반,안전운전 의무 불이행,단일로,기타단일로,승용차,이륜차,128.53845877,36.08572748
8470,2016,2016-06-10 05:00,야간,금,1,1,0,0,경기,오산시,차량단독,전도전복,운전자법규위반,안전운전 의무 불이행,교차로,교차로내,특수차,없음,127.05592394,37.18945616
8471,2016,2016-06-09 19:00,야간,목,1,1,0,0,경북,안동시,차량단독,전도전복,운전자법규위반,안전운전 의무 불이행,단일로,기타단일로,화물차,없음,128.60738748,36.60665028
8472,2016,2016-06-16 08:00,주간,목,1,2,0,1,대전,유성구,차대차,정면충돌,운전자법규위반,안전운전 의무 불이행,교차로,교차로부근,승합차,화물차,127.38434999,36.44792555
8473,2016,2016-06-21 11:00,주간,화,1,1,0,0,경기,포천시,차대차,측면직각충돌,운전자법규위반,안전운전 의무 불이행,단일로,기타단일로,특수차,원동기장치자전거,127.22660879,37.77867336
8474,2016,2016-06-20 06:00,주간,월,1,1,0,0,경기,안성시,차대차,측면직각충돌,운전자법규위반,중앙선 침범,단일로,기타단일로,승용차,화물차,127.24427982,37.02012095
8475,2016,2016-06-23 15:00,주간,목,1,1,0,0,충남,아산시,차대차,기타,운전자법규위반,안전운전 의무 불이행,단일로,기타단일로,승용차,원동기장치자전거,127.06871593,36.89452864
8476,2016,2016-06-24 08:00,주간,금,1,1,0,0,경북,경산시,차량단독,전도전복,운전자법규위반,안전운전 의무 불이행,단일로,기타단일로,승용차,없음,128.78225464,35.87274292
8477,2016,2016-06-23 14:00,주간,목,1,1,0,0,충남,부여군,차량단독,전도전복,운전자법규위반,안전운전 의무 불이행,단일로,기타단일로,특수차,없음,127.03830672,36.26460965
8478,2016,2016-06-29 07:00,주간,수,1,3,0,2,경기,평택시,차대차,측면직각충돌,운전자법규위반,중앙선 침범,교차로,교차로부근,승용차,승용차,127.13224908,36.99321625
8479,2016,2016-06-27 10:00,주간,월,1,1,0,0,경북,칠곡군,차대차,기타,운전자법규위반,교차로 통행방법 위반,교차로,교차로내,이륜차,승용차,128.30804755,36.05776938
8480,2016,2016-07-02 09:00,주간,토,1,1,0,0,충북,영동군,차대차,기타,운전자법규위반,신호위반,교차로,교차로내,화물차,이륜차,127.77164613,36.17739044
8481,2016,2016-07-05 11:00,주간,화,1,1,0,0,충남,아산시,차대사람,횡단중,운전자법규위반,안전운전 의무 불이행,교차로,교차로부근,화물차,보행자,127.01055806,36.78513674
8482,2016,2016-07-03 01:00,야간,일,1,1,0,0,경남,거창군,차대사람,횡단중,운전자법규위반,안전운전 의무 불이행,단일로,기타단일로,승용차,보행자,127.88169494,35.69109185
8483,2016,2016-07-02 15:00,주간,토,1,9,3,5,강원,삼척시,차대차,진행중 추돌,운전자법규위반,과속,단일로,기타단일로,승용차,승용차,129.12009981,37.45481872
8484,2016,2016-07-03 03:00,야간,일,1,3,1,0,대구,달서구,차대차,측면직각충돌,운전자법규위반,신호위반,교차로,교차로내,이륜차,승용차,128.49196103,35.85133797
8485,2016,2016-07-04 21:00,야간,월,4,4,0,0,강원,정선군,차량단독,전도전복,운전자법규위반,안전운전 의무 불이행,단일로,기타단일로,승용차,없음,128.69001029999998,37.30217282
8486,2016,2016-07-13 12:00,주간,수,1,1,0,0,서울,서대문구,차대차,측면직각충돌,운전자법규위반,안전운전 의무 불이행,교차로,교차로부근,자전거,승용차,126.91272298,37.5702847
8487,2016,2016-07-13 18:00,야간,수,1,1,0,0,경기,안성시,차대차,기타,운전자법규위반,안전운전 의무 불이행,단일로,기타단일로,승용차,승용차,127.3392791,37.02839156
8488,2016,2016-07-13 07:00,주간,수,1,1,0,0,전북,김제시,차대사람,기타,운전자법규위반,안전운전 의무 불이행,단일로,기타단일로,승용차,보행자,126.93053322,35.78640858
8489,2016,2016-07-13 16:00,주간,수,1,1,0,0,경북,상주시,차대차,측면직각충돌,운전자법규위반,안전운전 의무 불이행,교차로,교차로내,원동기장치자전거,화물차,128.19474869,36.49981565
8490,2016,2016-07-13 12:00,주간,수,1,3,1,1,충남,태안군,차대차,정면충돌,운전자법규위반,중앙선 침범,단일로,기타단일로,승용차,승용차,126.17682723,36.76241463
8491,2016,2016-07-12 10:00,주간,화,1,1,0,0,경남,창원시(통합),차대사람,횡단중,운전자법규위반,안전운전 의무 불이행,교차로,교차로내,승용차,보행자,128.61374123,35.28116932
8492,2016,2016-07-12 15:00,주간,화,2,7,5,0,경북,칠곡군,차량단독,전도전복,운전자법규위반,안전운전 의무 불이행,단일로,기타단일로,승합차,없음,128.50595366,36.05033979
8493,2016,2016-07-12 14:00,주간,화,1,1,0,0,전남,목포시,차대사람,횡단중,운전자법규위반,안전운전 의무 불이행,교차로,교차로부근,화물차,보행자,126.39773367,34.817189
8494,2016,2016-07-11 17:00,주간,월,2,8,5,1,강원,정선군,차대차,정면충돌,운전자법규위반,중앙선 침범,단일로,기타단일로,화물차,승용차,128.64500869,37.43117482
8495,2016,2016-07-12 02:00,야간,화,1,1,0,0,제주,서귀포시,차량단독,전도전복,운전자법규위반,안전운전 의무 불이행,교차로,교차로부근,화물차,없음,126.56835202,33.26601695
8496,2016,2016-07-02 00:00,야간,토,1,1,0,0,대구,중구,차대차,기타,운전자법규위반,안전운전 의무 불이행,단일로,횡단보도부근,승용차,화물차,128.60838517,35.87301267
8497,2016,2016-06-09 13:00,주간,목,1,2,0,1,충남,예산군,차대차,진행중 추돌,운전자법규위반,안전운전 의무 불이행,단일로,기타단일로,화물차,이륜차,126.82509451,36.74214885
8498,2016,2016-06-09 17:00,주간,목,1,9,4,4,경남,창원시(통합),차대차,기타,운전자법규위반,신호위반,교차로,교차로부근,승용차,승용차,128.56341691,35.21072507
8499,2016,2016-06-09 18:00,야간,목,1,1,0,0,강원,춘천시,차대사람,차도통행중,운전자법규위반,과속,교차로,교차로부근,승용차,보행자,127.69774112,37.77525536
8500,2016,2016-06-09 17:00,주간,목,1,1,0,0,경기,이천시,차대사람,길가장자리구역통행중,운전자법규위반,안전운전 의무 불이행,단일로,기타단일로,승용차,보행자,127.4477498,37.27860576
8501,2016,2016-06-04 21:00,야간,토,1,2,1,0,경기,화성시,차대차,진행중 추돌,운전자법규위반,안전운전 의무 불이행,단일로,기타단일로,승용차,원동기장치자전거,126.81516374,37.09568086
8502,2016,2016-06-11 20:00,야간,토,1,1,0,0,경남,거제시,차대사람,횡단중,운전자법규위반,안전운전 의무 불이행,단일로,기타단일로,승용차,보행자,128.63850431,34.89287791
8503,2016,2016-06-16 16:00,주간,목,1,1,0,0,충북,청주시,차량단독,전도전복,운전자법규위반,안전운전 의무 불이행,단일로,기타단일로,이륜차,없음,127.49915056,36.57329247
8504,2016,2016-06-19 21:00,야간,일,1,1,0,0,서울,양천구,차대차,측면직각충돌,운전자법규위반,교차로 통행방법 위반,교차로,교차로내,화물차,이륜차,126.83481645,37.53692735
8505,2016,2016-06-18 02:00,야간,토,1,1,0,0,경북,포항시,차대사람,횡단중,운전자법규위반,신호위반,교차로,교차로부근,승용차,보행자,129.36592190000002,36.03311517
8506,2016,2016-06-19 02:00,야간,일,1,2,1,0,경기,용인시,차량단독,전도전복,운전자법규위반,안전운전 의무 불이행,단일로,기타단일로,승합차,없음,127.14858606,37.27625684
8507,2016,2016-06-21 17:00,주간,화,1,1,0,0,광주,광산구,차대사람,횡단중,운전자법규위반,신호위반,교차로,교차로내,화물차,보행자,126.79489070000001,35.18473146
8508,2016,2016-06-26 18:00,야간,일,1,1,0,0,경남,김해시,차대차,기타,운전자법규위반,안전운전 의무 불이행,교차로,교차로내,화물차,이륜차,128.97573733,35.23702874
8509,2016,2016-12-07 23:00,야간,수,1,1,0,0,경기,안양시,차대사람,횡단중,운전자법규위반,안전운전 의무 불이행,기타/불명,기타/불명,승용차,보행자,126.95697778,37.37478421
8510,2016,2016-12-10 16:00,주간,토,1,1,0,0,경북,고령군,차대차,측면직각충돌,운전자법규위반,안전운전 의무 불이행,교차로,교차로내,원동기장치자전거,승용차,128.22589632,35.68019468
8511,2016,2016-12-06 02:00,야간,화,1,1,0,0,경기,부천시,차대차,기타,운전자법규위반,신호위반,교차로,교차로부근,승용차,자전거,126.75133932,37.49735435
8512,2016,2016-09-30 05:00,야간,금,1,1,0,0,울산,중구,차대사람,횡단중,운전자법규위반,보행자 보호의무 위반,단일로,횡단보도상,승용차,보행자,129.33480287,35.55729064
8513,2016,2016-11-11 08:00,주간,금,1,1,0,0,강원,춘천시,차대사람,횡단중,운전자법규위반,안전운전 의무 불이행,교차로,교차로내,건설기계,보행자,127.72580087,37.8650481
8514,2016,2016-11-08 16:00,주간,화,1,1,0,0,경북,청도군,차대사람,기타,운전자법규위반,안전운전 의무 불이행,교차로,교차로내,승용차,보행자,128.74595539,35.64144135
8515,2016,2016-11-08 19:00,야간,화,1,1,0,0,경남,창원시(통합),차대차,측면직각충돌,운전자법규위반,안전운전 의무 불이행,교차로,교차로부근,원동기장치자전거,승용차,128.69421174,35.18997583
8516,2016,2016-11-08 17:00,주간,화,1,1,0,0,경북,안동시,차대차,측면직각충돌,운전자법규위반,안전운전 의무 불이행,교차로,교차로내,화물차,농기계,128.70345254,36.67267775
8517,2016,2016-11-09 11:00,주간,수,1,1,0,0,경북,포항시,차대사람,기타,운전자법규위반,안전운전 의무 불이행,단일로,기타단일로,화물차,보행자,129.3505466,36.0997535
8518,2016,2016-11-05 20:00,야간,토,1,1,0,0,경기,파주시,차대사람,차도통행중,운전자법규위반,안전운전 의무 불이행,단일로,기타단일로,화물차,보행자,126.87892657,37.84828648
8519,2016,2016-11-12 13:00,주간,토,1,1,0,0,울산,남구,차대차,측면직각충돌,운전자법규위반,신호위반,교차로,교차로내,자전거,승용차,129.34340538,35.52007122
8520,2016,2016-11-12 09:00,주간,토,1,1,0,0,전남,담양군,차대차,측면직각충돌,운전자법규위반,교차로 통행방법 위반,교차로,교차로내,원동기장치자전거,화물차,126.98439750000001,35.32327598
8521,2016,2016-11-12 12:00,주간,토,1,1,0,0,경북,군위군,차대사람,차도통행중,운전자법규위반,과속,단일로,기타단일로,승용차,보행자,128.5869937,36.15329919
8522,2016,2016-11-15 09:00,주간,화,1,1,0,0,경기,양주시,차대사람,횡단중,운전자법규위반,안전운전 의무 불이행,교차로,교차로내,승합차,보행자,127.04158804,37.85053722
8523,2016,2016-11-15 07:00,주간,화,1,2,0,1,서울,영등포구,차대차,측면직각충돌,운전자법규위반,신호위반,교차로,교차로내,승용차,이륜차,126.92941077,37.52919298
8524,2016,2016-11-19 03:00,야간,토,2,3,1,0,대전,유성구,차대차,정면충돌,운전자법규위반,중앙선 침범,단일로,기타단일로,승용차,승용차,127.38391653,36.42428706
8525,2016,2016-11-17 15:00,주간,목,1,1,0,0,서울,은평구,차대사람,기타,운전자법규위반,안전운전 의무 불이행,교차로,교차로부근,승용차,보행자,126.92678090000001,37.60804789
8526,2016,2016-11-17 18:00,야간,목,1,1,0,0,경북,울진군,차대사람,횡단중,운전자법규위반,안전운전 의무 불이행,단일로,기타단일로,승용차,보행자,129.41662438,37.05659831
8527,2016,2016-11-15 14:00,주간,화,1,1,0,0,전남,해남군,차량단독,전도전복,운전자법규위반,안전운전 의무 불이행,단일로,기타단일로,원동기장치자전거,없음,126.56052287,34.53536967
8528,2016,2016-11-14 18:00,야간,월,1,2,1,0,대전,중구,차대차,측면직각충돌,운전자법규위반,교차로 통행방법 위반,교차로,교차로내,화물차,화물차,127.38089696,36.29027018
8529,2016,2016-11-23 15:00,주간,수,1,1,0,0,경기,부천시,차대사람,횡단중,운전자법규위반,안전운전 의무 불이행,단일로,기타단일로,화물차,보행자,126.78899971,37.52122035
8530,2016,2016-11-20 06:00,주간,일,1,2,0,1,광주,서구,차대사람,횡단중,운전자법규위반,과속,단일로,횡단보도상,승용차,보행자,126.87525681,35.12557915
8531,2016,2016-11-26 19:00,야간,토,1,1,0,0,경북,의성군,차량단독,전도전복,운전자법규위반,안전운전 의무 불이행,단일로,교량위,화물차,없음,128.66621133,36.42958298
8532,2016,2016-11-26 18:00,야간,토,1,1,0,0,전남,담양군,차량단독,전도전복,운전자법규위반,안전운전 의무 불이행,단일로,기타단일로,승용차,없음,127.09943809,35.20867331
8533,2016,2016-11-26 19:00,야간,토,1,3,1,1,대전,서구,차대차,기타,운전자법규위반,안전거리 미확보,단일로,교량위,화물차,승용차,127.34560149,36.25861238
8534,2016,2016-10-29 16:00,주간,토,1,2,0,1,전남,나주시,차대차,정면충돌,운전자법규위반,중앙선 침범,단일로,기타단일로,이륜차,승용차,126.70369802,35.07534963
8535,2016,2016-11-04 02:00,야간,금,1,1,0,0,경남,창원시(통합),차대사람,횡단중,운전자법규위반,과속,교차로,교차로부근,승용차,보행자,128.58652568,35.21106989
8536,2016,2016-11-03 21:00,야간,목,1,1,0,0,경북,김천시,차대사람,기타,운전자법규위반,안전운전 의무 불이행,단일로,횡단보도부근,승용차,보행자,128.11999811,36.12114791
8537,2016,2016-10-28 21:00,야간,금,1,1,0,0,강원,동해시,차대사람,기타,운전자법규위반,안전운전 의무 불이행,단일로,기타단일로,화물차,보행자,129.10444825,37.46464896
8538,2016,2016-10-28 21:00,야간,금,1,3,2,0,경북,포항시,차대차,진행중 추돌,운전자법규위반,안전운전 의무 불이행,단일로,기타단일로,승용차,승합차,129.35845859,36.05385247
8539,2016,2016-11-02 22:00,야간,수,1,2,1,0,경기,이천시,차대사람,기타,운전자법규위반,안전운전 의무 불이행,단일로,기타단일로,승합차,보행자,127.61738011,37.12428247
8540,2016,2016-10-31 06:00,주간,월,1,1,0,0,경기,평택시,차대차,진행중 추돌,운전자법규위반,안전운전 의무 불이행,단일로,기타단일로,화물차,자전거,127.08420778,37.03640766
8541,2016,2016-11-05 09:00,주간,토,1,2,0,1,경기,가평군,차대차,정면충돌,운전자법규위반,중앙선 침범,단일로,기타단일로,이륜차,승용차,127.49278095,37.62814278
8542,2016,2016-11-01 19:00,야간,화,1,1,0,0,충남,태안군,차대사람,기타,운전자법규위반,안전운전 의무 불이행,단일로,기타단일로,승합차,보행자,126.30934299,36.66074515
8543,2016,2016-12-07 20:00,야간,수,1,2,1,0,부산,북구,차대차,기타,운전자법규위반,안전거리 미확보,단일로,기타단일로,이륜차,승용차,129.01243428,35.25794813
8544,2016,2016-12-12 15:00,주간,월,1,1,0,0,충남,서산시,차대차,측면직각충돌,운전자법규위반,직진 및 우회전차의 통행방해,교차로,교차로내,승용차,이륜차,126.44846813,36.77223813
8545,2016,2016-12-05 17:00,주간,월,1,1,0,0,경기,용인시,차대사람,차도통행중,운전자법규위반,안전운전 의무 불이행,단일로,기타단일로,승용차,보행자,127.11938837,37.27509391
8546,2016,2016-12-08 22:00,야간,목,1,2,0,1,울산,남구,차대사람,횡단중,운전자법규위반,안전운전 의무 불이행,단일로,횡단보도상,승용차,보행자,129.28536181,35.54659285
8547,2016,2016-12-08 07:00,주간,목,1,1,0,0,광주,광산구,차대차,진행중 추돌,운전자법규위반,안전운전 의무 불이행,단일로,기타단일로,특수차,화물차,126.73066217,35.15899396
8548,2016,2016-12-08 17:00,주간,목,1,1,0,0,대전,대덕구,차대사람,기타,운전자법규위반,안전운전 의무 불이행,단일로,기타단일로,자전거,보행자,127.43077286,36.37003303
8549,2016,2016-12-11 13:00,주간,일,1,2,0,0,경기,용인시,차대사람,보도통행중,운전자법규위반,안전운전 의무 불이행,단일로,기타단일로,승용차,보행자,127.11927627,37.32196594
8550,2016,2016-12-18 20:00,야간,일,1,1,0,0,제주,제주시,차대차,기타,운전자법규위반,안전거리 미확보,단일로,기타단일로,승합차,이륜차,126.47334933,33.47979007
8551,2016,2016-12-19 06:00,주간,월,1,1,0,0,울산,남구,차량단독,전도전복,운전자법규위반,안전운전 의무 불이행,단일로,기타단일로,이륜차,없음,129.34402425,35.53988601
8552,2016,2016-04-13 13:00,주간,수,1,3,2,0,전남,보성군,차대차,정면충돌,운전자법규위반,중앙선 침범,단일로,기타단일로,화물차,승용차,127.35676047,34.82888806
8553,2016,2016-04-18 00:00,야간,월,1,1,0,0,경남,남해군,차량단독,전도전복,운전자법규위반,안전운전 의무 불이행,교차로,교차로내,이륜차,없음,127.8926085,34.77053566
8554,2016,2016-04-21 20:00,야간,목,1,1,0,0,전남,영광군,차대사람,차도통행중,운전자법규위반,안전운전 의무 불이행,단일로,기타단일로,승합차,보행자,126.44095725,35.24188866
8555,2016,2016-04-21 22:00,야간,목,1,1,0,0,서울,양천구,차대사람,횡단중,운전자법규위반,안전운전 의무 불이행,단일로,기타단일로,승용차,보행자,126.82962679999999,37.53376132
8556,2016,2016-04-25 15:00,주간,월,1,1,0,0,전북,익산시,차대차,측면직각충돌,운전자법규위반,안전운전 의무 불이행,단일로,기타단일로,화물차,자전거,127.0447482,35.98377551
8557,2016,2016-04-25 20:00,야간,월,1,1,0,0,경북,문경시,차량단독,전도전복,운전자법규위반,안전운전 의무 불이행,단일로,기타단일로,원동기장치자전거,없음,128.01433963,36.67858573
8558,2016,2016-04-26 23:00,야간,화,1,1,0,0,경북,청도군,차량단독,공작물충돌,운전자법규위반,안전운전 의무 불이행,교차로,교차로부근,승용차,없음,128.88607198,35.71387407
8559,2016,2016-04-28 18:00,야간,목,1,1,0,0,충북,제천시,차량단독,전도전복,운전자법규위반,안전운전 의무 불이행,교차로,교차로내,이륜차,없음,128.16558035,36.90925308
8560,2016,2016-04-30 05:00,야간,토,1,1,0,0,경기,수원시,차대차,기타,운전자법규위반,신호위반,교차로,교차로내,승용차,승용차,126.96999105,37.29095163
8561,2016,2016-04-27 11:00,주간,수,1,4,0,3,경기,동두천시,차대사람,기타,운전자법규위반,안전운전 의무 불이행,교차로,교차로내,화물차,보행자,127.05886524,37.89253183
8562,2016,2016-04-30 22:00,야간,토,1,3,1,1,전남,순천시,차대차,기타,운전자법규위반,교차로 통행방법 위반,교차로,교차로내,승용차,이륜차,127.52509999,34.94308766
8563,2016,2016-04-06 13:00,주간,수,1,1,0,0,경기,양평군,차대차,기타,운전자법규위반,안전운전 의무 불이행,단일로,기타단일로,승용차,이륜차,127.43771918,37.51370848
8564,2016,2016-04-14 19:00,야간,목,1,1,0,0,서울,관악구,차대차,측면직각충돌,운전자법규위반,차로위반(진로변경 위반),단일로,기타단일로,승용차,자전거,126.90860311,37.47683914