,발생년,발생년월일시분,주야,요일,사망자수,사상자수,중상자수,경상자수,발생지시도,발생지시군구,사고유형_대분류,사고유형,법규위반_대분류,법규위반,도로형태_대분류,도로형태,가해자_당사자종별,피해자_당사자종별,경도,위도
8565,2016,2016-04-21 21:00,야간,목,1,1,0,0,부산,서구,차대사람,기타,운전자법규위반,안전운전 의무 불이행,단일로,기타단일로,승용차,보행자,129.01841479,35.10959181
8566,2016,2016-04-19 22:00,야간,화,1,1,0,0,울산,남구,차대차,진행중 추돌,운전자법규위반,안전운전 의무 불이행,단일로,기타단일로,승용차,원동기장치자전거,129.31615516,35.54981104
8567,2016,2016-04-23 22:00,야간,토,1,1,0,0,충남,천안시,차대사람,횡단중,운전자법규위반,과속,교차로,교차로부근,승용차,보행자,127.16443138,36.79908422
8568,2016,2016-04-28 04:00,야간,목,1,1,0,0,경기,의정부시,차대차,진행중 추돌,운전자법규위반,안전운전 의무 불이행,단일로,교량위,이륜차,건설기계,127.08395034,37.74753902
8569,2016,2016-04-27 19:00,야간,수,1,1,0,0,충남,태안군,차량단독,전도전복,운전자법규위반,안전운전 의무 불이행,단일로,기타단일로,화물차,없음,126.32652790000002,36.71384804
8570,2016,2016-04-28 03:00,야간,목,1,1,0,0,충남,공주시,차대사람,횡단중,운전자법규위반,보행자 보호의무 위반,단일로,횡단보도상,화물차,보행자,126.93938,36.49180377
8571,2016,2016-05-02 17:00,주간,월,1,1,0,0,충북,충주시,차량단독,전도전복,운전자법규위반,안전운전 의무 불이행,단일로,기타단일로,원동기장치자전거,없음,127.8619371,36.96868788
8572,2016,2016-05-03 01:00,야간,화,1,1,0,0,부산,사상구,차대사람,횡단중,운전자법규위반,안전운전 의무 불이행,교차로,교차로부근,화물차,보행자,128.98851199,35.16990062
8573,2016,2016-05-03 07:00,주간,화,1,1,0,0,부산,진구,차대사람,횡단중,운전자법규위반,보행자 보호의무 위반,단일로,횡단보도상,화물차,보행자,129.05992464,35.15081647
8574,2016,2016-04-30 15:00,주간,토,1,1,0,0,충북,괴산군,차량단독,전도전복,운전자법규위반,안전운전 의무 불이행,단일로,기타단일로,이륜차,없음,127.7141155,36.66669381
8575,2016,2016-04-17 15:00,주간,일,1,1,0,0,서울,성동구,차량단독,전도전복,운전자법규위반,안전운전 의무 불이행,단일로,횡단보도부근,이륜차,없음,127.04287035,37.55718693
8576,2016,2016-04-09 10:00,주간,토,1,1,0,0,경북,봉화군,차대차,측면직각충돌,운전자법규위반,안전운전 의무 불이행,단일로,기타단일로,화물차,이륜차,128.88096237,36.90540395
8577,2016,2016-04-15 04:00,야간,금,1,1,0,0,충남,아산시,차대차,기타,운전자법규위반,신호위반,교차로,교차로내,승용차,원동기장치자전거,127.06290652,36.927221
8578,2016,2016-04-13 02:00,야간,수,1,1,0,0,경남,김해시,차대사람,기타,운전자법규위반,안전운전 의무 불이행,단일로,기타단일로,승용차,보행자,128.86310812,35.26529927
8579,2016,2016-04-14 04:00,야간,목,1,1,0,0,전북,군산시,차대사람,횡단중,운전자법규위반,보행자 보호의무 위반,교차로,교차로부근,화물차,보행자,126.73769895,35.97233898
8580,2016,2016-04-22 12:00,주간,금,1,6,3,2,충남,서산시,차대차,정면충돌,운전자법규위반,신호위반,교차로,교차로내,승용차,승합차,126.45953197,36.84150214
8581,2016,2016-04-22 21:00,야간,금,1,1,0,0,전북,익산시,차대차,진행중 추돌,운전자법규위반,과속,단일로,기타단일로,승용차,원동기장치자전거,126.92029124,35.91965247
8582,2016,2016-04-21 17:00,주간,목,1,1,0,0,충북,충주시,차대차,측면직각충돌,운전자법규위반,안전운전 의무 불이행,단일로,기타단일로,화물차,화물차,127.79206325,36.97610629
8583,2016,2016-04-25 19:00,야간,월,1,2,0,1,전남,장성군,차대차,진행중 추돌,운전자법규위반,기타(운전자법규위반),단일로,기타단일로,승용차,농기계,126.81405202,35.33787522
8584,2016,2016-04-22 15:00,주간,금,1,1,0,0,전북,남원시,차량단독,전도전복,운전자법규위반,안전운전 의무 불이행,단일로,기타단일로,농기계,없음,127.45690205,35.41087572
8585,2016,2016-04-22 12:00,주간,금,1,2,0,1,경기,고양시,차대차,진행중 추돌,운전자법규위반,안전운전 의무 불이행,단일로,기타단일로,화물차,화물차,126.808807,37.59683422
8586,2016,2016-04-28 17:00,주간,목,1,1,0,0,경북,포항시,차대사람,횡단중,운전자법규위반,보행자 보호의무 위반,교차로,교차로부근,건설기계,보행자,129.35931457,36.01642395
8587,2016,2016-05-02 15:00,주간,월,1,1,0,0,전남,담양군,차량단독,전도전복,운전자법규위반,안전운전 의무 불이행,단일로,기타단일로,승용차,없음,127.03207557,35.20360761
8588,2016,2016-05-02 18:00,야간,월,1,1,0,0,전북,전주시,차대차,측면직각충돌,운전자법규위반,안전운전 의무 불이행,단일로,기타단일로,자전거,승합차,127.13768039,35.83247235
8589,2016,2016-05-01 01:00,야간,일,1,1,0,0,부산,북구,차대사람,횡단중,운전자법규위반,안전운전 의무 불이행,단일로,횡단보도상,승용차,보행자,129.01348748,35.23235291
8590,2016,2016-04-05 20:00,야간,화,1,2,0,1,경기,남양주시,차대차,진행중 추돌,운전자법규위반,안전운전 의무 불이행,단일로,기타단일로,승용차,건설기계,127.21772774,37.75499269
8591,2016,2016-04-05 14:00,주간,화,1,2,1,0,경북,영천시,차대차,정면충돌,운전자법규위반,중앙선 침범,단일로,기타단일로,원동기장치자전거,화물차,128.98770447,35.98462224
8592,2016,2016-04-11 12:00,주간,월,1,1,0,0,경북,군위군,차량단독,기타,운전자법규위반,안전운전 의무 불이행,단일로,기타단일로,이륜차,없음,128.56685204,36.2214368
8593,2016,2016-04-11 04:00,야간,월,1,1,0,0,경기,의정부시,차대사람,횡단중,운전자법규위반,보행자 보호의무 위반,단일로,기타단일로,승용차,보행자,127.05163524,37.73982237
8594,2016,2016-02-07 19:00,야간,일,1,4,1,2,경기,용인시,차대사람,길가장자리구역통행중,운전자법규위반,과속,단일로,기타단일로,승용차,보행자,127.06938069,37.2680359
8595,2016,2016-05-12 12:00,주간,목,1,1,0,0,대구,북구,차대사람,횡단중,운전자법규위반,안전운전 의무 불이행,단일로,기타단일로,승용차,보행자,128.5972046,35.87739052
8596,2016,2016-05-12 13:00,주간,목,1,3,1,1,경남,창원시(통합),차대사람,횡단중,운전자법규위반,중앙선 침범,교차로,교차로부근,승용차,보행자,128.7106584,35.21027087
8597,2016,2016-05-17 02:00,야간,화,1,1,0,0,인천,남동구,차대차,측면직각충돌,운전자법규위반,안전운전 의무 불이행,단일로,기타단일로,승용차,화물차,126.70744690000001,37.39005944
8598,2016,2016-05-17 14:00,주간,화,1,1,0,0,인천,옹진군,차대차,기타,운전자법규위반,안전운전 의무 불이행,단일로,기타단일로,화물차,농기계,124.68232241,37.9425497
8599,2016,2016-05-16 08:00,주간,월,1,1,0,0,경북,의성군,차량단독,전도전복,운전자법규위반,안전운전 의무 불이행,단일로,교량위,화물차,없음,128.35704816,36.40163287
8600,2016,2016-05-14 12:00,주간,토,1,1,0,0,충북,보은군,차량단독,전도전복,운전자법규위반,안전운전 의무 불이행,단일로,기타단일로,이륜차,없음,127.77429217,36.45671773
8601,2016,2016-05-13 21:00,야간,금,1,1,0,0,서울,관악구,차대사람,기타,운전자법규위반,안전운전 의무 불이행,교차로,교차로부근,승용차,보행자,126.96601395,37.47655371
8602,2016,2016-05-20 02:00,야간,금,1,1,0,0,경남,김해시,차량단독,전도전복,운전자법규위반,안전운전 의무 불이행,단일로,기타단일로,자전거,없음,128.90963926,35.228926799999996
8603,2016,2016-05-17 23:00,야간,화,1,2,0,1,광주,서구,차대차,진행중 추돌,운전자법규위반,안전운전 의무 불이행,단일로,기타단일로,화물차,화물차,126.83662708,35.16171247
8604,2016,2016-05-24 16:00,주간,화,1,1,0,0,전남,강진군,차대차,측면직각충돌,운전자법규위반,교차로 통행방법 위반,교차로,교차로내,원동기장치자전거,화물차,126.81942684,34.57011048
8605,2016,2016-05-24 02:00,야간,화,1,1,0,0,경기,수원시,차대사람,횡단중,운전자법규위반,안전운전 의무 불이행,단일로,기타단일로,승용차,보행자,127.01367605,37.24693486
8606,2016,2016-05-23 08:00,주간,월,1,1,0,0,인천,남구,차대사람,횡단중,운전자법규위반,신호위반,교차로,교차로부근,화물차,보행자,126.64997026,37.4429933
8607,2016,2016-05-23 12:00,주간,월,1,1,0,0,전북,남원시,차대차,측면직각충돌,운전자법규위반,안전운전 의무 불이행,단일로,기타단일로,이륜차,승용차,127.44771911,35.42362187
8608,2016,2016-05-22 02:00,야간,일,1,1,0,0,경북,구미시,차량단독,전도전복,운전자법규위반,안전운전 의무 불이행,교차로,교차로내,승용차,없음,128.39876456,36.13621614
8609,2016,2016-05-23 02:00,야간,월,1,1,0,0,서울,동작구,차대사람,횡단중,운전자법규위반,안전운전 의무 불이행,단일로,횡단보도상,승용차,보행자,126.92737405,37.49506691
8610,2016,2016-05-27 10:00,주간,금,1,1,0,0,경남,창원시(통합),차대사람,횡단중,운전자법규위반,안전운전 의무 불이행,단일로,기타단일로,승용차,보행자,128.69439591,35.20780861
8611,2016,2016-05-26 16:00,주간,목,1,1,0,0,서울,노원구,차대사람,기타,운전자법규위반,안전운전 의무 불이행,단일로,기타단일로,승합차,보행자,127.05709256,37.66770066
8612,2016,2016-05-30 04:00,야간,월,1,1,0,0,인천,남동구,차대사람,횡단중,운전자법규위반,안전운전 의무 불이행,교차로,교차로부근,승용차,보행자,126.70416981,37.44995958
8613,2016,2016-05-29 16:00,주간,일,1,1,0,0,전북,군산시,차량단독,전도전복,운전자법규위반,안전운전 의무 불이행,단일로,기타단일로,승용차,없음,126.56224556,35.95073244
8614,2016,2016-05-30 16:00,주간,월,1,1,0,0,제주,제주시,차대차,진행중 추돌,운전자법규위반,안전운전 의무 불이행,단일로,기타단일로,승용차,이륜차,126.66361673,33.53698809
8615,2016,2016-05-06 15:00,주간,금,1,2,1,0,경남,합천군,차대차,정면충돌,운전자법규위반,중앙선 침범,단일로,기타단일로,이륜차,승합차,128.12391774,35.6713083
8616,2016,2016-05-07 00:00,야간,토,1,3,0,2,경기,남양주시,차대차,정면충돌,운전자법규위반,신호위반,교차로,교차로내,이륜차,승합차,127.16194533,37.69835606
8617,2016,2016-05-05 17:00,주간,목,1,1,0,0,경남,산청군,차대차,측면직각충돌,운전자법규위반,교차로 통행방법 위반,교차로,교차로내,승용차,이륜차,127.9281959,35.26984024
8618,2016,2016-05-05 16:00,주간,목,1,3,0,2,경북,영덕군,차대차,정면충돌,운전자법규위반,중앙선 침범,단일로,기타단일로,화물차,화물차,129.1953085,36.47968778
8619,2016,2016-05-10 18:00,야간,화,1,2,1,0,충남,서산시,차량단독,공작물충돌,운전자법규위반,안전운전 의무 불이행,단일로,기타단일로,승용차,없음,126.49368664,36.73491297
8620,2016,2016-05-14 08:00,주간,토,1,2,0,1,서울,서초구,차대차,정면충돌,운전자법규위반,중앙선 침범,교차로,교차로부근,이륜차,승용차,126.99108012,37.47435685
8621,2016,2016-05-10 22:00,야간,화,1,2,1,0,경기,파주시,차량단독,도로이탈 기타,운전자법규위반,안전운전 의무 불이행,단일로,기타단일로,원동기장치자전거,없음,126.72206029,37.73132111
8622,2016,2016-05-17 14:00,주간,화,1,1,0,0,경기,안산시,차대사람,횡단중,운전자법규위반,안전운전 의무 불이행,단일로,기타단일로,승용차,보행자,126.80908056,37.32506815
8623,2016,2016-05-17 07:00,주간,화,1,1,0,0,전북,고창군,차대사람,횡단중,운전자법규위반,과속,단일로,기타단일로,승용차,보행자,126.6774288,35.43438354
8624,2016,2016-05-17 20:00,야간,화,1,1,0,0,경기,이천시,차대사람,횡단중,운전자법규위반,안전운전 의무 불이행,단일로,기타단일로,화물차,보행자,127.63140065,37.12076122
8625,2016,2016-05-17 14:00,주간,화,1,1,0,0,충남,논산시,차대차,측면직각충돌,운전자법규위반,안전거리 미확보,단일로,기타단일로,승용차,승용차,127.07020527,36.18665407
8626,2016,2016-05-17 09:00,주간,화,1,1,0,0,경북,영천시,차대차,진행중 추돌,운전자법규위반,안전운전 의무 불이행,교차로,교차로부근,화물차,자전거,128.91818461,35.96571218
8627,2016,2016-05-15 08:00,주간,일,1,6,4,1,전남,영암군,차대차,측면직각충돌,운전자법규위반,신호위반,교차로,교차로내,승용차,승용차,126.41767789,34.75771032
8628,2016,2016-05-20 15:00,주간,금,1,1,0,0,경북,봉화군,차량단독,전도전복,운전자법규위반,안전운전 의무 불이행,단일로,기타단일로,이륜차,없음,128.96251235,36.80628545
8629,2016,2016-05-20 10:00,주간,금,1,1,0,0,경기,연천군,차대사람,횡단중,운전자법규위반,안전운전 의무 불이행,단일로,기타단일로,화물차,보행자,127.07559491,38.10406165
8630,2016,2016-05-23 10:00,주간,월,1,1,0,0,울산,남구,차대사람,횡단중,운전자법규위반,신호위반,교차로,교차로내,승용차,보행자,129.34763868,35.53974052
8631,2016,2016-05-28 22:00,야간,토,1,1,0,0,인천,부평구,차대차,정면충돌,운전자법규위반,신호위반,교차로,교차로내,승용차,원동기장치자전거,126.73156543,37.51161284
8632,2016,2016-05-28 13:00,주간,토,1,2,0,1,경기,광주시,차대사람,기타,운전자법규위반,안전운전 의무 불이행,단일로,기타단일로,승용차,보행자,127.18418291,37.47886158
8633,2016,2016-06-24 22:00,야간,금,1,1,0,0,광주,북구,차대사람,횡단중,운전자법규위반,안전운전 의무 불이행,단일로,기타단일로,승용차,보행자,126.90390873,35.15631835
8634,2016,2016-07-02 17:00,주간,토,1,1,0,0,경북,예천군,차량단독,전도전복,운전자법규위반,안전운전 의무 불이행,단일로,기타단일로,화물차,없음,128.30651275,36.50448534
8635,2016,2016-07-03 02:00,야간,일,1,1,0,0,서울,종로구,차대차,진행중 추돌,운전자법규위반,안전거리 미확보,교차로,교차로내,이륜차,승용차,127.0014117,37.58567295
8636,2016,2016-07-05 02:00,야간,화,1,1,0,0,대구,북구,차대사람,횡단중,운전자법규위반,안전운전 의무 불이행,단일로,기타단일로,승용차,보행자,128.56508062,35.90047296
8637,2016,2016-07-08 22:00,야간,금,1,1,0,0,서울,영등포구,차대차,측면직각충돌,운전자법규위반,안전운전 의무 불이행,교차로,교차로내,승용차,이륜차,126.89904344,37.50119961
8638,2016,2016-07-13 18:00,야간,수,1,1,0,0,경기,양평군,차대차,정면충돌,운전자법규위반,안전운전 의무 불이행,단일로,기타단일로,승용차,원동기장치자전거,127.56759079,37.41651965
8639,2016,2016-07-13 03:00,야간,수,1,1,0,0,경남,김해시,차대사람,기타,운전자법규위반,안전운전 의무 불이행,교차로,교차로내,승용차,보행자,128.88837524,35.27974431
8640,2016,2016-07-13 01:00,야간,수,1,1,0,0,서울,금천구,차대사람,횡단중,운전자법규위반,안전운전 의무 불이행,단일로,기타단일로,승용차,보행자,126.87674416,37.47809953
8641,2016,2016-07-14 08:00,주간,목,1,1,0,0,경남,창원시(통합),차대차,측면직각충돌,운전자법규위반,안전운전 의무 불이행,교차로,교차로내,화물차,승용차,128.52837443,35.26675037
8642,2016,2016-07-13 19:00,야간,수,1,1,0,0,경남,사천시,차대사람,횡단중,운전자법규위반,안전운전 의무 불이행,교차로,교차로내,승합차,보행자,128.09015383,35.08209159
8643,2016,2016-07-13 08:00,주간,수,1,1,0,0,전남,순천시,차대사람,횡단중,운전자법규위반,보행자 보호의무 위반,교차로,교차로내,화물차,보행자,127.49927726,34.93926682
8644,2016,2016-07-11 09:00,주간,월,1,2,1,0,전남,영암군,차대차,진행중 추돌,운전자법규위반,안전운전 의무 불이행,단일로,기타단일로,승용차,이륜차,126.65979144,34.78650273
8645,2016,2016-07-11 17:00,주간,월,1,1,0,0,대전,대덕구,차대차,측면직각충돌,운전자법규위반,신호위반,교차로,교차로내,자전거,승용차,127.43142697,36.36143272
8646,2016,2016-07-01 17:00,주간,금,1,1,0,0,전남,보성군,차량단독,기타,운전자법규위반,기타(운전자법규위반),교차로,교차로내,화물차,없음,127.35068152,34.84625781
8647,2016,2016-06-29 22:00,야간,수,1,1,0,0,서울,강북구,차대차,진행중 추돌,운전자법규위반,안전운전 의무 불이행,단일로,기타단일로,원동기장치자전거,승합차,127.03833152,37.61382788
8648,2016,2016-06-08 12:00,주간,수,1,1,0,0,강원,강릉시,차대차,측면직각충돌,운전자법규위반,신호위반,교차로,교차로내,화물차,원동기장치자전거,128.89160803,37.76522091
8649,2016,2016-06-13 13:00,주간,월,1,1,0,0,경남,의령군,차대차,측면직각충돌,운전자법규위반,신호위반,교차로,교차로내,이륜차,승합차,128.257646,35.31633002
8650,2016,2016-06-10 14:00,주간,금,1,1,0,0,광주,서구,차대사람,차도통행중,운전자법규위반,안전운전 의무 불이행,교차로,교차로내,승용차,보행자,126.81845145,35.10814063
8651,2016,2016-06-10 11:00,주간,금,1,2,0,1,경기,양주시,차대차,정면충돌,운전자법규위반,중앙선 침범,단일로,기타단일로,승용차,화물차,126.93084989,37.69843511
8652,2016,2016-06-10 16:00,주간,금,1,1,0,0,경기,시흥시,차대차,정면충돌,운전자법규위반,직진 및 우회전차의 통행방해,교차로,교차로내,화물차,이륜차,126.80493695,37.41456785
8653,2016,2016-06-10 13:00,주간,금,1,4,0,0,강원,원주시,차대차,정면충돌,운전자법규위반,안전거리 미확보,단일로,기타단일로,화물차,승용차,127.95424170000001,37.40384031
8654,2016,2016-06-17 07:00,주간,금,1,1,0,0,경북,영덕군,차량단독,도로이탈 추락,운전자법규위반,안전운전 의무 불이행,단일로,기타단일로,승용차,없음,129.39547562,36.55900651
8655,2016,2016-06-15 23:00,야간,수,1,1,0,0,경기,광주시,차대사람,기타,운전자법규위반,안전운전 의무 불이행,단일로,기타단일로,승용차,보행자,127.22721715,37.43563989
8656,2016,2016-06-16 08:00,주간,목,1,1,0,0,경남,거창군,차대차,진행중 추돌,운전자법규위반,안전운전 의무 불이행,단일로,기타단일로,화물차,이륜차,128.00766643,35.71155331
8657,2016,2016-06-19 14:00,주간,일,1,1,0,0,대구,수성구,차대사람,횡단중,운전자법규위반,보행자 보호의무 위반,교차로,교차로내,승용차,보행자,128.64618245,35.85858463
8658,2016,2016-06-20 20:00,야간,월,1,1,0,0,전북,남원시,차대사람,횡단중,운전자법규위반,보행자 보호의무 위반,단일로,기타단일로,화물차,보행자,127.37606416,35.4003062
8659,2016,2016-06-28 15:00,주간,화,1,1,0,0,충북,청주시,차대차,측면직각충돌,운전자법규위반,안전운전 의무 불이행,교차로,교차로부근,화물차,자전거,127.37061949,36.62538324
8660,2016,2016-06-27 08:00,주간,월,1,1,0,0,대전,대덕구,차대차,측면직각충돌,운전자법규위반,안전운전 의무 불이행,단일로,기타단일로,원동기장치자전거,화물차,127.42210177,36.37940368
8661,2016,2016-06-26 19:00,야간,일,1,2,0,1,경기,고양시,차대차,측면직각충돌,운전자법규위반,부당한 회전,단일로,기타단일로,승용차,이륜차,126.78766235,37.636736600000006
8662,2016,2016-06-28 20:00,야간,화,1,1,0,0,경남,진주시,차대사람,차도통행중,운전자법규위반,안전운전 의무 불이행,단일로,기타단일로,승용차,보행자,128.04357087,35.20824198
8663,2016,2016-06-24 21:00,야간,금,1,1,0,0,강원,강릉시,차대사람,횡단중,운전자법규위반,안전운전 의무 불이행,단일로,기타단일로,화물차,보행자,128.74526247,37.84945048
8664,2016,2016-07-01 12:00,주간,금,1,1,0,0,전남,담양군,차대사람,횡단중,운전자법규위반,안전운전 의무 불이행,교차로,교차로부근,승합차,보행자,126.92776571,35.31455442
8665,2016,2016-07-03 23:00,야간,일,1,1,0,0,대전,중구,차대사람,횡단중,운전자법규위반,과속,단일로,기타단일로,승용차,보행자,127.39294301,36.31724687
8666,2016,2016-07-08 18:00,야간,금,1,1,0,0,울산,북구,차대차,측면직각충돌,운전자법규위반,중앙선 침범,단일로,기타단일로,승용차,이륜차,129.39847589,35.52201143
8667,2016,2016-07-11 22:00,야간,월,1,1,0,0,부산,동래구,차대차,측면직각충돌,운전자법규위반,안전운전 의무 불이행,교차로,교차로내,승용차,이륜차,129.09940538,35.2026755
8668,2016,2016-07-11 12:00,주간,월,1,1,0,0,전남,함평군,차대사람,횡단중,운전자법규위반,신호위반,교차로,교차로부근,화물차,보행자,126.52554757,35.06637564
8669,2016,2016-07-11 19:00,야간,월,1,1,0,0,경기,포천시,차량단독,전도전복,운전자법규위반,안전운전 의무 불이행,교차로,교차로부근,이륜차,없음,127.21014453,37.81023425
8670,2016,2016-07-11 14:00,주간,월,1,1,0,0,경북,영주시,차량단독,전도전복,운전자법규위반,안전운전 의무 불이행,단일로,기타단일로,원동기장치자전거,없음,128.6186206,36.78947443
8671,2016,2016-07-11 13:00,주간,월,1,1,0,0,경북,구미시,차대차,측면직각충돌,운전자법규위반,교차로 통행방법 위반,교차로,교차로내,이륜차,승용차,128.34835125,36.12282627
8672,2016,2016-07-11 04:00,야간,월,1,1,0,0,부산,사하구,차량단독,도로이탈 기타,운전자법규위반,안전운전 의무 불이행,단일로,기타단일로,자전거,없음,128.95618179,35.08150151
8673,2016,2016-07-11 00:00,야간,월,1,2,1,0,광주,서구,차대차,측면직각충돌,운전자법규위반,중앙선 침범,단일로,기타단일로,이륜차,이륜차,126.85725077,35.14457408
8674,2016,2016-07-17 12:00,주간,일,1,1,0,0,경북,칠곡군,차량단독,전도전복,운전자법규위반,안전운전 의무 불이행,단일로,기타단일로,이륜차,없음,128.38404217,36.02047661
8675,2016,2016-09-11 17:00,주간,일,1,1,0,0,인천,부평구,차대차,측면직각충돌,운전자법규위반,직진 및 우회전차의 통행방해,교차로,교차로내,승용차,원동기장치자전거,126.73209994,37.49477919
8676,2016,2016-09-11 08:00,주간,일,1,1,0,0,서울,노원구,차대차,측면직각충돌,운전자법규위반,안전운전 의무 불이행,단일로,기타단일로,승용차,자전거,127.0761975,37.61798993
8677,2016,2016-09-12 22:00,야간,월,1,1,0,0,울산,남구,차대사람,차도통행중,운전자법규위반,안전운전 의무 불이행,단일로,기타단일로,승용차,보행자,129.30944309,35.51324725
8678,2016,2016-09-08 12:00,주간,목,1,2,1,0,경기,고양시,차대차,기타,운전자법규위반,안전운전 의무 불이행,교차로,교차로부근,이륜차,승용차,126.8823379,37.59120298
8679,2016,2016-09-11 01:00,야간,일,1,1,0,0,대구,달서구,차대사람,횡단중,운전자법규위반,과속,교차로,교차로부근,승용차,보행자,128.53034101,35.84941018
8680,2016,2016-09-12 16:00,주간,월,1,1,0,0,충남,청양군,차량단독,전도전복,운전자법규위반,안전운전 의무 불이행,단일로,기타단일로,이륜차,없음,126.79563445,36.45079866
8681,2016,2016-09-07 03:00,야간,수,1,1,0,0,전남,신안군,차대사람,기타,운전자법규위반,안전운전 의무 불이행,단일로,기타단일로,화물차,보행자,125.93496667,34.76862019
8682,2016,2016-09-07 08:00,주간,수,1,1,0,0,광주,광산구,차대사람,보도통행중,운전자법규위반,보행자 보호의무 위반,교차로,교차로내,화물차,보행자,126.83604357,35.21321413
8683,2016,2016-07-23 13:00,주간,토,1,1,0,0,경북,울진군,차대차,측면직각충돌,운전자법규위반,안전운전 의무 불이행,단일로,기타단일로,승용차,원동기장치자전거,129.42491729,36.64720095
8684,2016,2016-07-22 17:00,주간,금,1,1,0,0,부산,북구,차량단독,기타,운전자법규위반,안전운전 의무 불이행,단일로,기타단일로,자전거,없음,129.0169965,35.21295243
8685,2016,2016-07-23 10:00,주간,토,1,1,0,0,경기,안산시,차대차,측면직각충돌,운전자법규위반,안전운전 의무 불이행,단일로,기타단일로,화물차,자전거,126.81284192,37.33343679
8686,2016,2016-07-23 11:00,주간,토,1,1,0,0,충북,괴산군,차대차,정면충돌,운전자법규위반,중앙선 침범,단일로,기타단일로,이륜차,승용차,127.98537125,36.76520394
8687,2016,2016-07-27 06:00,주간,수,1,1,0,0,인천,연수구,차량단독,공작물충돌,운전자법규위반,안전운전 의무 불이행,단일로,기타단일로,이륜차,없음,126.63541684,37.37357365
8688,2016,2016-07-27 08:00,주간,수,1,1,0,0,충남,부여군,차대차,기타,운전자법규위반,안전운전 의무 불이행,교차로,교차로부근,건설기계,화물차,127.00695666,36.25764181
8689,2016,2016-07-27 10:00,주간,수,1,1,0,0,경북,의성군,차대차,기타,운전자법규위반,중앙선 침범,단일로,기타단일로,원동기장치자전거,화물차,128.67584715,36.418319200000006
8690,2016,2016-08-04 00:00,야간,목,1,1,0,0,전남,장흥군,차량단독,전도전복,운전자법규위반,안전운전 의무 불이행,단일로,기타단일로,승용차,없음,126.87998846,34.78362135
8691,2016,2016-08-03 23:00,야간,수,1,1,0,0,경기,고양시,차량단독,전도전복,운전자법규위반,안전운전 의무 불이행,단일로,기타단일로,원동기장치자전거,없음,126.84404922,37.69467635
8692,2016,2016-08-04 17:00,주간,목,1,1,0,0,경기,광주시,차대차,측면직각충돌,운전자법규위반,안전거리 미확보,교차로,교차로부근,자전거,승용차,127.26292674,37.41381347
8693,2016,2016-08-04 11:00,주간,목,1,1,0,0,경기,안성시,차대차,진행중 추돌,운전자법규위반,안전운전 의무 불이행,단일로,기타단일로,화물차,화물차,127.48774406,37.10389561
8694,2016,2016-08-08 15:00,주간,월,1,1,0,0,전북,순창군,차대사람,차도통행중,운전자법규위반,안전운전 의무 불이행,단일로,기타단일로,승용차,보행자,127.01282528,35.50467493
8695,2016,2016-08-13 06:00,주간,토,1,1,0,0,서울,용산구,차량단독,전도전복,운전자법규위반,안전운전 의무 불이행,교차로,교차로부근,승용차,없음,126.97166781,37.54252047
8696,2016,2016-08-14 16:00,주간,일,1,1,0,0,전남,장흥군,차량단독,공작물충돌,운전자법규위반,안전운전 의무 불이행,교차로,교차로부근,화물차,없음,126.8863669,34.70593967
8697,2016,2016-08-11 00:00,야간,목,1,1,0,0,경기,남양주시,차대사람,횡단중,운전자법규위반,과속,교차로,교차로내,승용차,보행자,127.20387579999999,37.63292711
8698,2016,2016-08-12 20:00,야간,금,1,2,1,0,충남,예산군,차대차,기타,운전자법규위반,차로위반(진로변경 위반),단일로,기타단일로,승용차,승용차,126.73981144,36.69086420000001
8699,2016,2016-08-11 22:00,야간,목,1,1,0,0,경북,경주시,차대차,측면직각충돌,운전자법규위반,안전운전 의무 불이행,단일로,기타단일로,승용차,승용차,129.27431782,35.98663863
8700,2016,2016-08-16 15:00,주간,화,1,1,0,0,부산,서구,차대사람,횡단중,운전자법규위반,안전운전 의무 불이행,단일로,횡단보도상,화물차,보행자,129.02146704,35.07982527
8701,2016,2016-08-21 21:00,야간,일,1,1,0,0,경기,이천시,차량단독,전도전복,운전자법규위반,안전운전 의무 불이행,단일로,기타단일로,이륜차,없음,127.50959073,37.2983305
8702,2016,2016-08-20 02:00,야간,토,1,1,0,0,서울,영등포구,차량단독,전도전복,운전자법규위반,안전운전 의무 불이행,단일로,기타단일로,이륜차,없음,126.89450059,37.52436819
8703,2016,2016-08-24 14:00,주간,수,1,1,0,0,서울,영등포구,차대차,측면직각충돌,운전자법규위반,안전운전 의무 불이행,단일로,기타단일로,승합차,이륜차,126.90118093,37.506961100000005
8704,2016,2016-08-25 16:00,주간,목,1,1,0,0,대구,동구,차대사람,횡단중,운전자법규위반,보행자 보호의무 위반,단일로,기타단일로,승용차,보행자,128.63787213,35.89648032
8705,2016,2016-08-29 06:00,주간,월,1,3,1,1,세종,세종,차대차,측면직각충돌,운전자법규위반,교차로 통행방법 위반,교차로,교차로내,화물차,건설기계,127.29510984,36.52967266
8706,2016,2016-09-13 09:00,주간,화,1,1,0,0,충북,제천시,차대사람,횡단중,운전자법규위반,보행자 보호의무 위반,기타/불명,기타/불명,승용차,보행자,128.20756561,37.12818736
8707,2016,2016-09-06 15:00,주간,화,1,6,0,5,서울,금천구,차대차,측면직각충돌,운전자법규위반,안전운전 의무 불이행,단일로,기타단일로,승용차,승합차,126.92101838,37.45082429
8708,2016,2016-09-10 13:00,주간,토,1,2,1,0,전남,고흥군,차대차,측면직각충돌,운전자법규위반,안전운전 의무 불이행,단일로,기타단일로,화물차,화물차,127.26790346,34.69695632