,발생년,발생년월일시분,주야,요일,사망자수,사상자수,중상자수,경상자수,발생지시도,발생지시군구,사고유형_대분류,사고유형,법규위반_대분류,법규위반,도로형태_대분류,도로형태,가해자_당사자종별,피해자_당사자종별,경도,위도
8998,2016,2016-06-16 02:00,야간,목,1,1,0,0,대구,달서구,차대차,정면충돌,운전자법규위반,신호위반,교차로,교차로내,승용차,이륜차,128.51673902,35.85886092
8999,2016,2016-06-14 13:00,주간,화,1,1,0,0,충남,서산시,차대차,정면충돌,운전자법규위반,안전운전 의무 불이행,단일로,기타단일로,이륜차,이륜차,126.43331674,36.86529266
9000,2016,2016-06-15 02:00,야간,수,1,1,0,0,경기,수원시,차대사람,횡단중,운전자법규위반,안전운전 의무 불이행,단일로,기타단일로,승용차,보행자,127.05817714,37.23780683
9001,2016,2016-06-20 15:00,주간,월,1,1,0,0,전남,고흥군,차대차,측면직각충돌,운전자법규위반,안전운전 의무 불이행,단일로,기타단일로,이륜차,화물차,127.32152113,34.53039401
9002,2016,2016-06-17 14:00,주간,금,1,1,0,0,충북,옥천군,차대사람,횡단중,운전자법규위반,안전운전 의무 불이행,교차로,교차로부근,승합차,보행자,127.62032703,36.24607481
9003,2016,2016-06-19 04:00,야간,일,3,4,1,0,대구,수성구,차대차,진행중 추돌,운전자법규위반,안전운전 의무 불이행,단일로,기타단일로,승용차,화물차,128.64212762,35.84536129999999
9004,2016,2016-06-19 03:00,야간,일,1,1,0,0,부산,연제구,차대차,기타,운전자법규위반,과속,단일로,기타단일로,승용차,승용차,129.09452544,35.173584000000005
9005,2016,2016-06-25 11:00,주간,토,1,1,0,0,전북,익산시,차대차,측면직각충돌,운전자법규위반,안전운전 의무 불이행,교차로,교차로부근,화물차,자전거,126.96723291,36.08115398
9006,2016,2016-06-21 14:00,주간,화,1,1,0,0,경기,의정부시,차대사람,기타,운전자법규위반,안전운전 의무 불이행,단일로,기타단일로,승용차,보행자,127.04500398,37.73845399
9007,2016,2016-06-23 07:00,주간,목,1,1,0,0,경북,영천시,차대사람,횡단중,운전자법규위반,보행자 보호의무 위반,교차로,교차로부근,화물차,보행자,128.78818087,36.04140075
9008,2016,2016-06-22 09:00,주간,수,1,1,0,0,충남,천안시,차량단독,전도전복,운전자법규위반,안전운전 의무 불이행,단일로,기타단일로,이륜차,없음,127.17543703,36.84206061
9009,2016,2016-06-25 18:00,야간,토,1,1,0,0,충북,청주시,차대사람,차도통행중,운전자법규위반,안전운전 의무 불이행,단일로,기타단일로,승용차,보행자,127.45003167,36.63753211
9010,2016,2016-06-25 03:00,야간,토,1,2,1,0,경북,경산시,차대차,정면충돌,운전자법규위반,안전운전 의무 불이행,교차로,교차로부근,승용차,이륜차,128.72075353,35.81837097
9011,2016,2016-06-25 18:00,야간,토,1,1,0,0,전남,순천시,차대사람,길가장자리구역통행중,운전자법규위반,안전운전 의무 불이행,교차로,교차로부근,화물차,보행자,127.48967456,34.93129488
9012,2016,2016-07-10 18:00,야간,일,1,1,0,0,광주,광산구,차량단독,기타,운전자법규위반,안전운전 의무 불이행,단일로,기타단일로,자전거,없음,126.66238133,35.17170573
9013,2016,2016-07-15 14:00,주간,금,1,1,0,0,광주,광산구,차대사람,기타,운전자법규위반,안전운전 의무 불이행,기타/불명,기타/불명,화물차,보행자,126.82130076,35.1826281
9014,2016,2016-07-15 10:00,주간,금,1,1,0,0,충남,부여군,차대차,기타,운전자법규위반,안전운전 의무 불이행,교차로,교차로부근,승용차,이륜차,126.93088109,36.17657941
9015,2016,2016-12-14 21:00,야간,수,1,1,0,0,제주,서귀포시,차대사람,횡단중,운전자법규위반,안전운전 의무 불이행,교차로,교차로부근,승용차,보행자,126.91207321,33.4502462
9016,2016,2016-12-15 06:00,주간,목,1,1,0,0,광주,남구,차대사람,횡단중,운전자법규위반,안전운전 의무 불이행,교차로,교차로부근,화물차,보행자,126.88997763,35.14284066
9017,2016,2016-12-15 04:00,야간,목,1,1,0,0,경남,창원시(통합),차량단독,기타,운전자법규위반,안전운전 의무 불이행,단일로,기타단일로,원동기장치자전거,없음,128.79052126,35.11889395
9018,2016,2016-12-18 18:00,야간,일,1,2,0,1,경기,안산시,차대차,측면직각충돌,운전자법규위반,신호위반,교차로,교차로내,승용차,승합차,126.77093806,37.29975398
9019,2016,2016-10-01 14:00,주간,토,1,1,0,0,경기,부천시,차대사람,길가장자리구역통행중,운전자법규위반,안전운전 의무 불이행,고가도로위,고가도로위,건설기계,보행자,126.77621837,37.48424155
9020,2016,2016-10-03 05:00,야간,월,1,1,0,0,서울,종로구,차대사람,차도통행중,운전자법규위반,안전운전 의무 불이행,교차로,교차로부근,승용차,보행자,127.01537726,37.57690694
9021,2016,2016-11-09 08:00,주간,수,1,2,1,0,충북,음성군,차대차,측면직각충돌,운전자법규위반,신호위반,교차로,교차로내,승용차,승용차,127.60928805,36.99232032
9022,2016,2016-11-08 13:00,주간,화,1,2,1,0,전북,고창군,차대사람,차도통행중,운전자법규위반,안전운전 의무 불이행,교차로,교차로내,승용차,보행자,126.70317521,35.43349315
9023,2016,2016-11-12 16:00,주간,토,1,1,0,0,경기,광주시,차대차,측면직각충돌,운전자법규위반,중앙선 침범,단일로,기타단일로,이륜차,승용차,127.30556355,37.47058771
9024,2016,2016-11-12 04:00,야간,토,1,1,0,0,전북,남원시,차대차,진행중 추돌,운전자법규위반,안전운전 의무 불이행,교차로,교차로내,원동기장치자전거,승용차,127.38554563,35.416149100000005
9025,2016,2016-11-17 15:00,주간,목,1,1,0,0,전남,순천시,차량단독,도로이탈 추락,운전자법규위반,안전운전 의무 불이행,단일로,기타단일로,화물차,없음,127.45081652,34.96470429
9026,2016,2016-11-16 09:00,주간,수,1,1,0,0,서울,구로구,차대사람,횡단중,운전자법규위반,안전운전 의무 불이행,단일로,기타단일로,승용차,보행자,126.88363103,37.49198047
9027,2016,2016-11-15 14:00,주간,화,1,2,1,0,전북,순창군,차대사람,보도통행중,운전자법규위반,기타(운전자법규위반),교차로,교차로내,화물차,보행자,127.14150816,35.38022629
9028,2016,2016-11-15 19:00,야간,화,1,1,0,0,경기,평택시,차대사람,횡단중,운전자법규위반,안전운전 의무 불이행,단일로,기타단일로,승용차,보행자,126.8749607,36.94483314
9029,2016,2016-11-27 08:00,주간,일,1,1,0,0,경기,용인시,차대사람,횡단중,운전자법규위반,신호위반,교차로,교차로부근,화물차,보행자,127.06522822,37.29190765
9030,2016,2016-11-26 14:00,주간,토,1,1,0,0,경북,구미시,차대차,기타,운전자법규위반,신호위반,교차로,교차로내,이륜차,승용차,128.35625503,36.12002934
9031,2016,2016-11-23 18:00,야간,수,1,1,0,0,부산,기장군,차대사람,횡단중,운전자법규위반,안전운전 의무 불이행,단일로,횡단보도부근,승합차,보행자,129.17943879,35.24593136
9032,2016,2016-11-24 07:00,주간,목,1,1,0,0,서울,용산구,차대사람,횡단중,운전자법규위반,안전운전 의무 불이행,단일로,기타단일로,승합차,보행자,126.99961594,37.52225542
9033,2016,2016-11-20 03:00,야간,일,1,1,0,0,인천,남구,차대차,측면직각충돌,운전자법규위반,신호위반,교차로,교차로내,화물차,원동기장치자전거,126.68939828,37.4578812
9034,2016,2016-11-25 16:00,주간,금,1,1,0,0,서울,양천구,차량단독,기타,운전자법규위반,안전운전 의무 불이행,단일로,기타단일로,승합차,없음,126.84115415,37.51515028
9035,2016,2016-11-23 06:00,주간,수,2,3,0,1,제주,서귀포시,차대차,진행중 추돌,운전자법규위반,안전거리 미확보,단일로,기타단일로,승용차,농기계,126.85568585,33.34982532
9036,2016,2016-11-22 18:00,야간,화,1,1,0,0,대전,대덕구,차대사람,기타,운전자법규위반,안전운전 의무 불이행,단일로,기타단일로,승용차,보행자,127.42047803,36.37545388
9037,2016,2016-11-20 00:00,야간,일,1,1,0,0,경남,김해시,차대차,측면직각충돌,운전자법규위반,신호위반,교차로,교차로내,이륜차,승용차,128.91200545,35.24562421
9038,2016,2016-11-20 02:00,야간,일,1,1,0,0,대전,대덕구,차량단독,전도전복,운전자법규위반,안전운전 의무 불이행,교차로,교차로부근,승용차,없음,127.43262157,36.35919758
9039,2016,2016-11-24 08:00,주간,목,1,3,1,1,전남,영광군,차대차,정면충돌,운전자법규위반,중앙선 침범,단일로,기타단일로,승용차,이륜차,126.47626023,35.28285717
9040,2016,2016-10-30 19:00,야간,일,1,1,0,0,광주,광산구,차대사람,차도통행중,운전자법규위반,안전운전 의무 불이행,단일로,기타단일로,승용차,보행자,126.80738949,35.14977266
9041,2016,2016-10-31 11:00,주간,월,1,2,1,0,전남,여수시,차대차,측면직각충돌,운전자법규위반,앞지르기 금지위반,단일로,기타단일로,화물차,이륜차,127.61180098,34.700985700000004
9042,2016,2016-10-31 05:00,야간,월,1,1,0,0,서울,강서구,차량단독,전도전복,운전자법규위반,안전운전 의무 불이행,단일로,기타단일로,이륜차,없음,126.86272162,37.52978934
9043,2016,2016-10-30 21:00,야간,일,1,1,0,0,전남,담양군,차대사람,횡단중,운전자법규위반,안전운전 의무 불이행,단일로,기타단일로,승용차,보행자,127.00240454,35.24292063
9044,2016,2016-12-05 08:00,주간,월,1,1,0,0,강원,화천군,차량단독,도로이탈 추락,운전자법규위반,안전운전 의무 불이행,단일로,기타단일로,화물차,없음,127.55529639,38.17977356
9045,2016,2016-12-05 10:00,주간,월,1,1,0,0,제주,서귀포시,차량단독,전도전복,운전자법규위반,안전운전 의무 불이행,단일로,기타단일로,농기계,없음,126.18113729999999,33.27741897
9046,2016,2016-12-09 05:00,야간,금,1,1,0,0,경기,성남시,차대사람,기타,운전자법규위반,안전운전 의무 불이행,단일로,횡단보도상,화물차,보행자,127.14910395,37.42929547
9047,2016,2016-12-09 05:00,야간,금,1,1,0,0,경기,화성시,차대사람,횡단중,운전자법규위반,안전운전 의무 불이행,단일로,횡단보도상,승용차,보행자,127.06902334,37.20800138
9048,2016,2016-12-07 17:00,주간,수,1,1,0,0,경북,김천시,차대사람,기타,운전자법규위반,안전운전 의무 불이행,단일로,기타단일로,화물차,보행자,128.03980901,36.17371298
9049,2016,2016-12-08 09:00,주간,목,1,1,0,0,경북,포항시,차대차,정면충돌,운전자법규위반,안전운전 의무 불이행,단일로,기타단일로,화물차,승용차,129.41712379999998,36.11614897
9050,2016,2016-12-05 17:00,주간,월,1,1,0,0,경기,포천시,차대사람,횡단중,운전자법규위반,안전운전 의무 불이행,기타/불명,기타/불명,승용차,보행자,127.15474040000001,37.82453296
9051,2016,2016-12-05 10:00,주간,월,1,2,1,0,경남,진주시,차대차,정면충돌,운전자법규위반,중앙선 침범,단일로,기타단일로,승용차,승용차,128.12867884,35.1749541
9052,2016,2016-12-08 08:00,주간,목,1,1,0,0,울산,울주군,차대차,정면충돌,운전자법규위반,안전거리 미확보,단일로,기타단일로,승용차,승용차,129.25635254,35.52695103
9053,2016,2016-12-16 16:00,주간,금,1,1,0,0,충남,금산군,차대차,정면충돌,운전자법규위반,중앙선 침범,단일로,기타단일로,화물차,건설기계,127.36083629999999,36.15441947
9054,2016,2016-10-03 19:00,야간,월,1,1,0,0,충남,태안군,차대사람,횡단중,운전자법규위반,안전운전 의무 불이행,교차로,교차로내,승용차,보행자,126.2883857,36.73140429
9055,2016,2016-11-05 04:00,야간,토,1,1,0,0,충남,논산시,차량단독,전도전복,운전자법규위반,안전거리 미확보,단일로,기타단일로,이륜차,없음,127.10599007,36.17864513
9056,2016,2016-11-09 05:00,야간,수,1,1,0,0,충북,청주시,차대사람,횡단중,운전자법규위반,안전운전 의무 불이행,단일로,기타단일로,건설기계,보행자,127.37154756,36.73322962
9057,2016,2016-11-19 13:00,주간,토,1,1,0,0,경북,상주시,차대차,측면직각충돌,운전자법규위반,안전운전 의무 불이행,단일로,기타단일로,화물차,자전거,128.1809812,36.42198689
9058,2016,2016-04-19 00:00,야간,화,1,1,0,0,강원,속초시,차량단독,공작물충돌,운전자법규위반,안전운전 의무 불이행,단일로,기타단일로,화물차,없음,128.53103703,38.18384879
9059,2016,2016-04-24 19:00,야간,일,1,1,0,0,경북,경주시,차대차,진행중 추돌,운전자법규위반,안전운전 의무 불이행,교차로,교차로부근,승용차,자전거,129.21433036,35.85509273
9060,2016,2016-04-25 21:00,야간,월,1,1,0,0,대전,유성구,차량단독,전도전복,운전자법규위반,안전운전 의무 불이행,단일로,기타단일로,이륜차,없음,127.33136493,36.36675164
9061,2016,2016-04-24 01:00,야간,일,1,1,0,0,대구,서구,차대사람,횡단중,운전자법규위반,안전운전 의무 불이행,단일로,기타단일로,승용차,보행자,128.55919965,35.85834621
9062,2016,2016-04-24 12:00,주간,일,1,2,1,0,서울,은평구,차량단독,공작물충돌,운전자법규위반,안전운전 의무 불이행,교차로,교차로내,승용차,없음,126.92637216,37.60225931
9063,2016,2016-04-29 23:00,야간,금,1,2,0,1,서울,성북구,차대사람,횡단중,운전자법규위반,중앙선 침범,교차로,교차로내,이륜차,보행자,127.03302227,37.59130946
9064,2016,2016-04-26 19:00,야간,화,1,1,0,0,전북,완주군,차대사람,횡단중,운전자법규위반,안전운전 의무 불이행,단일로,횡단보도부근,화물차,보행자,127.05182745,35.83663682
9065,2016,2016-04-27 10:00,주간,수,1,2,0,1,강원,삼척시,차대차,진행중 추돌,운전자법규위반,안전운전 의무 불이행,단일로,기타단일로,화물차,화물차,129.33125976,37.25919699
9066,2016,2016-05-01 16:00,주간,일,1,1,0,0,경기,시흥시,차량단독,공작물충돌,운전자법규위반,안전운전 의무 불이행,단일로,기타단일로,이륜차,없음,126.66003287,37.32641142
9067,2016,2016-04-05 17:00,주간,화,1,1,0,0,경북,예천군,차량단독,기타,운전자법규위반,안전운전 의무 불이행,단일로,기타단일로,농기계,없음,128.53492148,36.73688516
9068,2016,2016-04-11 17:00,주간,월,1,1,0,0,경남,거창군,차량단독,전도전복,운전자법규위반,안전운전 의무 불이행,단일로,기타단일로,화물차,없음,127.91174735,35.65257409
9069,2016,2016-04-08 15:00,주간,금,1,1,0,0,광주,남구,차량단독,기타,운전자법규위반,안전운전 의무 불이행,단일로,터널안,이륜차,없음,126.91302429,35.09170127
9070,2016,2016-04-14 16:00,주간,목,1,1,0,0,경기,용인시,차대사람,횡단중,운전자법규위반,보행자 보호의무 위반,교차로,교차로부근,승용차,보행자,127.11201083,37.32573718
9071,2016,2016-04-12 18:00,야간,화,1,1,0,0,경기,용인시,차량단독,전도전복,운전자법규위반,안전운전 의무 불이행,단일로,기타단일로,이륜차,없음,127.09337525,37.33627491
9072,2016,2016-04-13 12:00,주간,수,1,1,0,0,경북,경주시,차대사람,횡단중,운전자법규위반,보행자 보호의무 위반,교차로,교차로내,화물차,보행자,129.2084581,35.84461995
9073,2016,2016-04-12 17:00,주간,화,1,1,0,0,인천,남구,차대사람,횡단중,운전자법규위반,안전운전 의무 불이행,교차로,교차로부근,화물차,보행자,126.64257837,37.46169695
9074,2016,2016-04-16 02:00,야간,토,1,1,0,0,경북,경주시,차량단독,공작물충돌,운전자법규위반,안전운전 의무 불이행,단일로,기타단일로,승용차,없음,129.27376281,35.98661979
9075,2016,2016-04-15 11:00,주간,금,1,1,0,0,충북,음성군,차대차,측면직각충돌,운전자법규위반,과속,단일로,기타단일로,승용차,이륜차,127.68246802,37.05261954
9076,2016,2016-04-21 19:00,야간,목,1,1,0,0,경남,김해시,차대사람,길가장자리구역통행중,운전자법규위반,안전운전 의무 불이행,단일로,기타단일로,승용차,보행자,128.79436863,35.3317014
9077,2016,2016-04-23 05:00,야간,토,1,1,0,0,제주,서귀포시,차량단독,공작물충돌,운전자법규위반,안전운전 의무 불이행,단일로,기타단일로,승용차,없음,126.81113418,33.37089045
9078,2016,2016-04-23 15:00,주간,토,1,3,0,1,서울,송파구,차대차,정면충돌,운전자법규위반,과속,교차로,교차로내,승용차,승용차,127.10632982,37.49268911
9079,2016,2016-04-29 19:00,야간,금,1,1,0,0,경기,안산시,차대사람,횡단중,운전자법규위반,신호위반,교차로,교차로내,승용차,보행자,126.81700184,37.33403776
9080,2016,2016-04-28 03:00,야간,목,1,3,2,0,경기,시흥시,차대차,정면충돌,운전자법규위반,신호위반,교차로,교차로내,승용차,승용차,126.73101219,37.35018543
9081,2016,2016-04-27 21:00,야간,수,1,1,0,0,경남,거제시,차대사람,횡단중,운전자법규위반,안전운전 의무 불이행,단일로,기타단일로,승합차,보행자,128.73277896,34.87790096
9082,2016,2016-04-28 05:00,야간,목,1,1,0,0,전남,여수시,차대사람,횡단중,운전자법규위반,안전운전 의무 불이행,교차로,교차로부근,승용차,보행자,127.72742199,34.74032288
9083,2016,2016-04-28 07:00,주간,목,1,2,0,1,경기,평택시,차대차,기타,운전자법규위반,안전운전 의무 불이행,교차로,교차로내,승용차,승용차,126.97964456,37.02367265
9084,2016,2016-04-30 22:00,야간,토,1,1,0,0,경기,화성시,차대차,측면직각충돌,운전자법규위반,안전운전 의무 불이행,단일로,기타단일로,원동기장치자전거,화물차,126.81664692,37.10845338
9085,2016,2016-05-01 16:00,주간,일,1,1,0,0,경남,진주시,차량단독,전도전복,운전자법규위반,안전운전 의무 불이행,단일로,기타단일로,이륜차,없음,128.14210413,35.15748087
9086,2016,2016-05-06 05:00,야간,금,1,1,0,0,강원,강릉시,차대사람,횡단중,운전자법규위반,안전운전 의무 불이행,단일로,기타단일로,승용차,보행자,128.90039074,37.75493083
9087,2016,2016-04-06 19:00,야간,수,1,2,0,1,인천,계양구,차대차,기타,운전자법규위반,신호위반,교차로,교차로내,승용차,이륜차,126.72264976,37.52792287
9088,2016,2016-04-14 11:00,주간,목,1,1,0,0,전북,부안군,차량단독,공작물충돌,운전자법규위반,안전운전 의무 불이행,교차로,교차로부근,원동기장치자전거,없음,126.74771619,35.71652104
9089,2016,2016-04-11 18:00,야간,월,1,1,0,0,경기,남양주시,차대차,정면충돌,운전자법규위반,신호위반,교차로,교차로내,화물차,이륜차,127.18559348,37.66549931
9090,2016,2016-04-13 04:00,야간,수,1,1,0,0,경북,김천시,차대사람,횡단중,운전자법규위반,안전운전 의무 불이행,단일로,기타단일로,승합차,보행자,128.12146484,36.11930474
9091,2016,2016-04-17 01:00,야간,일,1,3,2,0,경기,남양주시,차대차,정면충돌,운전자법규위반,중앙선 침범,기타/불명,기타/불명,승용차,승용차,127.19946557,37.67267407
9092,2016,2016-04-17 14:00,주간,일,1,1,0,0,제주,제주시,차량단독,전도전복,운전자법규위반,안전운전 의무 불이행,단일로,기타단일로,승용차,없음,126.23011699,33.32368089
9093,2016,2016-04-17 17:00,주간,일,1,1,0,0,인천,남동구,차대차,정면충돌,운전자법규위반,신호위반,교차로,교차로내,이륜차,승용차,126.73882138,37.44552784
9094,2016,2016-04-16 19:00,야간,토,1,3,0,2,경기,고양시,차대차,진행중 추돌,운전자법규위반,안전운전 의무 불이행,단일로,기타단일로,화물차,화물차,126.84744874,37.6665739
9095,2016,2016-04-19 20:00,야간,화,1,1,0,0,충남,논산시,차대차,측면직각충돌,운전자법규위반,중앙선 침범,단일로,기타단일로,자전거,승용차,127.09817293,36.209019700000006
9096,2016,2016-04-26 11:00,주간,화,1,1,0,0,전남,여수시,차대차,측면직각충돌,운전자법규위반,직진 및 우회전차의 통행방해,교차로,교차로내,이륜차,승용차,127.64004825,34.77190875
9097,2016,2016-05-15 19:00,야간,일,1,1,0,0,경기,수원시,차대차,기타,운전자법규위반,과속,교차로,교차로부근,승용차,이륜차,126.98184546,37.29467277
9098,2016,2016-05-18 01:00,야간,수,1,2,0,1,경기,안산시,차대사람,횡단중,운전자법규위반,안전운전 의무 불이행,단일로,기타단일로,승용차,보행자,126.83271073,37.32944025
9099,2016,2016-05-18 04:00,야간,수,1,1,0,0,부산,진구,차대사람,기타,운전자법규위반,안전운전 의무 불이행,단일로,기타단일로,승용차,보행자,129.05188387,35.15054107
9100,2016,2016-06-01 09:00,주간,수,1,1,0,0,경남,고성군,차대차,측면직각충돌,운전자법규위반,과속,교차로,교차로내,승합차,자전거,128.35195330000002,34.98957096
9101,2016,2016-05-30 08:00,주간,월,1,1,0,0,울산,울주군,차대사람,횡단중,운전자법규위반,안전운전 의무 불이행,단일로,기타단일로,승용차,보행자,129.33744624,35.46711684
9102,2016,2016-05-06 10:00,주간,금,1,1,0,0,서울,강동구,차량단독,공작물충돌,운전자법규위반,안전운전 의무 불이행,단일로,기타단일로,이륜차,없음,127.15359514,37.56802841
9103,2016,2016-05-10 02:00,야간,화,1,1,0,0,서울,성북구,차량단독,전도전복,운전자법규위반,안전운전 의무 불이행,단일로,기타단일로,원동기장치자전거,없음,127.01832627,37.60257128
9104,2016,2016-05-07 15:00,주간,토,1,2,1,0,충남,금산군,차대사람,보도통행중,운전자법규위반,기타(운전자법규위반),단일로,기타단일로,건설기계,보행자,127.47368488,36.19057821
9105,2016,2016-05-13 09:00,주간,금,1,1,0,0,경기,용인시,차대차,측면직각충돌,운전자법규위반,교차로 통행방법 위반,교차로,교차로내,이륜차,화물차,127.31184062,37.14884512
9106,2016,2016-05-13 22:00,야간,금,1,2,0,1,전남,보성군,차대차,진행중 추돌,운전자법규위반,안전운전 의무 불이행,단일로,기타단일로,승용차,농기계,127.32397714,34.86357204
9107,2016,2016-05-14 21:00,야간,토,1,1,0,0,서울,도봉구,차대사람,기타,운전자법규위반,안전운전 의무 불이행,단일로,기타단일로,자전거,보행자,127.05020022,37.67869788
9108,2016,2016-05-14 20:00,야간,토,1,1,0,0,경북,경주시,차대사람,길가장자리구역통행중,운전자법규위반,안전운전 의무 불이행,교차로,교차로부근,승용차,보행자,129.22717794,36.02887527
9109,2016,2016-05-15 10:00,주간,일,1,1,0,0,전남,담양군,차량단독,전도전복,운전자법규위반,안전운전 의무 불이행,교차로,교차로내,농기계,없음,126.95903099,35.196937299999995
9110,2016,2016-05-15 16:00,주간,일,1,1,0,0,전북,정읍시,차량단독,기타,운전자법규위반,안전운전 의무 불이행,단일로,기타단일로,이륜차,없음,126.99057873,35.60498174
9111,2016,2016-05-21 04:00,야간,토,1,1,0,0,대전,서구,차대사람,횡단중,운전자법규위반,안전운전 의무 불이행,단일로,기타단일로,승용차,보행자,127.39715689,36.34894885
9112,2016,2016-05-19 16:00,주간,목,1,1,0,0,경남,하동군,차량단독,공작물충돌,운전자법규위반,안전운전 의무 불이행,단일로,기타단일로,화물차,없음,127.81656346,35.0369458
9113,2016,2016-05-26 13:00,주간,목,1,1,0,0,대구,달서구,차대사람,횡단중,운전자법규위반,안전운전 의무 불이행,교차로,교차로내,승용차,보행자,128.52025182,35.85711455
9114,2016,2016-05-25 11:00,주간,수,1,1,0,0,경남,거제시,차대차,정면충돌,운전자법규위반,안전운전 의무 불이행,교차로,교차로내,이륜차,승용차,128.61564611,34.81695884
9115,2016,2016-02-27 01:00,야간,토,1,1,0,0,제주,제주시,차대사람,기타,운전자법규위반,안전운전 의무 불이행,단일로,기타단일로,승용차,보행자,126.4144466,33.47274931
9116,2016,2016-06-01 13:00,주간,수,1,1,0,0,충남,보령시,차량단독,전도전복,운전자법규위반,안전운전 의무 불이행,단일로,기타단일로,농기계,없음,126.64927415,36.41295588
9117,2016,2016-06-01 03:00,야간,수,1,2,0,0,서울,마포구,차대차,측면직각충돌,운전자법규위반,신호위반,교차로,교차로내,이륜차,승용차,126.91825057,37.55261866
9118,2016,2016-05-30 12:00,주간,월,1,2,0,1,경북,칠곡군,차대차,측면직각충돌,운전자법규위반,중앙선 침범,단일로,기타단일로,승합차,특수차,128.38814648,35.96390033
9119,2016,2016-05-30 14:00,주간,월,1,6,5,0,전북,고창군,차대차,측면직각충돌,운전자법규위반,신호위반,교차로,교차로내,승용차,승용차,126.54117995,35.45516198
9120,2016,2016-05-30 22:00,야간,월,1,1,0,0,경기,성남시,차대사람,차도통행중,운전자법규위반,안전운전 의무 불이행,단일로,기타단일로,승용차,보행자,127.11952746,37.40191937
9121,2016,2016-05-30 17:00,주간,월,1,1,0,0,대전,동구,차대사람,기타,운전자법규위반,보행자 보호의무 위반,단일로,기타단일로,원동기장치자전거,보행자,127.43914084,36.33212777
9122,2016,2016-05-29 23:00,야간,일,1,1,0,0,경기,광주시,차대차,진행중 추돌,운전자법규위반,안전운전 의무 불이행,단일로,기타단일로,승용차,화물차,127.19980216,37.40251098
9123,2016,2016-05-30 14:00,주간,월,1,6,1,4,경남,함양군,차대차,진행중 추돌,운전자법규위반,안전운전 의무 불이행,교차로,교차로내,화물차,승합차,127.78917694,35.58110546
9124,2016,2016-05-29 18:00,야간,일,1,1,0,0,강원,인제군,차량단독,도로이탈 추락,운전자법규위반,안전운전 의무 불이행,단일로,기타단일로,건설기계,없음,128.12466538,37.95864866
9125,2016,2016-05-06 11:00,주간,금,1,1,0,0,경남,하동군,차대사람,횡단중,운전자법규위반,안전운전 의무 불이행,단일로,기타단일로,승용차,보행자,127.79875359,35.09877749
9126,2016,2016-05-04 13:00,주간,수,1,1,0,0,전남,함평군,차대차,진행중 추돌,운전자법규위반,앞지르기 방법위반,단일로,기타단일로,화물차,원동기장치자전거,126.51591642,35.05832694
9127,2016,2016-05-09 20:00,야간,월,1,1,0,0,전남,목포시,차대사람,횡단중,운전자법규위반,안전운전 의무 불이행,단일로,기타단일로,승용차,보행자,126.39310236,34.79313431
9128,2016,2016-05-08 15:00,주간,일,1,1,0,0,경기,가평군,차량단독,기타,운전자법규위반,안전운전 의무 불이행,단일로,기타단일로,이륜차,없음,127.50658969,37.81596252
9129,2016,2016-05-08 10:00,주간,일,1,1,0,0,충북,청주시,차량단독,전도전복,운전자법규위반,안전운전 의무 불이행,단일로,기타단일로,이륜차,없음,127.53852177,36.56368518
9130,2016,2016-05-14 14:00,주간,토,1,1,0,0,전남,나주시,차대차,측면직각충돌,운전자법규위반,안전운전 의무 불이행,교차로,교차로내,자전거,승용차,126.71808524,35.04004224
9131,2016,2016-05-14 01:00,야간,토,1,1,0,0,대구,달성군,차대차,측면직각충돌,운전자법규위반,과속,교차로,교차로내,승용차,이륜차,128.45779056,35.69856164
9132,2016,2016-05-11 07:00,주간,수,1,2,1,0,충남,서산시,차대차,측면직각충돌,운전자법규위반,과속,교차로,교차로내,화물차,승용차,126.55590953,36.74338265
9133,2016,2016-05-10 20:00,야간,화,1,1,0,0,인천,연수구,차대사람,횡단중,운전자법규위반,보행자 보호의무 위반,교차로,교차로부근,승용차,보행자,126.69844263,37.42301548
9134,2016,2016-05-14 15:00,주간,토,1,1,0,0,전북,익산시,차대차,측면직각충돌,운전자법규위반,부당한 회전,단일로,기타단일로,자전거,승용차,126.97832777,35.93809478
9135,2016,2016-05-14 10:00,주간,토,1,1,0,0,충북,충주시,차대사람,횡단중,운전자법규위반,보행자 보호의무 위반,교차로,교차로부근,승용차,보행자,127.94005818,36.97806044
9136,2016,2016-05-14 10:00,주간,토,1,1,0,0,경남,하동군,차량단독,도로이탈 기타,운전자법규위반,안전운전 의무 불이행,단일로,기타단일로,원동기장치자전거,없음,127.78412822,35.08299636
9137,2016,2016-05-15 08:00,주간,일,2,3,1,0,서울,성북구,차대차,측면직각충돌,운전자법규위반,안전운전 의무 불이행,단일로,기타단일로,이륜차,화물차,127.04366262,37.61845447
9138,2016,2016-05-15 04:00,야간,일,1,1,0,0,경기,고양시,차량단독,전도전복,운전자법규위반,안전운전 의무 불이행,단일로,횡단보도상,이륜차,없음,126.84643055,37.62491783
9139,2016,2016-05-15 10:00,주간,일,1,1,0,0,충북,보은군,차량단독,전도전복,운전자법규위반,안전운전 의무 불이행,단일로,기타단일로,농기계,없음,127.73030085,36.57786603
9140,2016,2016-05-20 07:00,주간,금,1,1,0,0,경기,고양시,차량단독,공작물충돌,운전자법규위반,안전운전 의무 불이행,단일로,기타단일로,승용차,없음,126.77876113,37.63012085
9141,2016,2016-05-24 22:00,야간,화,1,1,0,0,부산,남구,차대사람,횡단중,운전자법규위반,신호위반,단일로,횡단보도상,승용차,보행자,129.10835855,35.12745369
9142,2016,2016-05-26 20:00,야간,목,1,1,0,0,울산,남구,차대차,측면직각충돌,운전자법규위반,신호위반,교차로,교차로내,이륜차,승용차,129.33075251,35.52956762