,발생년,발생년월일시분,주야,요일,사망자수,사상자수,중상자수,경상자수,발생지시도,발생지시군구,사고유형_대분류,사고유형,법규위반_대분류,법규위반,도로형태_대분류,도로형태,가해자_당사자종별,피해자_당사자종별,경도,위도
9143,2016,2016-07-20 13:00,주간,수,1,1,0,0,충남,당진시,차대차,측면직각충돌,운전자법규위반,교차로 통행방법 위반,교차로,교차로내,화물차,이륜차,126.68550179,36.97526174
9144,2016,2016-07-21 14:00,주간,목,1,1,0,0,전남,여수시,차대사람,횡단중,운전자법규위반,안전운전 의무 불이행,단일로,기타단일로,승용차,보행자,127.56188508,34.768132
9145,2016,2016-07-21 15:00,주간,목,1,1,0,0,충남,아산시,차량단독,전도전복,운전자법규위반,신호위반,교차로,교차로내,승용차,없음,127.0109564,36.77712434
9146,2016,2016-07-01 13:00,주간,금,1,1,0,0,경기,이천시,차대차,정면충돌,운전자법규위반,중앙선 침범,단일로,기타단일로,원동기장치자전거,화물차,127.54578793,37.09417001
9147,2016,2016-07-01 06:00,주간,금,1,1,0,0,경기,시흥시,차대차,측면직각충돌,운전자법규위반,신호위반,교차로,교차로내,승용차,원동기장치자전거,126.74202194,37.34331594
9148,2016,2016-06-30 06:00,주간,목,1,1,0,0,경기,고양시,차대차,측면직각충돌,운전자법규위반,신호위반,교차로,교차로내,건설기계,이륜차,126.74296977,37.67274554
9149,2016,2016-06-09 00:00,야간,목,1,1,0,0,경남,의령군,차대사람,기타,운전자법규위반,안전운전 의무 불이행,단일로,기타단일로,승용차,보행자,128.32647132,35.47103585
9150,2016,2016-06-09 09:00,주간,목,1,1,0,0,강원,춘천시,차대사람,횡단중,운전자법규위반,안전운전 의무 불이행,교차로,교차로부근,승용차,보행자,127.73272641,37.8764632
9151,2016,2016-06-06 13:00,주간,월,1,1,0,0,전북,전주시,차대차,측면직각충돌,운전자법규위반,신호위반,교차로,교차로부근,이륜차,승용차,127.15916952,35.83023609
9152,2016,2016-06-10 18:00,야간,금,1,4,2,1,강원,속초시,차대차,진행중 추돌,운전자법규위반,안전운전 의무 불이행,단일로,기타단일로,화물차,승용차,128.57862841,38.19245148
9153,2016,2016-06-10 16:00,주간,금,1,1,0,0,충북,괴산군,차량단독,전도전복,운전자법규위반,안전운전 의무 불이행,단일로,기타단일로,이륜차,없음,127.87667506,36.87023979
9154,2016,2016-06-11 08:00,주간,토,1,1,0,0,경남,김해시,차량단독,전도전복,운전자법규위반,안전운전 의무 불이행,교차로,교차로내,화물차,없음,128.87102647,35.31374369
9155,2016,2016-06-13 20:00,야간,월,1,1,0,0,충남,당진시,차대차,측면직각충돌,운전자법규위반,중앙선 침범,교차로,교차로내,농기계,승용차,126.52707678,37.03441827
9156,2016,2016-06-21 00:00,야간,화,1,1,0,0,대구,북구,차량단독,전도전복,운전자법규위반,안전운전 의무 불이행,단일로,기타단일로,이륜차,없음,128.53886969,35.92342823
9157,2016,2016-06-21 02:00,야간,화,1,2,1,0,서울,관악구,차대차,정면충돌,운전자법규위반,중앙선 침범,단일로,기타단일로,이륜차,이륜차,126.92064962,37.48982429
9158,2016,2016-08-17 08:00,주간,수,1,2,1,0,서울,금천구,차대차,측면직각충돌,운전자법규위반,안전운전 의무 불이행,교차로,교차로내,화물차,이륜차,126.90274017,37.46460526
9159,2016,2016-08-17 21:00,야간,수,1,1,0,0,경남,고성군,차대사람,횡단중,운전자법규위반,안전운전 의무 불이행,교차로,교차로부근,화물차,보행자,128.21159747,34.99496534
9160,2016,2016-08-17 23:00,야간,수,1,1,0,0,서울,강서구,차대사람,횡단중,운전자법규위반,안전운전 의무 불이행,교차로,교차로부근,승용차,보행자,126.8491983,37.5582702
9161,2016,2016-08-16 12:00,주간,화,1,2,1,0,경남,통영시,차대차,정면충돌,운전자법규위반,중앙선 침범,단일로,기타단일로,승용차,승용차,128.39452877,34.96310612
9162,2016,2016-08-25 17:00,주간,목,1,3,0,2,광주,북구,차대차,진행중 추돌,운전자법규위반,안전운전 의무 불이행,교차로,교차로부근,승용차,승용차,126.9452502,35.2268474
9163,2016,2016-08-24 17:00,주간,수,1,1,0,0,전남,고흥군,차대사람,횡단중,운전자법규위반,안전운전 의무 불이행,교차로,교차로내,화물차,보행자,127.36497443,34.50533423
9164,2016,2016-08-23 09:00,주간,화,1,1,0,0,강원,강릉시,차량단독,전도전복,운전자법규위반,안전운전 의무 불이행,단일로,기타단일로,화물차,없음,128.77232319,37.60264424
9165,2016,2016-08-24 09:00,주간,수,1,1,0,0,전북,남원시,차량단독,전도전복,운전자법규위반,안전운전 의무 불이행,기타/불명,기타/불명,원동기장치자전거,없음,127.28306289999999,35.39205984
9166,2016,2016-08-23 10:00,주간,화,1,1,0,0,경기,남양주시,차대차,측면직각충돌,운전자법규위반,안전운전 의무 불이행,교차로,교차로내,승용차,이륜차,127.33720995,37.65621574
9167,2016,2016-08-23 05:00,야간,화,1,1,0,0,경기,수원시,차대사람,횡단중,운전자법규위반,안전운전 의무 불이행,기타/불명,기타/불명,승용차,보행자,127.00347942,37.29042982
9168,2016,2016-08-24 05:00,야간,수,1,1,0,0,제주,서귀포시,차대사람,횡단중,운전자법규위반,안전운전 의무 불이행,교차로,교차로내,승용차,보행자,126.38475564,33.26428914
9169,2016,2016-08-23 18:00,야간,화,1,1,0,0,충남,공주시,차량단독,기타,운전자법규위반,안전운전 의무 불이행,단일로,기타단일로,이륜차,없음,127.18699534,36.40628132
9170,2016,2016-08-27 05:00,야간,토,1,1,0,0,제주,제주시,차대사람,차도통행중,운전자법규위반,안전운전 의무 불이행,교차로,교차로내,승용차,보행자,126.42386036,33.49203837
9171,2016,2016-08-26 21:00,야간,금,1,1,0,0,경남,창원시(통합),차대사람,기타,운전자법규위반,안전운전 의무 불이행,단일로,기타단일로,승용차,보행자,128.55232233,35.18615251
9172,2016,2016-08-29 21:00,야간,월,1,1,0,0,전북,완주군,차대사람,길가장자리구역통행중,운전자법규위반,안전운전 의무 불이행,단일로,기타단일로,화물차,보행자,127.10346625,35.64147365
9173,2016,2016-08-28 05:00,야간,일,1,3,2,0,부산,진구,차대차,정면충돌,운전자법규위반,중앙선 침범,고가도로위,고가도로위,화물차,승용차,129.05307968,35.17013571
9174,2016,2016-08-27 15:00,주간,토,1,1,0,0,충남,태안군,차량단독,전도전복,운전자법규위반,안전운전 의무 불이행,단일로,기타단일로,화물차,없음,126.19249612,36.82335175
9175,2016,2016-09-09 10:00,주간,금,2,2,0,0,경기,부천시,차대차,측면직각충돌,운전자법규위반,신호위반,교차로,교차로내,이륜차,승용차,126.77832579,37.4944487
9176,2016,2016-09-09 09:00,주간,금,1,6,1,2,서울,중구,차대사람,기타,운전자법규위반,안전운전 의무 불이행,단일로,기타단일로,화물차,보행자,126.98490915,37.5643123
9177,2016,2016-09-13 05:00,야간,화,1,1,0,0,경북,경주시,차대사람,기타,운전자법규위반,안전운전 의무 불이행,단일로,기타단일로,승용차,보행자,129.33628204,35.67562629
9178,2016,2016-09-13 09:00,주간,화,1,1,0,0,제주,제주시,차대차,측면직각충돌,운전자법규위반,차로위반(진로변경 위반),단일로,기타단일로,원동기장치자전거,승용차,126.53196521,33.51349735
9179,2016,2016-07-21 19:00,야간,목,1,3,2,0,대구,중구,차대차,측면직각충돌,운전자법규위반,중앙선 침범,교차로,교차로내,이륜차,화물차,128.5877059,35.87393197
9180,2016,2016-07-18 05:00,야간,월,1,1,0,0,경기,오산시,차대사람,횡단중,운전자법규위반,안전운전 의무 불이행,단일로,기타단일로,승용차,보행자,127.06422101,37.14941929
9181,2016,2016-07-23 20:00,야간,토,1,1,0,0,전북,전주시,차대차,측면직각충돌,운전자법규위반,부당한 회전,단일로,기타단일로,자전거,승용차,127.12933101,35.83985814
9182,2016,2016-07-24 04:00,야간,일,1,2,1,0,경남,창원시(통합),차량단독,전도전복,운전자법규위반,안전운전 의무 불이행,단일로,기타단일로,승용차,없음,128.64052819,35.22948081
9183,2016,2016-07-23 10:00,주간,토,1,1,0,0,충북,제천시,차대차,측면직각충돌,운전자법규위반,중앙선 침범,단일로,기타단일로,자전거,승용차,128.1956247,37.14824215
9184,2016,2016-07-28 17:00,주간,목,1,1,0,0,충북,음성군,차대차,측면직각충돌,운전자법규위반,교차로 통행방법 위반,교차로,교차로내,화물차,이륜차,127.64724749,37.10191183
9185,2016,2016-07-28 14:00,주간,목,1,1,0,0,서울,노원구,차량단독,전도전복,운전자법규위반,안전운전 의무 불이행,단일로,터널안,승용차,없음,127.08679054,37.67558696
9186,2016,2016-08-05 12:00,주간,금,1,1,0,0,강원,화천군,차대사람,횡단중,운전자법규위반,안전운전 의무 불이행,단일로,기타단일로,승용차,보행자,127.60931723,38.17431009
9187,2016,2016-08-04 03:00,야간,목,1,1,0,0,경기,수원시,차량단독,공작물충돌,운전자법규위반,안전운전 의무 불이행,단일로,기타단일로,이륜차,없음,127.01764469999999,37.25052062
9188,2016,2016-08-13 17:00,주간,토,1,1,0,0,경남,사천시,차대사람,횡단중,운전자법규위반,안전운전 의무 불이행,교차로,교차로부근,승용차,보행자,128.08326509999998,34.93852497
9189,2016,2016-08-13 10:00,주간,토,1,1,0,0,경남,김해시,차대차,측면직각충돌,운전자법규위반,안전운전 의무 불이행,교차로,교차로내,건설기계,이륜차,128.80455339,35.32738137
9190,2016,2016-08-16 20:00,야간,화,1,1,0,0,경북,군위군,차대사람,길가장자리구역통행중,운전자법규위반,안전운전 의무 불이행,단일로,기타단일로,승용차,보행자,128.65538130000002,36.05849487
9191,2016,2016-08-15 19:00,야간,월,1,1,0,0,경기,가평군,차량단독,공작물충돌,운전자법규위반,안전운전 의무 불이행,단일로,기타단일로,승용차,없음,127.35944359,37.80551369
9192,2016,2016-08-16 10:00,주간,화,1,1,0,0,강원,삼척시,차대사람,길가장자리구역통행중,운전자법규위반,안전운전 의무 불이행,단일로,기타단일로,화물차,보행자,128.87952766,37.29332819
9193,2016,2016-08-22 11:00,주간,월,1,1,0,0,전남,보성군,차대차,측면직각충돌,운전자법규위반,안전운전 의무 불이행,교차로,교차로내,화물차,이륜차,127.35072532,34.84623081
9194,2016,2016-08-26 10:00,주간,금,1,2,0,1,충남,서산시,차대차,정면충돌,운전자법규위반,신호위반,교차로,교차로내,특수차,승용차,126.46433192,36.85648065
9195,2016,2016-08-27 04:00,야간,토,1,1,0,0,경북,영덕군,차대사람,차도통행중,운전자법규위반,안전운전 의무 불이행,단일로,기타단일로,화물차,보행자,129.36978065,36.39145811
9196,2016,2016-08-26 23:00,야간,금,1,1,0,0,전남,목포시,차대차,기타,운전자법규위반,안전운전 의무 불이행,단일로,기타단일로,화물차,승합차,126.42768005,34.81390386
9197,2016,2016-08-29 06:00,주간,월,1,1,0,0,부산,동구,차대사람,횡단중,운전자법규위반,신호위반,단일로,횡단보도상,건설기계,보행자,129.03943748,35.11520696
9198,2016,2016-08-29 12:00,주간,월,1,3,0,2,전북,완주군,차대차,정면충돌,운전자법규위반,중앙선 침범,단일로,교량위,승합차,화물차,127.15546658,35.73651998
9199,2016,2016-08-28 07:00,주간,일,1,1,0,0,울산,중구,차량단독,공작물충돌,운전자법규위반,안전운전 의무 불이행,교차로,교차로부근,원동기장치자전거,없음,129.34319421,35.56818806
9200,2016,2016-08-27 05:00,야간,토,1,1,0,0,경기,화성시,차대사람,횡단중,운전자법규위반,안전운전 의무 불이행,교차로,교차로내,승용차,보행자,126.97163197,37.22726653
9201,2016,2016-08-28 05:00,야간,일,1,1,0,0,전북,전주시,차대사람,횡단중,운전자법규위반,안전운전 의무 불이행,단일로,기타단일로,승용차,보행자,127.14186123,35.84329522
9202,2016,2016-09-11 10:00,주간,일,1,1,0,0,대구,수성구,차대사람,횡단중,운전자법규위반,보행자 보호의무 위반,단일로,횡단보도상,승용차,보행자,128.64046998,35.85564582
9203,2016,2016-09-10 05:00,야간,토,1,1,0,0,경기,수원시,차대차,측면직각충돌,운전자법규위반,안전운전 의무 불이행,교차로,교차로내,자전거,승용차,127.01850406,37.25014553
9204,2016,2016-09-13 08:00,주간,화,1,1,0,0,부산,남구,차대사람,횡단중,운전자법규위반,신호위반,교차로,교차로내,화물차,보행자,129.08034653,35.11864389
9205,2016,2016-09-07 21:00,야간,수,1,1,0,0,대구,남구,차대사람,횡단중,운전자법규위반,안전운전 의무 불이행,단일로,횡단보도상,승용차,보행자,128.5877156,35.8568112
9206,2016,2016-09-09 00:00,야간,금,1,1,0,0,충남,서산시,차대차,진행중 추돌,운전자법규위반,안전운전 의무 불이행,단일로,기타단일로,승용차,자전거,126.43628713,36.79420589
9207,2016,2016-09-08 20:00,야간,목,1,1,0,0,전남,영암군,차량단독,도로이탈 추락,운전자법규위반,안전운전 의무 불이행,단일로,기타단일로,원동기장치자전거,없음,126.60397944,34.78785404
9208,2016,2016-07-19 06:00,주간,화,1,1,0,0,경남,거제시,차량단독,공작물충돌,운전자법규위반,안전운전 의무 불이행,단일로,기타단일로,화물차,없음,128.68803495,34.98319465
9209,2016,2016-07-23 19:00,야간,토,1,1,0,0,충북,청주시,차대차,정면충돌,운전자법규위반,안전운전 의무 불이행,교차로,교차로내,이륜차,승용차,127.65538918,36.63348367
9210,2016,2016-07-24 05:00,야간,일,1,1,0,0,경북,경주시,차대사람,길가장자리구역통행중,운전자법규위반,안전운전 의무 불이행,단일로,기타단일로,승용차,보행자,129.44943125,35.66393966
9211,2016,2016-07-27 05:00,야간,수,1,1,0,0,전남,순천시,차량단독,전도전복,운전자법규위반,안전운전 의무 불이행,단일로,기타단일로,승용차,없음,127.55971453,34.895021
9212,2016,2016-07-25 21:00,야간,월,1,1,0,0,울산,남구,차대차,측면직각충돌,운전자법규위반,중앙선 침범,단일로,기타단일로,승용차,화물차,129.30977520000002,35.51625335
9213,2016,2016-07-26 21:00,야간,화,1,2,1,0,경기,양주시,차대차,정면충돌,운전자법규위반,중앙선 침범,단일로,기타단일로,승용차,승용차,127.02930112,37.78425144
9214,2016,2016-07-30 15:00,주간,토,1,1,0,0,부산,동래구,차대차,측면직각충돌,운전자법규위반,부당한 회전,단일로,횡단보도상,자전거,승용차,129.09602682,35.19786049
9215,2016,2016-07-30 03:00,야간,토,1,2,1,0,강원,원주시,차대차,진행중 추돌,운전자법규위반,안전운전 의무 불이행,단일로,기타단일로,승용차,화물차,127.77705702,37.29471651
9216,2016,2016-08-06 10:00,주간,토,1,1,0,0,경남,창원시(통합),차대사람,기타,운전자법규위반,안전운전 의무 불이행,단일로,기타단일로,승용차,보행자,128.72512824,35.11298152
9217,2016,2016-08-04 05:00,야간,목,1,2,1,0,서울,성동구,차량단독,전도전복,운전자법규위반,안전운전 의무 불이행,단일로,기타단일로,이륜차,없음,127.04366605,37.53809937
9218,2016,2016-08-04 20:00,야간,목,1,1,0,0,경남,밀양시,차량단독,전도전복,운전자법규위반,안전운전 의무 불이행,단일로,기타단일로,자전거,없음,128.95129063,35.46239871
9219,2016,2016-08-02 13:00,주간,화,1,1,0,0,전북,전주시,차대사람,기타,운전자법규위반,안전운전 의무 불이행,교차로,교차로내,승합차,보행자,127.10956583,35.83306953
9220,2016,2016-08-09 20:00,야간,화,1,1,0,0,충남,예산군,차량단독,전도전복,운전자법규위반,안전운전 의무 불이행,단일로,기타단일로,이륜차,없음,126.75701871,36.76032236
9221,2016,2016-08-11 06:00,주간,목,1,1,0,0,전남,목포시,차대차,기타,운전자법규위반,과속,교차로,교차로부근,승합차,화물차,126.35884792,34.76522549
9222,2016,2016-08-06 04:00,야간,토,1,1,0,0,경기,김포시,차량단독,전도전복,운전자법규위반,안전운전 의무 불이행,단일로,기타단일로,이륜차,없음,126.63805329,37.67314307
9223,2016,2016-08-07 05:00,야간,일,1,2,1,0,경기,안성시,차량단독,기타,운전자법규위반,안전운전 의무 불이행,단일로,기타단일로,이륜차,없음,127.23297125,37.01347047
9224,2016,2016-08-14 10:00,주간,일,1,2,1,0,전북,전주시,차대차,기타,운전자법규위반,안전운전 의무 불이행,단일로,기타단일로,승용차,승용차,127.06112282,35.87380835
9225,2016,2016-08-13 05:00,야간,토,1,1,0,0,인천,서구,차대사람,횡단중,운전자법규위반,안전운전 의무 불이행,단일로,기타단일로,승용차,보행자,126.65676029,37.60170894
9226,2016,2016-08-15 08:00,주간,월,1,1,0,0,전북,정읍시,차량단독,도로이탈 기타,운전자법규위반,안전운전 의무 불이행,단일로,기타단일로,농기계,없음,126.73383842,35.57951148
9227,2016,2016-08-16 08:00,주간,화,1,1,0,0,제주,서귀포시,차량단독,전도전복,운전자법규위반,안전운전 의무 불이행,단일로,기타단일로,승용차,없음,126.86843638,33.36856147
9228,2016,2016-05-25 21:00,야간,수,1,1,0,0,전북,전주시,차량단독,전도전복,운전자법규위반,안전운전 의무 불이행,단일로,기타단일로,승용차,없음,127.1252,35.83296603
9229,2016,2016-05-24 01:00,야간,화,1,1,0,0,충북,청주시,차대차,기타,운전자법규위반,안전운전 의무 불이행,단일로,기타단일로,승용차,자전거,127.47567506,36.65771559
9230,2016,2016-05-21 20:00,야간,토,1,1,0,0,인천,강화군,차대차,정면충돌,운전자법규위반,중앙선 침범,단일로,기타단일로,화물차,이륜차,126.46334996,37.76339862
9231,2016,2016-05-22 02:00,야간,일,1,1,0,0,인천,서구,차량단독,전도전복,운전자법규위반,중앙선 침범,단일로,기타단일로,이륜차,없음,126.67290045,37.5164624
9232,2016,2016-05-22 19:00,야간,일,2,2,0,0,경기,평택시,차대사람,기타,운전자법규위반,안전운전 의무 불이행,단일로,기타단일로,승용차,보행자,127.09215886,37.05926847
9233,2016,2016-05-28 08:00,주간,토,1,2,0,1,전남,영암군,차대차,측면직각충돌,운전자법규위반,안전운전 의무 불이행,교차로,교차로내,원동기장치자전거,승용차,126.61890324,34.78951398
9234,2016,2016-05-25 10:00,주간,수,1,1,0,0,충북,충주시,차대사람,횡단중,운전자법규위반,안전운전 의무 불이행,기타/불명,기타/불명,화물차,보행자,127.90999099,36.98633512
9235,2016,2016-05-04 17:00,주간,수,1,1,0,0,서울,동작구,차대차,측면직각충돌,운전자법규위반,안전운전 의무 불이행,교차로,교차로내,승용차,이륜차,126.92250648,37.49988349
9236,2016,2016-05-11 13:00,주간,수,1,3,0,2,서울,서대문구,차대사람,차도통행중,운전자법규위반,안전운전 의무 불이행,단일로,기타단일로,승용차,보행자,126.93506072,37.57986683
9237,2016,2016-05-09 16:00,주간,월,1,1,0,0,충북,진천군,차대사람,횡단중,운전자법규위반,신호위반,교차로,교차로내,건설기계,보행자,127.44878342,36.84976745
9238,2016,2016-05-14 11:00,주간,토,1,1,0,0,전북,전주시,차대차,정면충돌,운전자법규위반,안전운전 의무 불이행,교차로,교차로내,이륜차,승용차,127.19860109999999,35.77898517
9239,2016,2016-05-14 13:00,주간,토,1,2,1,0,강원,영월군,차량단독,전도전복,운전자법규위반,안전운전 의무 불이행,기타/불명,기타/불명,승용차,없음,128.18948087,37.30968102
9240,2016,2016-05-12 03:00,야간,목,1,1,0,0,경기,화성시,차량단독,전도전복,운전자법규위반,안전운전 의무 불이행,단일로,기타단일로,승용차,없음,126.94383541,37.21479912
9241,2016,2016-05-14 20:00,야간,토,1,2,0,1,경기,부천시,차대사람,횡단중,운전자법규위반,과속,교차로,교차로부근,원동기장치자전거,보행자,126.76957542,37.50898773
9242,2016,2016-05-21 14:00,주간,토,1,1,0,0,경기,평택시,차량단독,전도전복,운전자법규위반,안전운전 의무 불이행,단일로,기타단일로,승용차,없음,126.94534112,37.00399232
9243,2016,2016-05-21 15:00,주간,토,1,2,1,0,전남,고흥군,차량단독,전도전복,운전자법규위반,안전운전 의무 불이행,단일로,기타단일로,화물차,없음,127.31634609999999,34.65385219
9244,2016,2016-05-21 07:00,주간,토,1,1,0,0,전남,완도군,차량단독,전도전복,운전자법규위반,안전운전 의무 불이행,단일로,기타단일로,화물차,없음,126.91629742,34.36399931
9245,2016,2016-05-19 10:00,주간,목,1,1,0,0,충남,홍성군,차대차,측면직각충돌,운전자법규위반,차로위반(진로변경 위반),단일로,기타단일로,이륜차,승용차,126.64447741,36.55313964
9246,2016,2016-05-24 07:00,주간,화,1,8,3,4,경기,파주시,차대차,정면충돌,운전자법규위반,중앙선 침범,단일로,기타단일로,화물차,승용차,126.81312206,37.8880106
9247,2016,2016-05-23 08:00,주간,월,1,1,0,0,강원,속초시,차대차,측면직각충돌,운전자법규위반,안전운전 의무 불이행,교차로,교차로부근,자전거,화물차,128.55778125,38.18960404
9248,2016,2016-05-22 20:00,야간,일,1,1,0,0,충남,공주시,차대사람,횡단중,운전자법규위반,보행자 보호의무 위반,교차로,교차로내,화물차,보행자,127.13442503,36.450631200000004
9249,2016,2016-05-22 09:00,주간,일,1,1,0,0,충남,부여군,차대차,측면직각충돌,운전자법규위반,안전운전 의무 불이행,교차로,교차로내,화물차,자전거,126.97045553,36.22145096
9250,2016,2016-05-23 07:00,주간,월,1,1,0,0,경기,양평군,차량단독,전도전복,운전자법규위반,안전운전 의무 불이행,기타/불명,기타/불명,승용차,없음,127.52899838,37.50495105
9251,2016,2016-05-29 00:00,야간,일,1,1,0,0,경기,의정부시,차대사람,기타,운전자법규위반,안전운전 의무 불이행,교차로,교차로내,승용차,보행자,127.04051494,37.72288874
9252,2016,2016-05-28 16:00,주간,토,1,2,1,0,충남,천안시,차대차,측면직각충돌,운전자법규위반,안전운전 의무 불이행,교차로,교차로내,승용차,이륜차,127.17108053,36.75404719
9253,2016,2016-05-27 04:00,야간,금,1,1,0,0,서울,성북구,차대사람,횡단중,운전자법규위반,안전운전 의무 불이행,교차로,교차로부근,화물차,보행자,127.03365393,37.60081213
9254,2016,2016-05-26 09:00,주간,목,1,1,0,0,경북,안동시,차대차,측면직각충돌,운전자법규위반,안전운전 의무 불이행,단일로,기타단일로,이륜차,화물차,128.57705596,36.60121306
9255,2016,2016-05-30 09:00,주간,월,1,1,0,0,부산,금정구,차대사람,기타,운전자법규위반,안전운전 의무 불이행,단일로,기타단일로,건설기계,보행자,129.08688968,35.23997237
9256,2016,2016-05-30 02:00,야간,월,1,1,0,0,경기,광주시,차대사람,횡단중,운전자법규위반,신호위반,교차로,교차로부근,승용차,보행자,127.35120794,37.34432559
9257,2016,2016-05-06 03:00,야간,금,1,1,0,0,부산,북구,차량단독,공작물충돌,운전자법규위반,안전운전 의무 불이행,단일로,기타단일로,원동기장치자전거,없음,129.00471075,35.20699107
9258,2016,2016-05-04 17:00,주간,수,1,1,0,0,충남,서천군,차량단독,기타,운전자법규위반,안전운전 의무 불이행,단일로,기타단일로,화물차,없음,126.49939866,36.15799196
9259,2016,2016-05-09 00:00,야간,월,1,1,0,0,전북,완주군,차량단독,전도전복,운전자법규위반,안전운전 의무 불이행,단일로,기타단일로,승용차,없음,127.15622228,35.88461286
9260,2016,2016-05-09 16:00,주간,월,1,1,0,0,부산,연제구,차대사람,차도통행중,운전자법규위반,중앙선 침범,단일로,기타단일로,승용차,보행자,129.07257098,35.19017024
9261,2016,2016-05-14 11:00,주간,토,1,1,0,0,경북,상주시,차량단독,전도전복,운전자법규위반,안전운전 의무 불이행,기타/불명,기타/불명,농기계,없음,128.1392743,36.57427391
9262,2016,2016-05-12 21:00,야간,목,1,1,0,0,경기,수원시,차대사람,기타,운전자법규위반,보행자 보호의무 위반,단일로,기타단일로,승용차,보행자,127.01383073,37.27550068
9263,2016,2016-05-11 13:00,주간,수,1,1,0,0,경기,광명시,차대사람,횡단중,운전자법규위반,안전운전 의무 불이행,단일로,기타단일로,승합차,보행자,126.84936112,37.4678387
9264,2016,2016-05-16 10:00,주간,월,1,1,0,0,경기,이천시,차대차,측면직각충돌,운전자법규위반,안전운전 의무 불이행,단일로,기타단일로,이륜차,화물차,127.54437682,37.105753899999996
9265,2016,2016-05-15 15:00,주간,일,1,1,0,0,전북,김제시,차대차,측면직각충돌,운전자법규위반,안전운전 의무 불이행,교차로,교차로내,화물차,원동기장치자전거,126.91058012,35.86769493
9266,2016,2016-05-19 21:00,야간,목,1,7,0,6,경기,안산시,차대차,진행중 추돌,운전자법규위반,신호위반,교차로,교차로내,승용차,이륜차,126.85899107,37.33178491
9267,2016,2016-05-21 07:00,주간,토,1,1,0,0,경기,고양시,차량단독,공작물충돌,운전자법규위반,안전운전 의무 불이행,단일로,기타단일로,원동기장치자전거,없음,126.83804450000001,37.63005374
9268,2016,2016-05-22 23:00,야간,일,1,1,0,0,서울,은평구,차량단독,공작물충돌,운전자법규위반,안전운전 의무 불이행,단일로,기타단일로,원동기장치자전거,없음,126.88986674,37.58471643
9269,2016,2016-05-21 05:00,야간,토,1,1,0,0,서울,강북구,차량단독,전도전복,운전자법규위반,안전운전 의무 불이행,단일로,기타단일로,이륜차,없음,127.03913522,37.6323085
9270,2016,2016-05-25 15:00,주간,수,1,1,0,0,부산,사하구,차대사람,기타,운전자법규위반,안전운전 의무 불이행,단일로,기타단일로,승합차,보행자,128.98379589,35.098888200000005
9271,2016,2016-05-29 13:00,주간,일,1,1,0,0,경북,상주시,차대차,진행중 추돌,운전자법규위반,안전운전 의무 불이행,교차로,교차로부근,원동기장치자전거,승용차,128.16083319999998,36.40591792
9272,2016,2016-05-29 18:00,야간,일,1,1,0,0,세종,세종,차량단독,전도전복,운전자법규위반,안전운전 의무 불이행,단일로,기타단일로,승용차,없음,127.35953324,36.54042182
9273,2016,2016-05-29 17:00,주간,일,1,1,0,0,서울,관악구,차대사람,차도통행중,운전자법규위반,기타(운전자법규위반),교차로,교차로부근,승합차,보행자,126.92046682,37.47395049
9274,2016,2016-06-04 16:00,주간,토,1,3,0,2,울산,남구,차대차,측면직각충돌,운전자법규위반,중앙선 침범,단일로,기타단일로,승용차,특수차,129.34227085,35.50516849
9275,2016,2016-05-05 09:00,주간,목,1,1,0,0,대전,유성구,차대차,기타,운전자법규위반,안전운전 의무 불이행,교차로,교차로부근,승용차,자전거,127.34095766,36.35278193
9276,2016,2016-05-04 19:00,야간,수,1,3,0,2,전북,고창군,차대차,측면직각충돌,운전자법규위반,안전운전 의무 불이행,교차로,교차로내,화물차,승용차,126.60942265,35.47930768
9277,2016,2016-05-09 13:00,주간,월,1,1,0,0,경북,경산시,차대사람,횡단중,운전자법규위반,안전운전 의무 불이행,교차로,교차로내,화물차,보행자,128.83533512,35.79352303
9278,2016,2016-05-09 12:00,주간,월,1,1,0,0,경기,남양주시,차대사람,횡단중,운전자법규위반,과속,기타/불명,기타/불명,화물차,보행자,127.19862626,37.67271699
9279,2016,2016-05-09 08:00,주간,월,1,1,0,0,경기,부천시,차대사람,횡단중,운전자법규위반,안전운전 의무 불이행,교차로,교차로부근,화물차,보행자,126.80851357,37.49377298
9280,2016,2016-05-10 10:00,주간,화,1,1,0,0,강원,강릉시,차대사람,횡단중,운전자법규위반,보행자 보호의무 위반,단일로,횡단보도상,승용차,보행자,128.90503328,37.76140338
9281,2016,2016-05-10 14:00,주간,화,1,1,0,0,경북,김천시,차량단독,전도전복,운전자법규위반,안전운전 의무 불이행,단일로,기타단일로,화물차,없음,128.12048991,36.10555197
9282,2016,2016-05-08 13:00,주간,일,1,2,1,0,경북,구미시,차량단독,전도전복,운전자법규위반,안전운전 의무 불이행,단일로,기타단일로,원동기장치자전거,없음,128.41740868,36.15103128
9283,2016,2016-05-13 11:00,주간,금,1,1,0,0,충북,영동군,차대사람,기타,운전자법규위반,안전운전 의무 불이행,기타/불명,기타/불명,승합차,보행자,127.99888654,36.21196316
9284,2016,2016-05-13 17:00,주간,금,1,1,0,0,서울,노원구,차대차,진행중 추돌,운전자법규위반,안전운전 의무 불이행,교차로,교차로부근,승용차,자전거,127.07099901,37.66484976
9285,2016,2016-05-12 01:00,야간,목,1,3,2,0,부산,금정구,차대사람,기타,운전자법규위반,기타(운전자법규위반),단일로,기타단일로,승용차,보행자,129.08581272,35.27438665
9286,2016,2016-05-16 21:00,야간,월,1,1,0,0,경기,안성시,차대차,측면직각충돌,운전자법규위반,안전운전 의무 불이행,교차로,교차로내,자전거,승용차,127.27085867,37.00415667