,발생년,발생년월일시분,주야,요일,사망자수,사상자수,중상자수,경상자수,발생지시도,발생지시군구,사고유형_대분류,사고유형,법규위반_대분류,법규위반,도로형태_대분류,도로형태,가해자_당사자종별,피해자_당사자종별,경도,위도
9287,2016,2016-05-20 17:00,주간,금,1,1,0,0,광주,광산구,차대사람,횡단중,운전자법규위반,과속,단일로,기타단일로,승용차,보행자,126.8487431,35.21340033
9288,2016,2016-05-24 20:00,야간,화,1,1,0,0,충북,청주시,차대사람,기타,운전자법규위반,과속,단일로,기타단일로,승용차,보행자,127.53080636,36.72131422
9289,2016,2016-05-23 19:00,야간,월,1,1,0,0,경북,경산시,차대사람,횡단중,운전자법규위반,과속,단일로,기타단일로,승용차,보행자,128.76652496,35.86365095
9290,2016,2016-05-24 20:00,야간,화,1,1,0,0,충남,천안시,차대사람,횡단중,운전자법규위반,안전운전 의무 불이행,단일로,횡단보도상,승용차,보행자,127.12572857,36.85130773
9291,2016,2016-05-24 17:00,주간,화,2,4,0,2,경기,시흥시,차대차,정면충돌,운전자법규위반,중앙선 침범,단일로,기타단일로,승합차,승용차,126.80467972,37.414277899999995
9292,2016,2016-05-27 07:00,주간,금,1,1,0,0,인천,연수구,차대차,측면직각충돌,운전자법규위반,안전운전 의무 불이행,교차로,교차로부근,승용차,자전거,126.63692097,37.39015159
9293,2016,2016-05-29 11:00,주간,일,1,1,0,0,전북,완주군,차대차,진행중 추돌,운전자법규위반,안전운전 의무 불이행,단일로,터널안,승용차,원동기장치자전거,127.18142455,35.94615362
9294,2016,2016-05-29 21:00,야간,일,1,4,2,1,경남,진주시,차대차,측면직각충돌,운전자법규위반,과속,단일로,기타단일로,승용차,화물차,128.08833613,35.31105978
9295,2016,2016-05-29 17:00,주간,일,1,1,0,0,충남,아산시,차대차,진행중 추돌,운전자법규위반,중앙선 침범,단일로,기타단일로,자전거,승용차,127.00067424,36.78323865
9296,2016,2016-06-05 04:00,야간,일,1,1,0,0,경기,평택시,차대사람,기타,운전자법규위반,안전운전 의무 불이행,교차로,교차로부근,승용차,보행자,127.07941988,37.00746381
9297,2016,2016-06-04 08:00,주간,토,1,1,0,0,경기,남양주시,차량단독,공작물충돌,운전자법규위반,안전운전 의무 불이행,교차로,교차로부근,승용차,없음,127.11030693,37.64576065
9298,2016,2016-06-04 14:00,주간,토,1,3,1,1,경남,하동군,차대차,측면직각충돌,운전자법규위반,안전운전 의무 불이행,교차로,교차로내,승용차,승용차,127.90239771,35.02587073
9299,2016,2016-05-05 12:00,주간,목,1,1,0,0,경북,경산시,차대사람,횡단중,운전자법규위반,안전운전 의무 불이행,교차로,교차로내,화물차,보행자,128.73547319,35.73884715
9300,2016,2016-05-09 22:00,야간,월,1,1,0,0,경남,남해군,차대사람,기타,운전자법규위반,안전운전 의무 불이행,단일로,기타단일로,승용차,보행자,127.89904616,34.84105082
9301,2016,2016-05-10 08:00,주간,화,1,2,1,0,강원,속초시,차대차,측면직각충돌,운전자법규위반,중앙선 침범,단일로,기타단일로,승용차,승용차,128.6016206,38.18142333
9302,2016,2016-05-14 08:00,주간,토,1,1,0,0,충북,청주시,차대차,측면직각충돌,운전자법규위반,신호위반,교차로,교차로내,승용차,이륜차,127.43527157,36.644268200000006
9303,2016,2016-05-11 22:00,야간,수,1,1,0,0,전북,군산시,차량단독,전도전복,운전자법규위반,안전운전 의무 불이행,단일로,기타단일로,승용차,없음,126.82310846,35.92341833
9304,2016,2016-05-12 12:00,주간,목,1,2,0,1,경남,창녕군,차대차,측면직각충돌,운전자법규위반,안전운전 의무 불이행,교차로,교차로내,승합차,이륜차,128.45959736,35.39158122
9305,2016,2016-05-18 10:00,주간,수,1,1,0,0,충북,청주시,차대사람,기타,운전자법규위반,안전운전 의무 불이행,지하도로내,지하도로내,화물차,보행자,127.4915814,36.69858241
9306,2016,2016-05-20 21:00,야간,금,1,1,0,0,경북,구미시,차대사람,횡단중,운전자법규위반,안전운전 의무 불이행,교차로,교차로내,화물차,보행자,128.32886136,36.12398146
9307,2016,2016-05-18 00:00,야간,수,1,1,0,0,경북,안동시,차대사람,차도통행중,운전자법규위반,안전운전 의무 불이행,단일로,기타단일로,승용차,보행자,128.73521721,36.56582933
9308,2016,2016-05-24 20:00,야간,화,1,1,0,0,전북,김제시,차대차,측면직각충돌,운전자법규위반,중앙선 침범,단일로,기타단일로,자전거,화물차,126.94209127,35.90890957
9309,2016,2016-05-23 23:00,야간,월,1,2,1,0,충남,예산군,차대차,정면충돌,운전자법규위반,직진 및 우회전차의 통행방해,교차로,교차로내,화물차,승용차,126.83953391,36.70669401
9310,2016,2016-06-03 21:00,야간,금,1,1,0,0,서울,강남구,차대차,측면직각충돌,운전자법규위반,신호위반,교차로,교차로부근,승용차,이륜차,127.05698321,37.51988863
9311,2016,2016-06-04 05:00,야간,토,1,1,0,0,전북,익산시,차량단독,전도전복,운전자법규위반,안전운전 의무 불이행,단일로,기타단일로,이륜차,없음,126.93504507,36.08903954
9312,2016,2016-06-04 13:00,주간,토,1,3,2,0,강원,양양군,차대차,정면충돌,운전자법규위반,중앙선 침범,교차로,교차로부근,승용차,승용차,128.68913030000002,38.03475117
9313,2016,2016-07-29 10:00,주간,금,1,1,0,0,제주,서귀포시,차량단독,전도전복,운전자법규위반,안전운전 의무 불이행,교차로,교차로내,농기계,없음,126.30038090000001,33.28658193
9314,2016,2016-07-25 13:00,주간,월,1,1,0,0,경남,합천군,차량단독,전도전복,운전자법규위반,안전운전 의무 불이행,단일로,기타단일로,건설기계,없음,128.30562333,35.54995299
9315,2016,2016-07-31 09:00,주간,일,1,1,0,0,강원,강릉시,차대사람,횡단중,운전자법규위반,안전운전 의무 불이행,교차로,교차로부근,승용차,보행자,128.82334713,37.88634312
9316,2016,2016-07-31 07:00,주간,일,1,1,0,0,경남,창녕군,차대차,정면충돌,운전자법규위반,안전운전 의무 불이행,단일로,기타단일로,화물차,이륜차,128.40826188,35.60194132
9317,2016,2016-07-31 08:00,주간,일,1,1,0,0,전남,고흥군,차대사람,횡단중,운전자법규위반,안전운전 의무 불이행,단일로,기타단일로,화물차,보행자,127.24942605,34.55649198
9318,2016,2016-07-31 02:00,야간,일,1,1,0,0,인천,남구,차대사람,횡단중,운전자법규위반,안전운전 의무 불이행,단일로,횡단보도상,승용차,보행자,126.69456986,37.4574749
9319,2016,2016-08-06 14:00,주간,토,1,3,1,0,충남,부여군,차대차,측면직각충돌,운전자법규위반,중앙선 침범,단일로,기타단일로,화물차,화물차,126.88087306,36.21346605
9320,2016,2016-08-05 20:00,야간,금,1,4,2,1,전남,목포시,차대차,정면충돌,운전자법규위반,직진 및 우회전차의 통행방해,교차로,교차로내,승용차,승용차,126.35904398,34.75494775
9321,2016,2016-08-10 08:00,주간,수,1,1,0,0,경북,상주시,차대차,측면직각충돌,운전자법규위반,교차로 통행방법 위반,단일로,기타단일로,원동기장치자전거,화물차,128.15380427,36.4707572
9322,2016,2016-08-06 12:00,주간,토,1,2,1,0,전남,신안군,차량단독,도로이탈 추락,운전자법규위반,안전운전 의무 불이행,단일로,기타단일로,이륜차,없음,125.99218418,34.696766700000005
9323,2016,2016-08-12 21:00,야간,금,1,1,0,0,경기,이천시,차대사람,횡단중,운전자법규위반,보행자 보호의무 위반,단일로,기타단일로,승용차,보행자,127.4496801,37.27654239
9324,2016,2016-08-12 10:00,주간,금,1,1,0,0,경기,화성시,차대차,진행중 추돌,운전자법규위반,안전거리 미확보,단일로,기타단일로,이륜차,화물차,126.93904104,37.19254798
9325,2016,2016-08-16 07:00,주간,화,1,1,0,0,인천,서구,차대사람,횡단중,운전자법규위반,신호위반,단일로,기타단일로,승용차,보행자,126.67737921,37.55993811
9326,2016,2016-08-22 11:00,주간,월,1,1,0,0,충남,논산시,차대사람,횡단중,운전자법규위반,안전운전 의무 불이행,단일로,터널안,승용차,보행자,127.06854712,36.17873242
9327,2016,2016-08-22 12:00,주간,월,1,1,0,0,경기,파주시,차대사람,횡단중,운전자법규위반,보행자 보호의무 위반,교차로,교차로내,화물차,보행자,126.77661384,37.75909541
9328,2016,2016-08-20 06:00,주간,토,1,1,0,0,경북,영주시,차대사람,횡단중,운전자법규위반,보행자 보호의무 위반,교차로,교차로내,화물차,보행자,128.62243703,36.82366551
9329,2016,2016-08-18 19:00,야간,목,1,1,0,0,경북,경주시,차대사람,길가장자리구역통행중,운전자법규위반,안전운전 의무 불이행,단일로,기타단일로,승용차,보행자,129.24707289,35.92508056
9330,2016,2016-08-25 17:00,주간,목,1,2,0,1,경북,경주시,차대차,기타,운전자법규위반,안전운전 의무 불이행,단일로,기타단일로,승용차,이륜차,129.22561487,35.83365603
9331,2016,2016-08-22 05:00,야간,월,1,1,0,0,경북,예천군,차대차,측면직각충돌,운전자법규위반,안전운전 의무 불이행,교차로,교차로내,화물차,농기계,128.55510902,36.70124517
9332,2016,2016-08-22 04:00,야간,월,1,1,0,0,부산,금정구,차대사람,횡단중,운전자법규위반,안전운전 의무 불이행,단일로,횡단보도상,화물차,보행자,129.09142642,35.25477551
9333,2016,2016-08-24 03:00,야간,수,1,1,0,0,강원,춘천시,차대사람,길가장자리구역통행중,운전자법규위반,안전운전 의무 불이행,단일로,기타단일로,승용차,보행자,127.75232183,37.86749989
9334,2016,2016-08-22 09:00,주간,월,1,1,0,0,충남,홍성군,차대차,정면충돌,운전자법규위반,중앙선 침범,단일로,기타단일로,승용차,화물차,126.52458109999999,36.58371644
9335,2016,2016-08-28 19:00,야간,일,1,1,0,0,인천,계양구,차대사람,기타,운전자법규위반,안전운전 의무 불이행,단일로,기타단일로,승용차,보행자,126.74426333,37.56082505
9336,2016,2016-08-28 22:00,야간,일,1,1,0,0,경남,창원시(통합),차대사람,횡단중,운전자법규위반,안전운전 의무 불이행,단일로,기타단일로,승용차,보행자,128.56422518,35.19352329
9337,2016,2016-08-28 09:00,주간,일,1,1,0,0,전북,순창군,차대차,측면직각충돌,운전자법규위반,신호위반,교차로,교차로내,이륜차,승용차,127.147825,35.36819839
9338,2016,2016-09-08 19:00,야간,목,1,1,0,0,경기,포천시,차대사람,횡단중,운전자법규위반,과속,단일로,기타단일로,화물차,보행자,127.20688793,38.10142523
9339,2016,2016-07-23 09:00,주간,토,1,1,0,0,경북,의성군,차대차,진행중 추돌,운전자법규위반,안전운전 의무 불이행,단일로,기타단일로,승용차,농기계,128.66618309,36.42918661
9340,2016,2016-07-23 04:00,야간,토,1,1,0,0,경북,칠곡군,차량단독,공작물충돌,운전자법규위반,안전운전 의무 불이행,교차로,교차로부근,승용차,없음,128.40545145,35.98859103
9341,2016,2016-07-23 01:00,야간,토,1,1,0,0,서울,강동구,차량단독,전도전복,운전자법규위반,중앙선 침범,단일로,기타단일로,이륜차,없음,127.16529715,37.55434357
9342,2016,2016-07-28 10:00,주간,목,1,1,0,0,충남,부여군,차대차,측면직각충돌,운전자법규위반,중앙선 침범,단일로,기타단일로,이륜차,화물차,126.77874972,36.20674562
9343,2016,2016-07-27 04:00,야간,수,1,1,0,0,경기,고양시,차대차,진행중 추돌,운전자법규위반,안전운전 의무 불이행,단일로,기타단일로,승용차,화물차,126.73614601,37.65036679999999
9344,2016,2016-07-27 08:00,주간,수,1,1,0,0,전북,순창군,차대차,측면직각충돌,운전자법규위반,중앙선 침범,교차로,교차로부근,승합차,승용차,127.14565529,35.37449481
9345,2016,2016-08-01 03:00,야간,월,1,1,0,0,강원,속초시,차대사람,기타,운전자법규위반,안전운전 의무 불이행,단일로,기타단일로,승용차,보행자,128.54550464,38.1655431
9346,2016,2016-07-31 22:00,야간,일,1,1,0,0,부산,북구,차대차,정면충돌,운전자법규위반,중앙선 침범,단일로,횡단보도상,원동기장치자전거,승합차,129.00346399,35.20967532
9347,2016,2016-07-29 20:00,야간,금,1,1,0,0,서울,강동구,차대사람,차도통행중,운전자법규위반,안전운전 의무 불이행,교차로,교차로내,승용차,보행자,127.1353148,37.55256023
9348,2016,2016-07-30 17:00,주간,토,1,1,0,0,충북,충주시,차대차,측면직각충돌,운전자법규위반,교차로 통행방법 위반,교차로,교차로내,승용차,화물차,127.96662949,36.90054298
9349,2016,2016-07-30 23:00,야간,토,1,1,0,0,충북,제천시,차량단독,공작물충돌,운전자법규위반,안전운전 의무 불이행,단일로,기타단일로,이륜차,없음,127.99449307,37.12339043
9350,2016,2016-07-29 22:00,야간,금,1,1,0,0,세종,세종,차대사람,횡단중,운전자법규위반,안전운전 의무 불이행,단일로,기타단일로,승용차,보행자,127.29034165,36.62416018
9351,2016,2016-08-13 01:00,야간,토,1,2,1,0,경기,수원시,차량단독,전도전복,운전자법규위반,안전운전 의무 불이행,단일로,기타단일로,원동기장치자전거,없음,127.05056298,37.2650815
9352,2016,2016-08-13 11:00,주간,토,1,1,0,0,충남,홍성군,차대차,측면직각충돌,운전자법규위반,교차로 통행방법 위반,교차로,교차로내,승용차,이륜차,126.6623156,36.57336031
9353,2016,2016-08-16 12:00,주간,화,2,2,0,0,경북,성주군,차대차,진행중 추돌,운전자법규위반,안전운전 의무 불이행,교차로,교차로부근,승합차,농기계,128.27036381,35.97114249
9354,2016,2016-08-20 11:00,주간,토,1,1,0,0,경기,용인시,차대사람,횡단중,운전자법규위반,안전운전 의무 불이행,교차로,교차로내,승용차,보행자,127.08759097,37.32056175
9355,2016,2016-08-23 05:00,야간,화,1,1,0,0,경기,광주시,차대차,측면직각충돌,운전자법규위반,신호위반,단일로,횡단보도상,화물차,자전거,127.26954309999999,37.41568339
9356,2016,2016-08-18 05:00,야간,목,1,5,0,3,대구,수성구,차대차,측면직각충돌,운전자법규위반,안전운전 의무 불이행,단일로,기타단일로,승용차,승용차,128.63208835,35.82530637
9357,2016,2016-08-18 06:00,주간,목,1,1,0,0,충남,홍성군,차량단독,전도전복,운전자법규위반,안전운전 의무 불이행,단일로,기타단일로,농기계,없음,126.66444653,36.49271934
9358,2016,2016-08-15 22:00,야간,월,1,1,0,0,경기,파주시,차대사람,차도통행중,운전자법규위반,안전운전 의무 불이행,교차로,교차로내,승합차,보행자,126.87067341,37.84976586
9359,2016,2016-08-15 05:00,야간,월,1,1,0,0,충남,당진시,차량단독,전도전복,운전자법규위반,안전운전 의무 불이행,단일로,기타단일로,승용차,없음,126.66582388,36.90261444
9360,2016,2016-08-20 21:00,야간,토,1,1,0,0,전북,정읍시,차량단독,전도전복,운전자법규위반,안전운전 의무 불이행,단일로,기타단일로,화물차,없음,126.92138536,35.63759712
9361,2016,2016-08-19 15:00,주간,금,1,1,0,0,충남,홍성군,차량단독,전도전복,운전자법규위반,안전운전 의무 불이행,단일로,기타단일로,승용차,없음,126.62663366,36.52926524
9362,2016,2016-09-08 11:00,주간,목,1,4,3,0,대전,동구,차대차,측면직각충돌,운전자법규위반,신호위반,교차로,교차로부근,승용차,승용차,127.47624479999999,36.33161801
9363,2016,2016-09-11 16:00,주간,일,1,1,0,0,경기,파주시,차대차,측면직각충돌,운전자법규위반,신호위반,교차로,교차로내,이륜차,승합차,126.74940519,37.71153432
9364,2016,2016-09-20 19:00,야간,화,1,1,0,0,충북,충주시,차대사람,기타,운전자법규위반,과속,단일로,기타단일로,승용차,보행자,127.99630977,36.83861907
9365,2016,2016-09-14 02:00,야간,수,2,4,0,2,경북,영덕군,차대차,정면충돌,운전자법규위반,중앙선 침범,단일로,기타단일로,이륜차,승용차,129.41599501,36.63020114
9366,2016,2016-09-15 10:00,주간,목,1,1,0,0,경북,청도군,차량단독,전도전복,운전자법규위반,안전운전 의무 불이행,단일로,기타단일로,이륜차,없음,128.77189575,35.65583883
9367,2016,2016-09-14 01:00,야간,수,1,2,1,0,경기,군포시,차대사람,횡단중,운전자법규위반,안전운전 의무 불이행,단일로,기타단일로,승용차,보행자,126.93387005,37.35964091
9368,2016,2016-09-15 17:00,주간,목,1,1,0,0,경기,고양시,차량단독,기타,운전자법규위반,안전운전 의무 불이행,단일로,기타단일로,자전거,없음,126.69845051,37.66860275
9369,2016,2016-09-18 09:00,주간,일,1,2,0,1,전북,순창군,차량단독,전도전복,운전자법규위반,안전운전 의무 불이행,단일로,기타단일로,승용차,없음,127.12008851,35.43774191
9370,2016,2016-09-14 11:00,주간,수,1,1,0,0,경남,창녕군,차대차,기타,운전자법규위반,안전운전 의무 불이행,교차로,교차로내,승용차,원동기장치자전거,128.48285199,35.54010025
9371,2016,2016-09-19 18:00,야간,월,1,1,0,0,강원,화천군,차대차,측면직각충돌,운전자법규위반,안전운전 의무 불이행,교차로,교차로부근,화물차,자전거,127.70629508,38.09814883
9372,2016,2016-07-23 03:00,야간,토,1,2,0,1,경기,수원시,차대사람,횡단중,운전자법규위반,과속,단일로,횡단보도상,이륜차,보행자,127.0119854,37.29925374
9373,2016,2016-07-22 20:00,야간,금,1,1,0,0,부산,기장군,차량단독,전도전복,운전자법규위반,안전운전 의무 불이행,단일로,기타단일로,승용차,없음,129.14534872,35.36466103
9374,2016,2016-07-22 17:00,주간,금,1,1,0,0,충북,진천군,차대차,측면직각충돌,운전자법규위반,신호위반,교차로,교차로내,이륜차,승합차,127.44126418,36.86950603
9375,2016,2016-07-26 06:00,주간,화,1,3,2,0,인천,강화군,차대차,측면직각충돌,운전자법규위반,신호위반,교차로,교차로내,화물차,승합차,126.52327323,37.62924683
9376,2016,2016-07-26 18:00,야간,화,1,1,0,0,충북,제천시,차대차,정면충돌,운전자법규위반,중앙선 침범,단일로,기타단일로,이륜차,승용차,128.09622322,37.18880711
9377,2016,2016-07-31 00:00,야간,일,1,1,0,0,대전,동구,차대차,측면직각충돌,운전자법규위반,신호위반,단일로,기타단일로,원동기장치자전거,자전거,127.44866507,36.33581956
9378,2016,2016-08-05 02:00,야간,금,1,2,0,1,전북,전주시,차대차,기타,운전자법규위반,안전거리 미확보,단일로,기타단일로,화물차,승용차,127.0713717,35.86787402
9379,2016,2016-08-05 02:00,야간,금,1,1,0,0,경북,경산시,차량단독,전도전복,운전자법규위반,안전운전 의무 불이행,단일로,기타단일로,이륜차,없음,128.74930414,35.82421717
9380,2016,2016-08-03 08:00,주간,수,1,1,0,0,서울,양천구,차대사람,횡단중,운전자법규위반,안전운전 의무 불이행,단일로,기타단일로,승용차,보행자,126.83676632,37.52252579
9381,2016,2016-08-09 18:00,야간,화,1,1,0,0,경북,군위군,차대차,정면충돌,운전자법규위반,안전운전 의무 불이행,교차로,교차로내,승용차,이륜차,128.66535085,36.19599703
9382,2016,2016-08-09 16:00,주간,화,1,9,6,2,전남,순천시,차대차,기타,운전자법규위반,신호위반,교차로,교차로내,승용차,화물차,127.42194383,35.08939978
9383,2016,2016-08-08 13:00,주간,월,1,2,1,0,제주,서귀포시,차량단독,전도전복,운전자법규위반,안전운전 의무 불이행,단일로,기타단일로,화물차,없음,126.44716598,33.26993648
9384,2016,2016-08-13 14:00,주간,토,1,6,3,2,충북,단양군,차대차,측면직각충돌,운전자법규위반,직진 및 우회전차의 통행방해,교차로,교차로내,화물차,승용차,128.33715255,36.99105927
9385,2016,2016-11-03 22:00,야간,목,1,1,0,0,부산,사상구,차대사람,횡단중,운전자법규위반,안전운전 의무 불이행,단일로,기타단일로,화물차,보행자,128.98896163,35.14390778
9386,2016,2016-10-31 18:00,야간,월,1,1,0,0,전남,장흥군,차대사람,횡단중,운전자법규위반,안전운전 의무 불이행,단일로,기타단일로,승용차,보행자,126.89798640000001,34.71784688
9387,2016,2016-11-04 07:00,주간,금,1,1,0,0,충남,예산군,차대사람,횡단중,운전자법규위반,안전운전 의무 불이행,단일로,기타단일로,화물차,보행자,126.83697436,36.61617149
9388,2016,2016-11-02 08:00,주간,수,1,1,0,0,경북,경주시,차대차,측면직각충돌,운전자법규위반,안전운전 의무 불이행,단일로,기타단일로,승용차,원동기장치자전거,129.29037083,35.76581839
9389,2016,2016-11-03 23:00,야간,목,1,1,0,0,충남,논산시,차대사람,횡단중,운전자법규위반,안전운전 의무 불이행,교차로,교차로내,화물차,보행자,127.21845959,36.21048104
9390,2016,2016-12-10 20:00,야간,토,1,1,0,0,제주,제주시,차대사람,기타,운전자법규위반,안전운전 의무 불이행,단일로,기타단일로,승용차,보행자,126.67007790000001,33.52558435
9391,2016,2016-12-08 17:00,주간,목,1,1,0,0,대구,달성군,차대차,진행중 추돌,운전자법규위반,안전운전 의무 불이행,단일로,기타단일로,화물차,특수차,128.4572904,35.64456951
9392,2016,2016-12-10 21:00,야간,토,1,1,0,0,세종,세종,차대차,진행중 추돌,운전자법규위반,안전운전 의무 불이행,교차로,교차로부근,이륜차,화물차,127.16640181,36.72980244
9393,2016,2016-12-09 04:00,야간,금,1,1,0,0,서울,중구,차대사람,횡단중,운전자법규위반,안전운전 의무 불이행,단일로,횡단보도부근,승용차,보행자,126.99527719,37.56153586
9394,2016,2016-12-09 16:00,주간,금,1,1,0,0,충북,청주시,차대차,진행중 추돌,운전자법규위반,안전거리 미확보,단일로,기타단일로,화물차,화물차,127.38135172,36.62117539
9395,2016,2016-12-06 07:00,주간,화,1,1,0,0,경기,고양시,차대사람,횡단중,운전자법규위반,안전운전 의무 불이행,단일로,기타단일로,승용차,보행자,126.78916505,37.68122603
9396,2016,2016-12-05 17:00,주간,월,1,1,0,0,부산,북구,차대사람,횡단중,운전자법규위반,보행자 보호의무 위반,단일로,횡단보도상,승용차,보행자,129.00090225,35.20615838
9397,2016,2016-12-05 20:00,야간,월,1,1,0,0,서울,노원구,차대차,측면직각충돌,운전자법규위반,중앙선 침범,교차로,교차로내,이륜차,승합차,127.08483707,37.62317632
9398,2016,2016-05-27 13:00,주간,금,1,1,0,0,대구,달서구,차량단독,기타,운전자법규위반,안전운전 의무 불이행,단일로,기타단일로,원동기장치자전거,없음,128.5452468,35.81652732
9399,2016,2016-05-27 12:00,주간,금,1,3,1,1,충남,금산군,차대사람,길가장자리구역통행중,운전자법규위반,중앙선 침범,단일로,기타단일로,화물차,보행자,127.48160309,36.19397859
9400,2016,2016-06-02 10:00,주간,목,1,1,0,0,경기,고양시,차량단독,기타,운전자법규위반,기타(운전자법규위반),단일로,기타단일로,승합차,없음,126.78426868,37.66440478
9401,2016,2016-06-02 19:00,야간,목,1,1,0,0,경북,의성군,차량단독,공작물충돌,운전자법규위반,안전운전 의무 불이행,단일로,기타단일로,화물차,없음,128.80065304,36.30818132
9402,2016,2016-06-03 01:00,야간,금,1,1,0,0,충남,천안시,차량단독,공작물충돌,운전자법규위반,안전운전 의무 불이행,교차로,교차로내,승용차,없음,127.18444501,36.85529128
9403,2016,2016-05-04 17:00,주간,수,1,1,0,0,대구,달성군,차대사람,횡단중,운전자법규위반,안전운전 의무 불이행,단일로,기타단일로,화물차,보행자,128.43996389,35.69456924
9404,2016,2016-05-05 00:00,야간,목,1,1,0,0,대구,달서구,차대차,기타,운전자법규위반,안전운전 의무 불이행,단일로,기타단일로,승용차,화물차,128.51352149,35.859975399999996
9405,2016,2016-05-07 15:00,주간,토,1,1,0,0,충남,논산시,차대차,측면직각충돌,운전자법규위반,중앙선 침범,단일로,기타단일로,이륜차,승용차,127.22408883,36.12800089
9406,2016,2016-05-13 12:00,주간,금,1,1,0,0,전북,남원시,차량단독,전도전복,운전자법규위반,안전운전 의무 불이행,단일로,기타단일로,이륜차,없음,127.24111144,35.38448423
9407,2016,2016-05-12 19:00,야간,목,1,1,0,0,경기,평택시,차량단독,전도전복,운전자법규위반,안전운전 의무 불이행,교차로,교차로내,화물차,없음,127.06344756,37.10960089
9408,2016,2016-05-11 06:00,주간,수,1,1,0,0,경기,화성시,차량단독,공작물충돌,운전자법규위반,안전운전 의무 불이행,단일로,기타단일로,승용차,없음,126.73308031,37.073860100000005
9409,2016,2016-05-14 17:00,주간,토,1,1,0,0,경남,통영시,차대사람,차도통행중,운전자법규위반,안전운전 의무 불이행,교차로,교차로부근,화물차,보행자,128.42333049,34.82765075
9410,2016,2016-05-20 09:00,주간,금,1,5,0,4,전남,해남군,차대차,진행중 추돌,운전자법규위반,안전운전 의무 불이행,단일로,기타단일로,이륜차,승용차,126.64910819,34.57354188
9411,2016,2016-05-23 11:00,주간,월,1,1,0,0,경남,진주시,차대사람,횡단중,운전자법규위반,보행자 보호의무 위반,교차로,교차로부근,승용차,보행자,128.06212744,35.19236849
9412,2016,2016-05-22 11:00,주간,일,1,2,0,0,충남,공주시,차량단독,전도전복,운전자법규위반,안전운전 의무 불이행,교차로,교차로내,농기계,없음,127.08041135,36.38284825
9413,2016,2016-05-22 11:00,주간,일,1,1,0,0,전남,해남군,차량단독,전도전복,운전자법규위반,안전운전 의무 불이행,단일로,기타단일로,원동기장치자전거,없음,126.69992772,34.44534512
9414,2016,2016-05-23 03:00,야간,월,1,1,0,0,서울,마포구,차대사람,횡단중,운전자법규위반,안전운전 의무 불이행,단일로,기타단일로,승합차,보행자,126.95280408,37.55713736
9415,2016,2016-05-22 13:00,주간,일,1,1,0,0,충북,음성군,차량단독,전도전복,운전자법규위반,안전운전 의무 불이행,단일로,기타단일로,화물차,없음,127.70227888,36.94476419
9416,2016,2016-05-26 17:00,주간,목,1,1,0,0,서울,강북구,차대사람,횡단중,운전자법규위반,안전운전 의무 불이행,단일로,기타단일로,원동기장치자전거,보행자,127.04675941,37.62723645
9417,2016,2016-06-02 03:00,야간,목,1,1,0,0,인천,남동구,차량단독,공작물충돌,운전자법규위반,안전운전 의무 불이행,지하도로내,지하도로내,이륜차,없음,126.70711017,37.46604591
9418,2016,2016-06-02 05:00,야간,목,1,1,0,0,전남,강진군,차대사람,횡단중,운전자법규위반,안전운전 의무 불이행,단일로,기타단일로,승합차,보행자,126.72744955,34.53943451
9419,2016,2016-06-03 01:00,야간,금,1,1,0,0,경기,의정부시,차대사람,기타,운전자법규위반,안전운전 의무 불이행,단일로,기타단일로,승용차,보행자,127.04768013,37.70338469
9420,2016,2016-06-03 20:00,야간,금,1,1,0,0,서울,성동구,차대사람,길가장자리구역통행중,운전자법규위반,안전운전 의무 불이행,교차로,교차로내,승용차,보행자,127.04456781,37.54988353
9421,2016,2016-06-02 01:00,야간,목,1,1,0,0,울산,남구,차대사람,횡단중,운전자법규위반,안전운전 의무 불이행,교차로,교차로내,승용차,보행자,129.31587038,35.53033358
9422,2016,2016-05-09 12:00,주간,월,1,1,0,0,강원,강릉시,차량단독,전도전복,운전자법규위반,안전운전 의무 불이행,교차로,교차로내,이륜차,없음,128.8382451,37.86931864
9423,2016,2016-05-07 12:00,주간,토,1,5,0,4,강원,원주시,차대차,정면충돌,운전자법규위반,안전운전 의무 불이행,교차로,교차로내,승용차,승용차,127.91603234,37.31448272
9424,2016,2016-05-10 22:00,야간,화,1,1,0,0,경북,포항시,차대사람,횡단중,운전자법규위반,안전운전 의무 불이행,단일로,기타단일로,승용차,보행자,129.35954298,36.03322331
9425,2016,2016-05-20 08:00,주간,금,1,1,0,0,충남,논산시,차량단독,전도전복,운전자법규위반,안전운전 의무 불이행,단일로,기타단일로,이륜차,없음,127.08779455,36.11963956
9426,2016,2016-05-18 20:00,야간,수,1,1,0,0,경북,성주군,차량단독,공작물충돌,운전자법규위반,안전운전 의무 불이행,단일로,기타단일로,화물차,없음,128.34008332,35.890605799999996
9427,2016,2016-05-23 21:00,야간,월,1,1,0,0,전북,남원시,차량단독,전도전복,운전자법규위반,안전운전 의무 불이행,단일로,기타단일로,승용차,없음,127.27615289,35.31439376
9428,2016,2016-05-22 11:00,주간,일,1,2,1,0,인천,남동구,차대차,진행중 추돌,운전자법규위반,안전거리 미확보,단일로,기타단일로,이륜차,이륜차,126.73682116,37.42318836
9429,2016,2016-05-22 14:00,주간,일,1,1,0,0,충북,음성군,차대차,진행중 추돌,운전자법규위반,중앙선 침범,단일로,기타단일로,승용차,이륜차,127.60765857,37.032174499999996
9430,2016,2016-05-22 23:00,야간,일,1,1,0,0,대구,달서구,차대사람,횡단중,운전자법규위반,안전운전 의무 불이행,단일로,기타단일로,승용차,보행자,128.53729006,35.85580563