,발생년,발생년월일시분,주야,요일,사망자수,사상자수,중상자수,경상자수,발생지시도,발생지시군구,사고유형_대분류,사고유형,법규위반_대분류,법규위반,도로형태_대분류,도로형태,가해자_당사자종별,피해자_당사자종별,경도,위도
9575,2016,2016-06-23 16:00,주간,목,1,1,0,0,경북,경산시,차량단독,전도전복,운전자법규위반,안전운전 의무 불이행,단일로,기타단일로,화물차,없음,128.79095892,35.78034921
9576,2016,2016-06-24 16:00,주간,금,1,1,0,0,충남,금산군,차대사람,횡단중,운전자법규위반,보행자 보호의무 위반,교차로,교차로내,승용차,보행자,127.49046708,36.10858276
9577,2016,2016-06-22 11:00,주간,수,1,3,0,1,경기,평택시,차대차,진행중 추돌,운전자법규위반,안전운전 의무 불이행,교차로,교차로부근,화물차,화물차,126.92777609,37.05615559
9578,2016,2016-07-01 18:00,야간,금,1,5,3,0,경기,용인시,차대사람,기타,운전자법규위반,과속,교차로,교차로부근,승용차,보행자,127.20838245,37.23775817
9579,2016,2016-06-29 12:00,주간,수,1,1,0,0,강원,화천군,차량단독,전도전복,운전자법규위반,안전운전 의무 불이행,단일로,기타단일로,농기계,없음,127.83255026,38.05561662
9580,2016,2016-06-30 11:00,주간,목,1,1,0,0,강원,영월군,차량단독,기타,운전자법규위반,안전운전 의무 불이행,단일로,기타단일로,농기계,없음,128.45095234,37.18735529999999
9581,2016,2016-06-30 08:00,주간,목,1,1,0,0,충남,홍성군,차량단독,전도전복,운전자법규위반,안전운전 의무 불이행,단일로,기타단일로,화물차,없음,126.70728424,36.54109718
9582,2016,2016-06-28 22:00,야간,화,1,1,0,0,경북,구미시,차대차,측면직각충돌,운전자법규위반,안전운전 의무 불이행,단일로,기타단일로,승용차,이륜차,128.38725506,36.10207036
9583,2016,2016-07-06 01:00,야간,수,1,1,0,0,경북,포항시,차대사람,횡단중,운전자법규위반,안전운전 의무 불이행,교차로,교차로부근,승용차,보행자,129.33147839,36.03670227
9584,2016,2016-07-03 22:00,야간,일,1,1,0,0,울산,남구,차대사람,횡단중,운전자법규위반,안전운전 의무 불이행,교차로,교차로부근,승용차,보행자,129.34244775,35.53991913
9585,2016,2016-07-05 07:00,주간,화,1,1,0,0,전남,순천시,차량단독,기타,운전자법규위반,안전운전 의무 불이행,교차로,교차로부근,승용차,없음,127.49663849,34.93126822
9586,2016,2016-07-10 11:00,주간,일,1,1,0,0,경북,상주시,차대차,측면직각충돌,운전자법규위반,교차로 통행방법 위반,교차로,교차로내,화물차,이륜차,128.0312051,36.39756768
9587,2016,2016-07-09 09:00,주간,토,1,1,0,0,강원,평창군,차대차,진행중 추돌,운전자법규위반,안전운전 의무 불이행,단일로,기타단일로,이륜차,화물차,128.42055655,37.42066144
9588,2016,2016-07-08 20:00,야간,금,1,2,1,0,전북,임실군,차대차,측면직각충돌,운전자법규위반,직진 및 우회전차의 통행방해,교차로,교차로내,이륜차,승용차,127.36926614,35.5724911
9589,2016,2016-07-08 20:00,야간,금,1,1,0,0,경남,고성군,차대사람,횡단중,운전자법규위반,보행자 보호의무 위반,단일로,횡단보도상,승용차,보행자,128.31032576,34.99490554
9590,2016,2016-07-08 19:00,야간,금,1,1,0,0,인천,서구,차대사람,보도통행중,운전자법규위반,안전운전 의무 불이행,단일로,기타단일로,자전거,보행자,126.66349772,37.57739129
9591,2016,2016-06-07 22:00,야간,화,1,1,0,0,경북,경주시,차대사람,횡단중,운전자법규위반,안전운전 의무 불이행,단일로,기타단일로,승용차,보행자,129.21737924,35.84037294
9592,2016,2016-07-07 23:00,야간,목,1,1,0,0,대전,동구,차대사람,횡단중,운전자법규위반,안전운전 의무 불이행,단일로,기타단일로,승용차,보행자,127.43204277,36.33262881
9593,2016,2016-07-07 22:00,야간,목,1,1,0,0,충남,서천군,차대사람,차도통행중,운전자법규위반,안전운전 의무 불이행,단일로,기타단일로,승용차,보행자,126.70847662,36.04308502
9594,2016,2016-06-09 10:00,주간,목,1,1,0,0,충남,부여군,차대차,측면직각충돌,운전자법규위반,안전운전 의무 불이행,교차로,교차로내,화물차,이륜차,126.95416881,36.31389399
9595,2016,2016-06-05 20:00,야간,일,1,1,0,0,충남,아산시,차대사람,횡단중,운전자법규위반,보행자 보호의무 위반,교차로,교차로내,승합차,보행자,126.98544908,36.6582113
9596,2016,2016-06-06 15:00,주간,월,1,1,0,0,경기,김포시,차대차,기타,운전자법규위반,안전운전 의무 불이행,단일로,기타단일로,이륜차,특수차,126.66403123,37.676232299999995
9597,2016,2016-06-12 15:00,주간,일,1,7,2,2,서울,영등포구,차대차,측면직각충돌,운전자법규위반,신호위반,단일로,기타단일로,승용차,승용차,126.93345105,37.52023497
9598,2016,2016-06-13 14:00,주간,월,1,2,0,1,경기,용인시,차대차,진행중 추돌,운전자법규위반,안전운전 의무 불이행,지하도로내,지하도로내,승합차,승용차,127.15322659,37.26789655
9599,2016,2016-06-12 12:00,주간,일,1,2,1,0,울산,남구,차량단독,공작물충돌,운전자법규위반,안전운전 의무 불이행,단일로,기타단일로,승용차,없음,129.29484506,35.54397285
9600,2016,2016-06-13 12:00,주간,월,1,2,1,0,전남,여수시,차대사람,횡단중,운전자법규위반,보행자 보호의무 위반,단일로,기타단일로,승용차,보행자,127.73475142,34.74005648
9601,2016,2016-06-15 20:00,야간,수,1,1,0,0,경기,김포시,차대사람,횡단중,운전자법규위반,보행자 보호의무 위반,교차로,교차로부근,자전거,보행자,126.70162952,37.6258566
9602,2016,2016-06-16 05:00,야간,목,1,1,0,0,인천,연수구,차대사람,차도통행중,운전자법규위반,안전운전 의무 불이행,단일로,기타단일로,승용차,보행자,126.65713604,37.42728721
9603,2016,2016-06-14 19:00,야간,화,1,1,0,0,전남,순천시,차대사람,기타,운전자법규위반,안전운전 의무 불이행,단일로,기타단일로,화물차,보행자,127.51000361,34.98609427
9604,2016,2016-06-13 23:00,야간,월,1,1,0,0,강원,홍천군,차대사람,횡단중,운전자법규위반,안전운전 의무 불이행,교차로,교차로부근,승용차,보행자,128.0028522,37.82153205
9605,2016,2016-06-18 21:00,야간,토,1,1,0,0,강원,태백시,차대사람,횡단중,운전자법규위반,안전운전 의무 불이행,단일로,기타단일로,승용차,보행자,128.99032846,37.16015671
9606,2016,2016-06-20 12:00,주간,월,1,1,0,0,경남,통영시,차량단독,공작물충돌,운전자법규위반,안전운전 의무 불이행,단일로,기타단일로,승용차,없음,128.42642638,34.86386757
9607,2016,2016-06-17 11:00,주간,금,1,1,0,0,충북,영동군,차대사람,횡단중,운전자법규위반,안전운전 의무 불이행,교차로,교차로내,화물차,보행자,127.77981738,36.17646915
9608,2016,2016-06-24 04:00,야간,금,1,1,0,0,서울,광진구,차량단독,전도전복,운전자법규위반,안전운전 의무 불이행,교차로,교차로내,화물차,없음,127.07997085,37.57162918
9609,2016,2016-06-24 08:00,주간,금,1,7,4,1,부산,사하구,차대차,기타,운전자법규위반,중앙선 침범,교차로,교차로부근,특수차,화물차,128.98664431,35.08591947
9610,2016,2016-08-13 22:00,야간,토,1,1,0,0,경기,수원시,차대사람,횡단중,운전자법규위반,과속,교차로,교차로부근,승용차,보행자,126.98212076,37.25119986
9611,2016,2016-08-12 17:00,주간,금,1,1,0,0,경남,함안군,차량단독,도로이탈 추락,운전자법규위반,안전운전 의무 불이행,교차로,교차로부근,이륜차,없음,128.47906958,35.3783241
9612,2016,2016-08-12 19:00,야간,금,1,2,1,0,경남,밀양시,차대차,진행중 추돌,운전자법규위반,안전운전 의무 불이행,단일로,기타단일로,승용차,농기계,128.68891351,35.52826391
9613,2016,2016-08-14 22:00,야간,일,1,1,0,0,전북,임실군,차대사람,차도통행중,운전자법규위반,안전운전 의무 불이행,단일로,기타단일로,승용차,보행자,127.21805438,35.66863648
9614,2016,2016-08-20 18:00,야간,토,1,1,0,0,충남,청양군,차량단독,전도전복,운전자법규위반,안전운전 의무 불이행,단일로,기타단일로,이륜차,없음,126.86660556,36.55226379
9615,2016,2016-08-22 17:00,주간,월,1,1,0,0,충남,천안시,차대사람,횡단중,운전자법규위반,안전운전 의무 불이행,단일로,횡단보도부근,승용차,보행자,127.16538545,36.78332921
9616,2016,2016-08-23 01:00,야간,화,1,3,1,1,대전,유성구,차대차,정면충돌,운전자법규위반,신호위반,교차로,교차로내,승용차,승용차,127.39348916,36.37432397
9617,2016,2016-08-26 13:00,주간,금,2,2,0,0,울산,울주군,차량단독,전도전복,운전자법규위반,안전운전 의무 불이행,교차로,교차로내,승용차,없음,129.10055315,35.52739777
9618,2016,2016-08-27 04:00,야간,토,1,1,0,0,충남,아산시,차대차,진행중 추돌,운전자법규위반,안전운전 의무 불이행,교차로,교차로부근,원동기장치자전거,화물차,126.99602907,36.76866036
9619,2016,2016-08-27 08:00,주간,토,1,1,0,0,서울,마포구,차대사람,횡단중,운전자법규위반,안전운전 의무 불이행,단일로,기타단일로,승용차,보행자,126.94182336,37.54629683
9620,2016,2016-09-08 01:00,야간,목,1,2,1,0,부산,연제구,차대사람,차도통행중,운전자법규위반,기타(운전자법규위반),단일로,기타단일로,승용차,보행자,129.08113458,35.18775062
9621,2016,2016-07-22 14:00,주간,금,1,1,0,0,경남,거제시,차대차,정면충돌,운전자법규위반,중앙선 침범,단일로,기타단일로,승용차,화물차,128.57853609,34.87388487
9622,2016,2016-07-22 08:00,주간,금,1,1,0,0,서울,성북구,차대사람,횡단중,운전자법규위반,보행자 보호의무 위반,교차로,교차로내,승용차,보행자,127.02341702,37.58061717
9623,2016,2016-07-22 20:00,야간,금,1,1,0,0,광주,북구,차대차,측면직각충돌,운전자법규위반,과속,단일로,기타단일로,화물차,자전거,126.90599889,35.24327034
9624,2016,2016-07-22 21:00,야간,금,1,2,0,1,충북,음성군,차대사람,횡단중,운전자법규위반,신호위반,교차로,교차로내,승용차,보행자,127.68933228,36.92763993
9625,2016,2016-07-29 07:00,주간,금,1,1,0,0,강원,강릉시,차대차,기타,운전자법규위반,안전운전 의무 불이행,단일로,기타단일로,화물차,원동기장치자전거,128.92748973,37.74016029999999
9626,2016,2016-07-27 16:00,주간,수,1,1,0,0,충남,천안시,차대차,측면직각충돌,운전자법규위반,중앙선 침범,단일로,기타단일로,화물차,원동기장치자전거,127.30725062,36.76824647
9627,2016,2016-07-26 15:00,주간,화,1,2,0,1,경기,김포시,차대차,정면충돌,운전자법규위반,중앙선 침범,단일로,기타단일로,승용차,화물차,126.56006679,37.68078528
9628,2016,2016-07-27 10:00,주간,수,1,1,0,0,전남,담양군,차대사람,기타,운전자법규위반,안전운전 의무 불이행,단일로,기타단일로,승용차,보행자,126.94902096,35.25261701
9629,2016,2016-07-27 15:00,주간,수,1,1,0,0,경남,창원시(통합),차대차,측면직각충돌,운전자법규위반,안전운전 의무 불이행,교차로,교차로내,승용차,자전거,128.62618002,35.25991057
9630,2016,2016-08-01 21:00,야간,월,1,1,0,0,부산,서구,차대사람,횡단중,운전자법규위반,보행자 보호의무 위반,단일로,기타단일로,승용차,보행자,129.0181155,35.11676163
9631,2016,2016-08-05 06:00,주간,금,1,1,0,0,경남,창녕군,차대차,측면직각충돌,운전자법규위반,안전운전 의무 불이행,교차로,교차로내,자전거,화물차,128.47306284,35.53150604
9632,2016,2016-08-02 09:00,주간,화,1,1,0,0,경북,의성군,차대차,기타,운전자법규위반,안전운전 의무 불이행,교차로,교차로부근,승용차,이륜차,128.35136848,36.45138223
9633,2016,2016-08-09 12:00,주간,화,1,2,0,1,충남,보령시,차대사람,기타,운전자법규위반,중앙선 침범,단일로,기타단일로,승용차,보행자,126.55310406,36.44922024
9634,2016,2016-08-07 10:00,주간,일,1,1,0,0,충남,천안시,차대사람,횡단중,운전자법규위반,보행자 보호의무 위반,단일로,횡단보도상,승용차,보행자,127.20181468,36.87430284
9635,2016,2016-08-14 03:00,야간,일,1,2,0,1,광주,광산구,차대차,정면충돌,운전자법규위반,차로위반(진로변경 위반),단일로,기타단일로,승용차,승용차,126.77897415,35.10778602
9636,2016,2016-08-11 09:00,주간,목,1,1,0,0,강원,속초시,차대차,진행중 추돌,운전자법규위반,안전운전 의무 불이행,단일로,기타단일로,원동기장치자전거,승합차,128.60482668,38.17295776
9637,2016,2016-08-22 17:00,주간,월,1,1,0,0,강원,평창군,차대사람,기타,운전자법규위반,안전운전 의무 불이행,단일로,기타단일로,화물차,보행자,128.40425472,37.371303000000005
9638,2016,2016-08-20 20:00,야간,토,1,1,0,0,경남,남해군,차량단독,전도전복,운전자법규위반,안전운전 의무 불이행,단일로,기타단일로,승용차,없음,127.89648828,34.83223996
9639,2016,2016-08-22 14:00,주간,월,1,1,0,0,경북,군위군,차대사람,횡단중,운전자법규위반,안전운전 의무 불이행,교차로,교차로내,화물차,보행자,128.71187502,36.17216797
9640,2016,2016-08-19 08:00,주간,금,1,1,0,0,경기,수원시,차대차,측면직각충돌,운전자법규위반,안전거리 미확보,단일로,기타단일로,승합차,이륜차,127.00200264,37.26457171
9641,2016,2016-08-19 07:00,주간,금,1,1,0,0,경북,영천시,차대사람,횡단중,운전자법규위반,안전운전 의무 불이행,단일로,기타단일로,승용차,보행자,129.0035612,35.99254704
9642,2016,2016-08-25 21:00,야간,목,1,1,0,0,충남,예산군,차대사람,횡단중,운전자법규위반,안전운전 의무 불이행,단일로,기타단일로,승용차,보행자,126.80761919,36.68494048
9643,2016,2016-08-24 07:00,주간,수,1,1,0,0,전북,군산시,차량단독,전도전복,운전자법규위반,안전운전 의무 불이행,교차로,교차로부근,승용차,없음,126.73602373,35.97008341
9644,2016,2016-08-26 23:00,야간,금,1,1,0,0,충북,제천시,차대사람,횡단중,운전자법규위반,안전운전 의무 불이행,단일로,기타단일로,화물차,보행자,128.20125825,37.13883437
9645,2016,2016-08-29 19:00,야간,월,1,1,0,0,전북,부안군,차대사람,횡단중,운전자법규위반,과속,단일로,기타단일로,승용차,보행자,126.67294257,35.66557625
9646,2016,2016-08-27 14:00,주간,토,1,1,0,0,경기,성남시,차대차,진행중 추돌,운전자법규위반,중앙선 침범,단일로,기타단일로,승용차,이륜차,127.07422953,37.35625433
9647,2016,2016-09-08 17:00,주간,목,1,1,0,0,충북,청주시,차량단독,전도전복,운전자법규위반,안전운전 의무 불이행,단일로,기타단일로,자전거,없음,127.4592745,36.46124508
9648,2016,2016-09-18 10:00,주간,일,1,1,0,0,경남,창원시(통합),차대차,측면직각충돌,운전자법규위반,안전운전 의무 불이행,교차로,교차로부근,자전거,승용차,128.5880894,35.23439071
9649,2016,2016-09-21 14:00,주간,수,1,1,0,0,충남,태안군,차대사람,횡단중,운전자법규위반,안전운전 의무 불이행,교차로,교차로내,승합차,보행자,126.34989808,36.51564027
9650,2016,2016-09-20 19:00,야간,화,1,1,0,0,경기,파주시,차대사람,횡단중,운전자법규위반,보행자 보호의무 위반,교차로,교차로부근,승합차,보행자,126.84015593,37.82916635
9651,2016,2016-07-24 11:00,주간,일,1,1,0,0,경북,영천시,차량단독,전도전복,운전자법규위반,안전운전 의무 불이행,단일로,기타단일로,화물차,없음,128.83173275,36.03117951
9652,2016,2016-07-28 08:00,주간,목,1,1,0,0,경북,포항시,차대차,기타,운전자법규위반,안전운전 의무 불이행,교차로,교차로내,화물차,자전거,129.34804774,36.01005365
9653,2016,2016-08-21 00:00,야간,일,2,3,1,0,대구,달성군,차대차,진행중 추돌,운전자법규위반,과속,단일로,기타단일로,이륜차,원동기장치자전거,128.42736356,35.73154511
9654,2016,2016-08-26 00:00,야간,금,1,2,1,0,경기,안성시,차대사람,횡단중,운전자법규위반,보행자 보호의무 위반,교차로,교차로내,승용차,보행자,127.17108168,36.99974845
9655,2016,2016-08-28 17:00,주간,일,1,1,0,0,전북,전주시,차대사람,횡단중,운전자법규위반,보행자 보호의무 위반,교차로,교차로내,승합차,보행자,127.13291306,35.79538341
9656,2016,2016-08-28 18:00,야간,일,1,1,0,0,경북,경산시,차대사람,횡단중,운전자법규위반,보행자 보호의무 위반,단일로,횡단보도상,승용차,보행자,128.73757352,35.83015356
9657,2016,2016-08-28 21:00,야간,일,1,1,0,0,대구,동구,차대사람,횡단중,운전자법규위반,보행자 보호의무 위반,단일로,횡단보도상,승용차,보행자,128.69407845,35.98813705
9658,2016,2016-08-29 07:00,주간,월,1,1,0,0,부산,동래구,차대사람,차도통행중,운전자법규위반,안전운전 의무 불이행,교차로,교차로내,승합차,보행자,129.09732319,35.19428479
9659,2016,2016-09-12 10:00,주간,월,1,1,0,0,전남,영광군,차량단독,전도전복,운전자법규위반,안전운전 의무 불이행,단일로,기타단일로,이륜차,없음,126.57120115,35.30305423
9660,2016,2016-09-08 05:00,야간,목,1,1,0,0,인천,부평구,차대차,기타,운전자법규위반,신호위반,교차로,교차로부근,승용차,자전거,126.72518261,37.48764043
9661,2016,2016-09-13 09:00,주간,화,1,1,0,0,광주,북구,차대차,진행중 추돌,운전자법규위반,안전운전 의무 불이행,단일로,기타단일로,화물차,자전거,126.90371739,35.16147516
9662,2016,2016-09-07 21:00,야간,수,1,1,0,0,울산,북구,차대사람,횡단중,운전자법규위반,안전운전 의무 불이행,단일로,기타단일로,승용차,보행자,129.356507,35.57610627
9663,2016,2016-09-11 20:00,야간,일,1,1,0,0,전남,여수시,차대사람,횡단중,운전자법규위반,안전운전 의무 불이행,단일로,기타단일로,승용차,보행자,127.55708421,34.81065305
9664,2016,2016-09-09 03:00,야간,금,1,1,0,0,충북,청주시,차량단독,기타,운전자법규위반,안전운전 의무 불이행,단일로,기타단일로,승용차,없음,127.51222630000001,36.63679371
9665,2016,2016-09-09 09:00,주간,금,1,1,0,0,경북,청도군,차량단독,전도전복,운전자법규위반,안전운전 의무 불이행,단일로,기타단일로,농기계,없음,128.86634752,35.681301
9666,2016,2016-09-09 13:00,주간,금,1,1,0,0,경북,상주시,차대차,진행중 추돌,운전자법규위반,안전운전 의무 불이행,교차로,교차로내,화물차,자전거,128.15085579,36.42379565
9667,2016,2016-09-13 10:00,주간,화,1,1,0,0,인천,서구,차대사람,횡단중,운전자법규위반,안전운전 의무 불이행,교차로,교차로내,승합차,보행자,126.67870923,37.49318432
9668,2016,2016-07-18 07:00,주간,월,1,1,0,0,충남,예산군,차대차,측면직각충돌,운전자법규위반,신호위반,교차로,교차로내,승용차,승용차,126.79020611,36.68950757
9669,2016,2016-07-18 14:00,주간,월,1,1,0,0,전북,무주군,차량단독,전도전복,운전자법규위반,안전운전 의무 불이행,단일로,기타단일로,농기계,없음,127.81736707,36.012694399999994
9670,2016,2016-07-24 05:00,야간,일,1,1,0,0,서울,송파구,차대사람,횡단중,운전자법규위반,신호위반,단일로,기타단일로,승용차,보행자,127.11160941,37.5005286
9671,2016,2016-07-29 03:00,야간,금,1,1,0,0,경기,안산시,차대사람,횡단중,운전자법규위반,안전운전 의무 불이행,교차로,교차로부근,승용차,보행자,126.82933492,37.31937081
9672,2016,2016-07-28 04:00,야간,목,1,1,0,0,경기,동두천시,차대사람,기타,운전자법규위반,안전운전 의무 불이행,단일로,기타단일로,승용차,보행자,127.04327883,37.93200325
9673,2016,2016-07-31 10:00,주간,일,1,1,0,0,경기,수원시,차대차,측면직각충돌,운전자법규위반,교차로 통행방법 위반,교차로,교차로부근,자전거,승용차,127.00940398,37.29540315
9674,2016,2016-07-29 23:00,야간,금,1,2,0,1,서울,마포구,차대사람,기타,운전자법규위반,안전운전 의무 불이행,교차로,교차로내,승용차,보행자,126.94077051,37.54175806
9675,2016,2016-08-11 06:00,주간,목,1,1,0,0,서울,강북구,차대사람,횡단중,운전자법규위반,보행자 보호의무 위반,교차로,교차로내,승용차,보행자,127.034201,37.61300044
9676,2016,2016-08-12 22:00,야간,금,1,1,0,0,충남,공주시,차대사람,차도통행중,운전자법규위반,안전운전 의무 불이행,단일로,기타단일로,승용차,보행자,127.21178771,36.43354281
9677,2016,2016-08-21 19:00,야간,일,1,1,0,0,대전,동구,차대사람,횡단중,운전자법규위반,보행자 보호의무 위반,단일로,횡단보도상,승용차,보행자,127.44317525,36.22334845
9678,2016,2016-08-22 17:00,주간,월,1,2,0,1,서울,중구,차대차,진행중 추돌,운전자법규위반,안전운전 의무 불이행,단일로,기타단일로,이륜차,이륜차,127.01479021,37.56963967
9679,2016,2016-08-21 20:00,야간,일,1,1,0,0,경기,광주시,차대사람,차도통행중,운전자법규위반,안전운전 의무 불이행,교차로,교차로내,승용차,보행자,127.25604295,37.40391134
9680,2016,2016-08-27 00:00,야간,토,1,1,0,0,충남,보령시,차대차,측면직각충돌,운전자법규위반,안전운전 의무 불이행,단일로,기타단일로,승용차,자전거,126.59134795,36.34930673
9681,2016,2016-09-10 04:00,야간,토,1,1,0,0,서울,강동구,차대사람,횡단중,운전자법규위반,신호위반,단일로,기타단일로,승용차,보행자,127.17308582,37.56226125
9682,2016,2016-09-19 02:00,야간,월,1,1,0,0,서울,강북구,차량단독,전도전복,운전자법규위반,안전운전 의무 불이행,단일로,기타단일로,원동기장치자전거,없음,127.01270404,37.62388294
9683,2016,2016-07-19 16:00,주간,화,1,1,0,0,서울,강동구,차대사람,횡단중,운전자법규위반,보행자 보호의무 위반,교차로,교차로내,건설기계,보행자,127.16704563,37.54559636
9684,2016,2016-07-19 15:00,주간,화,1,1,0,0,전북,완주군,차대사람,횡단중,운전자법규위반,안전운전 의무 불이행,단일로,기타단일로,화물차,보행자,127.21993685,35.74963472
9685,2016,2016-07-24 21:00,야간,일,1,1,0,0,경기,수원시,차대사람,횡단중,운전자법규위반,안전운전 의무 불이행,단일로,기타단일로,승용차,보행자,127.00792553,37.29719979
9686,2016,2016-07-24 19:00,야간,일,1,1,0,0,경북,구미시,차대사람,횡단중,운전자법규위반,안전운전 의무 불이행,단일로,기타단일로,승용차,보행자,128.43780882,36.09327394
9687,2016,2016-07-24 11:00,주간,일,1,1,0,0,강원,원주시,차대차,정면충돌,운전자법규위반,안전운전 의무 불이행,단일로,기타단일로,화물차,건설기계,127.96212513,37.329662299999995
9688,2016,2016-07-22 16:00,주간,금,1,1,0,0,경기,하남시,차대차,정면충돌,운전자법규위반,안전운전 의무 불이행,교차로,교차로내,승합차,이륜차,127.21340822,37.53519914
9689,2016,2016-07-22 07:00,주간,금,1,1,0,0,경북,문경시,차량단독,전도전복,운전자법규위반,안전운전 의무 불이행,교차로,교차로부근,이륜차,없음,128.31115525,36.76031882
9690,2016,2016-07-28 18:00,야간,목,1,1,0,0,경북,예천군,차량단독,공작물충돌,운전자법규위반,안전운전 의무 불이행,단일로,기타단일로,승용차,없음,128.49905571,36.61545952
9691,2016,2016-07-26 05:00,야간,화,1,1,0,0,경기,파주시,차량단독,공작물충돌,운전자법규위반,안전운전 의무 불이행,교차로,교차로내,승용차,없음,126.79477282,37.79788956
9692,2016,2016-08-01 23:00,야간,월,1,1,0,0,경남,남해군,차대사람,횡단중,운전자법규위반,보행자 보호의무 위반,단일로,횡단보도상,승합차,보행자,127.89505095,34.85872932
9693,2016,2016-07-29 19:00,야간,금,1,1,0,0,서울,은평구,차대차,측면직각충돌,운전자법규위반,교차로 통행방법 위반,교차로,교차로내,원동기장치자전거,승용차,126.92504582,37.60090084
9694,2016,2016-08-05 17:00,주간,금,1,1,0,0,충남,태안군,차대사람,횡단중,운전자법규위반,보행자 보호의무 위반,교차로,교차로내,화물차,보행자,126.34510041,36.52059703
9695,2016,2016-08-05 05:00,야간,금,1,2,1,0,전남,완도군,차량단독,기타,운전자법규위반,안전운전 의무 불이행,단일로,기타단일로,농기계,없음,126.64372858,34.17540462
9696,2016,2016-06-25 20:00,야간,토,1,1,0,0,충남,공주시,차대사람,기타,운전자법규위반,안전운전 의무 불이행,단일로,기타단일로,화물차,보행자,127.05050031,36.4655713
9697,2016,2016-06-30 05:00,야간,목,1,3,1,1,충북,청주시,차대차,정면충돌,운전자법규위반,안전운전 의무 불이행,단일로,기타단일로,승용차,승용차,127.49533629999999,36.62242435
9698,2016,2016-07-02 16:00,주간,토,1,1,0,0,전남,신안군,차대사람,횡단중,운전자법규위반,안전운전 의무 불이행,단일로,기타단일로,화물차,보행자,126.20625101,35.06064887
9699,2016,2016-07-09 02:00,야간,토,1,2,1,0,전북,전주시,차량단독,전도전복,운전자법규위반,안전운전 의무 불이행,단일로,기타단일로,이륜차,없음,127.11460020000001,35.833771
9700,2016,2016-07-06 18:00,야간,수,1,1,0,0,강원,춘천시,차량단독,전도전복,운전자법규위반,안전운전 의무 불이행,단일로,기타단일로,원동기장치자전거,없음,127.64738381,37.82270249
9701,2016,2016-07-08 00:00,야간,금,1,1,0,0,강원,철원군,차량단독,공작물충돌,운전자법규위반,안전운전 의무 불이행,단일로,기타단일로,승용차,없음,127.25361629,38.24392279999999
9702,2016,2016-07-16 21:00,야간,토,1,1,0,0,경기,수원시,차대사람,횡단중,운전자법규위반,안전운전 의무 불이행,기타/불명,기타/불명,승용차,보행자,127.01648534,37.28194749
9703,2016,2016-07-18 00:00,야간,월,1,1,0,0,부산,북구,차대사람,횡단중,운전자법규위반,안전운전 의무 불이행,단일로,기타단일로,승용차,보행자,129.01130992,35.21163509
9704,2016,2016-06-08 22:00,야간,수,1,1,0,0,인천,남동구,차대차,정면충돌,운전자법규위반,교차로 통행방법 위반,교차로,교차로내,승용차,이륜차,126.70728600000001,37.44714126
9705,2016,2016-06-09 12:00,주간,목,1,1,0,0,전북,전주시,차대차,측면직각충돌,운전자법규위반,중앙선 침범,교차로,교차로내,자전거,화물차,127.14388654,35.81876831
9706,2016,2016-06-07 13:00,주간,화,1,2,0,1,전북,순창군,차량단독,전도전복,운전자법규위반,안전운전 의무 불이행,교차로,교차로부근,농기계,없음,127.20856299,35.48889622
9707,2016,2016-06-11 07:00,주간,토,1,1,0,0,제주,서귀포시,차대차,측면직각충돌,운전자법규위반,서행 및 일시정지위반,교차로,교차로내,이륜차,화물차,126.6892295,33.28032215
9708,2016,2016-06-11 11:00,주간,토,1,4,3,0,경기,고양시,차대사람,기타,운전자법규위반,안전운전 의무 불이행,단일로,기타단일로,승용차,보행자,126.86719717,37.67363974
9709,2016,2016-06-10 10:00,주간,금,1,1,0,0,전남,순천시,차대사람,차도통행중,운전자법규위반,안전운전 의무 불이행,교차로,교차로내,화물차,보행자,127.51794122,34.95811211
9710,2016,2016-06-14 08:00,주간,화,1,3,1,1,경남,의령군,차대차,측면직각충돌,운전자법규위반,안전운전 의무 불이행,교차로,교차로내,승용차,승용차,128.26214019,35.31695098
9711,2016,2016-06-23 20:00,야간,목,1,1,0,0,경북,구미시,차량단독,전도전복,운전자법규위반,안전운전 의무 불이행,단일로,기타단일로,이륜차,없음,128.34852545,36.14726589
9712,2016,2016-06-21 23:00,야간,화,1,1,0,0,경남,합천군,차대사람,기타,운전자법규위반,안전운전 의무 불이행,단일로,기타단일로,화물차,보행자,128.08841777,35.7317696
9713,2016,2016-06-26 20:00,야간,일,1,1,0,0,전남,영암군,차대사람,횡단중,운전자법규위반,안전운전 의무 불이행,교차로,교차로부근,승용차,보행자,126.67273636,34.9347099
9714,2016,2016-06-30 02:00,야간,목,1,6,5,0,광주,광산구,차대차,정면충돌,운전자법규위반,과속,교차로,교차로내,승용차,승용차,126.79508377,35.18017903
9715,2016,2016-06-29 13:00,주간,수,1,1,0,0,서울,송파구,차량단독,전도전복,운전자법규위반,안전운전 의무 불이행,단일로,기타단일로,화물차,없음,127.11065093,37.53411187
9716,2016,2016-07-05 23:00,야간,화,1,1,0,0,전북,김제시,차대사람,횡단중,운전자법규위반,과속,교차로,교차로내,승용차,보행자,126.89554348,35.80405358
9717,2016,2016-07-09 18:00,야간,토,1,2,1,0,충북,옥천군,차대차,측면직각충돌,운전자법규위반,중앙선 침범,단일로,기타단일로,승용차,승용차,127.54719004,36.31773627
9718,2016,2016-07-17 10:00,주간,일,2,5,1,2,경기,고양시,차대차,진행중 추돌,운전자법규위반,안전운전 의무 불이행,단일로,기타단일로,승용차,승용차,126.85778107,37.57930043