,발생년,발생년월일시분,주야,요일,사망자수,사상자수,중상자수,경상자수,발생지시도,발생지시군구,사고유형_대분류,사고유형,법규위반_대분류,법규위반,도로형태_대분류,도로형태,가해자_당사자종별,피해자_당사자종별,경도,위도
9719,2016,2016-06-08 05:00,야간,수,1,1,0,0,경기,광명시,차대차,기타,운전자법규위반,과속,지하도로내,지하도로내,승용차,이륜차,126.894943,37.43867851
9720,2016,2016-06-07 10:00,주간,화,1,1,0,0,전남,해남군,차량단독,공작물충돌,운전자법규위반,안전운전 의무 불이행,기타/불명,기타/불명,승용차,없음,126.53369839,34.50863031
9721,2016,2016-06-06 05:00,야간,월,1,1,0,0,경기,남양주시,차대사람,기타,운전자법규위반,안전운전 의무 불이행,교차로,교차로부근,승합차,보행자,127.25556288,37.65531768
9722,2016,2016-06-10 17:00,주간,금,1,1,0,0,경남,거창군,차대차,측면직각충돌,운전자법규위반,안전운전 의무 불이행,교차로,교차로내,원동기장치자전거,특수차,127.92743329999999,35.69179469
9723,2016,2016-06-11 13:00,주간,토,1,3,0,2,서울,강서구,차대차,기타,운전자법규위반,안전운전 의무 불이행,지하도로내,지하도로내,승용차,승용차,126.80743866,37.56112422
9724,2016,2016-06-17 23:00,야간,금,1,1,0,0,전남,여수시,차대차,기타,운전자법규위반,보행자 보호의무 위반,단일로,기타단일로,승용차,승용차,127.66508425,34.76038873
9725,2016,2016-06-19 22:00,야간,일,1,1,0,0,부산,수영구,차대사람,차도통행중,운전자법규위반,안전운전 의무 불이행,교차로,교차로부근,승용차,보행자,129.11670062,35.15306535
9726,2016,2016-06-19 02:00,야간,일,1,1,0,0,경남,남해군,차대사람,횡단중,운전자법규위반,안전운전 의무 불이행,단일로,기타단일로,화물차,보행자,127.98382252,34.81486269
9727,2016,2016-06-18 09:00,주간,토,1,1,0,0,세종,세종,차대사람,기타,운전자법규위반,보행자 보호의무 위반,교차로,교차로부근,건설기계,보행자,127.23977739,36.53445097
9728,2016,2016-06-23 09:00,주간,목,1,1,0,0,경기,남양주시,차대차,기타,운전자법규위반,안전운전 의무 불이행,교차로,교차로내,승용차,자전거,127.15710951,37.65106163
9729,2016,2016-06-22 16:00,주간,수,1,1,0,0,서울,마포구,차대사람,차도통행중,운전자법규위반,안전운전 의무 불이행,단일로,기타단일로,화물차,보행자,126.93684618,37.54730073
9730,2016,2016-06-25 02:00,야간,토,1,1,0,0,경기,수원시,차대사람,횡단중,운전자법규위반,안전운전 의무 불이행,단일로,기타단일로,승용차,보행자,127.00181949,37.30605292
9731,2016,2016-07-02 02:00,야간,토,1,1,0,0,서울,성북구,차량단독,공작물충돌,운전자법규위반,안전운전 의무 불이행,교차로,교차로부근,이륜차,없음,127.04531000000001,37.60471536
9732,2016,2016-07-09 08:00,주간,토,1,2,1,0,강원,강릉시,차대차,측면직각충돌,운전자법규위반,안전운전 의무 불이행,교차로,교차로내,승용차,원동기장치자전거,128.84009428,37.83909038
9733,2016,2016-07-10 05:00,야간,일,1,4,0,3,인천,연수구,차대차,진행중 추돌,운전자법규위반,중앙선 침범,고가도로위,고가도로위,이륜차,승용차,126.67722244,37.41643401
9734,2016,2016-07-08 00:00,야간,금,1,1,0,0,서울,중랑구,차량단독,공작물충돌,운전자법규위반,안전운전 의무 불이행,단일로,기타단일로,화물차,없음,127.08514493,37.62018495
9735,2016,2016-07-07 22:00,야간,목,1,1,0,0,경기,평택시,차량단독,전도전복,운전자법규위반,안전운전 의무 불이행,교차로,교차로내,화물차,없음,127.06775904,36.96464868
9736,2016,2016-07-07 12:00,주간,목,1,1,0,0,경북,안동시,차량단독,전도전복,운전자법규위반,안전운전 의무 불이행,단일로,기타단일로,농기계,없음,128.85090468,36.53785582
9737,2016,2016-02-20 18:00,야간,토,1,1,0,0,제주,제주시,차대사람,기타,운전자법규위반,안전운전 의무 불이행,단일로,기타단일로,승용차,보행자,126.52758544,33.51568807
9738,2016,2016-02-23 23:00,야간,화,1,2,1,0,부산,남구,차대차,정면충돌,운전자법규위반,중앙선 침범,단일로,기타단일로,승용차,승용차,129.08486546,35.14158848
9739,2016,2016-02-23 17:00,주간,화,1,1,0,0,인천,계양구,차대사람,횡단중,운전자법규위반,보행자 보호의무 위반,교차로,교차로내,화물차,보행자,126.7408828,37.52562588
9740,2016,2016-02-24 00:00,야간,수,1,1,0,0,경기,시흥시,차대차,진행중 추돌,운전자법규위반,과속,교차로,교차로부근,특수차,화물차,126.73389117,37.32574994
9741,2016,2016-02-24 06:00,주간,수,1,1,0,0,경남,김해시,차대사람,횡단중,운전자법규위반,안전운전 의무 불이행,교차로,교차로내,승용차,보행자,128.87739124,35.24273226
9742,2016,2016-02-23 23:00,야간,화,1,1,0,0,서울,도봉구,차대사람,횡단중,운전자법규위반,안전운전 의무 불이행,단일로,기타단일로,화물차,보행자,127.03458093,37.6483795
9743,2016,2016-02-22 15:00,주간,월,1,1,0,0,서울,송파구,차대차,측면직각충돌,운전자법규위반,안전운전 의무 불이행,단일로,기타단일로,원동기장치자전거,건설기계,127.10055457,37.51292329
9744,2016,2016-02-22 13:00,주간,월,1,1,0,0,충남,보령시,차량단독,기타,운전자법규위반,안전운전 의무 불이행,단일로,기타단일로,원동기장치자전거,없음,126.43150094,36.37333424
9745,2016,2016-02-29 14:00,주간,월,1,3,2,0,대구,중구,차대차,측면직각충돌,운전자법규위반,안전운전 의무 불이행,단일로,기타단일로,승용차,승용차,128.59223361,35.86646201
9746,2016,2016-02-28 03:00,야간,일,1,1,0,0,부산,기장군,차량단독,도로이탈 추락,운전자법규위반,안전운전 의무 불이행,교차로,교차로내,승용차,없음,129.21205444,35.18836301
9747,2016,2016-02-27 03:00,야간,토,1,1,0,0,전북,전주시,차량단독,공작물충돌,운전자법규위반,안전운전 의무 불이행,교차로,교차로내,승용차,없음,127.11074852,35.794926000000004
9748,2016,2016-02-27 06:00,주간,토,1,4,2,1,충북,괴산군,차량단독,전도전복,운전자법규위반,안전운전 의무 불이행,단일로,기타단일로,승용차,없음,127.97200009999999,36.75903759
9749,2016,2016-02-07 15:00,주간,일,1,1,0,0,경기,남양주시,차대사람,횡단중,운전자법규위반,안전운전 의무 불이행,단일로,기타단일로,승합차,보행자,127.18024150000001,37.71573429
9750,2016,2016-02-10 02:00,야간,수,1,1,0,0,경기,부천시,차대사람,횡단중,운전자법규위반,안전운전 의무 불이행,교차로,교차로내,승용차,보행자,126.78450965,37.48301213
9751,2016,2016-02-10 09:00,주간,수,1,1,0,0,서울,양천구,차대사람,차도통행중,운전자법규위반,안전운전 의무 불이행,단일로,기타단일로,승용차,보행자,126.86243224,37.52788594
9752,2016,2016-02-10 04:00,야간,수,1,1,0,0,광주,광산구,차대사람,기타,운전자법규위반,안전운전 의무 불이행,기타/불명,기타/불명,승합차,보행자,126.78397255,35.12719323
9753,2016,2016-02-16 06:00,주간,화,1,1,0,0,전북,김제시,차대사람,횡단중,운전자법규위반,안전운전 의무 불이행,단일로,기타단일로,승용차,보행자,126.91357149,35.78468612
9754,2016,2016-02-19 07:00,주간,금,1,1,0,0,충남,당진시,차대차,측면직각충돌,운전자법규위반,안전운전 의무 불이행,교차로,교차로내,승용차,자전거,126.67566195,36.87391836
9755,2016,2016-02-20 02:00,야간,토,1,1,0,0,경기,부천시,차대사람,횡단중,운전자법규위반,안전운전 의무 불이행,단일로,기타단일로,승용차,보행자,126.75296340000001,37.50580124
9756,2016,2016-02-20 03:00,야간,토,1,1,0,0,경남,창원시(통합),차대차,기타,운전자법규위반,안전운전 의무 불이행,단일로,기타단일로,승용차,승용차,128.6811362,35.21236579
9757,2016,2016-02-17 18:00,야간,수,1,1,0,0,강원,춘천시,차대사람,횡단중,운전자법규위반,안전운전 의무 불이행,단일로,기타단일로,승용차,보행자,127.70922063,37.92385281
9758,2016,2016-02-18 13:00,주간,목,1,1,0,0,충남,천안시,차대차,측면직각충돌,운전자법규위반,교차로 통행방법 위반,교차로,교차로내,승용차,이륜차,127.11109750000001,36.70569128
9759,2016,2016-02-23 17:00,주간,화,1,1,0,0,경북,영덕군,차량단독,공작물충돌,운전자법규위반,안전운전 의무 불이행,단일로,기타단일로,화물차,없음,129.41451371,36.638580499999996
9760,2016,2016-02-24 09:00,주간,수,1,1,0,0,경기,군포시,차대사람,횡단중,운전자법규위반,보행자 보호의무 위반,단일로,횡단보도상,승용차,보행자,126.91723717,37.327426
9761,2016,2016-02-24 10:00,주간,수,1,2,0,1,강원,삼척시,차대사람,기타,운전자법규위반,과속,단일로,기타단일로,특수차,보행자,129.29947088,37.28420844
9762,2016,2016-02-22 18:00,야간,월,1,1,0,0,울산,울주군,차대사람,횡단중,운전자법규위반,안전운전 의무 불이행,단일로,기타단일로,승용차,보행자,129.23336008,35.59974836
9763,2016,2016-02-28 23:00,야간,일,1,2,0,0,충남,논산시,차대차,진행중 추돌,운전자법규위반,안전운전 의무 불이행,단일로,교량위,화물차,화물차,127.20462903,36.16960695
9764,2016,2016-02-28 08:00,주간,일,1,3,0,2,강원,철원군,차대차,측면직각충돌,운전자법규위반,과속,단일로,기타단일로,승용차,승용차,127.21050995,38.22392476
9765,2016,2016-02-26 16:00,주간,금,1,2,0,1,경남,함안군,차대차,기타,운전자법규위반,안전운전 의무 불이행,교차로,교차로부근,화물차,화물차,128.51747236,35.3074891
9766,2016,2016-03-03 00:00,야간,목,1,1,0,0,서울,성동구,차대사람,기타,운전자법규위반,안전운전 의무 불이행,교차로,교차로내,승용차,보행자,127.03439636,37.55436864
9767,2016,2016-02-16 23:00,야간,화,1,2,0,1,경남,거제시,차대차,정면충돌,운전자법규위반,중앙선 침범,단일로,기타단일로,원동기장치자전거,승용차,128.7301887,34.87368925
9768,2016,2016-02-20 17:00,주간,토,1,1,0,0,경남,창원시(통합),차대사람,횡단중,운전자법규위반,안전운전 의무 불이행,단일로,기타단일로,화물차,보행자,128.59984734,35.25142483
9769,2016,2016-02-20 02:00,야간,토,1,1,0,0,대전,대덕구,차대차,기타,운전자법규위반,안전운전 의무 불이행,단일로,기타단일로,승용차,화물차,127.40056802,36.36580152
9770,2016,2016-02-18 13:00,주간,목,1,3,0,2,대구,북구,차대차,측면직각충돌,운전자법규위반,안전운전 의무 불이행,교차로,교차로내,원동기장치자전거,승용차,128.5901732,35.88342107
9771,2016,2016-02-19 17:00,주간,금,1,1,0,0,전북,익산시,차대사람,횡단중,운전자법규위반,안전운전 의무 불이행,단일로,기타단일로,승용차,보행자,126.94818268,35.95573933
9772,2016,2016-02-18 22:00,야간,목,1,2,0,1,대전,유성구,차대사람,횡단중,운전자법규위반,과속,단일로,기타단일로,승용차,보행자,127.35540061,36.35948069
9773,2016,2016-02-17 01:00,야간,수,1,1,0,0,서울,노원구,차대사람,기타,운전자법규위반,안전운전 의무 불이행,교차로,교차로내,승용차,보행자,127.07120785,37.64430906
9774,2016,2016-02-18 18:00,야간,목,1,1,0,0,경북,의성군,차대차,정면충돌,운전자법규위반,중앙선 침범,단일로,기타단일로,화물차,농기계,128.57014015,36.39303512
9775,2016,2016-02-17 08:00,주간,수,1,1,0,0,경북,의성군,차대차,측면직각충돌,운전자법규위반,신호위반,교차로,교차로내,이륜차,화물차,128.35483512,36.44798585
9776,2016,2016-02-23 11:00,주간,화,1,1,0,0,충북,충주시,차량단독,전도전복,운전자법규위반,안전운전 의무 불이행,기타/불명,기타/불명,승합차,없음,127.96672045,37.10115687
9777,2016,2016-02-20 23:00,야간,토,1,1,0,0,인천,연수구,차대사람,횡단중,운전자법규위반,안전운전 의무 불이행,단일로,기타단일로,승용차,보행자,126.69772779,37.42328104
9778,2016,2016-02-22 10:00,주간,월,1,2,0,1,경남,거제시,차대차,진행중 추돌,운전자법규위반,안전거리 미확보,단일로,기타단일로,화물차,화물차,128.58710952,34.85442179
9779,2016,2016-03-08 03:00,야간,화,1,1,0,0,경남,창녕군,차대사람,횡단중,운전자법규위반,안전운전 의무 불이행,단일로,기타단일로,승용차,보행자,128.47779781,35.39153446
9780,2016,2016-03-05 23:00,야간,토,1,1,0,0,부산,사하구,차대사람,기타,운전자법규위반,안전운전 의무 불이행,단일로,기타단일로,승용차,보행자,128.97592846,35.10726569
9781,2016,2016-03-07 19:00,야간,월,1,1,0,0,충남,청양군,차대사람,기타,운전자법규위반,안전운전 의무 불이행,단일로,기타단일로,승용차,보행자,126.79880196,36.37901191
9782,2016,2016-03-07 11:00,주간,월,1,1,0,0,강원,속초시,차량단독,도로이탈 추락,운전자법규위반,안전운전 의무 불이행,단일로,기타단일로,건설기계,없음,128.52780559,38.18058765
9783,2016,2016-02-15 18:00,야간,월,1,1,0,0,전남,함평군,차대사람,차도통행중,운전자법규위반,과속,단일로,기타단일로,승합차,보행자,126.58935188,35.19372968
9784,2016,2016-02-10 06:00,주간,수,1,1,0,0,경남,거제시,차대사람,횡단중,운전자법규위반,안전운전 의무 불이행,단일로,기타단일로,화물차,보행자,128.60903291,34.88962474
9785,2016,2016-02-16 13:00,주간,화,1,1,0,0,경남,밀양시,차량단독,전도전복,운전자법규위반,안전운전 의무 불이행,단일로,기타단일로,원동기장치자전거,없음,128.73677214,35.48817533
9786,2016,2016-02-16 08:00,주간,화,1,5,2,2,전남,장성군,차대차,측면직각충돌,운전자법규위반,중앙선 침범,단일로,기타단일로,승용차,승용차,126.64581725,35.27696904
9787,2016,2016-02-17 07:00,주간,수,1,3,0,2,대구,달서구,차대차,진행중 추돌,운전자법규위반,신호위반,단일로,기타단일로,승용차,승용차,128.5656326,35.84854338
9788,2016,2016-02-17 19:00,야간,수,1,1,0,0,경기,안양시,차대사람,기타,운전자법규위반,안전운전 의무 불이행,단일로,기타단일로,승용차,보행자,126.94182986,37.40552259
9789,2016,2016-02-18 15:00,주간,목,1,1,0,0,경북,청도군,차량단독,도로이탈 추락,운전자법규위반,안전운전 의무 불이행,단일로,기타단일로,농기계,없음,128.72082431,35.59030834
9790,2016,2016-02-25 04:00,야간,목,1,1,0,0,경남,김해시,차량단독,전도전복,운전자법규위반,안전운전 의무 불이행,단일로,기타단일로,이륜차,없음,128.82150465,35.16740198
9791,2016,2016-02-28 21:00,야간,일,1,1,0,0,충북,제천시,차량단독,전도전복,운전자법규위반,안전운전 의무 불이행,기타/불명,기타/불명,화물차,없음,128.20439372,37.07987273
9792,2016,2016-02-29 16:00,주간,월,1,1,0,0,경북,상주시,차량단독,공작물충돌,운전자법규위반,안전운전 의무 불이행,단일로,기타단일로,화물차,없음,128.00661481,36.36987146
9793,2016,2016-02-07 13:00,주간,일,1,2,0,1,경남,함안군,차대차,측면직각충돌,운전자법규위반,안전운전 의무 불이행,교차로,교차로내,화물차,자전거,128.43893094,35.34129635
9794,2016,2016-02-27 19:00,야간,토,1,1,0,0,충북,청주시,차대사람,길가장자리구역통행중,운전자법규위반,안전운전 의무 불이행,단일로,기타단일로,승합차,보행자,127.49766377,36.58239767
9795,2016,2016-02-27 01:00,야간,토,1,1,0,0,서울,마포구,차대사람,횡단중,운전자법규위반,과속,단일로,횡단보도상,승용차,보행자,126.95630196,37.55254763
9796,2016,2016-02-27 07:00,주간,토,2,9,7,0,경기,가평군,차대차,측면직각충돌,운전자법규위반,신호위반,교차로,교차로내,승용차,화물차,127.38418342,37.69760391
9797,2016,2016-02-25 23:00,야간,목,1,1,0,0,대구,동구,차대사람,횡단중,운전자법규위반,안전운전 의무 불이행,단일로,기타단일로,승용차,보행자,128.67689814,35.87764402
9798,2016,2016-02-26 04:00,야간,금,1,1,0,0,경남,창원시(통합),차량단독,도로이탈 추락,운전자법규위반,안전운전 의무 불이행,단일로,기타단일로,화물차,없음,128.67049951,35.36729835
9799,2016,2016-03-02 15:00,주간,수,1,1,0,0,경북,안동시,차량단독,전도전복,운전자법규위반,안전운전 의무 불이행,기타/불명,기타/불명,승용차,없음,128.76350557,36.57708034
9800,2016,2016-03-06 01:00,야간,일,1,1,0,0,경남,함안군,차량단독,전도전복,운전자법규위반,안전운전 의무 불이행,단일로,기타단일로,승용차,없음,128.3687526,35.27498981
9801,2016,2016-03-05 03:00,야간,토,1,1,0,0,서울,강동구,차대차,기타,운전자법규위반,안전운전 의무 불이행,기타/불명,기타/불명,승용차,이륜차,127.14080276,37.5626001
9802,2016,2016-03-06 04:00,야간,일,1,1,0,0,서울,강동구,차대사람,횡단중,운전자법규위반,안전운전 의무 불이행,단일로,횡단보도상,승용차,보행자,127.14850048,37.53647497
9803,2016,2016-03-02 22:00,야간,수,1,1,0,0,강원,양구군,차대사람,차도통행중,운전자법규위반,안전운전 의무 불이행,단일로,기타단일로,화물차,보행자,128.02324248,38.09199169
9804,2016,2016-02-15 12:00,주간,월,1,1,0,0,경기,평택시,차대차,정면충돌,운전자법규위반,신호위반,교차로,교차로내,이륜차,승용차,127.05874227,37.06701832
9805,2016,2016-02-16 07:00,주간,화,1,1,0,0,강원,강릉시,차대차,측면직각충돌,운전자법규위반,신호위반,교차로,교차로내,건설기계,승용차,128.95863740000001,37.7271613
9806,2016,2016-02-16 03:00,야간,화,1,1,0,0,전북,김제시,차량단독,전도전복,운전자법규위반,안전운전 의무 불이행,단일로,기타단일로,건설기계,없음,126.90315923,35.88667839
9807,2016,2016-02-13 01:00,야간,토,1,1,0,0,서울,강서구,차대차,정면충돌,운전자법규위반,신호위반,교차로,교차로내,승용차,이륜차,126.84244191,37.53861051
9808,2016,2016-02-18 05:00,야간,목,1,1,0,0,대전,중구,차대사람,횡단중,운전자법규위반,안전운전 의무 불이행,교차로,교차로내,승용차,보행자,127.39970357,36.32712466
9809,2016,2016-02-24 09:00,주간,수,1,1,0,0,경남,함안군,차대차,측면직각충돌,운전자법규위반,안전운전 의무 불이행,교차로,교차로부근,이륜차,승합차,128.3306106,35.35356736
9810,2016,2016-02-28 19:00,야간,일,1,1,0,0,경북,영덕군,차대사람,횡단중,운전자법규위반,안전운전 의무 불이행,교차로,교차로내,승용차,보행자,129.23498781,36.45109273
9811,2016,2016-03-05 01:00,야간,토,1,1,0,0,경북,경산시,차대사람,기타,운전자법규위반,안전운전 의무 불이행,단일로,기타단일로,승용차,보행자,128.73817457,35.81967132
9812,2016,2016-03-05 11:00,주간,토,1,1,0,0,전북,부안군,차대차,정면충돌,운전자법규위반,안전운전 의무 불이행,단일로,기타단일로,이륜차,화물차,126.6679547,35.62983787
9813,2016,2016-03-02 15:00,주간,수,1,1,0,0,강원,평창군,차량단독,전도전복,운전자법규위반,안전운전 의무 불이행,단일로,교량위,승용차,없음,128.48995831,37.45424339
9814,2016,2016-03-02 16:00,주간,수,1,1,0,0,서울,강서구,차대사람,기타,운전자법규위반,안전운전 의무 불이행,교차로,교차로내,건설기계,보행자,126.81660436,37.55181269
9815,2016,2016-03-02 19:00,야간,수,1,1,0,0,전북,부안군,차대차,기타,운전자법규위반,안전운전 의무 불이행,단일로,기타단일로,승용차,화물차,126.6364201,35.61079915
9816,2016,2016-03-01 14:00,주간,화,1,3,2,0,경북,봉화군,차대차,정면충돌,운전자법규위반,중앙선 침범,단일로,기타단일로,승용차,화물차,128.98271797,36.98987933
9817,2016,2016-03-01 17:00,주간,화,1,1,0,0,충남,서천군,차대차,진행중 추돌,운전자법규위반,안전운전 의무 불이행,교차로,교차로내,승용차,자전거,126.68750949,36.0838484
9818,2016,2016-03-02 08:00,주간,수,1,1,0,0,경기,과천시,차대차,기타,운전자법규위반,안전거리 미확보,단일로,기타단일로,이륜차,승합차,126.99049873,37.45503814
9819,2016,2016-02-16 12:00,주간,화,1,1,0,0,경북,안동시,차량단독,전도전복,운전자법규위반,안전운전 의무 불이행,단일로,기타단일로,승용차,없음,128.46672982,36.53138463
9820,2016,2016-02-13 16:00,주간,토,1,3,2,0,경북,청도군,차대차,측면직각충돌,운전자법규위반,중앙선 침범,단일로,기타단일로,승합차,승용차,128.57989974,35.62530134
9821,2016,2016-03-17 22:00,야간,목,1,2,1,0,광주,북구,차대사람,횡단중,운전자법규위반,안전운전 의무 불이행,교차로,교차로부근,승용차,보행자,126.87272617,35.1979096
9822,2016,2016-03-23 23:00,야간,수,1,1,0,0,경기,김포시,차대사람,횡단중,운전자법규위반,과속,교차로,교차로부근,승용차,보행자,126.61622044,37.68404058
9823,2016,2016-03-23 08:00,주간,수,1,1,0,0,경북,영덕군,차대사람,기타,운전자법규위반,안전운전 의무 불이행,단일로,기타단일로,화물차,보행자,129.39809402,36.5714938
9824,2016,2016-03-21 21:00,야간,월,1,1,0,0,충남,아산시,차대사람,횡단중,운전자법규위반,안전운전 의무 불이행,단일로,교량위,승용차,보행자,127.03184857,36.77466625
9825,2016,2016-03-25 08:00,주간,금,1,1,0,0,서울,양천구,차대사람,횡단중,운전자법규위반,안전운전 의무 불이행,단일로,기타단일로,승용차,보행자,126.82748141,37.53571405
9826,2016,2016-03-25 09:00,주간,금,1,3,1,1,경북,성주군,차대차,진행중 추돌,운전자법규위반,안전운전 의무 불이행,기타/불명,기타/불명,화물차,승용차,128.36450321,35.8712559
9827,2016,2016-03-31 19:00,야간,목,1,1,0,0,인천,강화군,차량단독,전도전복,운전자법규위반,안전운전 의무 불이행,단일로,기타단일로,이륜차,없음,126.50638875,37.77107886
9828,2016,2016-04-01 04:00,야간,금,1,1,0,0,경기,동두천시,차대사람,기타,운전자법규위반,안전운전 의무 불이행,단일로,기타단일로,화물차,보행자,127.06637019,37.97412681
9829,2016,2016-03-31 04:00,야간,목,1,1,0,0,인천,동구,차대사람,횡단중,운전자법규위반,신호위반,단일로,횡단보도상,건설기계,보행자,126.63353046,37.47656623
9830,2016,2016-03-30 21:00,야간,수,1,1,0,0,경북,포항시,차대사람,횡단중,운전자법규위반,안전운전 의무 불이행,단일로,기타단일로,승용차,보행자,129.33346535,36.05442133
9831,2016,2016-04-01 10:00,주간,금,1,1,0,0,강원,삼척시,차대사람,횡단중,운전자법규위반,보행자 보호의무 위반,교차로,교차로부근,건설기계,보행자,129.22552282,37.38145872
9832,2016,2016-04-01 03:00,야간,금,1,1,0,0,경기,안산시,차대사람,횡단중,운전자법규위반,안전운전 의무 불이행,교차로,교차로내,화물차,보행자,126.83666157,37.31658178
9833,2016,2016-04-01 00:00,야간,금,1,1,0,0,경기,안산시,차대사람,횡단중,운전자법규위반,과속,단일로,기타단일로,승용차,보행자,126.82369966,37.31723852
9834,2016,2016-03-30 04:00,야간,수,1,1,0,0,경북,영주시,차량단독,전도전복,운전자법규위반,안전운전 의무 불이행,단일로,기타단일로,화물차,없음,128.5773813,36.92245399
9835,2016,2016-03-29 23:00,야간,화,1,1,0,0,광주,북구,차량단독,공작물충돌,운전자법규위반,안전운전 의무 불이행,단일로,기타단일로,승용차,없음,126.86710902,35.21397563
9836,2016,2016-03-30 14:00,주간,수,1,1,0,0,울산,울주군,차대차,측면직각충돌,운전자법규위반,안전운전 의무 불이행,단일로,기타단일로,승용차,원동기장치자전거,129.1557404,35.51508582
9837,2016,2016-03-28 20:00,야간,월,1,1,0,0,경기,안산시,차대차,측면직각충돌,운전자법규위반,부당한 회전,교차로,교차로내,자전거,승용차,126.78523818,37.32671125
9838,2016,2016-03-28 11:00,주간,월,1,1,0,0,충북,청주시,차대사람,횡단중,운전자법규위반,안전운전 의무 불이행,교차로,교차로내,화물차,보행자,127.38879720000001,36.65432162
9839,2016,2016-04-03 04:00,야간,일,1,1,0,0,충북,진천군,차량단독,도로이탈 추락,운전자법규위반,안전운전 의무 불이행,단일로,기타단일로,화물차,없음,127.41508555,36.87200529
9840,2016,2016-03-10 02:00,야간,목,1,1,0,0,울산,남구,차대차,정면충돌,운전자법규위반,중앙선 침범,단일로,교량위,승용차,화물차,129.26343382,35.55017912
9841,2016,2016-03-10 10:00,주간,목,1,1,0,0,전남,진도군,차량단독,공작물충돌,운전자법규위반,안전운전 의무 불이행,단일로,기타단일로,승용차,없음,126.18802452,34.46133903
9842,2016,2016-03-16 00:00,야간,수,1,1,0,0,대구,달성군,차량단독,전도전복,운전자법규위반,안전운전 의무 불이행,단일로,기타단일로,승용차,없음,128.43199795,35.77993115
9843,2016,2016-03-16 08:00,주간,수,1,1,0,0,강원,삼척시,차량단독,전도전복,운전자법규위반,안전운전 의무 불이행,기타/불명,기타/불명,농기계,없음,129.23475648,37.33219489
9844,2016,2016-03-18 19:00,야간,금,1,1,0,0,경기,화성시,차대차,측면직각충돌,운전자법규위반,안전운전 의무 불이행,교차로,교차로부근,승용차,이륜차,127.07200293,37.20522684
9845,2016,2016-03-20 01:00,야간,일,1,1,0,0,전남,목포시,차대사람,횡단중,운전자법규위반,보행자 보호의무 위반,단일로,횡단보도상,승용차,보행자,126.39686079,34.81213149
9846,2016,2016-03-19 19:00,야간,토,1,1,0,0,충남,보령시,차대사람,횡단중,운전자법규위반,과속,단일로,횡단보도상,화물차,보행자,126.60578273,36.35002866
9847,2016,2016-03-18 19:00,야간,금,1,1,0,0,충남,예산군,차대사람,차도통행중,운전자법규위반,안전운전 의무 불이행,교차로,교차로내,화물차,보행자,126.70563391,36.74342163
9848,2016,2016-03-18 00:00,야간,금,1,1,0,0,광주,북구,차량단독,전도전복,운전자법규위반,안전운전 의무 불이행,단일로,기타단일로,승용차,없음,126.89141956,35.16885846
9849,2016,2016-03-24 08:00,주간,목,1,1,0,0,강원,고성군,차량단독,전도전복,운전자법규위반,안전운전 의무 불이행,교차로,교차로부근,농기계,없음,128.42291405,38.46847719
9850,2016,2016-03-23 20:00,야간,수,1,1,0,0,경기,화성시,차량단독,공작물충돌,운전자법규위반,안전운전 의무 불이행,단일로,기타단일로,승용차,없음,127.03144988,37.21353755
9851,2016,2016-03-21 09:00,주간,월,1,2,1,0,경북,군위군,차대차,진행중 추돌,운전자법규위반,안전운전 의무 불이행,교차로,교차로부근,화물차,농기계,128.50431842,36.27232764
9852,2016,2016-03-21 12:00,주간,월,1,1,0,0,전남,순천시,차대차,기타,운전자법규위반,안전운전 의무 불이행,단일로,기타단일로,승용차,자전거,127.49844489,34.94593077
9853,2016,2016-03-27 13:00,주간,일,1,1,0,0,강원,춘천시,차량단독,전도전복,운전자법규위반,안전운전 의무 불이행,단일로,기타단일로,이륜차,없음,127.67157645,37.82836605
9854,2016,2016-03-26 02:00,야간,토,1,1,0,0,서울,용산구,차대사람,횡단중,운전자법규위반,안전운전 의무 불이행,단일로,교량위,승용차,보행자,127.00229892,37.54425976
9855,2016,2016-03-24 11:00,주간,목,1,1,0,0,충남,천안시,차대사람,횡단중,운전자법규위반,안전운전 의무 불이행,단일로,기타단일로,화물차,보행자,127.13593476,36.90360588
9856,2016,2016-04-01 03:00,야간,금,1,1,0,0,경북,의성군,차대차,정면충돌,운전자법규위반,안전운전 의무 불이행,단일로,기타단일로,승용차,승용차,128.76193752,36.42552645
9857,2016,2016-03-30 22:00,야간,수,1,1,0,0,경남,창원시(통합),차대사람,횡단중,운전자법규위반,안전운전 의무 불이행,단일로,횡단보도상,승용차,보행자,128.58657313,35.24347497
9858,2016,2016-03-31 15:00,주간,목,1,2,0,1,경남,고성군,차대차,정면충돌,운전자법규위반,중앙선 침범,단일로,기타단일로,화물차,특수차,128.30791447,34.94240557
9859,2016,2016-03-29 08:00,주간,화,1,3,0,2,전남,영암군,차대차,진행중 추돌,운전자법규위반,안전운전 의무 불이행,교차로,교차로부근,화물차,승합차,126.68574222,34.80176526
9860,2016,2016-04-07 21:00,야간,목,1,1,0,0,경기,평택시,차대사람,기타,운전자법규위반,안전운전 의무 불이행,단일로,기타단일로,승용차,보행자,127.06558845,37.12296777
9861,2016,2016-03-11 17:00,주간,금,1,1,0,0,경북,성주군,차대차,측면직각충돌,운전자법규위반,안전운전 의무 불이행,교차로,교차로내,자전거,승용차,128.364459,35.87126523
9862,2016,2016-03-09 09:00,주간,수,1,1,0,0,서울,강북구,차대사람,횡단중,운전자법규위반,중앙선 침범,단일로,기타단일로,승용차,보행자,127.01820664,37.62638422