,발생년,발생년월일시분,주야,요일,사망자수,사상자수,중상자수,경상자수,발생지시도,발생지시군구,사고유형_대분류,사고유형,법규위반_대분류,법규위반,도로형태_대분류,도로형태,가해자_당사자종별,피해자_당사자종별,경도,위도
9863,2016,2016-02-22 18:00,야간,월,1,1,0,0,경남,거창군,차대차,기타,운전자법규위반,중앙선 침범,단일로,기타단일로,화물차,화물차,127.83164125,35.75038718
9864,2016,2016-02-21 20:00,야간,일,1,1,0,0,경북,영양군,차량단독,전도전복,운전자법규위반,안전운전 의무 불이행,단일로,기타단일로,승용차,없음,129.08108659,36.54440945
9865,2016,2016-02-22 05:00,야간,월,1,1,0,0,서울,구로구,차대사람,횡단중,운전자법규위반,안전운전 의무 불이행,단일로,횡단보도상,승용차,보행자,126.83911876,37.49060414
9866,2016,2016-02-26 20:00,야간,금,1,1,0,0,경북,의성군,차대차,기타,운전자법규위반,안전운전 의무 불이행,단일로,기타단일로,불명,이륜차,128.35875786,36.52136613
9867,2016,2016-02-28 18:00,야간,일,1,1,0,0,경남,창원시(통합),차대사람,횡단중,운전자법규위반,안전운전 의무 불이행,단일로,기타단일로,화물차,보행자,128.55522176,35.16830135
9868,2016,2016-02-27 12:00,주간,토,1,1,0,0,경기,성남시,차대사람,횡단중,운전자법규위반,보행자 보호의무 위반,교차로,교차로부근,건설기계,보행자,127.13892129999999,37.44317297
9869,2016,2016-03-05 04:00,야간,토,1,1,0,0,경기,의정부시,차량단독,전도전복,운전자법규위반,안전운전 의무 불이행,단일로,기타단일로,승용차,없음,127.0901852,37.73255382
9870,2016,2016-03-05 02:00,야간,토,1,1,0,0,인천,서구,차대사람,기타,운전자법규위반,안전운전 의무 불이행,단일로,기타단일로,승용차,보행자,126.67194927,37.50648601
9871,2016,2016-03-05 16:00,주간,토,1,1,0,0,전북,김제시,차량단독,전도전복,운전자법규위반,안전운전 의무 불이행,단일로,기타단일로,승합차,없음,126.80080814,35.81102324
9872,2016,2016-03-05 04:00,야간,토,1,3,1,1,경기,안산시,차대차,정면충돌,운전자법규위반,중앙선 침범,단일로,기타단일로,승용차,승용차,126.83682668,37.328616100000005
9873,2016,2016-03-05 00:00,야간,토,1,1,0,0,인천,계양구,차대사람,기타,운전자법규위반,안전운전 의무 불이행,단일로,기타단일로,승용차,보행자,126.71563441,37.54399243
9874,2016,2016-02-09 20:00,야간,화,1,2,0,1,전남,고흥군,차대사람,기타,운전자법규위반,안전운전 의무 불이행,교차로,교차로내,승용차,보행자,127.34618482,34.82331124
9875,2016,2016-02-09 11:00,주간,화,1,1,0,0,경기,양평군,차량단독,전도전복,운전자법규위반,안전운전 의무 불이행,단일로,기타단일로,이륜차,없음,127.62320895,37.44798689
9876,2016,2016-02-10 01:00,야간,수,1,3,1,1,경기,광주시,차량단독,공작물충돌,운전자법규위반,과속,단일로,기타단일로,승용차,없음,127.27122165,37.38768078
9877,2016,2016-02-09 23:00,야간,화,1,1,0,0,전북,고창군,차량단독,전도전복,운전자법규위반,안전운전 의무 불이행,교차로,교차로부근,화물차,없음,126.65221428,35.37835186
9878,2016,2016-02-16 06:00,주간,화,1,1,0,0,인천,서구,차대사람,기타,운전자법규위반,안전운전 의무 불이행,단일로,기타단일로,화물차,보행자,126.6618145,37.60307441
9879,2016,2016-02-16 06:00,주간,화,1,1,0,0,경북,봉화군,차량단독,전도전복,운전자법규위반,안전운전 의무 불이행,단일로,기타단일로,화물차,없음,128.88387984,36.86246401
9880,2016,2016-02-20 19:00,야간,토,1,1,0,0,충북,영동군,차대사람,횡단중,운전자법규위반,안전운전 의무 불이행,단일로,기타단일로,승용차,보행자,127.91484229,36.2257442
9881,2016,2016-02-19 06:00,주간,금,1,1,0,0,광주,동구,차대차,기타,운전자법규위반,안전운전 의무 불이행,기타/불명,기타/불명,승용차,승용차,126.92916720000001,35.13112185
9882,2016,2016-02-19 18:00,야간,금,1,1,0,0,경기,용인시,차대사람,횡단중,운전자법규위반,안전운전 의무 불이행,단일로,기타단일로,승용차,보행자,127.16448468,37.33602020000001
9883,2016,2016-02-16 18:00,야간,화,1,1,0,0,전남,광양시,차대사람,횡단중,운전자법규위반,안전운전 의무 불이행,단일로,기타단일로,승용차,보행자,127.67798804,34.93776578
9884,2016,2016-02-23 19:00,야간,화,1,1,0,0,경기,포천시,차대사람,횡단중,운전자법규위반,안전운전 의무 불이행,단일로,교량위,승용차,보행자,127.19615733,37.84958638
9885,2016,2016-02-22 20:00,야간,월,1,1,0,0,경기,수원시,차대사람,차도통행중,운전자법규위반,안전운전 의무 불이행,단일로,기타단일로,승합차,보행자,127.05979035,37.27057862
9886,2016,2016-02-25 07:00,주간,목,1,1,0,0,경기,김포시,차대차,측면직각충돌,운전자법규위반,신호위반,교차로,교차로내,화물차,승합차,126.5890312,37.69463135
9887,2016,2016-02-26 18:00,야간,금,1,17,9,7,경북,포항시,차대차,측면직각충돌,운전자법규위반,안전운전 의무 불이행,교차로,교차로내,화물차,승합차,129.34610147,36.12291682
9888,2016,2016-03-04 19:00,야간,금,1,2,0,1,경북,울진군,차대차,측면직각충돌,운전자법규위반,안전운전 의무 불이행,단일로,기타단일로,승용차,승용차,129.41038791,36.99127355
9889,2016,2016-03-05 19:00,야간,토,1,1,0,0,경북,예천군,차대사람,차도통행중,운전자법규위반,안전운전 의무 불이행,단일로,기타단일로,승용차,보행자,128.43938044,36.54025738
9890,2016,2016-03-05 11:00,주간,토,1,1,0,0,경북,군위군,차대사람,횡단중,운전자법규위반,안전운전 의무 불이행,단일로,기타단일로,화물차,보행자,128.59565016,36.1522737
9891,2016,2016-02-08 11:00,주간,월,1,7,4,2,경북,경주시,차대차,기타,운전자법규위반,중앙선 침범,단일로,기타단일로,화물차,승용차,129.09981103,35.84761239
9892,2016,2016-02-17 21:00,야간,수,1,1,0,0,서울,노원구,차대차,정면충돌,운전자법규위반,중앙선 침범,단일로,기타단일로,승용차,승용차,127.09749316,37.62981799
9893,2016,2016-02-22 16:00,주간,월,1,1,0,0,경북,성주군,차대차,정면충돌,운전자법규위반,안전운전 의무 불이행,단일로,기타단일로,화물차,자전거,128.38980227,35.90089534
9894,2016,2016-02-22 22:00,야간,월,1,1,0,0,경남,합천군,차량단독,공작물충돌,운전자법규위반,안전운전 의무 불이행,단일로,기타단일로,승용차,없음,128.16702047,35.70168731
9895,2016,2016-02-29 04:00,야간,월,1,2,0,1,인천,서구,차대차,측면직각충돌,운전자법규위반,신호위반,교차로,교차로내,승용차,승합차,126.65538303,37.59176197
9896,2016,2016-02-27 04:00,야간,토,1,1,0,0,대구,서구,차대사람,횡단중,운전자법규위반,안전운전 의무 불이행,단일로,횡단보도상,화물차,보행자,128.55485569,35.87244436
9897,2016,2016-02-27 00:00,야간,토,1,1,0,0,충북,진천군,차대차,진행중 추돌,운전자법규위반,안전운전 의무 불이행,지하도로내,지하도로내,승용차,화물차,127.54780422,36.91610916
9898,2016,2016-02-25 23:00,야간,목,1,1,0,0,서울,도봉구,차대사람,기타,운전자법규위반,안전운전 의무 불이행,단일로,기타단일로,승용차,보행자,127.04558808,37.68928887
9899,2016,2016-03-10 23:00,야간,목,1,1,0,0,경북,안동시,차량단독,전도전복,운전자법규위반,안전운전 의무 불이행,단일로,기타단일로,승용차,없음,128.8950002,36.54929208
9900,2016,2016-03-11 11:00,주간,금,1,7,6,0,경기,안산시,차대차,측면직각충돌,운전자법규위반,직진 및 우회전차의 통행방해,교차로,교차로내,승합차,특수차,126.60580163,37.23939229
9901,2016,2016-03-10 17:00,주간,목,1,1,0,0,서울,관악구,차대사람,길가장자리구역통행중,운전자법규위반,안전운전 의무 불이행,교차로,교차로부근,승합차,보행자,126.95723221,37.48041658
9902,2016,2016-02-17 18:00,야간,수,1,1,0,0,전북,김제시,차대사람,횡단중,운전자법규위반,안전운전 의무 불이행,단일로,기타단일로,승용차,보행자,126.98355832,35.74336853
9903,2016,2016-02-23 20:00,야간,화,1,2,0,1,경북,김천시,차대차,정면충돌,운전자법규위반,중앙선 침범,단일로,교량위,화물차,승용차,128.167912,36.17560021
9904,2016,2016-02-06 19:00,야간,토,1,1,0,0,대전,대덕구,차대사람,횡단중,운전자법규위반,안전운전 의무 불이행,교차로,교차로내,승용차,보행자,127.4307443,36.36452461
9905,2016,2016-02-16 04:00,야간,화,1,1,0,0,전남,목포시,차대사람,횡단중,운전자법규위반,안전운전 의무 불이행,단일로,기타단일로,승용차,보행자,126.37428732,34.80545947
9906,2016,2016-02-17 06:00,주간,수,1,1,0,0,대전,대덕구,차대사람,횡단중,운전자법규위반,보행자 보호의무 위반,단일로,기타단일로,화물차,보행자,127.44550805,36.35699538
9907,2016,2016-02-25 07:00,주간,목,1,1,0,0,경남,창원시(통합),차대사람,횡단중,운전자법규위반,안전운전 의무 불이행,단일로,기타단일로,건설기계,보행자,128.64971822,35.24529892
9908,2016,2016-02-24 06:00,주간,수,1,1,0,0,충북,청주시,차대사람,횡단중,운전자법규위반,안전운전 의무 불이행,단일로,기타단일로,승용차,보행자,127.51093653,36.61292212
9909,2016,2016-02-20 23:00,야간,토,1,3,2,0,강원,춘천시,차량단독,공작물충돌,운전자법규위반,안전운전 의무 불이행,단일로,기타단일로,승용차,없음,127.78569055,37.75532696
9910,2016,2016-02-21 11:00,주간,일,1,1,0,0,전남,장흥군,차량단독,전도전복,운전자법규위반,안전운전 의무 불이행,단일로,기타단일로,농기계,없음,126.96399708,34.51712886
9911,2016,2016-02-27 09:00,주간,토,1,1,0,0,전북,군산시,차대사람,기타,운전자법규위반,안전운전 의무 불이행,단일로,기타단일로,화물차,보행자,126.62232428,35.948695799999996
9912,2016,2016-02-26 22:00,야간,금,1,1,0,0,서울,금천구,차대사람,기타,운전자법규위반,안전운전 의무 불이행,단일로,기타단일로,승용차,보행자,126.89018948,37.47698891
9913,2016,2016-03-04 05:00,야간,금,1,3,1,1,부산,수영구,차대사람,기타,운전자법규위반,안전운전 의무 불이행,단일로,기타단일로,원동기장치자전거,보행자,129.11922889,35.1637606
9914,2016,2016-03-02 15:00,주간,수,1,2,0,1,대전,중구,차대차,측면직각충돌,운전자법규위반,신호위반,교차로,교차로내,원동기장치자전거,승합차,127.44758144,36.30669014
9915,2016,2016-03-03 03:00,야간,목,1,1,0,0,충북,청주시,차량단독,전도전복,운전자법규위반,안전운전 의무 불이행,교차로,교차로부근,승용차,없음,127.47991901,36.63206339
9916,2016,2016-03-03 15:00,주간,목,1,1,0,0,전남,나주시,차량단독,공작물충돌,운전자법규위반,안전운전 의무 불이행,단일로,기타단일로,화물차,없음,126.75223993,34.93371036
9917,2016,2016-03-03 14:00,주간,목,1,1,0,0,경북,청도군,차량단독,전도전복,운전자법규위반,안전운전 의무 불이행,단일로,기타단일로,이륜차,없음,128.60665921,35.65435127
9918,2016,2016-03-02 11:00,주간,수,1,6,1,3,서울,강남구,차대차,측면직각충돌,운전자법규위반,신호위반,교차로,교차로내,승용차,승용차,127.07270552,37.49142755
9919,2016,2016-03-01 01:00,야간,화,1,1,0,0,경기,시흥시,차대사람,횡단중,운전자법규위반,신호위반,교차로,교차로부근,승합차,보행자,126.73114905,37.35005111
9920,2016,2016-03-01 09:00,주간,화,1,1,0,0,경남,남해군,차량단독,전도전복,운전자법규위반,안전운전 의무 불이행,단일로,기타단일로,이륜차,없음,127.83003943,34.81590001
9921,2016,2016-02-16 03:00,야간,화,1,1,0,0,대전,대덕구,차대사람,횡단중,운전자법규위반,안전운전 의무 불이행,단일로,횡단보도상,화물차,보행자,127.42035,36.35887449
9922,2016,2016-02-16 09:00,주간,화,1,1,0,0,경남,고성군,차량단독,전도전복,운전자법규위반,안전운전 의무 불이행,단일로,기타단일로,승용차,없음,128.23870359999998,34.98850041
9923,2016,2016-02-08 18:00,야간,월,1,1,0,0,경남,양산시,차대사람,횡단중,운전자법규위반,안전운전 의무 불이행,교차로,교차로내,승용차,보행자,129.11554859,35.32263334
9924,2016,2016-02-15 15:00,주간,월,1,1,0,0,경기,김포시,차대사람,횡단중,운전자법규위반,보행자 보호의무 위반,단일로,횡단보도상,건설기계,보행자,126.67515879,37.65033468
9925,2016,2016-02-23 18:00,야간,화,1,1,0,0,전북,무주군,차대사람,횡단중,운전자법규위반,안전운전 의무 불이행,교차로,교차로부근,승용차,보행자,127.66981413,35.93759352
9926,2016,2016-03-03 19:00,야간,목,1,1,0,0,충남,예산군,차대사람,횡단중,운전자법규위반,안전운전 의무 불이행,단일로,기타단일로,승용차,보행자,126.830706,36.73572605
9927,2016,2016-03-03 21:00,야간,목,1,2,1,0,제주,제주시,차대사람,횡단중,운전자법규위반,보행자 보호의무 위반,단일로,횡단보도상,화물차,보행자,126.54110127,33.50557024
9928,2016,2016-03-02 09:00,주간,수,1,3,1,1,경남,의령군,차대차,측면직각충돌,운전자법규위반,과속,교차로,교차로내,승용차,이륜차,128.27863807,35.33723257
9929,2016,2016-03-01 23:00,야간,화,1,3,0,2,전남,나주시,차대차,진행중 추돌,운전자법규위반,안전운전 의무 불이행,단일로,기타단일로,승용차,화물차,126.78201419,35.03759699
9930,2016,2016-03-02 06:00,주간,수,1,1,0,0,경남,진주시,차량단독,기타,운전자법규위반,안전운전 의무 불이행,단일로,기타단일로,원동기장치자전거,없음,128.11843712,35.22480753
9931,2016,2016-03-01 18:00,야간,화,1,2,1,0,경남,남해군,차대차,정면충돌,운전자법규위반,중앙선 침범,단일로,기타단일로,승용차,화물차,128.01067215,34.86553082
9932,2016,2016-03-02 05:00,야간,수,1,1,0,0,전북,전주시,차대사람,횡단중,운전자법규위반,안전운전 의무 불이행,단일로,기타단일로,승용차,보행자,127.12469879,35.84299941
9933,2016,2016-03-01 01:00,야간,화,1,1,0,0,경기,안양시,차대차,진행중 추돌,운전자법규위반,신호위반,교차로,교차로내,승합차,이륜차,126.95770007,37.37015445
9934,2016,2016-02-13 17:00,주간,토,1,1,0,0,부산,해운대구,차대사람,횡단중,운전자법규위반,안전운전 의무 불이행,단일로,기타단일로,승용차,보행자,129.14724226,35.158324900000004
9935,2016,2016-02-13 02:00,야간,토,1,1,0,0,경기,안양시,차량단독,공작물충돌,운전자법규위반,안전운전 의무 불이행,단일로,기타단일로,승용차,없음,126.92279983,37.40729705
9936,2016,2016-02-06 23:00,야간,토,1,1,0,0,전남,순천시,차대사람,횡단중,운전자법규위반,안전운전 의무 불이행,교차로,교차로부근,승용차,보행자,127.52522691,34.9284161
9937,2016,2016-03-02 16:00,주간,수,1,1,0,0,경기,김포시,차대사람,횡단중,운전자법규위반,안전운전 의무 불이행,교차로,교차로내,특수차,보행자,126.63431403,37.71973145
9938,2016,2016-03-01 07:00,주간,화,1,1,0,0,서울,동대문구,차대사람,횡단중,운전자법규위반,안전운전 의무 불이행,단일로,횡단보도상,승용차,보행자,127.04571666,37.58068706
9939,2016,2016-03-01 20:00,야간,화,1,1,0,0,전북,전주시,차대사람,횡단중,운전자법규위반,안전운전 의무 불이행,교차로,교차로부근,화물차,보행자,127.17449576,35.832190000000004
9940,2016,2016-03-02 06:00,주간,수,1,1,0,0,전남,영암군,차대사람,횡단중,운전자법규위반,신호위반,교차로,교차로내,승용차,보행자,126.61135295,34.71380287
9941,2016,2016-03-08 13:00,주간,화,1,2,0,1,경남,사천시,차대차,진행중 추돌,운전자법규위반,안전운전 의무 불이행,단일로,기타단일로,승용차,승용차,128.05313568,34.99807215
9942,2016,2016-02-15 08:00,주간,월,1,3,0,2,충남,공주시,차대차,정면충돌,운전자법규위반,신호위반,교차로,교차로내,건설기계,승용차,127.12499322,36.47197696
9943,2016,2016-02-15 12:00,주간,월,1,1,0,0,경북,포항시,차대차,측면직각충돌,운전자법규위반,안전운전 의무 불이행,교차로,교차로내,이륜차,화물차,129.3616286,35.9737406
9944,2016,2016-02-12 21:00,야간,금,1,4,0,3,전북,고창군,차대차,측면직각충돌,운전자법규위반,신호위반,교차로,교차로내,승용차,승용차,126.71091566,35.43484146
9945,2016,2016-02-14 19:00,야간,일,1,1,0,0,경남,창원시(통합),차량단독,전도전복,운전자법규위반,안전운전 의무 불이행,단일로,기타단일로,이륜차,없음,128.6892757,35.19192689
9946,2016,2016-12-07 09:00,주간,수,1,1,0,0,충북,충주시,차대사람,기타,운전자법규위반,안전운전 의무 불이행,단일로,기타단일로,화물차,보행자,127.9645364,36.90521167
9947,2016,2016-04-25 02:00,야간,월,1,2,1,0,경남,창녕군,차대차,진행중 추돌,운전자법규위반,안전운전 의무 불이행,단일로,기타단일로,승용차,승용차,128.50966895,35.45113182
9948,2016,2016-12-01 12:00,주간,목,1,2,0,1,경기,의왕시,차대차,진행중 추돌,운전자법규위반,안전운전 의무 불이행,단일로,기타단일로,화물차,화물차,126.84257287,37.40139245
9949,2016,2016-09-25 01:00,야간,일,1,1,0,0,대전,대덕구,차대사람,기타,운전자법규위반,안전운전 의무 불이행,단일로,기타단일로,화물차,보행자,127.44551104,36.36868835
9950,2016,2016-10-12 03:00,야간,수,1,2,0,1,경북,군위군,차대차,진행중 추돌,운전자법규위반,안전운전 의무 불이행,단일로,기타단일로,화물차,화물차,128.57181722,36.2607794
9951,2016,2016-01-23 18:00,야간,토,1,1,0,0,경북,포항시,차대사람,횡단중,운전자법규위반,안전운전 의무 불이행,단일로,기타단일로,화물차,보행자,129.3751325,36.05319972
9952,2016,2016-01-29 08:00,주간,금,2,2,0,0,울산,울주군,차대차,진행중 추돌,운전자법규위반,안전운전 의무 불이행,단일로,기타단일로,화물차,화물차,129.13132706,35.57579668
9953,2016,2016-01-29 19:00,야간,금,1,1,0,0,충남,천안시,차대차,정면충돌,운전자법규위반,중앙선 침범,단일로,기타단일로,이륜차,화물차,127.13410863,36.92872369
9954,2016,2016-01-29 19:00,야간,금,1,1,0,0,서울,마포구,차대사람,차도통행중,운전자법규위반,과속,단일로,기타단일로,승용차,보행자,126.90309008,37.57406709
9955,2016,2016-01-27 15:00,주간,수,1,3,0,2,경기,안산시,차대차,측면직각충돌,운전자법규위반,신호위반,교차로,교차로내,이륜차,승용차,126.84183619,37.31462764
9956,2016,2016-01-28 19:00,야간,목,1,1,0,0,부산,중구,차대차,기타,운전자법규위반,안전운전 의무 불이행,단일로,기타단일로,화물차,승용차,129.03798972,35.09906746
9957,2016,2016-01-27 14:00,주간,수,1,1,0,0,경북,군위군,차량단독,공작물충돌,운전자법규위반,안전운전 의무 불이행,교차로,교차로부근,승용차,없음,128.71593074,36.17415523
9958,2016,2016-02-03 10:00,주간,수,1,1,0,0,서울,성북구,차대사람,기타,운전자법규위반,과속,단일로,기타단일로,화물차,보행자,127.03919191,37.59741779
9959,2016,2016-02-10 10:00,주간,수,1,1,0,0,경남,김해시,차대사람,횡단중,운전자법규위반,안전운전 의무 불이행,단일로,기타단일로,화물차,보행자,128.73463435,35.30332996
9960,2016,2016-02-10 05:00,야간,수,1,4,3,0,서울,광진구,차대차,측면직각충돌,운전자법규위반,신호위반,교차로,교차로내,승용차,승용차,127.07652475,37.56425284
9961,2016,2016-02-11 16:00,주간,목,1,1,0,0,충남,금산군,차량단독,전도전복,운전자법규위반,안전운전 의무 불이행,교차로,교차로내,농기계,없음,127.5772439,36.0660487
9962,2016,2016-02-09 20:00,야간,화,1,1,0,0,전남,화순군,차대사람,횡단중,운전자법규위반,안전운전 의무 불이행,단일로,기타단일로,승용차,보행자,126.90854665,35.049352899999995
9963,2016,2016-02-10 19:00,야간,수,1,1,0,0,경기,시흥시,차대사람,횡단중,운전자법규위반,안전운전 의무 불이행,교차로,교차로내,승용차,보행자,126.83299698,37.45392966
9964,2016,2016-02-09 19:00,야간,화,1,1,0,0,충남,논산시,차대차,진행중 추돌,운전자법규위반,안전거리 미확보,단일로,기타단일로,승용차,자전거,127.06996108,36.21300569
9965,2016,2016-01-04 23:00,야간,월,3,3,0,0,인천,서구,차량단독,공작물충돌,운전자법규위반,안전운전 의무 불이행,단일로,기타단일로,승용차,없음,126.64844266,37.55469449
9966,2016,2016-02-04 11:00,주간,목,1,1,0,0,전북,장수군,차대차,진행중 추돌,운전자법규위반,안전운전 의무 불이행,단일로,기타단일로,승용차,화물차,127.54842505,35.73480353
9967,2016,2016-05-08 15:00,주간,일,1,4,1,1,경기,평택시,차대차,진행중 추돌,운전자법규위반,안전운전 의무 불이행,단일로,기타단일로,승용차,승합차,126.98490447,37.03554938
9968,2016,2016-06-28 06:00,주간,화,1,1,0,0,대전,대덕구,차대차,진행중 추돌,운전자법규위반,안전운전 의무 불이행,기타/불명,기타/불명,화물차,화물차,127.41830656,36.42636202
9969,2016,2016-06-02 21:00,야간,목,1,1,0,0,전남,함평군,차대차,진행중 추돌,운전자법규위반,기타(운전자법규위반),단일로,기타단일로,승용차,화물차,126.57954863,35.06546298
9970,2016,2016-05-24 21:00,야간,화,1,1,0,0,전북,고창군,차대사람,기타,운전자법규위반,안전운전 의무 불이행,단일로,기타단일로,승합차,보행자,126.68521083,35.51809075
9971,2016,2016-07-01 16:00,주간,금,1,1,0,0,충북,음성군,차대차,기타,운전자법규위반,안전운전 의무 불이행,단일로,기타단일로,화물차,화물차,127.68695369,37.120158399999994
9972,2016,2016-12-02 13:00,주간,금,1,2,0,1,경남,창녕군,차대차,진행중 추돌,운전자법규위반,안전운전 의무 불이행,단일로,기타단일로,화물차,화물차,128.50941766,35.49451122
9973,2016,2016-11-10 01:00,야간,목,1,2,0,1,충북,괴산군,차대차,진행중 추돌,운전자법규위반,안전운전 의무 불이행,단일로,기타단일로,승용차,화물차,127.95764644,36.83597966
9974,2016,2016-11-29 06:00,주간,화,1,1,0,0,전북,완주군,차대차,진행중 추돌,운전자법규위반,안전운전 의무 불이행,단일로,기타단일로,화물차,승용차,127.03556927,35.82968679
9975,2016,2016-08-22 16:00,주간,월,1,1,0,0,경기,성남시,차량단독,공작물충돌,운전자법규위반,안전운전 의무 불이행,단일로,기타단일로,승용차,없음,127.10163443,37.40755713
9976,2016,2016-09-08 00:00,야간,목,2,2,0,0,경기,고양시,차대차,진행중 추돌,운전자법규위반,안전운전 의무 불이행,단일로,기타단일로,특수차,승용차,126.83429435,37.66803264
9977,2016,2016-08-18 23:00,야간,목,1,2,0,1,충북,충주시,차대차,진행중 추돌,운전자법규위반,안전운전 의무 불이행,단일로,기타단일로,화물차,화물차,127.84607551,36.98137339
9978,2016,2016-05-13 00:00,야간,금,1,2,0,1,충북,충주시,차대차,기타,운전자법규위반,안전운전 의무 불이행,단일로,기타단일로,화물차,화물차,127.83569231,37.02460914
9979,2016,2016-06-30 03:00,야간,목,1,1,0,0,경북,성주군,차대차,진행중 추돌,운전자법규위반,안전운전 의무 불이행,단일로,기타단일로,화물차,화물차,128.25880342,36.00668397
9980,2016,2016-06-28 23:00,야간,화,3,6,2,1,경기,광주시,차대차,기타,운전자법규위반,안전운전 의무 불이행,단일로,기타단일로,승용차,건설기계,127.3201929,37.35429694
9981,2016,2016-06-07 03:00,야간,화,1,2,0,1,충남,서천군,차대차,진행중 추돌,운전자법규위반,안전운전 의무 불이행,단일로,기타단일로,화물차,화물차,126.62892833,36.12848718
9982,2016,2016-01-18 11:00,주간,월,1,1,0,0,충남,청양군,차대사람,횡단중,운전자법규위반,과속,단일로,기타단일로,승용차,보행자,126.95733683,36.40798284
9983,2016,2016-01-19 05:00,야간,화,1,1,0,0,서울,은평구,차대사람,횡단중,운전자법규위반,안전운전 의무 불이행,단일로,횡단보도부근,승합차,보행자,126.91994488,37.62463514
9984,2016,2016-01-23 22:00,야간,토,1,1,0,0,서울,강동구,차대사람,횡단중,운전자법규위반,신호위반,교차로,교차로내,승합차,보행자,127.17122807,37.55728964
9985,2016,2016-01-22 19:00,야간,금,1,1,0,0,대구,북구,차대차,측면직각충돌,운전자법규위반,안전운전 의무 불이행,교차로,교차로내,화물차,원동기장치자전거,128.56500561,35.89586665
9986,2016,2016-01-22 18:00,야간,금,1,1,0,0,경북,경주시,차대사람,횡단중,운전자법규위반,안전운전 의무 불이행,교차로,교차로부근,승합차,보행자,129.20696239,35.84870693
9987,2016,2016-01-27 18:00,야간,수,1,1,0,0,전북,익산시,차대사람,횡단중,운전자법규위반,안전운전 의무 불이행,단일로,기타단일로,승용차,보행자,126.89018899,35.93097157
9988,2016,2016-01-27 19:00,야간,수,1,1,0,0,충남,당진시,차대사람,횡단중,운전자법규위반,안전운전 의무 불이행,단일로,기타단일로,화물차,보행자,126.64093899,36.82851044
9989,2016,2016-01-27 18:00,야간,수,1,1,0,0,경남,거창군,차대차,진행중 추돌,운전자법규위반,안전운전 의무 불이행,단일로,기타단일로,화물차,농기계,127.91719454,35.75884862
9990,2016,2016-02-02 18:00,야간,화,1,1,0,0,강원,원주시,차대사람,횡단중,운전자법규위반,안전운전 의무 불이행,교차로,교차로내,승용차,보행자,127.95838152,37.34517165
9991,2016,2016-02-03 07:00,주간,수,1,1,0,0,전남,완도군,차량단독,전도전복,운전자법규위반,안전운전 의무 불이행,단일로,기타단일로,농기계,없음,126.80111053,34.39661856
9992,2016,2016-02-03 10:00,주간,수,1,5,2,2,경기,고양시,차대차,측면직각충돌,운전자법규위반,신호위반,교차로,교차로내,승합차,승용차,126.79070195,37.65320412
9993,2016,2016-01-31 14:00,주간,일,1,1,0,0,부산,사상구,차량단독,도로이탈 추락,운전자법규위반,안전운전 의무 불이행,단일로,기타단일로,건설기계,없음,128.97253366,35.13658273
9994,2016,2016-01-31 15:00,주간,일,1,1,0,0,전남,보성군,차대사람,기타,운전자법규위반,안전운전 의무 불이행,단일로,기타단일로,건설기계,보행자,127.05684342,34.66711779
9995,2016,2016-01-30 23:00,야간,토,1,1,0,0,경기,성남시,차대사람,기타,운전자법규위반,안전운전 의무 불이행,교차로,교차로내,승용차,보행자,127.12984178,37.44122496
9996,2016,2016-01-30 22:00,야간,토,1,1,0,0,경기,시흥시,차대사람,횡단중,운전자법규위반,보행자 보호의무 위반,교차로,교차로내,화물차,보행자,126.78893813,37.44894967
9997,2016,2016-01-30 20:00,야간,토,1,1,0,0,울산,울주군,차대사람,횡단중,운전자법규위반,안전운전 의무 불이행,단일로,횡단보도부근,승용차,보행자,129.15945586,35.64395418
9998,2016,2016-01-30 07:00,주간,토,1,1,0,0,대전,서구,차대사람,횡단중,운전자법규위반,안전운전 의무 불이행,교차로,교차로내,승합차,보행자,127.38028286,36.31318692
9999,2016,2016-11-12 21:00,야간,토,1,3,0,2,충남,금산군,차대차,정면충돌,운전자법규위반,안전운전 의무 불이행,단일로,기타단일로,승용차,화물차,127.53603229999999,36.08540712
10000,2016,2016-01-02 18:00,야간,토,1,1,0,0,광주,동구,차대사람,횡단중,운전자법규위반,안전운전 의무 불이행,단일로,기타단일로,승용차,보행자,126.93248603,35.12341699
10001,2016,2016-01-09 23:00,야간,토,2,2,0,0,강원,원주시,차대차,기타,운전자법규위반,과속,교차로,교차로부근,승용차,승용차,127.94408342,37.33477013
10002,2016,2016-01-08 10:00,주간,금,1,1,0,0,대구,북구,차대차,측면직각충돌,운전자법규위반,기타(운전자법규위반),단일로,기타단일로,화물차,자전거,128.56620763,35.89023475
10003,2016,2016-01-06 13:00,주간,수,1,1,0,0,경기,이천시,차량단독,전도전복,운전자법규위반,안전운전 의무 불이행,단일로,교량위,원동기장치자전거,없음,127.45702414,37.33464027
10004,2016,2016-01-16 15:00,주간,토,1,2,0,1,충북,음성군,차대차,기타,운전자법규위반,안전운전 의무 불이행,단일로,기타단일로,승용차,승용차,127.63292961,36.86133305
10005,2016,2016-01-22 01:00,야간,금,1,1,0,0,경북,칠곡군,차량단독,기타,운전자법규위반,안전운전 의무 불이행,단일로,기타단일로,이륜차,없음,128.41227345,36.03766518
10006,2016,2016-01-18 17:00,주간,월,1,3,1,1,광주,광산구,차량단독,공작물충돌,운전자법규위반,안전운전 의무 불이행,단일로,기타단일로,화물차,없음,126.75948657,35.09806541
10007,2016,2016-01-25 16:00,주간,월,1,1,0,0,경기,포천시,차대사람,횡단중,운전자법규위반,안전운전 의무 불이행,단일로,기타단일로,화물차,보행자,127.22908421,37.76937744