,발생년,발생년월일시분,주야,요일,사망자수,사상자수,중상자수,경상자수,발생지시도,발생지시군구,사고유형_대분류,사고유형,법규위반_대분류,법규위반,도로형태_대분류,도로형태,가해자_당사자종별,피해자_당사자종별,경도,위도
10008,2016,2016-01-30 03:00,야간,토,1,1,0,0,대구,달서구,차대사람,횡단중,운전자법규위반,안전운전 의무 불이행,단일로,기타단일로,승용차,보행자,128.50964803,35.85147013
10009,2016,2016-01-28 22:00,야간,목,1,1,0,0,서울,강서구,차대차,진행중 추돌,운전자법규위반,기타(운전자법규위반),단일로,기타단일로,화물차,화물차,126.81568813,37.58638277
10010,2016,2016-01-30 00:00,야간,토,1,1,0,0,경남,진주시,차대사람,횡단중,운전자법규위반,신호위반,단일로,횡단보도부근,승용차,보행자,128.09314793,35.17888438
10011,2016,2016-01-27 15:00,주간,수,1,1,0,0,대전,대덕구,차대사람,횡단중,운전자법규위반,보행자 보호의무 위반,교차로,교차로내,화물차,보행자,127.42648308,36.43886252
10012,2016,2016-01-28 10:00,주간,목,1,1,0,0,전북,임실군,차대차,측면직각충돌,운전자법규위반,안전운전 의무 불이행,교차로,교차로내,화물차,화물차,127.29561542,35.52734179
10013,2016,2016-02-03 12:00,주간,수,1,1,0,0,경북,김천시,차대차,측면직각충돌,운전자법규위반,안전운전 의무 불이행,교차로,교차로내,화물차,이륜차,128.11938635,36.18284812
10014,2016,2016-02-02 05:00,야간,화,1,1,0,0,부산,수영구,차대사람,횡단중,운전자법규위반,안전운전 의무 불이행,단일로,기타단일로,승용차,보행자,129.11473809,35.14596889
10015,2016,2016-02-01 21:00,야간,월,1,1,0,0,경북,경주시,차대사람,횡단중,운전자법규위반,안전운전 의무 불이행,단일로,기타단일로,승용차,보행자,129.07169537,35.81664695
10016,2016,2016-02-03 07:00,주간,수,1,1,0,0,경남,창원시(통합),차대차,측면직각충돌,운전자법규위반,신호위반,교차로,교차로부근,이륜차,승용차,128.63790615,35.21325773
10017,2016,2016-02-10 16:00,주간,수,1,4,0,3,충남,예산군,차대차,측면직각충돌,운전자법규위반,신호위반,교차로,교차로내,승용차,승용차,126.85045147,36.72380087
10018,2016,2016-02-06 05:00,야간,토,1,2,0,1,경북,포항시,차대차,진행중 추돌,운전자법규위반,안전운전 의무 불이행,교차로,교차로부근,승용차,화물차,129.38241601,36.00242466
10019,2016,2016-02-06 02:00,야간,토,1,2,1,0,광주,서구,차대사람,횡단중,운전자법규위반,과속,교차로,교차로내,승용차,보행자,126.85969454,35.13250418
10020,2016,2016-02-05 06:00,주간,금,1,1,0,0,경기,부천시,차대사람,횡단중,운전자법규위반,안전운전 의무 불이행,단일로,횡단보도상,승용차,보행자,126.77023604,37.52015949
10021,2016,2016-06-22 21:00,야간,수,1,2,0,1,충북,영동군,차대차,진행중 추돌,운전자법규위반,안전운전 의무 불이행,단일로,기타단일로,화물차,화물차,127.90082744,36.2202384
10022,2016,2016-06-22 13:00,주간,수,2,8,2,2,충북,보은군,차대차,진행중 추돌,운전자법규위반,안전운전 의무 불이행,단일로,기타단일로,특수차,화물차,127.62712164,36.47550052
10023,2016,2016-09-21 22:00,야간,수,1,3,2,0,전북,김제시,차량단독,공작물충돌,운전자법규위반,안전운전 의무 불이행,단일로,기타단일로,승용차,없음,126.84057557,35.84079345
10024,2016,2016-10-01 16:00,주간,토,1,8,3,4,경북,문경시,차대차,진행중 추돌,운전자법규위반,안전운전 의무 불이행,단일로,기타단일로,건설기계,화물차,128.11161153,36.69383137
10025,2016,2016-11-02 10:00,주간,수,1,3,1,1,충북,청주시,차대차,진행중 추돌,운전자법규위반,안전운전 의무 불이행,단일로,기타단일로,승용차,화물차,127.43191851,36.55169991
10026,2016,2016-03-03 06:00,주간,목,1,1,0,0,경기,광명시,차대차,진행중 추돌,운전자법규위반,안전운전 의무 불이행,단일로,기타단일로,승용차,건설기계,126.88123191,37.42760188
10027,2016,2016-01-15 02:00,야간,금,1,1,0,0,경기,평택시,차대차,측면직각충돌,운전자법규위반,안전운전 의무 불이행,단일로,기타단일로,승합차,승용차,127.1662571,36.97499224
10028,2016,2016-02-27 06:00,주간,토,1,6,1,4,경기,이천시,차대차,측면직각충돌,운전자법규위반,과속,단일로,기타단일로,승용차,승합차,127.38769097,37.28042991
10029,2016,2016-02-07 04:00,야간,일,1,8,0,7,인천,연수구,차대차,진행중 추돌,운전자법규위반,안전운전 의무 불이행,단일로,교량위,승용차,승용차,126.54726796,37.426103000000005
10030,2016,2016-04-04 10:00,주간,월,1,1,0,0,인천,남구,차대차,진행중 추돌,운전자법규위반,안전운전 의무 불이행,단일로,기타단일로,화물차,화물차,126.63453675,37.44519776
10031,2016,2016-03-21 17:00,주간,월,1,1,0,0,전북,남원시,차량단독,전도전복,운전자법규위반,안전운전 의무 불이행,교차로,교차로내,농기계,없음,127.61597836,35.4603939
10032,2016,2016-10-14 01:00,야간,금,1,1,0,0,대구,북구,차량단독,공작물충돌,운전자법규위반,안전운전 의무 불이행,단일로,기타단일로,승용차,없음,128.52748393,35.91716029999999
10033,2016,2016-02-24 06:00,주간,수,1,2,0,1,경남,함안군,차대차,진행중 추돌,운전자법규위반,안전운전 의무 불이행,단일로,기타단일로,화물차,화물차,128.54028269,35.28753085
10034,2016,2016-01-11 14:00,주간,월,1,7,0,6,전남,무안군,차대차,진행중 추돌,운전자법규위반,안전운전 의무 불이행,단일로,터널안,승합차,승용차,126.49910870000001,34.90593749
10035,2016,2016-05-04 09:00,주간,수,1,1,0,0,충남,당진시,차대차,진행중 추돌,운전자법규위반,안전운전 의무 불이행,단일로,기타단일로,화물차,화물차,126.62470295,36.85498442
10036,2016,2016-11-12 04:00,야간,토,2,5,2,1,충남,천안시,차대차,기타,운전자법규위반,신호위반,기타/불명,기타/불명,화물차,화물차,127.17906301,36.84932723
10037,2016,2016-10-05 03:00,야간,수,1,5,1,3,경기,성남시,차대차,기타,운전자법규위반,안전운전 의무 불이행,단일로,기타단일로,화물차,승용차,127.12546833,37.42733006
10038,2016,2016-07-19 20:00,야간,화,1,1,0,0,충남,서산시,차대차,진행중 추돌,운전자법규위반,안전거리 미확보,단일로,기타단일로,화물차,화물차,126.56983658,36.80239265
10039,2016,2016-05-07 11:00,주간,토,1,11,3,7,충남,논산시,차대차,진행중 추돌,운전자법규위반,안전운전 의무 불이행,기타/불명,기타/불명,승용차,승용차,127.08056362,36.10276862
10040,2016,2016-03-11 14:00,주간,금,1,10,4,5,경북,문경시,차대차,진행중 추돌,운전자법규위반,안전거리 미확보,단일로,터널안,승용차,승용차,128.13217178,36.66402756
10041,2016,2016-06-03 13:00,주간,금,1,4,1,2,대구,북구,차대차,진행중 추돌,운전자법규위반,안전운전 의무 불이행,단일로,기타단일로,화물차,화물차,128.57747037,35.90825647
10042,2016,2016-09-12 00:00,야간,월,1,3,1,1,대전,동구,차대차,정면충돌,운전자법규위반,중앙선 침범,단일로,기타단일로,화물차,승용차,127.46284756,36.29373158
10043,2016,2016-09-04 15:00,주간,일,1,3,1,1,경남,김해시,차량단독,공작물충돌,운전자법규위반,안전운전 의무 불이행,단일로,기타단일로,화물차,없음,128.89310326,35.22515114
10044,2016,2016-07-22 04:00,야간,금,1,1,0,0,충북,영동군,차대차,진행중 추돌,운전자법규위반,안전운전 의무 불이행,단일로,기타단일로,화물차,화물차,127.85370767,36.24746061
10045,2016,2016-08-30 02:00,야간,화,1,2,0,1,경북,칠곡군,차대차,진행중 추돌,운전자법규위반,안전운전 의무 불이행,단일로,기타단일로,화물차,화물차,128.48171015,35.92694212
10046,2016,2016-05-28 00:00,야간,토,1,1,0,0,경기,화성시,차대차,기타,운전자법규위반,안전운전 의무 불이행,단일로,기타단일로,승용차,화물차,126.82067909999999,37.11694077
10047,2016,2016-06-30 02:00,야간,목,2,4,1,1,경기,평택시,차대차,기타,운전자법규위반,안전운전 의무 불이행,단일로,기타단일로,화물차,화물차,126.84762055,36.95460187
10048,2016,2016-06-15 01:00,야간,수,1,2,0,1,경기,화성시,차대차,진행중 추돌,운전자법규위반,안전운전 의무 불이행,단일로,기타단일로,승용차,화물차,126.88270039999999,37.24562141
10049,2016,2016-06-02 06:00,주간,목,1,5,0,4,인천,남구,차대차,진행중 추돌,운전자법규위반,안전운전 의무 불이행,기타/불명,기타/불명,화물차,화물차,126.65310273,37.4368776
10050,2016,2016-05-12 00:00,야간,목,1,5,0,4,충북,충주시,차대차,정면충돌,운전자법규위반,안전운전 의무 불이행,단일로,터널안,화물차,화물차,127.85532848,36.93664344
10051,2016,2016-05-16 09:00,주간,월,4,6,2,0,경남,함안군,차대차,진행중 추돌,운전자법규위반,안전거리 미확보,단일로,터널안,승합차,승합차,128.57615541,35.28930881
10052,2016,2016-10-08 03:00,야간,토,1,1,0,0,충북,청주시,차대차,진행중 추돌,운전자법규위반,안전운전 의무 불이행,단일로,기타단일로,화물차,화물차,127.44882236,36.72384038
10053,2016,2016-09-09 14:00,주간,금,1,2,1,0,경기,안산시,차대차,진행중 추돌,운전자법규위반,안전운전 의무 불이행,단일로,기타단일로,화물차,승용차,126.86370889,37.34122075
10054,2016,2016-06-20 13:00,주간,월,1,1,0,0,경북,칠곡군,차대차,기타,운전자법규위반,안전운전 의무 불이행,단일로,기타단일로,화물차,화물차,128.54678248,36.00785029
10055,2016,2016-05-16 04:00,야간,월,1,1,0,0,경남,양산시,차량단독,공작물충돌,운전자법규위반,안전운전 의무 불이행,단일로,기타단일로,승용차,없음,129.02748933,35.32678946
10056,2016,2016-05-18 23:00,야간,수,1,1,0,0,충북,단양군,차량단독,공작물충돌,운전자법규위반,안전운전 의무 불이행,단일로,기타단일로,화물차,없음,128.30952907,36.95055166
10057,2016,2016-01-02 17:00,주간,토,1,3,2,0,충남,논산시,차량단독,공작물충돌,운전자법규위반,안전운전 의무 불이행,단일로,기타단일로,승용차,없음,127.21960390000001,36.21091648
10058,2016,2016-01-09 11:00,주간,토,2,2,0,0,경기,파주시,차대차,측면직각충돌,운전자법규위반,신호위반,교차로,교차로내,승용차,화물차,126.81156592,37.74222491
10059,2016,2016-01-08 00:00,야간,금,1,1,0,0,서울,마포구,차량단독,공작물충돌,운전자법규위반,안전운전 의무 불이행,단일로,기타단일로,이륜차,없음,126.87921663,37.57832448
10060,2016,2016-01-06 21:00,야간,수,1,4,0,2,경기,용인시,차대차,측면직각충돌,운전자법규위반,중앙선 침범,단일로,기타단일로,승용차,승합차,127.20318149,37.14944311
10061,2016,2016-01-07 04:00,야간,목,1,1,0,0,경북,안동시,차대사람,횡단중,운전자법규위반,안전운전 의무 불이행,교차로,교차로부근,승용차,보행자,128.75222311,36.55875584
10062,2016,2016-01-12 05:00,야간,화,1,1,0,0,경기,군포시,차대사람,횡단중,운전자법규위반,안전운전 의무 불이행,교차로,교차로내,승용차,보행자,126.92355585,37.3616913
10063,2016,2016-01-17 21:00,야간,일,1,3,2,0,충북,보은군,차대차,기타,운전자법규위반,안전운전 의무 불이행,단일로,기타단일로,승용차,화물차,127.7869581,36.51101343
10064,2016,2016-01-18 05:00,야간,월,1,1,0,0,경기,포천시,차대차,측면직각충돌,운전자법규위반,안전운전 의무 불이행,단일로,기타단일로,원동기장치자전거,화물차,127.18142424,37.87116081
10065,2016,2016-01-16 02:00,야간,토,1,1,0,0,부산,금정구,차량단독,공작물충돌,운전자법규위반,안전운전 의무 불이행,단일로,기타단일로,승용차,없음,129.09158012,35.24970655
10066,2016,2016-01-15 23:00,야간,금,1,1,0,0,전남,보성군,차량단독,전도전복,운전자법규위반,안전운전 의무 불이행,단일로,기타단일로,승용차,없음,127.13914158,34.82990709
10067,2016,2016-01-21 18:00,야간,목,1,3,0,2,전남,여수시,차대차,정면충돌,운전자법규위반,중앙선 침범,단일로,기타단일로,승용차,승용차,127.73505274,34.73073148
10068,2016,2016-01-21 18:00,야간,목,1,1,0,0,경북,울진군,차대사람,횡단중,운전자법규위반,안전운전 의무 불이행,단일로,기타단일로,승용차,보행자,129.43477444,36.667862299999996
10069,2016,2016-05-28 10:00,주간,토,1,1,0,0,경기,광주시,차대차,진행중 추돌,운전자법규위반,안전운전 의무 불이행,단일로,기타단일로,화물차,건설기계,127.31829228,37.36048657
10070,2016,2016-05-22 17:00,주간,일,1,5,3,1,경기,안양시,차대사람,차도통행중,운전자법규위반,안전운전 의무 불이행,단일로,기타단일로,승합차,보행자,126.89768598,37.42364876
10071,2016,2016-11-15 06:00,주간,화,1,2,0,1,충남,천안시,차대차,기타,운전자법규위반,안전운전 의무 불이행,단일로,기타단일로,화물차,화물차,127.168377,36.79521266
10072,2016,2016-01-04 22:00,야간,월,1,1,0,0,경북,경주시,차대사람,횡단중,운전자법규위반,안전운전 의무 불이행,단일로,기타단일로,특수차,보행자,129.22515444,35.87065968
10073,2016,2016-01-04 10:00,주간,월,1,1,0,0,경기,파주시,차대차,측면직각충돌,운전자법규위반,안전거리 미확보,단일로,기타단일로,자전거,화물차,126.81352585,37.7413891
10074,2016,2016-01-01 11:00,주간,금,1,1,0,0,전남,화순군,차대차,측면직각충돌,운전자법규위반,신호위반,교차로,교차로내,원동기장치자전거,승용차,126.98162193,35.05570165
10075,2016,2016-01-01 14:00,주간,금,1,2,0,1,전남,해남군,차대차,정면충돌,운전자법규위반,중앙선 침범,단일로,기타단일로,이륜차,승용차,126.4344163,34.57873674
10076,2016,2016-01-07 08:00,주간,목,1,3,2,0,강원,춘천시,차대차,측면직각충돌,운전자법규위반,중앙선 침범,단일로,교량위,승용차,화물차,127.66987421,37.96298744
10077,2016,2016-01-12 07:00,주간,화,1,1,0,0,충남,논산시,차대차,진행중 추돌,운전자법규위반,안전운전 의무 불이행,단일로,기타단일로,승용차,자전거,127.24207299,36.13393725
10078,2016,2016-01-21 06:00,주간,목,1,1,0,0,경기,안산시,차대사람,횡단중,운전자법규위반,안전운전 의무 불이행,교차로,교차로부근,화물차,보행자,126.84740562,37.32963038
10079,2016,2016-01-18 12:00,주간,월,1,1,0,0,경북,구미시,차대차,측면직각충돌,운전자법규위반,안전운전 의무 불이행,교차로,교차로부근,승용차,자전거,128.42556882,36.10662179
10080,2016,2016-01-24 21:00,야간,일,1,1,0,0,강원,속초시,차대사람,횡단중,운전자법규위반,안전운전 의무 불이행,교차로,교차로내,승용차,보행자,128.59026749,38.18957722
10081,2016,2016-01-24 12:00,주간,일,1,1,0,0,경남,창원시(통합),차대차,진행중 추돌,운전자법규위반,안전운전 의무 불이행,교차로,교차로부근,승용차,원동기장치자전거,128.64272084,35.23695283
10082,2016,2016-01-25 04:00,야간,월,1,1,0,0,대구,남구,차대사람,횡단중,운전자법규위반,안전운전 의무 불이행,교차로,교차로내,승용차,보행자,128.55765011,35.83782213
10083,2016,2016-02-01 19:00,야간,월,1,1,0,0,충북,청주시,차대사람,기타,운전자법규위반,안전운전 의무 불이행,기타/불명,기타/불명,승합차,보행자,127.43253925,36.62167513
10084,2016,2016-01-30 11:00,주간,토,1,4,2,1,전남,나주시,차대차,정면충돌,운전자법규위반,중앙선 침범,단일로,기타단일로,승용차,화물차,126.69809227,35.02496141
10085,2016,2016-01-31 00:00,야간,일,1,3,2,0,전북,정읍시,차량단독,도로이탈 추락,운전자법규위반,과속,단일로,기타단일로,승용차,없음,126.87694468,35.58526903
10086,2016,2016-01-31 06:00,주간,일,1,5,2,2,경북,칠곡군,차량단독,전도전복,운전자법규위반,안전운전 의무 불이행,단일로,기타단일로,승용차,없음,128.39373303,35.98333264
10087,2016,2016-01-31 18:00,야간,일,1,1,0,0,충남,서천군,차대차,진행중 추돌,운전자법규위반,안전운전 의무 불이행,단일로,기타단일로,승용차,화물차,126.71204979999999,36.01313157
10088,2016,2016-02-05 13:00,주간,금,1,1,0,0,경기,파주시,차대사람,기타,운전자법규위반,안전운전 의무 불이행,단일로,기타단일로,승용차,보행자,126.78308424,37.74503845
10089,2016,2016-02-06 01:00,야간,토,1,1,0,0,경기,성남시,차대사람,횡단중,운전자법규위반,안전운전 의무 불이행,단일로,기타단일로,승합차,보행자,127.14012578,37.4371645
10090,2016,2016-02-06 14:00,주간,토,1,1,0,0,서울,송파구,차대차,진행중 추돌,운전자법규위반,안전운전 의무 불이행,지하도로내,지하도로내,화물차,승용차,127.10037216,37.50256605
10091,2016,2016-02-05 23:00,야간,금,1,1,0,0,경기,고양시,차대사람,차도통행중,운전자법규위반,과속,단일로,기타단일로,승용차,보행자,126.86944257,37.63742736
10092,2016,2016-02-05 21:00,야간,금,1,1,0,0,충남,보령시,차대사람,기타,운전자법규위반,안전운전 의무 불이행,단일로,기타단일로,화물차,보행자,126.62038203,36.36269864
10093,2016,2016-02-06 01:00,야간,토,1,1,0,0,경기,광주시,차대사람,횡단중,운전자법규위반,안전운전 의무 불이행,단일로,기타단일로,승용차,보행자,127.28715041,37.38746715
10094,2016,2016-02-05 07:00,주간,금,1,1,0,0,경남,창녕군,차대사람,횡단중,운전자법규위반,안전운전 의무 불이행,단일로,횡단보도부근,화물차,보행자,128.48090848,35.38654119
10095,2016,2016-02-05 08:00,주간,금,1,1,0,0,충남,천안시,차대차,기타,운전자법규위반,신호위반,교차로,교차로내,건설기계,자전거,127.15870411,36.78121881
10096,2016,2016-02-07 08:00,주간,일,1,3,2,0,경남,고성군,차량단독,공작물충돌,운전자법규위반,안전운전 의무 불이행,교차로,교차로부근,승용차,없음,128.24717732,34.98653691
10097,2016,2016-02-06 19:00,야간,토,1,1,0,0,경기,수원시,차대사람,기타,운전자법규위반,안전운전 의무 불이행,단일로,기타단일로,승용차,보행자,127.00331302,37.30201197
10098,2016,2016-02-04 00:00,야간,목,1,1,0,0,인천,강화군,차대사람,횡단중,운전자법규위반,안전운전 의무 불이행,단일로,기타단일로,승용차,보행자,126.49025416,37.74036176
10099,2016,2016-05-20 15:00,주간,금,1,4,1,2,경기,광주시,차대차,진행중 추돌,운전자법규위반,안전운전 의무 불이행,단일로,기타단일로,화물차,승용차,127.31870330000001,37.35862133
10100,2016,2016-01-02 02:00,야간,토,1,1,0,0,전북,부안군,차대사람,기타,운전자법규위반,안전운전 의무 불이행,단일로,기타단일로,화물차,보행자,126.73440766,35.72319919
10101,2016,2016-01-19 07:00,주간,화,1,1,0,0,서울,영등포구,차량단독,전도전복,운전자법규위반,안전운전 의무 불이행,단일로,기타단일로,승용차,없음,126.90219651,37.53425013
10102,2016,2016-01-19 00:00,야간,화,1,3,0,2,서울,마포구,차대차,정면충돌,운전자법규위반,안전거리 미확보,단일로,기타단일로,승용차,승용차,126.90091283,37.55181088
10103,2016,2016-01-25 17:00,주간,월,1,1,0,0,서울,노원구,차대사람,횡단중,운전자법규위반,신호위반,교차로,교차로내,화물차,보행자,127.08409426,37.62022632
10104,2016,2016-01-24 21:00,야간,일,1,1,0,0,서울,관악구,차대사람,길가장자리구역통행중,운전자법규위반,안전운전 의무 불이행,단일로,기타단일로,승합차,보행자,126.96522178,37.47630316
10105,2016,2016-01-23 20:00,야간,토,1,1,0,0,경북,김천시,차대사람,차도통행중,운전자법규위반,안전운전 의무 불이행,단일로,기타단일로,승용차,보행자,128.13269409,36.12423158
10106,2016,2016-01-29 07:00,주간,금,1,1,0,0,경기,화성시,차대사람,횡단중,운전자법규위반,안전운전 의무 불이행,교차로,교차로내,화물차,보행자,126.992332,37.13243902
10107,2016,2016-02-02 15:00,주간,화,1,2,1,0,충남,공주시,차대차,진행중 추돌,운전자법규위반,안전운전 의무 불이행,단일로,기타단일로,화물차,농기계,127.13893767,36.35085474
10108,2016,2016-02-03 21:00,야간,수,1,1,0,0,충남,서산시,차대사람,횡단중,운전자법규위반,과속,단일로,기타단일로,승용차,보행자,126.38385764,36.78397197
10109,2016,2016-02-03 16:00,주간,수,1,1,0,0,제주,제주시,차대사람,횡단중,운전자법규위반,안전운전 의무 불이행,단일로,기타단일로,화물차,보행자,126.49073526,33.47684383
10110,2016,2016-02-04 05:00,야간,목,1,2,1,0,경북,포항시,차량단독,전도전복,운전자법규위반,안전운전 의무 불이행,단일로,기타단일로,승용차,없음,129.39798633,36.1288033
10111,2016,2016-01-31 20:00,야간,일,1,1,0,0,경북,경주시,차대차,기타,운전자법규위반,안전운전 의무 불이행,교차로,교차로내,승합차,자전거,129.211745,35.83991246
10112,2016,2016-02-01 01:00,야간,월,1,2,1,0,경기,동두천시,차대차,정면충돌,운전자법규위반,중앙선 침범,단일로,기타단일로,승용차,승용차,127.04526834,37.89904154
10113,2016,2016-01-30 08:00,주간,토,1,1,0,0,강원,원주시,차량단독,전도전복,운전자법규위반,안전운전 의무 불이행,교차로,교차로부근,이륜차,없음,127.93483954,37.35225255
10114,2016,2016-01-18 06:00,주간,월,1,7,1,5,경남,밀양시,차대차,측면직각충돌,운전자법규위반,안전거리 미확보,단일로,교량위,화물차,승용차,128.77540738,35.47962266
10115,2016,2016-02-22 04:00,야간,월,1,4,3,0,강원,평창군,차대차,진행중 추돌,운전자법규위반,안전운전 의무 불이행,단일로,기타단일로,승용차,승용차,128.53167243,37.64519559
10116,2016,2016-12-09 05:00,야간,금,1,8,2,5,경기,여주시,차대차,측면직각충돌,운전자법규위반,안전거리 미확보,단일로,교량위,화물차,화물차,127.58712302,37.24423277
10117,2016,2016-12-20 02:00,야간,화,1,1,0,0,강원,원주시,차대사람,기타,운전자법규위반,안전운전 의무 불이행,단일로,기타단일로,승용차,보행자,128.08810409,37.22492617
10118,2016,2016-09-12 05:00,야간,월,2,4,2,0,경기,광주시,차대차,기타,운전자법규위반,안전운전 의무 불이행,단일로,기타단일로,승용차,승용차,127.29809797,37.42491162
10119,2016,2016-01-11 12:00,주간,월,1,1,0,0,경북,경주시,차대차,진행중 추돌,운전자법규위반,안전운전 의무 불이행,단일로,기타단일로,특수차,승용차,129.19709859,35.76298804
10120,2016,2016-02-01 07:00,주간,월,1,2,0,1,경북,군위군,차대차,진행중 추돌,운전자법규위반,안전운전 의무 불이행,단일로,기타단일로,화물차,화물차,128.55812379,36.23837259
10121,2016,2016-04-20 03:00,야간,수,1,3,2,0,전남,장성군,차량단독,기타,운전자법규위반,안전운전 의무 불이행,단일로,기타단일로,승용차,없음,126.81368009,35.34412169
10122,2016,2016-01-04 12:00,주간,월,1,1,0,0,경남,창원시(통합),차량단독,공작물충돌,운전자법규위반,안전운전 의무 불이행,단일로,기타단일로,자전거,없음,128.69085161,35.15991177
10123,2016,2016-01-02 21:00,야간,토,1,1,0,0,부산,진구,차대사람,기타,운전자법규위반,안전운전 의무 불이행,단일로,기타단일로,승용차,보행자,129.05751896,35.15954343
10124,2016,2016-01-03 20:00,야간,일,1,1,0,0,세종,세종,차대사람,보도통행중,운전자법규위반,안전운전 의무 불이행,단일로,기타단일로,승용차,보행자,127.29719490000001,36.60381617
10125,2016,2016-01-05 12:00,주간,화,1,1,0,0,대전,대덕구,차대사람,횡단중,운전자법규위반,안전운전 의무 불이행,단일로,기타단일로,화물차,보행자,127.42558568,36.44388347
10126,2016,2016-01-09 15:00,주간,토,1,2,1,0,경남,함양군,차량단독,전도전복,운전자법규위반,안전운전 의무 불이행,기타/불명,기타/불명,화물차,없음,127.63839315,35.36676581
10127,2016,2016-01-07 02:00,야간,목,1,2,0,1,부산,수영구,차대차,정면충돌,운전자법규위반,중앙선 침범,단일로,기타단일로,원동기장치자전거,승용차,129.10907169,35.14322678
10128,2016,2016-01-05 21:00,야간,화,1,4,3,0,경기,고양시,차대차,측면직각충돌,운전자법규위반,중앙선 침범,단일로,기타단일로,승용차,승용차,126.87876134,37.6317263
10129,2016,2016-01-14 06:00,주간,목,1,1,0,0,전남,목포시,차대사람,횡단중,운전자법규위반,안전운전 의무 불이행,단일로,기타단일로,승용차,보행자,126.41842639,34.81254152
10130,2016,2016-01-18 07:00,주간,월,1,1,0,0,전남,해남군,차대사람,횡단중,운전자법규위반,보행자 보호의무 위반,단일로,기타단일로,승합차,보행자,126.49571157,34.56410699
10131,2016,2016-01-16 18:00,야간,토,1,1,0,0,서울,동대문구,차대차,진행중 추돌,운전자법규위반,안전운전 의무 불이행,단일로,기타단일로,이륜차,화물차,127.07027779,37.60700819
10132,2016,2016-01-16 10:00,주간,토,1,1,0,0,경남,창원시(통합),차대차,정면충돌,운전자법규위반,안전운전 의무 불이행,교차로,교차로부근,승용차,자전거,128.68929924,35.22216792
10133,2016,2016-01-19 12:00,주간,화,1,1,0,0,인천,서구,차대사람,횡단중,운전자법규위반,보행자 보호의무 위반,교차로,교차로내,화물차,보행자,126.67043825,37.54465699
10134,2016,2016-01-19 22:00,야간,화,1,3,2,0,충남,당진시,차대차,정면충돌,운전자법규위반,중앙선 침범,단일로,기타단일로,화물차,승용차,126.68235081,36.94423112
10135,2016,2016-09-08 12:00,주간,목,1,4,0,3,경북,구미시,차대차,진행중 추돌,운전자법규위반,안전운전 의무 불이행,단일로,기타단일로,화물차,화물차,128.35791955,36.11880034
10136,2016,2016-01-02 19:00,야간,토,1,1,0,0,경기,남양주시,차대사람,횡단중,운전자법규위반,신호위반,단일로,기타단일로,승용차,보행자,127.2186088,37.75615751
10137,2016,2016-01-05 15:00,주간,화,1,1,0,0,전남,순천시,차대사람,기타,운전자법규위반,안전운전 의무 불이행,단일로,기타단일로,화물차,보행자,127.52085687,34.92320479
10138,2016,2016-01-08 02:00,야간,금,1,2,1,0,경북,경주시,차대차,기타,운전자법규위반,과속,단일로,기타단일로,승용차,승용차,129.25129313,35.98472337
10139,2016,2016-01-07 18:00,야간,목,1,1,0,0,경기,가평군,차대사람,횡단중,운전자법규위반,안전운전 의무 불이행,단일로,기타단일로,화물차,보행자,127.35835773,37.81494919
10140,2016,2016-01-13 06:00,주간,수,1,1,0,0,경기,수원시,차대차,진행중 추돌,운전자법규위반,안전운전 의무 불이행,단일로,기타단일로,화물차,화물차,126.95062952,37.28962845
10141,2016,2016-01-17 21:00,야간,일,1,1,0,0,강원,철원군,차대사람,횡단중,운전자법규위반,안전운전 의무 불이행,단일로,기타단일로,승합차,보행자,127.28794669,38.18837339
10142,2016,2016-10-24 12:00,주간,월,1,14,1,12,경기,용인시,차대차,측면직각충돌,운전자법규위반,안전운전 의무 불이행,단일로,기타단일로,승합차,승합차,127.10390413,37.26595704
10143,2016,2016-05-13 01:00,야간,금,1,3,0,2,충북,충주시,차대차,진행중 추돌,운전자법규위반,안전거리 미확보,단일로,기타단일로,화물차,화물차,127.84589642,37.01378064
10144,2016,2016-01-31 09:00,주간,일,1,3,2,0,경북,경주시,차대차,기타,운전자법규위반,안전운전 의무 불이행,단일로,기타단일로,승합차,승용차,129.22081408,35.98782386
10145,2016,2016-01-31 02:00,야간,일,1,2,1,0,경기,양주시,차대차,정면충돌,운전자법규위반,중앙선 침범,단일로,기타단일로,승용차,화물차,126.96508779,37.71216936
10146,2016,2016-01-31 18:00,야간,일,1,1,0,0,충북,청주시,차대차,정면충돌,운전자법규위반,교차로 통행방법 위반,교차로,교차로내,화물차,이륜차,127.46540247,36.66010201
10147,2016,2016-01-31 01:00,야간,일,1,2,1,0,세종,세종,차량단독,전도전복,운전자법규위반,안전운전 의무 불이행,단일로,기타단일로,원동기장치자전거,없음,127.27837693,36.50206542
10148,2016,2016-02-06 04:00,야간,토,1,2,1,0,부산,사하구,차대차,진행중 추돌,운전자법규위반,안전운전 의무 불이행,단일로,기타단일로,화물차,화물차,128.99081044,35.064103
10149,2016,2016-02-05 11:00,주간,금,1,2,1,0,대구,달성군,차대차,진행중 추돌,운전자법규위반,안전운전 의무 불이행,교차로,교차로부근,화물차,건설기계,128.41729821,35.66141535
10150,2016,2016-02-04 06:00,주간,목,1,1,0,0,경기,양주시,차량단독,도로이탈 추락,운전자법규위반,안전운전 의무 불이행,단일로,기타단일로,승용차,없음,126.95719042,37.81792071