,발생년,발생년월일시분,주야,요일,사망자수,사상자수,중상자수,경상자수,발생지시도,발생지시군구,사고유형_대분류,사고유형,법규위반_대분류,법규위반,도로형태_대분류,도로형태,가해자_당사자종별,피해자_당사자종별,경도,위도
10293,2016,2016-11-23 01:00,야간,수,1,1,0,0,충북,청주시,차량단독,전도전복,운전자법규위반,안전운전 의무 불이행,교차로,교차로내,승용차,없음,127.49602332,36.61607781
10294,2016,2016-11-01 11:00,주간,화,1,1,0,0,충남,금산군,차량단독,기타,운전자법규위반,안전운전 의무 불이행,단일로,기타단일로,원동기장치자전거,없음,127.49117904,36.10070302
10295,2016,2016-10-29 11:00,주간,토,1,1,0,0,충북,청주시,차량단독,전도전복,운전자법규위반,안전운전 의무 불이행,단일로,기타단일로,농기계,없음,127.57392169,36.65334092
10296,2016,2016-11-03 18:00,야간,목,1,2,0,1,전북,군산시,차대차,기타,운전자법규위반,신호위반,교차로,교차로내,이륜차,승합차,126.71569886,35.9640019
10297,2016,2016-11-04 20:00,야간,금,1,1,0,0,경남,창녕군,차대사람,횡단중,운전자법규위반,안전운전 의무 불이행,교차로,교차로내,승용차,보행자,128.52567390000002,35.45937302
10298,2016,2016-11-05 10:00,주간,토,1,1,0,0,서울,강서구,차대사람,횡단중,운전자법규위반,안전운전 의무 불이행,교차로,교차로부근,화물차,보행자,126.87628917,37.54911454
10299,2016,2016-11-02 12:00,주간,수,3,14,6,5,충남,보령시,차대차,정면충돌,운전자법규위반,신호위반,교차로,교차로내,승용차,승합차,126.58684996,36.34034751
10300,2016,2016-12-09 15:00,주간,금,1,3,2,0,전북,정읍시,차대차,진행중 추돌,운전자법규위반,안전운전 의무 불이행,교차로,교차로부근,화물차,건설기계,126.81759584,35.58637491
10301,2016,2016-12-07 23:00,야간,수,1,1,0,0,경기,시흥시,차량단독,공작물충돌,운전자법규위반,안전운전 의무 불이행,교차로,교차로부근,이륜차,없음,126.73267126,37.3491416
10302,2016,2016-12-06 16:00,주간,화,1,3,1,1,전북,남원시,차대차,정면충돌,운전자법규위반,중앙선 침범,단일로,기타단일로,승용차,화물차,127.35686132,35.40476634
10303,2016,2016-12-20 18:00,야간,화,1,1,0,0,경북,영덕군,차대사람,횡단중,운전자법규위반,안전운전 의무 불이행,단일로,기타단일로,승용차,보행자,129.37532538,36.425470700000005
10304,2016,2016-12-17 18:00,야간,토,1,1,0,0,경기,양평군,차대차,기타,운전자법규위반,중앙선 침범,단일로,기타단일로,승용차,원동기장치자전거,127.60552525,37.48702436
10305,2016,2016-12-13 13:00,주간,화,1,1,0,0,경북,구미시,차대사람,횡단중,운전자법규위반,안전운전 의무 불이행,교차로,교차로부근,건설기계,보행자,128.44074907,36.17306396
10306,2016,2016-12-15 11:00,주간,목,1,1,0,0,충남,예산군,차대차,진행중 추돌,운전자법규위반,안전운전 의무 불이행,단일로,기타단일로,이륜차,승용차,126.69159951,36.72840799
10307,2016,2016-12-16 20:00,야간,금,1,1,0,0,광주,광산구,차대차,기타,운전자법규위반,안전운전 의무 불이행,단일로,기타단일로,승합차,승용차,126.84094280000001,35.20517977
10308,2016,2016-12-13 17:00,주간,화,1,1,0,0,충남,공주시,차대사람,횡단중,운전자법규위반,안전운전 의무 불이행,교차로,교차로내,승용차,보행자,127.12229573,36.45279315
10309,2016,2016-12-13 00:00,야간,화,1,1,0,0,강원,양양군,차량단독,공작물충돌,운전자법규위반,안전운전 의무 불이행,기타/불명,기타/불명,승합차,없음,128.58864954,38.07229704
10310,2016,2016-12-16 06:00,주간,금,1,1,0,0,부산,사하구,차대차,기타,운전자법규위반,안전운전 의무 불이행,단일로,기타단일로,승용차,자전거,128.95681799,35.05842647
10311,2016,2016-12-16 00:00,야간,금,1,1,0,0,서울,송파구,차대사람,횡단중,운전자법규위반,안전운전 의무 불이행,단일로,횡단보도상,승용차,보행자,127.11690927,37.49442746
10312,2016,2016-11-07 21:00,야간,월,1,1,0,0,전북,익산시,차대사람,길가장자리구역통행중,운전자법규위반,안전운전 의무 불이행,단일로,기타단일로,승용차,보행자,126.96256931,36.056493200000006
10313,2016,2016-11-11 18:00,야간,금,1,2,0,1,경기,용인시,차대차,진행중 추돌,운전자법규위반,안전운전 의무 불이행,단일로,기타단일로,승용차,건설기계,127.13978713,37.32843903
10314,2016,2016-11-05 12:00,주간,토,1,1,0,0,경기,남양주시,차대사람,횡단중,운전자법규위반,안전운전 의무 불이행,교차로,교차로부근,승합차,보행자,127.21224145,37.58549188
10315,2016,2016-11-05 19:00,야간,토,1,1,0,0,인천,옹진군,차대사람,횡단중,운전자법규위반,안전운전 의무 불이행,단일로,횡단보도부근,승용차,보행자,126.51802332,37.25407426
10316,2016,2016-11-07 15:00,주간,월,1,1,0,0,경북,구미시,차대사람,횡단중,운전자법규위반,보행자 보호의무 위반,단일로,횡단보도상,승용차,보행자,128.34281246,36.11925017
10317,2016,2016-11-19 02:00,야간,토,1,3,1,1,부산,기장군,차대차,측면직각충돌,운전자법규위반,신호위반,교차로,교차로내,승용차,승용차,129.18452983,35.31686114
10318,2016,2016-11-17 07:00,주간,목,1,2,0,1,경기,화성시,차대차,측면직각충돌,운전자법규위반,신호위반,교차로,교차로내,승용차,이륜차,127.10735655,37.2091983
10319,2016,2016-11-15 06:00,주간,화,1,1,0,0,울산,중구,차대사람,횡단중,운전자법규위반,안전운전 의무 불이행,단일로,기타단일로,승용차,보행자,129.32945598,35.56667551
10320,2016,2016-11-24 20:00,야간,목,1,3,1,1,경북,경산시,차대사람,횡단중,운전자법규위반,안전거리 미확보,단일로,기타단일로,이륜차,보행자,128.73416707,35.82250736
10321,2016,2016-12-17 13:00,주간,토,1,1,0,0,대전,대덕구,차대차,기타,운전자법규위반,신호위반,교차로,교차로내,자전거,승용차,127.42590976,36.38464403
10322,2016,2016-12-15 18:00,야간,목,1,1,0,0,경기,이천시,차대사람,기타,운전자법규위반,안전운전 의무 불이행,단일로,기타단일로,승용차,보행자,127.46879401,37.31747242
10323,2016,2016-12-17 18:00,야간,토,1,1,0,0,충남,아산시,차대사람,차도통행중,운전자법규위반,안전운전 의무 불이행,단일로,기타단일로,승용차,보행자,126.88357115,36.83360376
10324,2016,2016-12-20 12:00,주간,화,1,1,0,0,부산,진구,차량단독,기타,운전자법규위반,안전운전 의무 불이행,단일로,기타단일로,이륜차,없음,129.05162646,35.167043799999995
10325,2016,2016-12-14 18:00,야간,수,1,1,0,0,전북,전주시,차대사람,횡단중,운전자법규위반,안전운전 의무 불이행,교차로,교차로내,승용차,보행자,127.14232615,35.89509402
10326,2016,2016-12-14 23:00,야간,수,1,1,0,0,경북,영주시,차대사람,기타,운전자법규위반,안전운전 의무 불이행,교차로,교차로부근,승용차,보행자,128.60820486,36.8154167
10327,2016,2016-12-14 18:00,야간,수,1,2,0,1,충남,예산군,차대차,기타,운전자법규위반,안전운전 의무 불이행,단일로,기타단일로,화물차,승용차,126.88125171,36.60579914
10328,2016,2016-12-17 11:00,주간,토,1,1,0,0,경남,김해시,차대사람,횡단중,운전자법규위반,안전운전 의무 불이행,단일로,횡단보도상,건설기계,보행자,128.85460569,35.23463143
10329,2016,2016-12-13 12:00,주간,화,1,1,0,0,경기,파주시,차대차,기타,운전자법규위반,안전운전 의무 불이행,단일로,기타단일로,원동기장치자전거,화물차,126.87833248,37.7388555
10330,2016,2016-10-02 15:00,주간,일,1,2,1,0,경남,거제시,차량단독,전도전복,운전자법규위반,안전운전 의무 불이행,단일로,기타단일로,승용차,없음,128.64095796,34.77493878
10331,2016,2016-10-06 23:00,야간,목,1,1,0,0,충남,아산시,차량단독,전도전복,운전자법규위반,과속,기타/불명,기타/불명,승용차,없음,126.90916979999999,36.79179791
10332,2016,2016-10-06 21:00,야간,목,1,1,0,0,경기,시흥시,차대사람,횡단중,운전자법규위반,안전운전 의무 불이행,단일로,횡단보도상,승용차,보행자,126.77430228,37.34651092
10333,2016,2016-11-07 18:00,야간,월,1,1,0,0,충남,보령시,차대사람,횡단중,운전자법규위반,안전운전 의무 불이행,단일로,기타단일로,승용차,보행자,126.60217,36.34631439
10334,2016,2016-11-09 01:00,야간,수,1,2,0,1,서울,관악구,차대사람,기타,운전자법규위반,안전운전 의무 불이행,단일로,기타단일로,승용차,보행자,126.95035871,37.48152052
10335,2016,2016-11-07 04:00,야간,월,1,1,0,0,대전,유성구,차대사람,기타,운전자법규위반,안전운전 의무 불이행,교차로,교차로부근,승용차,보행자,127.34259854,36.357057399999995
10336,2016,2016-11-17 02:00,야간,목,1,1,0,0,경남,김해시,차량단독,전도전복,운전자법규위반,안전운전 의무 불이행,단일로,기타단일로,이륜차,없음,128.89260517,35.2275101
10337,2016,2016-11-15 23:00,야간,화,1,1,0,0,전북,김제시,차대사람,차도통행중,운전자법규위반,안전운전 의무 불이행,단일로,기타단일로,승용차,보행자,126.83282113,35.89035642
10338,2016,2016-11-18 04:00,야간,금,1,3,1,1,부산,해운대구,차대차,진행중 추돌,운전자법규위반,신호위반,교차로,교차로내,승용차,승용차,129.12090591,35.21337993
10339,2016,2016-11-24 16:00,주간,목,1,1,0,0,부산,사하구,차대사람,횡단중,운전자법규위반,안전운전 의무 불이행,교차로,교차로부근,건설기계,보행자,128.97286231,35.08545744
10340,2016,2016-11-23 10:00,주간,수,1,1,0,0,충남,서천군,차대차,측면직각충돌,운전자법규위반,직진 및 우회전차의 통행방해,교차로,교차로내,자전거,승용차,126.68994033,36.01031564
10341,2016,2016-11-20 11:00,주간,일,1,1,0,0,경북,영주시,차대차,측면직각충돌,운전자법규위반,중앙선 침범,단일로,기타단일로,승용차,이륜차,128.52502271,36.88166853
10342,2016,2016-11-20 10:00,주간,일,1,3,0,2,경기,성남시,차량단독,전도전복,운전자법규위반,안전운전 의무 불이행,단일로,기타단일로,승용차,없음,127.10577609,37.41114767
10343,2016,2016-11-24 08:00,주간,목,1,1,0,0,경남,창원시(통합),차대사람,횡단중,운전자법규위반,안전운전 의무 불이행,교차로,교차로내,승용차,보행자,128.64098075,35.2476718
10344,2016,2016-11-22 06:00,주간,화,1,1,0,0,경북,의성군,차대사람,횡단중,운전자법규위반,안전운전 의무 불이행,교차로,교차로내,건설기계,보행자,128.68555011,36.359519
10345,2016,2016-10-30 18:00,야간,일,1,1,0,0,경북,고령군,차대사람,횡단중,운전자법규위반,안전운전 의무 불이행,단일로,기타단일로,승용차,보행자,128.28040013,35.72124675
10346,2016,2016-11-02 08:00,주간,수,1,1,0,0,부산,서구,차대사람,차도통행중,운전자법규위반,안전운전 의무 불이행,단일로,횡단보도부근,승용차,보행자,129.02516273,35.11513319
10347,2016,2016-12-05 07:00,주간,월,1,1,0,0,울산,중구,차량단독,전도전복,운전자법규위반,안전운전 의무 불이행,교차로,교차로내,이륜차,없음,129.30327515,35.55345721
10348,2016,2016-12-05 19:00,야간,월,1,1,0,0,경기,여주시,차량단독,전도전복,운전자법규위반,안전운전 의무 불이행,교차로,교차로부근,승용차,없음,127.61893413,37.41144945
10349,2016,2016-12-10 10:00,주간,토,1,2,0,1,경기,김포시,차대차,정면충돌,운전자법규위반,안전운전 의무 불이행,단일로,교량위,화물차,건설기계,126.72588922,37.63267004
10350,2016,2016-12-15 06:00,주간,목,1,4,0,3,광주,북구,차대차,진행중 추돌,운전자법규위반,안전운전 의무 불이행,단일로,기타단일로,승용차,화물차,126.88564652,35.17283648
10351,2016,2016-12-16 08:00,주간,금,1,1,0,0,전북,고창군,차대차,측면직각충돌,운전자법규위반,안전운전 의무 불이행,교차로,교차로부근,건설기계,자전거,126.67177417,35.5131304
10352,2016,2016-12-18 07:00,주간,일,1,1,0,0,서울,강동구,차대사람,기타,운전자법규위반,안전운전 의무 불이행,단일로,기타단일로,화물차,보행자,127.14571773,37.52175649
10353,2016,2016-12-13 10:00,주간,화,1,1,0,0,전남,영광군,차량단독,전도전복,운전자법규위반,안전운전 의무 불이행,단일로,기타단일로,이륜차,없음,126.53933627,35.20998808
10354,2016,2016-10-02 19:00,야간,일,1,1,0,0,인천,서구,차대사람,횡단중,운전자법규위반,신호위반,단일로,횡단보도상,화물차,보행자,126.67772583,37.5644562
10355,2016,2016-09-30 11:00,주간,금,1,1,0,0,경남,통영시,차대사람,횡단중,운전자법규위반,신호위반,교차로,교차로내,승용차,보행자,128.41973912,34.84198838
10356,2016,2016-11-10 14:00,주간,목,1,1,0,0,경남,거제시,차량단독,전도전복,운전자법규위반,안전운전 의무 불이행,단일로,기타단일로,건설기계,없음,128.59674726,34.84046697
10357,2016,2016-11-07 06:00,주간,월,1,1,0,0,충남,천안시,차대사람,횡단중,운전자법규위반,안전운전 의무 불이행,단일로,기타단일로,승용차,보행자,127.23659294,36.91176842
10358,2016,2016-11-07 21:00,야간,월,1,2,0,1,광주,동구,차대차,측면직각충돌,운전자법규위반,신호위반,교차로,교차로내,승합차,원동기장치자전거,126.92933631,35.14935518
10359,2016,2016-11-08 05:00,야간,화,1,1,0,0,경기,평택시,차대사람,기타,운전자법규위반,안전운전 의무 불이행,단일로,기타단일로,승용차,보행자,127.01131512,37.12871483
10360,2016,2016-11-08 18:00,야간,화,1,1,0,0,경남,합천군,차대사람,기타,운전자법규위반,안전운전 의무 불이행,단일로,기타단일로,승용차,보행자,128.23834323,35.57853281
10361,2016,2016-11-05 06:00,주간,토,1,2,1,0,전남,신안군,차대차,측면직각충돌,운전자법규위반,중앙선 침범,단일로,기타단일로,승용차,승용차,126.32499689,34.86070067
10362,2016,2016-11-05 15:00,주간,토,1,1,0,0,서울,동대문구,차량단독,전도전복,운전자법규위반,안전운전 의무 불이행,단일로,기타단일로,이륜차,없음,127.06539627,37.591162700000005
10363,2016,2016-10-24 19:00,야간,월,1,1,0,0,충남,서천군,차대사람,차도통행중,운전자법규위반,안전운전 의무 불이행,교차로,교차로내,승용차,보행자,126.70334718,36.08390965
10364,2016,2016-10-25 03:00,야간,화,1,1,0,0,경기,김포시,차량단독,기타,운전자법규위반,안전운전 의무 불이행,단일로,기타단일로,화물차,없음,126.71629438,37.61389517
10365,2016,2016-10-24 20:00,야간,월,1,1,0,0,전북,전주시,차대차,기타,운전자법규위반,신호위반,교차로,교차로내,승합차,자전거,127.13638108,35.79690867
10366,2016,2016-10-28 11:00,주간,금,1,1,0,0,서울,용산구,차대사람,횡단중,운전자법규위반,안전운전 의무 불이행,교차로,교차로내,승용차,보행자,126.96118524,37.53943736
10367,2016,2016-10-05 10:00,주간,수,2,7,3,2,경기,용인시,차대사람,보도통행중,운전자법규위반,기타(운전자법규위반),단일로,기타단일로,화물차,보행자,127.19328461,37.23541244
10368,2016,2016-10-06 05:00,야간,목,1,2,0,1,서울,구로구,차대차,정면충돌,운전자법규위반,중앙선 침범,단일로,기타단일로,이륜차,승용차,126.82928639,37.49719169
10369,2016,2016-10-02 01:00,야간,일,1,2,1,0,강원,동해시,차량단독,공작물충돌,운전자법규위반,안전운전 의무 불이행,단일로,기타단일로,승용차,없음,129.12563417,37.50989168
10370,2016,2016-09-18 00:00,야간,일,2,4,2,0,경기,안산시,차대사람,횡단중,운전자법규위반,과속,교차로,교차로내,승용차,보행자,126.8149564,37.31066225
10371,2016,2016-09-18 16:00,주간,일,1,3,2,0,서울,중구,차대차,측면직각충돌,운전자법규위반,안전거리 미확보,교차로,교차로부근,승용차,승용차,126.96928358,37.55948398
10372,2016,2016-09-15 02:00,야간,목,1,1,0,0,경북,청도군,차량단독,공작물충돌,운전자법규위반,안전운전 의무 불이행,단일로,기타단일로,승용차,없음,128.5841873,35.65332051
10373,2016,2016-09-14 21:00,야간,수,1,1,0,0,경기,오산시,차대사람,횡단중,운전자법규위반,안전운전 의무 불이행,단일로,횡단보도상,승용차,보행자,127.07337656,37.14133086
10374,2016,2016-09-20 03:00,야간,화,2,2,0,0,전북,완주군,차대차,진행중 추돌,운전자법규위반,안전운전 의무 불이행,교차로,교차로내,승용차,화물차,127.07953640000001,35.91943218
10375,2016,2016-09-29 21:00,야간,목,1,1,0,0,충남,아산시,차대차,진행중 추돌,운전자법규위반,안전운전 의무 불이행,단일로,기타단일로,승용차,자전거,127.01472587,36.7569018
10376,2016,2016-09-25 16:00,주간,일,1,1,0,0,경기,여주시,차량단독,전도전복,운전자법규위반,안전운전 의무 불이행,단일로,기타단일로,이륜차,없음,127.6575172,37.28923914
10377,2016,2016-09-23 03:00,야간,금,1,1,0,0,대구,서구,차량단독,공작물충돌,운전자법규위반,안전운전 의무 불이행,단일로,기타단일로,이륜차,없음,128.52757038,35.86554496
10378,2016,2016-09-25 00:00,야간,일,1,1,0,0,경남,창원시(통합),차량단독,전도전복,운전자법규위반,안전운전 의무 불이행,단일로,기타단일로,승용차,없음,128.66792291,35.27238125
10379,2016,2016-09-04 04:00,야간,일,1,1,0,0,충남,보령시,차대사람,기타,운전자법규위반,안전운전 의무 불이행,단일로,기타단일로,승용차,보행자,126.53249497,36.23928403
10380,2016,2016-08-30 04:00,야간,화,1,1,0,0,부산,중구,차량단독,공작물충돌,운전자법규위반,안전운전 의무 불이행,단일로,기타단일로,이륜차,없음,129.03220672,35.11276144
10381,2016,2016-09-03 00:00,야간,토,1,1,0,0,경기,용인시,차량단독,공작물충돌,운전자법규위반,안전운전 의무 불이행,교차로,교차로부근,화물차,없음,127.25096565,37.34705952
10382,2016,2016-09-05 14:00,주간,월,1,1,0,0,충남,서산시,차량단독,전도전복,운전자법규위반,안전운전 의무 불이행,단일로,기타단일로,이륜차,없음,126.39291419999999,36.81190165
10383,2016,2016-08-30 10:00,주간,화,1,1,0,0,충북,괴산군,차대차,측면직각충돌,운전자법규위반,안전운전 의무 불이행,단일로,기타단일로,이륜차,화물차,127.64750109,36.81381757
10384,2016,2016-09-01 03:00,야간,목,1,1,0,0,대전,동구,차대사람,횡단중,운전자법규위반,안전운전 의무 불이행,단일로,기타단일로,화물차,보행자,127.43204279,36.33261078
10385,2016,2016-10-10 17:00,주간,월,1,1,0,0,충남,천안시,차대사람,차도통행중,운전자법규위반,안전운전 의무 불이행,단일로,기타단일로,승합차,보행자,127.12217662,36.91201854
10386,2016,2016-10-14 01:00,야간,금,1,2,1,0,전남,무안군,차량단독,전도전복,운전자법규위반,안전운전 의무 불이행,단일로,기타단일로,화물차,없음,126.33324118,35.08805835
10387,2016,2016-10-08 06:00,주간,토,1,5,3,1,경기,양평군,차대차,기타,운전자법규위반,안전운전 의무 불이행,단일로,기타단일로,승용차,승용차,127.44384256,37.51148518
10388,2016,2016-10-13 17:00,주간,목,1,1,0,0,경기,평택시,차대차,진행중 추돌,운전자법규위반,안전운전 의무 불이행,단일로,기타단일로,승용차,승용차,127.06532027,37.07534473
10389,2016,2016-10-15 23:00,야간,토,1,1,0,0,경북,경주시,차대사람,기타,운전자법규위반,안전운전 의무 불이행,교차로,교차로내,승용차,승용차,129.28158725,35.84750619
10390,2016,2016-10-15 23:00,야간,토,1,1,0,0,세종,세종,차대사람,기타,운전자법규위반,안전운전 의무 불이행,기타/불명,기타/불명,승용차,보행자,127.29027655,36.59450971
10391,2016,2016-10-19 00:00,야간,수,1,1,0,0,경기,고양시,차대차,측면직각충돌,운전자법규위반,신호위반,교차로,교차로내,승용차,이륜차,126.87592635,37.58039824
10392,2016,2016-10-16 13:00,주간,일,1,1,0,0,울산,중구,차대사람,횡단중,운전자법규위반,안전운전 의무 불이행,단일로,기타단일로,화물차,보행자,129.27830264,35.55510837
10393,2016,2016-10-17 11:00,주간,월,1,1,0,0,강원,동해시,차대사람,횡단중,운전자법규위반,안전운전 의무 불이행,단일로,횡단보도상,승용차,보행자,129.11472341,37.52334413
10394,2016,2016-10-23 20:00,야간,일,1,1,0,0,전남,나주시,차대사람,차도통행중,운전자법규위반,안전운전 의무 불이행,단일로,기타단일로,화물차,보행자,126.84270430000001,35.03941075
10395,2016,2016-10-25 06:00,주간,화,1,1,0,0,인천,중구,차대사람,횡단중,운전자법규위반,안전운전 의무 불이행,교차로,교차로내,승합차,보행자,126.60343318,37.4512032
10396,2016,2016-10-24 18:00,야간,월,1,1,0,0,경남,함양군,차대사람,차도통행중,운전자법규위반,안전운전 의무 불이행,단일로,기타단일로,승용차,보행자,127.75086266,35.48061991
10397,2016,2016-10-25 15:00,주간,화,1,1,0,0,부산,강서구,차대사람,횡단중,운전자법규위반,신호위반,단일로,횡단보도상,승합차,보행자,128.91969455,35.09575722
10398,2016,2016-10-25 18:00,야간,화,1,2,1,0,충북,음성군,차대차,측면직각충돌,운전자법규위반,안전운전 의무 불이행,교차로,교차로내,이륜차,화물차,127.46514605,36.97949288
10399,2016,2016-10-27 13:00,주간,목,1,1,0,0,경남,창녕군,차대사람,횡단중,운전자법규위반,안전운전 의무 불이행,교차로,교차로내,화물차,보행자,128.48083516,35.38866966
10400,2016,2016-10-24 17:00,주간,월,1,1,0,0,부산,금정구,차대사람,보도통행중,운전자법규위반,기타(운전자법규위반),단일로,기타단일로,승용차,보행자,129.08857993,35.26430845
10401,2016,2016-10-21 18:00,야간,금,1,3,1,1,전북,정읍시,차대차,진행중 추돌,운전자법규위반,안전운전 의무 불이행,단일로,기타단일로,화물차,농기계,126.86944851,35.68488739
10402,2016,2016-10-06 20:00,야간,목,1,1,0,0,경북,울릉군,차량단독,전도전복,운전자법규위반,안전운전 의무 불이행,교차로,교차로부근,이륜차,없음,130.86080948,37.53518822
10403,2016,2016-09-14 05:00,야간,수,1,1,0,0,대구,수성구,차량단독,전도전복,운전자법규위반,안전운전 의무 불이행,교차로,교차로내,승용차,없음,128.62706408,35.86674161
10404,2016,2016-09-13 19:00,야간,화,1,1,0,0,경북,영주시,차대사람,횡단중,운전자법규위반,안전운전 의무 불이행,단일로,기타단일로,승용차,보행자,128.61185307,36.82681177
10405,2016,2016-09-14 04:00,야간,수,1,1,0,0,제주,제주시,차량단독,공작물충돌,운전자법규위반,안전운전 의무 불이행,단일로,기타단일로,이륜차,없음,126.45722566,33.49128376
10406,2016,2016-10-17 18:00,야간,월,1,1,0,0,경북,영천시,차대사람,횡단중,운전자법규위반,보행자 보호의무 위반,교차로,교차로부근,원동기장치자전거,보행자,128.94952981,36.13193434
10407,2016,2016-10-18 20:00,야간,화,1,1,0,0,광주,광산구,차대사람,횡단중,운전자법규위반,안전운전 의무 불이행,교차로,교차로부근,승용차,보행자,126.80808700000001,35.16075032
10408,2016,2016-10-18 13:00,주간,화,1,1,0,0,전북,진안군,차대사람,횡단중,운전자법규위반,안전운전 의무 불이행,단일로,기타단일로,화물차,보행자,127.37100636,35.73269742
10409,2016,2016-10-19 12:00,주간,수,1,1,0,0,전남,여수시,차량단독,전도전복,운전자법규위반,안전운전 의무 불이행,단일로,기타단일로,농기계,없음,127.55554172,34.80937324
10410,2016,2016-10-21 06:00,주간,금,1,1,0,0,경남,창원시(통합),차량단독,전도전복,운전자법규위반,안전운전 의무 불이행,단일로,기타단일로,승용차,없음,128.73495007,35.1225025
10411,2016,2016-10-19 10:00,주간,수,1,2,1,0,충북,청주시,차대차,측면직각충돌,운전자법규위반,중앙선 침범,단일로,기타단일로,화물차,승용차,127.49352085,36.66615589
10412,2016,2016-10-14 20:00,야간,금,1,1,0,0,경북,영천시,차대사람,횡단중,운전자법규위반,보행자 보호의무 위반,단일로,횡단보도상,승용차,보행자,129.03920619,36.00125408
10413,2016,2016-10-14 18:00,야간,금,1,4,0,3,경기,김포시,차대차,기타,운전자법규위반,안전운전 의무 불이행,단일로,기타단일로,승용차,원동기장치자전거,126.79044527,37.58839693
10414,2016,2016-10-27 00:00,야간,목,1,1,0,0,강원,원주시,차대사람,횡단중,운전자법규위반,안전운전 의무 불이행,단일로,기타단일로,승용차,보행자,127.85676097,37.16145595
10415,2016,2016-10-22 16:00,주간,토,1,2,0,1,경기,광명시,차대차,측면직각충돌,운전자법규위반,신호위반,교차로,교차로내,승용차,원동기장치자전거,126.88956697,37.45062095
10416,2016,2016-10-05 17:00,주간,수,1,2,1,0,충북,진천군,차대차,정면충돌,운전자법규위반,중앙선 침범,교차로,교차로부근,원동기장치자전거,화물차,127.49370315,36.90023314
10417,2016,2016-10-06 06:00,주간,목,1,1,0,0,강원,속초시,차대차,측면직각충돌,운전자법규위반,안전운전 의무 불이행,교차로,교차로내,자전거,승용차,128.58617057,38.20818936
10418,2016,2016-10-06 19:00,야간,목,1,4,0,3,전남,장흥군,차대차,진행중 추돌,운전자법규위반,안전운전 의무 불이행,단일로,기타단일로,화물차,화물차,126.94085224,34.57476711
10419,2016,2016-10-02 03:00,야간,일,1,3,2,0,경기,김포시,차대차,측면직각충돌,운전자법규위반,신호위반,교차로,교차로내,이륜차,승용차,126.72213878,37.59549445
10420,2016,2016-10-02 18:00,야간,일,1,1,0,0,경남,창녕군,차량단독,기타,운전자법규위반,안전운전 의무 불이행,단일로,기타단일로,이륜차,없음,128.51387861,35.42656313
10421,2016,2016-10-04 20:00,야간,화,1,1,0,0,전남,완도군,차량단독,전도전복,운전자법규위반,안전운전 의무 불이행,단일로,기타단일로,농기계,없음,126.89679115,34.18402507
10422,2016,2016-10-04 19:00,야간,화,1,1,0,0,경기,부천시,차대차,정면충돌,운전자법규위반,신호위반,교차로,교차로내,승용차,이륜차,126.79176146,37.50439979
10423,2016,2016-10-05 14:00,주간,수,1,2,1,0,제주,제주시,차대차,측면직각충돌,운전자법규위반,직진 및 우회전차의 통행방해,교차로,교차로내,승용차,화물차,126.49178654,33.48373669
10424,2016,2016-10-05 13:00,주간,수,1,4,2,1,충남,당진시,차대차,진행중 추돌,운전자법규위반,안전운전 의무 불이행,단일로,기타단일로,승용차,화물차,126.78254473,36.96148304
10425,2016,2016-10-06 17:00,주간,목,1,1,0,0,전북,전주시,차대차,측면직각충돌,운전자법규위반,안전운전 의무 불이행,단일로,횡단보도상,승합차,자전거,127.13435214,35.836339200000005
10426,2016,2016-10-06 21:00,야간,목,1,1,0,0,경남,고성군,차대사람,횡단중,운전자법규위반,과속,단일로,기타단일로,승용차,보행자,128.31390372,34.97223954
10427,2016,2016-10-07 09:00,주간,금,1,1,0,0,제주,제주시,차대사람,횡단중,운전자법규위반,안전운전 의무 불이행,단일로,기타단일로,승합차,보행자,126.51643909999999,33.51122038
10428,2016,2016-09-20 09:00,주간,화,1,1,0,0,경북,안동시,차량단독,전도전복,운전자법규위반,안전운전 의무 불이행,단일로,기타단일로,이륜차,없음,128.74723493,36.63833331
10429,2016,2016-09-17 09:00,주간,토,1,1,0,0,경기,수원시,차대차,기타,운전자법규위반,신호위반,단일로,기타단일로,승합차,자전거,127.01658762,37.27653956
10430,2016,2016-09-18 10:00,주간,일,1,2,0,1,강원,원주시,차대차,진행중 추돌,운전자법규위반,안전운전 의무 불이행,단일로,기타단일로,화물차,이륜차,127.94762118,37.38476179999999
10431,2016,2016-09-18 21:00,야간,일,1,1,0,0,인천,서구,차대사람,기타,운전자법규위반,안전운전 의무 불이행,단일로,기타단일로,승용차,보행자,126.64928964,37.5227023
10432,2016,2016-09-16 00:00,야간,금,1,1,0,0,경남,고성군,차대사람,횡단중,운전자법규위반,안전운전 의무 불이행,단일로,횡단보도부근,승용차,보행자,128.36275736,35.05014341
10433,2016,2016-09-23 11:00,주간,금,1,1,0,0,경남,김해시,차대차,진행중 추돌,운전자법규위반,안전운전 의무 불이행,단일로,기타단일로,건설기계,이륜차,128.72762581,35.30680947
10434,2016,2016-09-22 21:00,야간,목,1,1,0,0,경기,부천시,차대사람,횡단중,운전자법규위반,안전운전 의무 불이행,교차로,교차로부근,승용차,보행자,126.78485065,37.49351493
10435,2016,2016-09-24 17:00,주간,토,1,1,0,0,전북,부안군,차량단독,전도전복,운전자법규위반,안전운전 의무 불이행,단일로,기타단일로,자전거,없음,126.48610478,35.63739746