,발생년,발생년월일시분,주야,요일,사망자수,사상자수,중상자수,경상자수,발생지시도,발생지시군구,사고유형_대분류,사고유형,법규위반_대분류,법규위반,도로형태_대분류,도로형태,가해자_당사자종별,피해자_당사자종별,경도,위도
10722,2016,2016-10-02 18:00,야간,일,1,1,0,0,서울,영등포구,차대사람,기타,운전자법규위반,안전운전 의무 불이행,단일로,기타단일로,승합차,보행자,126.90456766,37.51503631
10723,2016,2016-10-03 05:00,야간,월,1,1,0,0,서울,은평구,차대차,측면직각충돌,운전자법규위반,안전운전 의무 불이행,교차로,교차로내,자전거,화물차,126.91608818,37.60917622
10724,2016,2016-10-05 01:00,야간,수,1,2,0,1,경남,거제시,차대차,측면직각충돌,운전자법규위반,신호위반,교차로,교차로내,승용차,이륜차,128.64210798,34.89627055
10725,2016,2016-10-06 23:00,야간,목,1,1,0,0,인천,남구,차대사람,횡단중,운전자법규위반,안전운전 의무 불이행,단일로,횡단보도상,승용차,보행자,126.65874433,37.45495389
10726,2016,2016-09-30 22:00,야간,금,1,1,0,0,인천,남동구,차대차,진행중 추돌,운전자법규위반,안전운전 의무 불이행,단일로,기타단일로,승용차,승용차,126.71485485,37.43037253
10727,2016,2016-10-01 02:00,야간,토,1,1,0,0,대전,중구,차대차,측면직각충돌,운전자법규위반,안전운전 의무 불이행,교차로,교차로부근,승용차,자전거,127.40969650000001,36.34735424
10728,2016,2016-10-04 00:00,야간,화,1,1,0,0,경북,경산시,차량단독,전도전복,운전자법규위반,안전운전 의무 불이행,단일로,기타단일로,이륜차,없음,128.86713618,35.76371209
10729,2016,2016-09-16 07:00,주간,금,1,3,0,2,부산,동래구,차량단독,전도전복,운전자법규위반,안전운전 의무 불이행,단일로,기타단일로,이륜차,없음,129.08294239,35.21186728
10730,2016,2016-09-20 19:00,야간,화,1,1,0,0,충남,부여군,차대사람,횡단중,운전자법규위반,안전운전 의무 불이행,교차로,교차로내,승용차,보행자,126.90962857,36.27605222
10731,2016,2016-09-17 19:00,야간,토,1,1,0,0,울산,남구,차대사람,횡단중,운전자법규위반,안전운전 의무 불이행,교차로,교차로부근,승용차,보행자,129.27102608,35.55280844
10732,2016,2016-09-26 09:00,주간,월,1,1,0,0,전남,광양시,차대사람,횡단중,운전자법규위반,안전운전 의무 불이행,교차로,교차로부근,승합차,보행자,127.72276634,34.96284171
10733,2016,2016-09-26 14:00,주간,월,1,2,1,0,제주,서귀포시,차대차,정면충돌,운전자법규위반,중앙선 침범,단일로,기타단일로,승용차,화물차,126.40913732,33.29528749
10734,2016,2016-09-29 12:00,주간,목,1,1,0,0,충남,청양군,차대차,측면직각충돌,운전자법규위반,직진 및 우회전차의 통행방해,교차로,교차로내,화물차,자전거,126.95297326,36.3510677
10735,2016,2016-09-02 06:00,주간,금,1,1,0,0,경기,성남시,차대차,정면충돌,운전자법규위반,안전운전 의무 불이행,단일로,기타단일로,승용차,승용차,127.14445614,37.37479334
10736,2016,2016-09-02 21:00,야간,금,1,1,0,0,경북,예천군,차량단독,공작물충돌,운전자법규위반,안전운전 의무 불이행,단일로,기타단일로,승합차,없음,128.28909875,36.59958235
10737,2016,2016-08-30 07:00,주간,화,1,1,0,0,충남,천안시,차대차,측면직각충돌,운전자법규위반,안전운전 의무 불이행,교차로,교차로부근,화물차,자전거,127.12337637,36.87804657
10738,2016,2016-09-06 01:00,야간,화,1,1,0,0,경기,오산시,차대사람,횡단중,운전자법규위반,안전운전 의무 불이행,단일로,기타단일로,화물차,보행자,127.07166776,37.14884249
10739,2016,2016-09-05 22:00,야간,월,1,1,0,0,강원,원주시,차대사람,기타,운전자법규위반,안전운전 의무 불이행,기타/불명,기타/불명,승용차,보행자,127.94279202,37.33207983
10740,2016,2016-09-03 02:00,야간,토,2,2,0,0,강원,강릉시,차대사람,기타,운전자법규위반,과속,단일로,기타단일로,승용차,보행자,128.92299616,37.77219125
10741,2016,2016-09-03 12:00,주간,토,1,1,0,0,강원,평창군,차량단독,전도전복,운전자법규위반,안전운전 의무 불이행,단일로,기타단일로,이륜차,없음,128.38924124,37.31255791
10742,2016,2016-09-16 04:00,야간,금,1,1,0,0,서울,동작구,차대차,기타,운전자법규위반,부당한 회전,교차로,교차로내,자전거,승용차,126.92552036,37.51258024
10743,2016,2016-12-19 13:00,주간,월,1,2,0,0,서울,송파구,차대차,정면충돌,운전자법규위반,신호위반,교차로,교차로내,화물차,이륜차,127.12800343,37.50197126
10744,2016,2016-12-16 20:00,야간,금,1,3,1,1,경남,창원시(통합),차대차,측면직각충돌,운전자법규위반,안전운전 의무 불이행,단일로,기타단일로,이륜차,이륜차,128.67868272,35.24327108
10745,2016,2016-10-25 14:00,주간,화,2,3,0,1,경기,여주시,차대차,정면충돌,운전자법규위반,안전운전 의무 불이행,교차로,교차로내,승용차,승용차,127.57367318,37.23409206
10746,2016,2016-08-15 19:00,야간,월,1,2,0,1,제주,제주시,차대차,측면직각충돌,운전자법규위반,직진 및 우회전차의 통행방해,교차로,교차로내,승용차,승용차,126.45643364,33.49296997
10747,2016,2016-03-30 10:00,주간,수,1,1,0,0,경북,구미시,차량단독,전도전복,운전자법규위반,안전운전 의무 불이행,단일로,기타단일로,이륜차,없음,128.35511587,36.1010509
10748,2016,2016-07-16 13:00,주간,토,1,1,0,0,경기,부천시,차대차,측면직각충돌,운전자법규위반,안전운전 의무 불이행,교차로,교차로내,승용차,이륜차,126.78230527,37.52661497
10749,2016,2016-08-23 20:00,야간,화,1,1,0,0,충남,천안시,차대차,진행중 추돌,운전자법규위반,안전운전 의무 불이행,단일로,기타단일로,승용차,화물차,127.23282365,36.92388454
10750,2016,2016-08-27 04:00,야간,토,1,2,0,1,강원,춘천시,차량단독,공작물충돌,운전자법규위반,안전운전 의무 불이행,단일로,기타단일로,승용차,없음,127.73191229,37.8706694
10751,2016,2016-08-12 10:00,주간,금,1,1,0,0,강원,영월군,차대사람,횡단중,운전자법규위반,안전운전 의무 불이행,단일로,기타단일로,승합차,보행자,128.46765672,37.18355142
10752,2016,2016-08-25 05:00,야간,목,1,1,0,0,경기,의정부시,차대차,측면직각충돌,운전자법규위반,안전운전 의무 불이행,교차로,교차로부근,이륜차,승용차,127.04161033,37.73295178
10753,2016,2016-09-07 04:00,야간,수,1,2,0,1,충남,천안시,차량단독,공작물충돌,운전자법규위반,안전운전 의무 불이행,단일로,교량위,승용차,없음,127.26419208,36.75647676
10754,2016,2016-10-06 20:00,야간,목,1,2,1,0,충북,청주시,차대차,측면직각충돌,운전자법규위반,과속,교차로,교차로내,승용차,화물차,127.3535261,36.645079200000005
10755,2016,2016-09-18 20:00,야간,일,1,1,0,0,경남,진주시,차대사람,기타,운전자법규위반,안전운전 의무 불이행,교차로,교차로내,화물차,보행자,128.09257807,35.19569486
10756,2016,2016-10-22 03:00,야간,토,1,1,0,0,경기,양주시,차량단독,전도전복,운전자법규위반,안전운전 의무 불이행,단일로,기타단일로,이륜차,없음,127.05673208,37.77964394
10757,2016,2016-07-18 23:00,야간,월,1,1,0,0,전남,강진군,차대사람,횡단중,운전자법규위반,안전운전 의무 불이행,단일로,기타단일로,승용차,보행자,126.81984458,34.70333209
10758,2016,2016-05-10 08:00,주간,화,1,2,1,0,경남,사천시,차량단독,전도전복,운전자법규위반,안전운전 의무 불이행,단일로,기타단일로,승용차,없음,128.08151326,35.07483845
10759,2016,2016-06-14 12:00,주간,화,1,1,0,0,경기,평택시,차대사람,기타,운전자법규위반,안전운전 의무 불이행,단일로,기타단일로,승합차,보행자,127.07369011,37.05326313
10760,2016,2016-07-30 20:00,야간,토,1,1,0,0,서울,영등포구,차대사람,횡단중,운전자법규위반,안전운전 의무 불이행,단일로,기타단일로,승용차,보행자,126.90601409999998,37.49957638
10761,2016,2016-11-03 17:00,주간,목,1,1,0,0,대전,중구,차대사람,횡단중,운전자법규위반,안전운전 의무 불이행,단일로,기타단일로,승용차,보행자,127.40790533,36.32579697
10762,2016,2016-12-21 17:00,주간,수,1,1,0,0,광주,광산구,차대사람,횡단중,운전자법규위반,안전운전 의무 불이행,교차로,교차로부근,승용차,보행자,126.79088675,35.13482621
10763,2016,2016-09-27 06:00,주간,화,1,1,0,0,서울,성동구,차대사람,횡단중,운전자법규위반,안전운전 의무 불이행,단일로,기타단일로,승용차,보행자,127.01954471,37.54872077
10764,2016,2016-09-29 06:00,주간,목,1,1,0,0,경북,구미시,차대차,측면직각충돌,운전자법규위반,신호위반,교차로,교차로부근,승용차,자전거,128.41266724,36.13708466
10765,2016,2016-07-28 01:00,야간,목,1,1,0,0,경기,용인시,차량단독,공작물충돌,운전자법규위반,안전운전 의무 불이행,단일로,기타단일로,승용차,없음,127.05847534,37.32769482
10766,2016,2016-08-19 21:00,야간,금,1,1,0,0,경기,안양시,차대사람,차도통행중,운전자법규위반,안전운전 의무 불이행,단일로,기타단일로,승용차,보행자,126.90700727,37.42399333
10767,2016,2016-08-16 01:00,야간,화,1,1,0,0,경기,용인시,차대차,기타,운전자법규위반,안전운전 의무 불이행,단일로,기타단일로,승용차,승용차,127.10657318,37.22983785
10768,2016,2016-09-03 05:00,야간,토,2,3,1,0,경북,포항시,차대차,진행중 추돌,운전자법규위반,안전운전 의무 불이행,단일로,기타단일로,승용차,승용차,129.13642176,36.05796792
10769,2016,2016-01-02 05:00,야간,토,1,1,0,0,경남,거제시,차대차,정면충돌,운전자법규위반,중앙선 침범,단일로,기타단일로,화물차,승합차,128.60969764,34.88778822
10770,2016,2016-01-02 11:00,주간,토,1,1,0,0,서울,강서구,차대차,측면직각충돌,운전자법규위반,신호위반,교차로,교차로내,이륜차,승합차,126.84450319,37.55799275
10771,2016,2016-01-09 21:00,야간,토,1,1,0,0,충남,당진시,차대사람,기타,운전자법규위반,안전운전 의무 불이행,교차로,교차로내,승용차,보행자,126.63265806,36.90044789
10772,2016,2016-01-09 02:00,야간,토,1,1,0,0,강원,원주시,차량단독,공작물충돌,운전자법규위반,안전운전 의무 불이행,단일로,기타단일로,승합차,없음,127.97673822,37.30927807
10773,2016,2016-01-07 19:00,야간,목,1,1,0,0,서울,양천구,차대차,측면직각충돌,운전자법규위반,신호위반,교차로,교차로부근,자전거,자전거,126.86988952,37.52665506
10774,2016,2016-05-19 13:00,주간,목,2,6,2,2,인천,부평구,차대차,진행중 추돌,운전자법규위반,안전운전 의무 불이행,단일로,기타단일로,승합차,화물차,126.72407259,37.52385817
10775,2016,2016-12-03 22:00,야간,토,1,3,1,1,경북,김천시,차대차,진행중 추돌,운전자법규위반,안전운전 의무 불이행,단일로,기타단일로,화물차,화물차,128.08577319,36.13425215
10776,2016,2016-11-27 06:00,주간,일,1,2,0,0,서울,서초구,차대차,진행중 추돌,운전자법규위반,안전운전 의무 불이행,단일로,기타단일로,승용차,화물차,127.04675142,37.45652739
10777,2016,2016-09-02 23:00,야간,금,1,1,0,0,부산,사상구,차대사람,횡단중,운전자법규위반,안전운전 의무 불이행,교차로,교차로부근,화물차,보행자,128.98326411,35.15603051
10778,2016,2016-09-03 04:00,야간,토,5,5,0,0,대구,달성군,차량단독,전도전복,운전자법규위반,과속,단일로,기타단일로,승용차,없음,128.43669599,35.7188784
10779,2016,2016-09-05 10:00,주간,월,1,1,0,0,인천,남구,차대사람,횡단중,운전자법규위반,보행자 보호의무 위반,교차로,교차로부근,건설기계,보행자,126.65003187,37.456532
10780,2016,2016-10-14 01:00,야간,금,1,1,0,0,서울,성북구,차대사람,기타,운전자법규위반,안전운전 의무 불이행,단일로,기타단일로,승용차,보행자,127.03150489,37.6056889
10781,2016,2016-10-12 19:00,야간,수,1,1,0,0,경기,고양시,차대사람,기타,운전자법규위반,안전운전 의무 불이행,교차로,교차로부근,건설기계,보행자,126.87200013,37.64328163
10782,2016,2016-10-13 22:00,야간,목,1,1,0,0,경북,경산시,차량단독,전도전복,운전자법규위반,안전운전 의무 불이행,단일로,기타단일로,승용차,없음,128.82573852,35.96352379
10783,2016,2016-10-10 11:00,주간,월,1,3,1,1,인천,중구,차대차,진행중 추돌,운전자법규위반,안전운전 의무 불이행,교차로,교차로부근,화물차,승용차,126.63040747,37.46889087
10784,2016,2016-10-10 06:00,주간,월,1,1,0,0,경기,여주시,차대차,측면직각충돌,운전자법규위반,안전운전 의무 불이행,단일로,기타단일로,승용차,농기계,127.62855442,37.33428979
10785,2016,2016-10-09 23:00,야간,일,1,1,0,0,경기,포천시,차대사람,횡단중,운전자법규위반,안전운전 의무 불이행,단일로,기타단일로,승용차,보행자,127.28573531,37.85444321
10786,2016,2016-10-20 17:00,주간,목,2,5,3,0,경기,안성시,차대차,진행중 추돌,운전자법규위반,안전운전 의무 불이행,단일로,기타단일로,승용차,화물차,127.20121294,37.05147137
10787,2016,2016-10-21 00:00,야간,금,1,1,0,0,울산,남구,차대사람,기타,운전자법규위반,안전운전 의무 불이행,단일로,기타단일로,승용차,보행자,129.33912799,35.51915388
10788,2016,2016-10-24 02:00,야간,월,1,1,0,0,서울,도봉구,차대사람,차도통행중,운전자법규위반,안전운전 의무 불이행,교차로,교차로부근,승합차,보행자,127.04519999,37.65253101
10789,2016,2016-10-02 04:00,야간,일,1,1,0,0,광주,북구,차대사람,횡단중,운전자법규위반,안전운전 의무 불이행,교차로,교차로내,승용차,보행자,126.8986445,35.15850151
10790,2016,2016-10-03 04:00,야간,월,1,1,0,0,서울,영등포구,차대사람,차도통행중,운전자법규위반,안전운전 의무 불이행,단일로,기타단일로,화물차,보행자,126.88698644,37.54465302
10791,2016,2016-10-06 05:00,야간,목,1,1,0,0,충남,공주시,차량단독,공작물충돌,운전자법규위반,안전운전 의무 불이행,단일로,기타단일로,화물차,없음,127.11870855,36.54263558
10792,2016,2016-10-01 13:00,주간,토,1,1,0,0,부산,영도구,차대사람,기타,운전자법규위반,신호위반,단일로,기타단일로,건설기계,보행자,129.03991868,35.09470979
10793,2016,2016-10-01 16:00,주간,토,1,1,0,0,부산,사하구,차대차,측면직각충돌,운전자법규위반,안전운전 의무 불이행,기타/불명,기타/불명,승용차,이륜차,128.96077202,35.10210265
10794,2016,2016-10-04 08:00,주간,화,1,1,0,0,부산,북구,차대사람,횡단중,운전자법규위반,안전운전 의무 불이행,단일로,횡단보도상,승합차,보행자,129.00332121,35.2096771
10795,2016,2016-10-07 06:00,주간,금,1,1,0,0,부산,진구,차대차,측면직각충돌,운전자법규위반,안전운전 의무 불이행,단일로,기타단일로,화물차,자전거,129.07018465,35.17476939
10796,2016,2016-09-30 10:00,주간,금,1,2,0,0,경북,경주시,차대차,정면충돌,운전자법규위반,중앙선 침범,단일로,기타단일로,승용차,화물차,129.11720119,35.98833713
10797,2016,2016-09-30 09:00,주간,금,1,1,0,0,경기,부천시,차대차,측면직각충돌,운전자법규위반,중앙선 침범,단일로,기타단일로,자전거,승합차,126.7755399,37.49124989
10798,2016,2016-09-30 11:00,주간,금,1,1,0,0,충남,홍성군,차대사람,횡단중,운전자법규위반,안전운전 의무 불이행,단일로,기타단일로,화물차,보행자,126.66672907,36.60155341
10799,2016,2016-09-30 03:00,야간,금,1,1,0,0,광주,서구,차대사람,횡단중,운전자법규위반,신호위반,단일로,횡단보도상,승용차,보행자,126.87691205,35.15753507
10800,2016,2016-10-01 08:00,주간,토,1,1,0,0,경북,칠곡군,차량단독,기타,운전자법규위반,안전운전 의무 불이행,단일로,기타단일로,자전거,없음,128.49556209,35.90284192
10801,2016,2016-10-01 05:00,야간,토,1,1,0,0,경남,창원시(통합),차대차,정면충돌,운전자법규위반,중앙선 침범,단일로,기타단일로,승용차,원동기장치자전거,128.6988395,35.127382399999995
10802,2016,2016-09-17 18:00,야간,토,1,1,0,0,경남,고성군,차대사람,길가장자리구역통행중,운전자법규위반,안전운전 의무 불이행,단일로,기타단일로,화물차,보행자,128.26275686,35.0973414
10803,2016,2016-09-28 02:00,야간,수,1,1,0,0,광주,남구,차대사람,기타,운전자법규위반,과속,단일로,기타단일로,승용차,보행자,126.89628289,35.13782269
10804,2016,2016-09-24 23:00,야간,토,1,1,0,0,서울,마포구,차대차,정면충돌,운전자법규위반,신호위반,교차로,교차로내,승용차,이륜차,126.94191328,37.54790165
10805,2016,2016-09-29 18:00,야간,목,1,1,0,0,경기,용인시,차대사람,차도통행중,운전자법규위반,안전운전 의무 불이행,단일로,기타단일로,승합차,보행자,127.10423753,37.27336763
10806,2016,2016-09-23 13:00,주간,금,1,1,0,0,서울,중랑구,차대사람,차도통행중,운전자법규위반,안전운전 의무 불이행,단일로,기타단일로,화물차,보행자,127.10420999,37.6005831
10807,2016,2016-09-04 10:00,주간,일,1,1,0,0,전북,익산시,차량단독,전도전복,운전자법규위반,안전운전 의무 불이행,단일로,기타단일로,이륜차,없음,127.08894908,36.0707963
10808,2016,2016-09-04 20:00,야간,일,1,1,0,0,서울,금천구,차대사람,기타,운전자법규위반,안전운전 의무 불이행,교차로,교차로내,승합차,보행자,126.90973664,37.45062426
10809,2016,2016-09-02 17:00,주간,금,1,1,0,0,광주,남구,차대사람,보도통행중,운전자법규위반,기타(운전자법규위반),단일로,기타단일로,승용차,보행자,126.89856818,35.12992608
10810,2016,2016-09-03 05:00,야간,토,1,1,0,0,부산,북구,차대사람,횡단중,운전자법규위반,안전운전 의무 불이행,단일로,기타단일로,승용차,보행자,128.99489441,35.19692269
10811,2016,2016-10-09 18:00,야간,일,1,1,0,0,경기,수원시,차대사람,횡단중,운전자법규위반,안전운전 의무 불이행,교차로,교차로내,이륜차,보행자,126.98113373,37.27509147
10812,2016,2016-12-29 14:00,주간,목,1,1,0,0,경남,김해시,차대사람,횡단중,운전자법규위반,중앙선 침범,단일로,기타단일로,승용차,보행자,128.88445106,35.2358625
10813,2016,2016-12-21 21:00,야간,수,1,1,0,0,서울,종로구,차대사람,차도통행중,운전자법규위반,안전운전 의무 불이행,단일로,기타단일로,승용차,보행자,126.9607804,37.60503542
10814,2016,2016-12-21 18:00,야간,수,1,1,0,0,광주,서구,차량단독,기타,운전자법규위반,안전운전 의무 불이행,단일로,기타단일로,승합차,없음,126.87530684,35.13627364
10815,2016,2016-12-24 17:00,주간,토,1,6,0,4,경기,가평군,차대차,정면충돌,운전자법규위반,중앙선 침범,단일로,교량위,화물차,승합차,127.4685523,37.67942524
10816,2016,2016-12-21 19:00,야간,수,1,1,0,0,세종,세종,차대사람,기타,운전자법규위반,안전운전 의무 불이행,기타/불명,기타/불명,승용차,보행자,127.21445212,36.66191932
10817,2016,2016-12-25 21:00,야간,일,1,1,0,0,강원,춘천시,차대사람,차도통행중,운전자법규위반,안전운전 의무 불이행,단일로,기타단일로,승용차,보행자,127.72657491,37.88391999
10818,2016,2016-12-03 21:00,야간,토,1,1,0,0,경기,광주시,차대사람,횡단중,운전자법규위반,안전운전 의무 불이행,교차로,교차로내,승용차,보행자,127.24096932,37.4762866
10819,2016,2016-04-02 15:00,주간,토,1,1,0,0,충남,아산시,차량단독,기타,운전자법규위반,안전운전 의무 불이행,단일로,기타단일로,이륜차,없음,126.86694892,36.80531891
10820,2016,2016-08-09 17:00,주간,화,4,6,2,0,충북,음성군,차대차,측면직각충돌,운전자법규위반,중앙선 침범,교차로,교차로부근,승용차,승용차,127.6978575,36.92877088
10821,2016,2016-07-21 22:00,야간,목,1,1,0,0,서울,강북구,차대사람,기타,운전자법규위반,안전운전 의무 불이행,기타/불명,기타/불명,화물차,보행자,127.02538574,37.64153777
10822,2016,2016-12-19 03:00,야간,월,1,1,0,0,충남,논산시,차대사람,횡단중,운전자법규위반,안전운전 의무 불이행,단일로,기타단일로,화물차,보행자,127.06237137,36.21940626
10823,2016,2016-11-08 09:00,주간,화,1,2,0,1,충남,태안군,차대차,측면직각충돌,운전자법규위반,과속,교차로,교차로내,승용차,이륜차,126.19142111,36.75869998
10824,2016,2016-12-20 06:00,주간,화,1,1,0,0,강원,인제군,차대사람,길가장자리구역통행중,운전자법규위반,안전운전 의무 불이행,단일로,기타단일로,화물차,보행자,128.22024534,38.12793691
10825,2016,2016-11-13 03:00,야간,일,1,1,0,0,경기,화성시,차량단독,공작물충돌,운전자법규위반,안전운전 의무 불이행,교차로,교차로내,원동기장치자전거,없음,127.06013258,37.22141763
10826,2016,2016-10-08 04:00,야간,토,1,1,0,0,경기,평택시,차대사람,횡단중,운전자법규위반,안전운전 의무 불이행,단일로,교량위,화물차,보행자,127.08759127,36.98666929
10827,2016,2016-06-04 15:00,주간,토,1,1,0,0,대구,서구,차대차,측면직각충돌,운전자법규위반,신호위반,교차로,교차로내,이륜차,승용차,128.53754548,35.86860569
10828,2016,2016-06-13 03:00,야간,월,1,1,0,0,경기,평택시,차량단독,공작물충돌,운전자법규위반,안전운전 의무 불이행,교차로,교차로내,승용차,없음,127.05450052,36.97861707
10829,2016,2016-08-21 06:00,주간,일,1,1,0,0,경기,이천시,차량단독,공작물충돌,운전자법규위반,안전운전 의무 불이행,교차로,교차로내,승용차,없음,127.45980635,37.28247747
10830,2016,2016-09-15 09:00,주간,목,1,2,1,0,충남,태안군,차량단독,전도전복,운전자법규위반,안전운전 의무 불이행,단일로,기타단일로,원동기장치자전거,없음,126.41342171,36.41884045
10831,2016,2016-08-08 00:00,야간,월,1,1,0,0,전남,해남군,차량단독,전도전복,운전자법규위반,안전운전 의무 불이행,단일로,기타단일로,승용차,없음,126.60342561,34.55962521
10832,2016,2016-08-17 16:00,주간,수,1,3,1,1,대구,달서구,차대차,기타,운전자법규위반,과속,교차로,교차로내,승용차,승용차,128.51845502,35.8038855
10833,2016,2016-08-16 10:00,주간,화,1,1,0,0,경남,함안군,차량단독,전도전복,운전자법규위반,안전운전 의무 불이행,교차로,교차로부근,이륜차,없음,128.30941738,35.30983616
10834,2016,2016-11-05 18:00,야간,토,1,1,0,0,경남,통영시,차대사람,횡단중,운전자법규위반,안전운전 의무 불이행,교차로,교차로내,승용차,보행자,128.35738355,34.931318
10835,2016,2016-11-18 17:00,주간,금,1,1,0,0,경북,김천시,차대사람,횡단중,운전자법규위반,보행자 보호의무 위반,교차로,교차로부근,승용차,보행자,128.13188234,36.11861915
10836,2016,2016-11-25 18:00,야간,금,1,3,0,2,충북,음성군,차대차,진행중 추돌,운전자법규위반,안전운전 의무 불이행,단일로,기타단일로,화물차,화물차,127.45477608,36.98569583
10837,2016,2016-10-28 13:00,주간,금,1,1,0,0,충북,청주시,차량단독,전도전복,운전자법규위반,안전운전 의무 불이행,단일로,기타단일로,화물차,없음,127.62511274,36.63517807
10838,2016,2016-11-26 20:00,야간,토,1,2,0,1,경북,안동시,차대차,정면충돌,운전자법규위반,안전운전 의무 불이행,단일로,교량위,화물차,화물차,128.70068033,36.5993555
10839,2016,2016-01-07 12:00,주간,목,1,1,0,0,서울,동대문구,차대사람,횡단중,운전자법규위반,안전운전 의무 불이행,단일로,기타단일로,화물차,보행자,127.02984978,37.58064296
10840,2016,2016-01-12 16:00,주간,화,1,1,0,0,경기,가평군,차량단독,공작물충돌,운전자법규위반,안전운전 의무 불이행,단일로,기타단일로,승용차,없음,127.49804952,37.67480554
10841,2016,2016-01-14 09:00,주간,목,2,2,0,0,경북,의성군,차량단독,전도전복,운전자법규위반,안전운전 의무 불이행,단일로,기타단일로,화물차,없음,128.51069422,36.49602486
10842,2016,2016-01-10 17:00,주간,일,1,1,0,0,경북,포항시,차대사람,횡단중,운전자법규위반,안전운전 의무 불이행,단일로,기타단일로,승합차,보행자,129.34456902,36.01122501
10843,2016,2016-01-12 13:00,주간,화,1,1,0,0,서울,동작구,차대사람,횡단중,운전자법규위반,안전운전 의무 불이행,단일로,기타단일로,화물차,보행자,126.93985451,37.50682634
10844,2016,2016-01-11 15:00,주간,월,1,1,0,0,경기,고양시,차대사람,횡단중,운전자법규위반,안전운전 의무 불이행,단일로,횡단보도부근,승합차,보행자,126.84296977,37.61898587
10845,2016,2016-01-18 00:00,야간,월,1,1,0,0,충남,예산군,차대사람,횡단중,운전자법규위반,안전운전 의무 불이행,단일로,기타단일로,승용차,보행자,126.75388853,36.64843086
10846,2016,2016-01-16 19:00,야간,토,1,1,0,0,충남,논산시,차대사람,차도통행중,운전자법규위반,안전운전 의무 불이행,단일로,기타단일로,화물차,보행자,127.01554909,36.15313276
10847,2016,2016-01-15 11:00,주간,금,1,1,0,0,경북,문경시,차대차,측면직각충돌,운전자법규위반,중앙선 침범,단일로,기타단일로,원동기장치자전거,승합차,128.26194098,36.66425967
10848,2016,2016-01-15 08:00,주간,금,1,3,1,1,전북,정읍시,차대차,정면충돌,운전자법규위반,중앙선 침범,단일로,교량위,승용차,승용차,127.02420155,35.60978970000001
10849,2016,2016-01-15 04:00,야간,금,1,1,0,0,경기,광명시,차량단독,공작물충돌,운전자법규위반,안전운전 의무 불이행,단일로,기타단일로,승용차,없음,126.87617645,37.47428379
10850,2016,2016-01-21 15:00,주간,목,1,5,1,3,경북,김천시,차대차,진행중 추돌,운전자법규위반,안전운전 의무 불이행,단일로,기타단일로,승용차,화물차,128.27297465,36.06591636
10851,2016,2016-01-21 20:00,야간,목,1,1,0,0,경기,안성시,차대사람,횡단중,운전자법규위반,안전운전 의무 불이행,단일로,기타단일로,승합차,보행자,127.27809219,37.00579301
10852,2016,2016-01-19 18:00,야간,화,1,1,0,0,대구,북구,차대사람,차도통행중,운전자법규위반,안전운전 의무 불이행,단일로,기타단일로,원동기장치자전거,보행자,128.62170747,35.90812182
10853,2016,2016-01-19 19:00,야간,화,1,4,2,1,경기,이천시,차대차,정면충돌,운전자법규위반,중앙선 침범,단일로,기타단일로,승용차,승용차,127.48947441,37.28649506
10854,2016,2016-01-30 14:00,주간,토,1,1,0,0,충남,서산시,차량단독,공작물충돌,운전자법규위반,안전운전 의무 불이행,단일로,기타단일로,화물차,없음,126.38532706,36.94990019
10855,2016,2016-01-31 07:00,주간,일,1,1,0,0,서울,구로구,차대차,기타,운전자법규위반,중앙선 침범,단일로,기타단일로,자전거,승용차,126.82392298,37.48099988
10856,2016,2016-02-06 00:00,야간,토,1,1,0,0,인천,남구,차대사람,보도통행중,운전자법규위반,과속,교차로,교차로내,승용차,보행자,126.65515013,37.44378758
10857,2016,2016-02-06 17:00,주간,토,1,1,0,0,서울,동작구,차대차,기타,운전자법규위반,안전운전 의무 불이행,단일로,기타단일로,원동기장치자전거,승용차,126.94023513,37.50888594
10858,2016,2016-01-19 12:00,주간,화,1,8,2,5,전북,정읍시,차대차,기타,운전자법규위반,안전운전 의무 불이행,단일로,기타단일로,화물차,승용차,126.86562208,35.60236002
10859,2016,2016-07-24 04:00,야간,일,1,1,0,0,경남,양산시,차대차,측면직각충돌,운전자법규위반,안전운전 의무 불이행,단일로,기타단일로,승용차,승용차,129.00715699,35.29408242
10860,2016,2016-12-04 21:00,야간,일,1,1,0,0,경북,구미시,차량단독,기타,운전자법규위반,안전운전 의무 불이행,단일로,기타단일로,승용차,없음,128.37080132,36.10199274
10861,2016,2016-12-04 17:00,주간,일,1,1,0,0,경남,합천군,차대차,진행중 추돌,운전자법규위반,안전운전 의무 불이행,단일로,기타단일로,승용차,농기계,128.12442514,35.64991004
10862,2016,2016-11-27 12:00,주간,일,1,1,0,0,경기,안산시,차대차,기타,운전자법규위반,안전운전 의무 불이행,교차로,교차로부근,승용차,승합차,126.83258835,37.31264689
10863,2016,2016-11-30 17:00,주간,수,1,1,0,0,경북,영덕군,차대사람,횡단중,운전자법규위반,안전운전 의무 불이행,단일로,기타단일로,승용차,보행자,129.21661756,36.46202203
10864,2016,2016-11-26 17:00,주간,토,1,4,2,1,서울,강동구,차대차,기타,운전자법규위반,안전운전 의무 불이행,단일로,기타단일로,승용차,승용차,127.12128405,37.53984301
10865,2016,2016-12-02 18:00,야간,금,1,1,0,0,인천,서구,차대사람,횡단중,운전자법규위반,신호위반,단일로,기타단일로,승용차,보행자,126.6480418,37.51032785