,발생년,발생년월일시분,주야,요일,사망자수,사상자수,중상자수,경상자수,발생지시도,발생지시군구,사고유형_대분류,사고유형,법규위반_대분류,법규위반,도로형태_대분류,도로형태,가해자_당사자종별,피해자_당사자종별,경도,위도
11153,2016,2016-12-30 18:00,야간,금,1,1,0,0,강원,강릉시,차대사람,횡단중,운전자법규위반,안전운전 의무 불이행,단일로,기타단일로,승용차,보행자,128.90706213,37.74978808
11154,2016,2016-12-30 22:00,야간,금,1,1,0,0,경기,성남시,차대사람,기타,운전자법규위반,안전운전 의무 불이행,교차로,교차로부근,승용차,승용차,127.15128945,37.44303884
11155,2016,2016-12-30 00:00,야간,금,1,1,0,0,서울,도봉구,차대사람,횡단중,운전자법규위반,과속,단일로,기타단일로,승용차,보행자,127.04541834,37.68922512
11156,2016,2016-12-29 07:00,주간,목,1,1,0,0,전북,남원시,차대차,측면직각충돌,운전자법규위반,안전운전 의무 불이행,교차로,교차로내,승용차,자전거,127.36941283,35.39739757
11157,2016,2016-12-22 12:00,주간,목,1,1,0,0,경기,평택시,차대사람,횡단중,운전자법규위반,안전운전 의무 불이행,단일로,횡단보도상,승용차,보행자,126.91519945,36.93171483
11158,2016,2016-12-22 17:00,주간,목,1,5,2,2,전남,장성군,차대차,측면직각충돌,운전자법규위반,안전운전 의무 불이행,교차로,교차로내,승용차,승용차,126.79035244,35.30860536
11159,2016,2016-12-27 00:00,야간,화,1,1,0,0,경북,경주시,차대사람,길가장자리구역통행중,운전자법규위반,안전운전 의무 불이행,단일로,기타단일로,화물차,보행자,129.2285521,35.82565366
11160,2016,2016-11-27 18:00,야간,일,1,2,0,1,전남,진도군,차대사람,횡단중,운전자법규위반,안전운전 의무 불이행,단일로,기타단일로,승용차,보행자,126.32703823,34.49876814
11161,2016,2016-11-27 20:00,야간,일,1,1,0,0,서울,동대문구,차대사람,횡단중,운전자법규위반,안전운전 의무 불이행,단일로,횡단보도상,승합차,보행자,127.05699559,37.58856263
11162,2016,2016-12-02 05:00,야간,금,1,1,0,0,경남,창원시(통합),차량단독,기타,운전자법규위반,안전운전 의무 불이행,기타/불명,기타/불명,이륜차,없음,128.7118754,35.19457907
11163,2016,2016-12-31 18:00,야간,토,1,1,0,0,충남,청양군,차대사람,차도통행중,운전자법규위반,안전운전 의무 불이행,단일로,기타단일로,화물차,보행자,126.76311213,36.40648254
11164,2016,2016-12-01 09:00,주간,목,1,1,0,0,경기,성남시,차대사람,기타,운전자법규위반,안전운전 의무 불이행,단일로,터널안,화물차,보행자,127.10457792,37.39358667
11165,2016,2016-12-02 09:00,주간,금,1,1,0,0,경북,경주시,차대사람,횡단중,운전자법규위반,안전운전 의무 불이행,단일로,기타단일로,승합차,보행자,129.27854917,35.72816717
11166,2016,2016-12-04 10:00,주간,일,1,1,0,0,강원,태백시,차량단독,공작물충돌,운전자법규위반,안전운전 의무 불이행,단일로,기타단일로,승용차,없음,129.00668317,37.13135951
11167,2016,2016-12-02 00:00,야간,금,1,1,0,0,서울,마포구,차대차,정면충돌,운전자법규위반,중앙선 침범,교차로,교차로부근,승용차,승용차,126.88205198,37.58331476
11168,2016,2016-12-01 23:00,야간,목,1,2,0,1,울산,남구,차대차,진행중 추돌,운전자법규위반,안전운전 의무 불이행,단일로,기타단일로,승용차,승합차,129.28891834,35.53537931
11169,2016,2016-12-02 20:00,야간,금,1,1,0,0,부산,강서구,차대사람,차도통행중,운전자법규위반,안전운전 의무 불이행,단일로,기타단일로,승용차,보행자,128.88508601,35.11337798
11170,2016,2016-12-02 10:00,주간,금,1,1,0,0,경기,의정부시,차대사람,횡단중,운전자법규위반,안전운전 의무 불이행,단일로,기타단일로,화물차,보행자,127.05845079,37.74841968
11171,2016,2016-11-30 15:00,주간,수,1,1,0,0,경남,김해시,차대차,측면직각충돌,운전자법규위반,교차로 통행방법 위반,교차로,교차로내,자전거,화물차,128.86992563,35.21835598
11172,2016,2016-12-30 21:00,야간,금,1,1,0,0,경남,하동군,차량단독,전도전복,운전자법규위반,안전운전 의무 불이행,기타/불명,기타/불명,원동기장치자전거,없음,127.80798979,34.99305325
11173,2016,2016-12-22 20:00,야간,목,1,1,0,0,경북,경주시,차대사람,횡단중,운전자법규위반,안전운전 의무 불이행,단일로,기타단일로,승용차,보행자,117.99260276,19.69447709
11174,2016,2016-12-23 04:00,야간,금,1,1,0,0,서울,송파구,차대사람,횡단중,운전자법규위반,안전운전 의무 불이행,교차로,교차로내,승용차,보행자,127.11861184,37.49242113
11175,2016,2016-12-23 06:00,주간,금,1,1,0,0,경북,포항시,차대차,측면직각충돌,운전자법규위반,안전운전 의무 불이행,단일로,기타단일로,특수차,승용차,129.38024757,35.99192982
11176,2016,2016-11-27 20:00,야간,일,1,1,0,0,충남,서산시,차대사람,차도통행중,운전자법규위반,안전운전 의무 불이행,단일로,기타단일로,승용차,보행자,126.46764369,36.77865303
11177,2016,2016-01-25 13:00,주간,월,1,4,0,3,경기,광주시,차량단독,공작물충돌,운전자법규위반,안전운전 의무 불이행,단일로,기타단일로,승용차,없음,127.25312741,37.45566225
11178,2016,2016-02-11 14:00,주간,목,2,2,0,0,강원,강릉시,차량단독,전도전복,운전자법규위반,안전운전 의무 불이행,단일로,기타단일로,화물차,없음,128.83292806,37.77237043
11179,2016,2016-04-15 00:00,야간,금,1,1,0,0,전북,김제시,차대차,진행중 추돌,운전자법규위반,안전운전 의무 불이행,단일로,기타단일로,화물차,화물차,126.99811975,35.76372744
11180,2016,2016-12-21 18:00,야간,수,1,3,0,0,경기,오산시,차량단독,전도전복,운전자법규위반,안전운전 의무 불이행,단일로,기타단일로,화물차,없음,127.0840575,37.15039198
11181,2016,2016-11-06 23:00,야간,일,1,8,3,4,경기,광주시,차대차,기타,운전자법규위반,안전운전 의무 불이행,단일로,기타단일로,승용차,승용차,127.30519028,37.40956404
11182,2016,2016-09-25 02:00,야간,일,1,2,1,0,충남,공주시,차대차,기타,운전자법규위반,과속,단일로,기타단일로,승용차,화물차,127.07343993,36.37319522
11183,2016,2016-09-24 22:00,야간,토,1,2,0,1,경남,진주시,차량단독,공작물충돌,운전자법규위반,안전운전 의무 불이행,단일로,기타단일로,승용차,없음,128.07137054,35.15388563
11184,2016,2016-11-11 22:00,야간,금,1,1,0,0,전남,무안군,차량단독,공작물충돌,운전자법규위반,안전운전 의무 불이행,단일로,터널안,화물차,없음,126.49465684,34.98104879
11185,2016,2016-12-02 12:00,주간,금,1,1,0,0,경북,예천군,차량단독,공작물충돌,운전자법규위반,안전운전 의무 불이행,단일로,기타단일로,화물차,없음,128.48757151,36.69168329
11186,2016,2016-12-03 17:00,주간,토,1,1,0,0,대구,서구,차대사람,기타,운전자법규위반,안전운전 의무 불이행,단일로,기타단일로,승용차,보행자,128.56620584,35.86348447
11187,2016,2016-12-29 20:00,야간,목,1,1,0,0,제주,제주시,차대사람,횡단중,운전자법규위반,안전운전 의무 불이행,단일로,기타단일로,승용차,보행자,126.38745949,33.45285031
11188,2016,2016-12-04 00:00,야간,일,1,1,0,0,경북,청도군,차량단독,전도전복,운전자법규위반,안전운전 의무 불이행,단일로,기타단일로,승용차,없음,128.59877204,35.64468629
11189,2016,2016-12-04 18:00,야간,일,1,1,0,0,경기,연천군,차대사람,차도통행중,운전자법규위반,안전운전 의무 불이행,단일로,기타단일로,승용차,보행자,127.06913074,38.09966697
11190,2016,2016-12-23 21:00,야간,금,2,4,1,1,서울,관악구,차대차,정면충돌,운전자법규위반,중앙선 침범,단일로,기타단일로,이륜차,원동기장치자전거,126.92893092,37.47928267
11191,2016,2016-12-03 05:00,야간,토,1,1,0,0,경기,안산시,차대사람,기타,운전자법규위반,안전운전 의무 불이행,단일로,기타단일로,승용차,보행자,126.78228579,37.33687889
11192,2016,2016-11-29 20:00,야간,화,1,1,0,0,대전,서구,차대사람,기타,운전자법규위반,안전운전 의무 불이행,단일로,기타단일로,승용차,보행자,127.35781959,36.35320887
11193,2016,2016-11-30 07:00,주간,수,1,1,0,0,서울,서초구,차대차,진행중 추돌,운전자법규위반,안전거리 미확보,지하도로내,지하도로내,승용차,건설기계,126.99937623,37.50054073
11194,2016,2016-12-03 12:00,주간,토,1,2,1,0,경남,밀양시,차대차,측면직각충돌,운전자법규위반,교차로 통행방법 위반,교차로,교차로내,화물차,원동기장치자전거,128.73428168,35.37779865
11195,2016,2016-12-01 21:00,야간,목,1,1,0,0,경기,수원시,차량단독,전도전복,운전자법규위반,안전운전 의무 불이행,지하도로내,지하도로내,승용차,없음,126.99401493,37.27005436
11196,2016,2016-12-01 17:00,주간,목,1,2,0,1,경북,영천시,차대사람,횡단중,운전자법규위반,보행자 보호의무 위반,단일로,기타단일로,이륜차,보행자,128.93401505,35.96848097
11197,2016,2016-12-30 18:00,야간,금,1,1,0,0,충남,당진시,차대사람,횡단중,운전자법규위반,안전운전 의무 불이행,단일로,기타단일로,승용차,보행자,126.72089401,36.89675943
11198,2016,2016-12-31 00:00,야간,토,1,1,0,0,경남,거제시,차대사람,기타,운전자법규위반,안전운전 의무 불이행,단일로,기타단일로,승용차,보행자,128.50654024,34.89794677
11199,2016,2016-12-30 00:00,야간,금,1,1,0,0,서울,동작구,차대사람,횡단중,운전자법규위반,안전운전 의무 불이행,교차로,교차로내,승용차,보행자,126.94024527,37.51358835
11200,2016,2016-12-30 23:00,야간,금,1,1,0,0,전북,부안군,차대사람,길가장자리구역통행중,운전자법규위반,안전운전 의무 불이행,단일로,기타단일로,승용차,보행자,126.67290784,35.66572929
11201,2016,2016-12-29 20:00,야간,목,1,2,0,1,경기,성남시,차대차,진행중 추돌,운전자법규위반,신호위반,교차로,교차로내,승합차,이륜차,127.1288426,37.41692984
11202,2016,2016-04-27 20:00,야간,수,2,3,0,1,경기,고양시,차대사람,횡단중,운전자법규위반,과속,교차로,교차로부근,승용차,보행자,126.78074976,37.64837585
11203,2016,2016-05-17 21:00,야간,화,1,1,0,0,전남,무안군,차대차,진행중 추돌,운전자법규위반,과속,단일로,기타단일로,승용차,승용차,126.42710465,34.85826308
11204,2016,2016-05-18 09:00,주간,수,1,1,0,0,전남,해남군,차대사람,횡단중,운전자법규위반,안전운전 의무 불이행,교차로,교차로내,화물차,보행자,126.43465748,34.57606966
11205,2016,2016-06-11 00:00,야간,토,1,1,0,0,경기,안양시,차대사람,횡단중,운전자법규위반,안전운전 의무 불이행,교차로,교차로내,승용차,보행자,126.95920923,37.38489884
11206,2016,2016-08-14 19:00,야간,일,2,4,2,0,경남,밀양시,차대차,정면충돌,운전자법규위반,중앙선 침범,단일로,기타단일로,승용차,승용차,128.77454266,35.53721668
11207,2016,2016-08-25 10:00,주간,목,1,1,0,0,경기,성남시,차대사람,횡단중,운전자법규위반,과속,교차로,교차로부근,승합차,보행자,127.14225382,37.44842908
11208,2016,2016-11-04 12:00,주간,금,1,3,2,0,충남,논산시,차대차,측면직각충돌,운전자법규위반,과속,교차로,교차로내,화물차,농기계,127.07424669999999,36.18996822
11209,2016,2016-12-05 02:00,야간,월,1,1,0,0,광주,남구,차대사람,횡단중,운전자법규위반,안전운전 의무 불이행,교차로,교차로부근,승용차,보행자,126.90127489,35.13666622
11210,2016,2016-12-13 18:00,야간,화,1,1,0,0,전북,남원시,차대사람,횡단중,운전자법규위반,과속,교차로,교차로부근,승용차,보행자,127.48664398,35.49324632
11211,2016,2016-12-16 18:00,야간,금,1,1,0,0,대구,중구,차대사람,횡단중,운전자법규위반,안전운전 의무 불이행,단일로,기타단일로,승용차,보행자,128.58130172,35.87055484
11212,2016,2016-10-04 13:00,주간,화,1,5,0,4,충남,홍성군,차대차,진행중 추돌,운전자법규위반,안전운전 의무 불이행,단일로,기타단일로,화물차,화물차,126.55291007,36.62360946
11213,2016,2016-08-29 14:00,주간,월,1,2,1,0,경기,성남시,차대차,진행중 추돌,운전자법규위반,안전운전 의무 불이행,단일로,기타단일로,화물차,화물차,127.09255203,37.40502937
11214,2016,2016-01-14 08:00,주간,목,1,1,0,0,전남,여수시,차량단독,기타,운전자법규위반,기타(운전자법규위반),단일로,기타단일로,특수차,없음,127.68382690000001,34.82575848
11215,2016,2016-01-21 07:00,주간,목,1,1,0,0,경기,성남시,차대사람,횡단중,운전자법규위반,안전운전 의무 불이행,단일로,기타단일로,승용차,보행자,127.17880935,37.4394843
11216,2016,2016-10-25 18:00,야간,화,1,1,0,0,경남,양산시,차대사람,횡단중,운전자법규위반,안전운전 의무 불이행,기타/불명,기타/불명,승용차,보행자,129.07765879,35.45809918
11217,2016,2016-06-24 16:00,주간,금,2,2,0,0,전남,곡성군,차량단독,공작물충돌,운전자법규위반,안전운전 의무 불이행,단일로,기타단일로,승용차,없음,127.25923829999999,35.11553433
11218,2016,2016-07-19 14:00,주간,화,1,1,0,0,경기,여주시,차량단독,전도전복,운전자법규위반,안전운전 의무 불이행,단일로,기타단일로,농기계,없음,127.54903958,37.33728801
11219,2016,2016-05-23 05:00,야간,월,1,3,0,1,경기,용인시,차대차,진행중 추돌,운전자법규위반,안전운전 의무 불이행,단일로,기타단일로,승용차,화물차,127.29885855,37.24160611
11220,2016,2016-07-28 23:00,야간,목,1,1,0,0,경북,구미시,차대차,진행중 추돌,운전자법규위반,안전운전 의무 불이행,단일로,기타단일로,화물차,화물차,128.23884972,36.28488245
11221,2016,2016-09-06 02:00,야간,화,1,1,0,0,울산,울주군,차량단독,전도전복,운전자법규위반,안전운전 의무 불이행,단일로,기타단일로,화물차,없음,129.17608696,35.67187834
11222,2016,2016-08-09 04:00,야간,화,1,2,1,0,경기,평택시,차대차,기타,운전자법규위반,안전운전 의무 불이행,단일로,기타단일로,승용차,화물차,126.92441347,37.04867554
11223,2016,2016-12-27 11:00,주간,화,1,9,5,3,경북,영덕군,차대차,진행중 추돌,운전자법규위반,안전운전 의무 불이행,단일로,기타단일로,승용차,승용차,129.36612743,36.38554804
11224,2016,2016-10-17 08:00,주간,월,1,1,0,0,경북,성주군,차량단독,공작물충돌,운전자법규위반,안전운전 의무 불이행,단일로,기타단일로,승용차,없음,128.30760787,35.88944013
11225,2016,2016-12-27 21:00,야간,화,1,1,0,0,충남,태안군,차대사람,횡단중,운전자법규위반,안전운전 의무 불이행,단일로,기타단일로,승용차,보행자,126.29279161,36.74898178
11226,2016,2016-11-11 15:00,주간,금,1,1,0,0,경남,김해시,차대차,측면직각충돌,운전자법규위반,안전운전 의무 불이행,교차로,교차로내,건설기계,화물차,128.98148879,35.27047112
11227,2016,2016-09-25 04:00,야간,일,1,1,0,0,경기,성남시,차대사람,횡단중,운전자법규위반,신호위반,단일로,횡단보도상,승합차,보행자,127.12823754,37.43645167
11228,2016,2016-09-02 22:00,야간,금,1,1,0,0,서울,동대문구,차대사람,횡단중,운전자법규위반,안전운전 의무 불이행,교차로,교차로내,승용차,보행자,127.06291687,37.56770048
11229,2016,2016-01-27 18:00,야간,수,1,1,0,0,경북,구미시,차대차,진행중 추돌,운전자법규위반,안전운전 의무 불이행,교차로,교차로부근,이륜차,승용차,128.30250703,36.23780005
11230,2016,2016-02-03 23:00,야간,수,1,1,0,0,전남,해남군,차대사람,횡단중,운전자법규위반,안전운전 의무 불이행,교차로,교차로부근,승용차,보행자,126.64036513,34.60526797
11231,2016,2016-03-27 15:00,주간,일,1,1,0,0,강원,원주시,차량단독,공작물충돌,운전자법규위반,안전운전 의무 불이행,단일로,기타단일로,승용차,없음,127.98689569,37.295463500000004
11232,2016,2016-04-06 21:00,야간,수,1,1,0,0,전남,담양군,차대사람,횡단중,운전자법규위반,안전운전 의무 불이행,단일로,기타단일로,승용차,보행자,126.95838717,35.2806027
11233,2016,2016-05-04 01:00,야간,수,1,1,0,0,경기,고양시,차대사람,횡단중,운전자법규위반,보행자 보호의무 위반,단일로,횡단보도상,승용차,보행자,126.76411115,37.6688234
11234,2016,2016-07-04 13:00,주간,월,1,1,0,0,경기,김포시,차대차,정면충돌,운전자법규위반,교차로 통행방법 위반,교차로,교차로내,승용차,이륜차,126.55504743,37.71528317
11235,2016,2016-07-07 20:00,야간,목,1,1,0,0,경기,남양주시,차대차,정면충돌,운전자법규위반,부당한 회전,단일로,기타단일로,자전거,승용차,127.32346823,37.57040565
11236,2016,2016-06-29 03:00,야간,수,1,2,1,0,부산,강서구,차량단독,전도전복,운전자법규위반,안전운전 의무 불이행,단일로,기타단일로,화물차,없음,128.91536197,35.08938733
11237,2016,2016-08-23 21:00,야간,화,1,2,0,1,서울,성동구,차대차,정면충돌,운전자법규위반,신호위반,교차로,교차로내,원동기장치자전거,화물차,127.02515925,37.55237593
11238,2016,2016-12-25 17:00,주간,일,1,1,0,0,대구,동구,차대차,기타,운전자법규위반,안전운전 의무 불이행,단일로,기타단일로,승합차,자전거,128.64281189,35.88493048
11239,2016,2016-11-11 21:00,야간,금,1,2,1,0,서울,성동구,차대사람,보도통행중,운전자법규위반,중앙선 침범,단일로,횡단보도상,승용차,보행자,127.06583624,37.54874863
11240,2016,2016-11-21 06:00,주간,월,1,1,0,0,충남,아산시,차대차,측면직각충돌,운전자법규위반,신호위반,교차로,교차로내,자전거,승용차,126.96171551,36.78524126
11241,2016,2016-09-21 20:00,야간,수,1,1,0,0,충남,당진시,차대사람,횡단중,운전자법규위반,과속,단일로,기타단일로,승합차,보행자,126.70090013,36.91443895
11242,2016,2016-01-27 10:00,주간,수,1,1,0,0,경남,통영시,차대사람,횡단중,운전자법규위반,안전운전 의무 불이행,단일로,기타단일로,승용차,보행자,128.41662539,34.86891937
11243,2016,2016-01-31 08:00,주간,일,1,2,1,0,전북,정읍시,차대사람,길가장자리구역통행중,운전자법규위반,중앙선 침범,단일로,기타단일로,승용차,보행자,126.87721224,35.58549673
11244,2016,2016-11-20 04:00,야간,일,1,1,0,0,경북,경주시,차량단독,전도전복,운전자법규위반,안전운전 의무 불이행,단일로,기타단일로,승용차,없음,129.09437916,35.83568554
11245,2016,2016-11-26 18:00,야간,토,1,3,0,2,경북,안동시,차대사람,기타,운전자법규위반,안전운전 의무 불이행,단일로,기타단일로,화물차,보행자,128.55625506,36.61966278
11246,2016,2016-01-06 10:00,주간,수,1,1,0,0,강원,강릉시,차대사람,횡단중,운전자법규위반,안전운전 의무 불이행,단일로,기타단일로,승용차,보행자,128.90169894,37.77053589
11247,2016,2016-01-02 10:00,주간,토,1,1,0,0,전남,광양시,차량단독,전도전복,운전자법규위반,안전운전 의무 불이행,교차로,교차로부근,이륜차,없음,127.74032351,35.05970018
11248,2016,2016-01-02 07:00,주간,토,1,1,0,0,충북,청주시,차대사람,횡단중,운전자법규위반,보행자 보호의무 위반,교차로,교차로내,승용차,보행자,127.48746314,36.62047654
11249,2016,2016-01-02 18:00,야간,토,1,2,1,0,경북,성주군,차대차,기타,운전자법규위반,안전운전 의무 불이행,교차로,교차로부근,승용차,화물차,128.21537383,35.94525601
11250,2016,2016-01-03 04:00,야간,일,1,1,0,0,충남,예산군,차대사람,횡단중,운전자법규위반,보행자 보호의무 위반,교차로,교차로부근,승용차,보행자,126.6633247,36.69616572
11251,2016,2016-01-09 13:00,주간,토,1,1,0,0,전남,순천시,차대사람,횡단중,운전자법규위반,중앙선 침범,단일로,횡단보도상,승용차,보행자,127.49071259,34.95069167
11252,2016,2016-01-08 13:00,주간,금,1,3,1,1,경북,문경시,차대차,정면충돌,운전자법규위반,중앙선 침범,단일로,기타단일로,화물차,건설기계,128.24961626,36.64182809
11253,2016,2016-01-09 02:00,야간,토,1,3,2,0,전남,목포시,차대차,정면충돌,운전자법규위반,중앙선 침범,단일로,기타단일로,승용차,승용차,126.44134054,34.803275
11254,2016,2016-01-06 18:00,야간,수,1,1,0,0,충북,보은군,차대사람,횡단중,운전자법규위반,교차로 통행방법 위반,교차로,교차로내,승용차,보행자,127.78370032,36.46903756
11255,2016,2016-01-14 02:00,야간,목,1,1,0,0,서울,서대문구,차대사람,길가장자리구역통행중,운전자법규위반,안전운전 의무 불이행,단일로,기타단일로,승용차,보행자,126.96584665,37.55877445
11256,2016,2016-01-11 00:00,야간,월,1,4,3,0,전남,영암군,차대차,정면충돌,운전자법규위반,중앙선 침범,단일로,기타단일로,승용차,승용차,126.44658713,34.79044396
11257,2016,2016-01-12 10:00,주간,화,1,1,0,0,부산,강서구,차대차,기타,운전자법규위반,중앙선 침범,기타/불명,기타/불명,승용차,원동기장치자전거,128.94984285,35.21458594
11258,2016,2016-01-16 06:00,주간,토,1,1,0,0,서울,도봉구,차대사람,횡단중,운전자법규위반,안전운전 의무 불이행,단일로,기타단일로,승합차,보행자,127.04292522,37.66614048
11259,2016,2016-01-16 06:00,주간,토,1,1,0,0,광주,북구,차대사람,횡단중,운전자법규위반,안전운전 의무 불이행,단일로,횡단보도상,승용차,보행자,126.86417346,35.187450399999996
11260,2016,2016-01-15 10:00,주간,금,1,1,0,0,강원,영월군,차량단독,전도전복,운전자법규위반,안전운전 의무 불이행,단일로,기타단일로,승용차,없음,128.40955699,37.20306694
11261,2016,2016-01-22 01:00,야간,금,1,2,1,0,대구,동구,차대차,측면직각충돌,운전자법규위반,신호위반,교차로,교차로내,승용차,승용차,128.71805014,35.86600043
11262,2016,2016-01-22 07:00,주간,금,1,1,0,0,경기,여주시,차대사람,횡단중,운전자법규위반,안전운전 의무 불이행,단일로,횡단보도상,승용차,보행자,127.55373062,37.29828263
11263,2016,2016-01-27 05:00,야간,수,1,2,0,1,서울,강북구,차대차,진행중 추돌,운전자법규위반,안전운전 의무 불이행,교차로,교차로부근,승용차,승합차,127.01368162,37.63385578
11264,2016,2016-01-27 21:00,야간,수,1,1,0,0,경남,창원시(통합),차대사람,횡단중,운전자법규위반,신호위반,단일로,기타단일로,승합차,보행자,128.50966821,35.24059752
11265,2016,2016-01-28 07:00,주간,목,1,1,0,0,충남,부여군,차대사람,횡단중,운전자법규위반,안전운전 의무 불이행,교차로,교차로부근,승용차,보행자,126.90571266,36.26974009
11266,2016,2016-01-28 10:00,주간,목,1,1,0,0,경남,고성군,차량단독,전도전복,운전자법규위반,안전운전 의무 불이행,교차로,교차로내,이륜차,없음,128.29758786,35.01357421
11267,2016,2016-01-30 20:00,야간,토,1,1,0,0,경북,군위군,차량단독,전도전복,운전자법규위반,안전운전 의무 불이행,단일로,기타단일로,승용차,없음,128.7240145,36.17345081
11268,2016,2016-02-11 16:00,주간,목,1,1,0,0,경북,경주시,차대차,측면직각충돌,운전자법규위반,안전운전 의무 불이행,단일로,기타단일로,화물차,화물차,129.26697658,35.7987984
11269,2016,2016-03-07 14:00,주간,월,4,5,0,1,경북,청도군,차대차,진행중 추돌,운전자법규위반,안전운전 의무 불이행,단일로,기타단일로,화물차,화물차,128.77241791,35.5765664
11270,2016,2016-04-26 00:00,야간,화,1,1,0,0,충북,영동군,차대차,진행중 추돌,운전자법규위반,안전운전 의무 불이행,단일로,기타단일로,화물차,화물차,127.97689440000002,36.21232328
11271,2016,2016-04-08 01:00,야간,금,1,1,0,0,경기,성남시,차량단독,공작물충돌,운전자법규위반,안전운전 의무 불이행,단일로,기타단일로,승합차,없음,127.122795,37.43527166
11272,2016,2016-09-11 19:00,야간,일,1,1,0,0,서울,강북구,차대사람,기타,운전자법규위반,안전운전 의무 불이행,단일로,기타단일로,승합차,보행자,127.02777569,37.62210549
11273,2016,2016-12-13 19:00,야간,화,1,1,0,0,대구,남구,차대사람,횡단중,운전자법규위반,안전운전 의무 불이행,교차로,교차로내,승용차,보행자,128.60221425,35.83789766
11274,2016,2016-04-22 17:00,주간,금,1,1,0,0,충남,부여군,차량단독,전도전복,운전자법규위반,안전운전 의무 불이행,단일로,기타단일로,이륜차,없음,126.98142806,36.22453724
11275,2016,2016-04-23 20:00,야간,토,1,1,0,0,부산,동래구,차대차,측면직각충돌,운전자법규위반,안전운전 의무 불이행,단일로,기타단일로,이륜차,승용차,129.09893871,35.19282181
11276,2016,2016-08-03 23:00,야간,수,1,1,0,0,전남,영광군,차대차,측면직각충돌,운전자법규위반,안전운전 의무 불이행,단일로,교량위,승용차,이륜차,126.42203197,35.3687183
11277,2016,2016-11-07 16:00,주간,월,1,1,0,0,서울,강북구,차대차,측면직각충돌,운전자법규위반,안전운전 의무 불이행,교차로,교차로내,자전거,승용차,127.04163041,37.63071744
11278,2016,2016-11-05 21:00,야간,토,1,2,0,1,경북,포항시,차대차,정면충돌,운전자법규위반,안전운전 의무 불이행,교차로,교차로내,승용차,승용차,129.39413511,36.08180981
11279,2016,2016-09-26 16:00,주간,월,1,1,0,0,경남,창녕군,차량단독,전도전복,운전자법규위반,안전운전 의무 불이행,단일로,기타단일로,농기계,없음,128.47327731,35.54469503
11280,2016,2016-09-28 03:00,야간,수,1,1,0,0,대전,유성구,차대차,진행중 추돌,운전자법규위반,안전운전 의무 불이행,단일로,기타단일로,화물차,화물차,127.32725969,36.36309455
11281,2016,2016-10-09 10:00,주간,일,1,4,0,3,경북,포항시,차대차,기타,운전자법규위반,안전운전 의무 불이행,단일로,기타단일로,승용차,승용차,129.45750094,35.98905312
11282,2016,2016-02-28 03:00,야간,일,1,1,0,0,경남,함양군,차량단독,전도전복,운전자법규위반,안전거리 미확보,단일로,기타단일로,승용차,없음,127.66130654,35.68377167
11283,2016,2016-01-03 15:00,주간,일,1,1,0,0,충남,금산군,차량단독,전도전복,운전자법규위반,안전운전 의무 불이행,단일로,기타단일로,이륜차,없음,127.53910866,36.12948431
11284,2016,2016-01-07 04:00,야간,목,1,1,0,0,경기,안산시,차량단독,공작물충돌,운전자법규위반,안전운전 의무 불이행,단일로,기타단일로,이륜차,없음,126.85418266,37.32647669
11285,2016,2016-03-25 10:00,주간,금,1,1,0,0,충남,공주시,차량단독,전도전복,운전자법규위반,안전운전 의무 불이행,기타/불명,기타/불명,이륜차,없음,127.06722906,36.36741211
11286,2016,2016-04-09 14:00,주간,토,1,2,1,0,충남,부여군,차량단독,전도전복,운전자법규위반,안전운전 의무 불이행,단일로,기타단일로,승용차,없음,126.9923551,36.23135473
11287,2016,2016-05-03 16:00,주간,화,1,1,0,0,전남,담양군,차대사람,횡단중,운전자법규위반,안전운전 의무 불이행,단일로,기타단일로,화물차,보행자,126.88894989,35.27718812
11288,2016,2016-07-03 05:00,야간,일,1,1,0,0,서울,성북구,차대사람,횡단중,운전자법규위반,안전운전 의무 불이행,단일로,기타단일로,승용차,보행자,127.03184772,37.58532889
11289,2016,2016-06-25 21:00,야간,토,1,1,0,0,경북,경산시,차대차,기타,운전자법규위반,안전운전 의무 불이행,단일로,기타단일로,자전거,승용차,128.81531759,35.82709195
11290,2016,2016-07-15 20:00,야간,금,1,1,0,0,경남,고성군,차대사람,횡단중,운전자법규위반,안전운전 의무 불이행,단일로,기타단일로,승용차,보행자,128.33498244,34.96920192
11291,2016,2016-08-10 15:00,주간,수,1,3,2,0,경북,상주시,차대차,정면충돌,운전자법규위반,중앙선 침범,단일로,기타단일로,승용차,화물차,128.16160227,36.54375376
11292,2016,2016-08-22 16:00,주간,월,1,1,0,0,전북,군산시,차대차,정면충돌,운전자법규위반,중앙선 침범,단일로,기타단일로,이륜차,특수차,126.86278706,35.9749708
11293,2016,2016-08-19 05:00,야간,금,1,1,0,0,대전,중구,차대사람,횡단중,운전자법규위반,보행자 보호의무 위반,교차로,교차로부근,승용차,보행자,127.41110218,36.33624829
11294,2016,2016-11-01 15:00,주간,화,1,1,0,0,경기,부천시,차대사람,횡단중,운전자법규위반,기타(운전자법규위반),단일로,기타단일로,승합차,보행자,126.77732973,37.48863792
11295,2016,2016-12-19 16:00,주간,월,1,1,0,0,경기,안양시,차대사람,기타,운전자법규위반,보행자 보호의무 위반,교차로,교차로부근,특수차,보행자,126.94756735,37.38892825