,발생년,발생년월일시분,주야,요일,사망자수,사상자수,중상자수,경상자수,발생지시도,발생지시군구,사고유형_대분류,사고유형,법규위반_대분류,법규위반,도로형태_대분류,도로형태,가해자_당사자종별,피해자_당사자종별,경도,위도
11296,2016,2016-05-20 15:00,주간,금,1,4,0,3,경기,광주시,차대차,진행중 추돌,운전자법규위반,안전운전 의무 불이행,단일로,기타단일로,승용차,승용차,127.36287073,37.30076634
11297,2016,2016-04-28 08:00,주간,목,1,1,0,0,서울,은평구,차대차,기타,운전자법규위반,신호위반,교차로,교차로부근,화물차,자전거,126.91483648,37.64311431
11298,2016,2016-06-10 01:00,야간,금,1,1,0,0,광주,남구,차량단독,전도전복,운전자법규위반,안전운전 의무 불이행,고가도로위,고가도로위,이륜차,없음,126.89988970000002,35.13426173
11299,2016,2016-09-09 10:00,주간,금,1,1,0,0,대전,동구,차대차,측면직각충돌,운전자법규위반,신호위반,교차로,교차로내,승합차,자전거,127.43867616,36.32792634
11300,2016,2016-09-06 16:00,주간,화,1,1,0,0,전북,익산시,차대차,측면직각충돌,운전자법규위반,안전운전 의무 불이행,교차로,교차로내,원동기장치자전거,승용차,126.95195577,35.92963756
11301,2016,2016-10-29 03:00,야간,토,1,1,0,0,경기,수원시,차대사람,횡단중,운전자법규위반,안전운전 의무 불이행,단일로,횡단보도상,승용차,보행자,127.02175882,37.25612597
11302,2016,2016-12-18 17:00,주간,일,1,2,1,0,전북,정읍시,차량단독,전도전복,운전자법규위반,안전운전 의무 불이행,단일로,기타단일로,승용차,없음,126.86721776,35.59740039
11303,2016,2016-10-21 13:00,주간,금,1,3,0,0,경북,김천시,차대차,기타,운전자법규위반,안전운전 의무 불이행,단일로,기타단일로,승용차,화물차,128.00173209,36.199374600000006
11304,2016,2016-11-29 23:00,야간,화,1,1,0,0,경기,화성시,차대사람,차도통행중,운전자법규위반,안전운전 의무 불이행,단일로,기타단일로,승용차,보행자,127.00153462,37.13346963
11305,2016,2016-12-01 06:00,주간,목,1,1,0,0,대구,동구,차대차,진행중 추돌,운전자법규위반,안전운전 의무 불이행,단일로,기타단일로,화물차,화물차,128.6552141,35.91464688
11306,2016,2016-11-06 09:00,주간,일,4,44,22,17,대전,대덕구,차대차,기타,운전자법규위반,안전운전 의무 불이행,단일로,기타단일로,승용차,승합차,127.42004459,36.40679996
11307,2016,2016-10-11 12:00,주간,화,2,3,0,1,경북,구미시,차대차,진행중 추돌,운전자법규위반,안전운전 의무 불이행,단일로,기타단일로,화물차,화물차,128.26242071,36.21474851
11308,2016,2016-11-09 10:00,주간,수,3,4,0,1,경남,하동군,차대차,기타,운전자법규위반,안전운전 의무 불이행,단일로,기타단일로,승용차,화물차,127.80494816,34.99429632
11309,2016,2016-02-11 10:00,주간,목,1,1,0,0,서울,강동구,차대차,측면직각충돌,운전자법규위반,신호위반,교차로,교차로내,특수차,이륜차,127.1437591,37.5171717
11310,2016,2016-04-28 04:00,야간,목,1,3,2,0,강원,강릉시,차대차,측면직각충돌,운전자법규위반,과속,단일로,기타단일로,화물차,화물차,128.84680817,37.72946557
11311,2016,2016-04-03 01:00,야간,일,1,1,0,0,전북,정읍시,차량단독,전도전복,운전자법규위반,안전운전 의무 불이행,단일로,교량위,승합차,없음,126.83380898,35.58187448
11312,2016,2016-03-12 20:00,야간,토,1,2,0,1,전남,영암군,차대차,정면충돌,운전자법규위반,중앙선 침범,단일로,기타단일로,이륜차,승용차,126.70158815,34.80913829
11313,2016,2016-04-12 23:00,야간,화,1,1,0,0,대전,대덕구,차대사람,횡단중,운전자법규위반,보행자 보호의무 위반,교차로,교차로부근,승용차,보행자,127.41657521,36.44927766
11314,2016,2016-06-11 09:00,주간,토,1,2,0,1,대전,동구,차대차,측면직각충돌,운전자법규위반,신호위반,교차로,교차로내,이륜차,건설기계,127.47895179,36.33371912
11315,2016,2016-06-10 10:00,주간,금,1,1,0,0,강원,철원군,차대차,측면직각충돌,운전자법규위반,교차로 통행방법 위반,교차로,교차로내,화물차,이륜차,127.26188031,38.20834936
11316,2016,2016-06-10 12:00,주간,금,1,1,0,0,경기,안양시,차대사람,횡단중,운전자법규위반,안전운전 의무 불이행,기타/불명,기타/불명,승용차,보행자,126.95812835,37.39696327
11317,2016,2016-07-29 02:00,야간,금,1,3,1,1,서울,강남구,차대차,측면직각충돌,운전자법규위반,신호위반,교차로,교차로내,이륜차,화물차,127.10612543,37.47559857
11318,2016,2016-11-04 23:00,야간,금,1,1,0,0,경기,남양주시,차대사람,횡단중,운전자법규위반,신호위반,단일로,기타단일로,승용차,보행자,127.19495539,37.73284445
11319,2016,2016-09-22 09:00,주간,목,1,1,0,0,경기,수원시,차대사람,기타,운전자법규위반,안전운전 의무 불이행,단일로,기타단일로,승용차,보행자,126.96988288,37.29672003
11320,2016,2016-09-03 07:00,주간,토,1,1,0,0,세종,세종,차대차,기타,운전자법규위반,안전운전 의무 불이행,단일로,기타단일로,화물차,자전거,127.36926857,36.5311473
11321,2016,2016-03-24 15:00,주간,목,1,2,0,1,충남,홍성군,차대차,정면충돌,운전자법규위반,중앙선 침범,단일로,기타단일로,이륜차,승용차,126.67612812,36.60296196
11322,2016,2016-06-26 10:00,주간,일,1,1,0,0,제주,서귀포시,차대차,기타,운전자법규위반,기타(운전자법규위반),단일로,기타단일로,화물차,건설기계,126.34223011,33.30444904
11323,2016,2016-07-12 21:00,야간,화,1,1,0,0,충남,당진시,차대사람,기타,운전자법규위반,안전운전 의무 불이행,단일로,기타단일로,승용차,보행자,126.80691862,36.91085002
11324,2016,2016-09-19 14:00,주간,월,1,2,0,1,충북,괴산군,차량단독,공작물충돌,운전자법규위반,안전운전 의무 불이행,단일로,기타단일로,승용차,없음,127.93922873,36.80014385
11325,2016,2016-08-01 19:00,야간,월,1,1,0,0,전북,익산시,차량단독,전도전복,운전자법규위반,안전운전 의무 불이행,단일로,기타단일로,이륜차,없음,127.03721942,36.04451611
11326,2016,2016-08-08 08:00,주간,월,1,1,0,0,경남,창원시(통합),차대차,측면직각충돌,운전자법규위반,신호위반,교차로,교차로내,자전거,승용차,128.56354687,35.18783074
11327,2016,2016-10-01 13:00,주간,토,1,1,0,0,경북,청송군,차량단독,전도전복,운전자법규위반,안전운전 의무 불이행,단일로,기타단일로,화물차,없음,129.11101703,36.31459645
11328,2016,2016-11-21 00:00,야간,월,1,2,1,0,대구,달서구,차대차,측면직각충돌,운전자법규위반,차로위반(진로변경 위반),단일로,기타단일로,원동기장치자전거,승용차,128.53080098,35.81623194
11329,2016,2016-04-01 09:00,주간,금,1,1,0,0,경남,양산시,차대차,기타,운전자법규위반,안전운전 의무 불이행,단일로,기타단일로,화물차,자전거,129.02875395,35.32313917
11330,2016,2016-03-19 06:00,주간,토,1,1,0,0,경북,구미시,차대차,진행중 추돌,운전자법규위반,안전거리 미확보,단일로,기타단일로,화물차,화물차,128.26472755,36.22657998
11331,2016,2016-04-05 03:00,야간,화,1,2,0,1,경북,문경시,차대차,진행중 추돌,운전자법규위반,안전운전 의무 불이행,단일로,교량위,화물차,화물차,128.1469048,36.63280232
11332,2016,2016-10-24 18:00,야간,월,1,1,0,0,경기,용인시,차대차,진행중 추돌,운전자법규위반,안전운전 의무 불이행,단일로,기타단일로,화물차,화물차,127.26418586,37.24615733
11333,2016,2016-08-13 23:00,야간,토,1,4,2,1,경기,여주시,차대차,진행중 추돌,운전자법규위반,안전운전 의무 불이행,단일로,터널안,승용차,승용차,127.73721703,37.24407229
11334,2016,2016-08-31 22:00,야간,수,1,5,1,2,대구,동구,차대차,진행중 추돌,운전자법규위반,안전운전 의무 불이행,단일로,기타단일로,특수차,화물차,128.68615612,35.89082378
11335,2016,2016-01-05 05:00,야간,화,1,2,1,0,경기,고양시,차대차,측면직각충돌,운전자법규위반,신호위반,교차로,교차로내,승용차,화물차,126.74602624,37.66204842
11336,2016,2016-01-02 06:00,주간,토,1,1,0,0,경남,사천시,차대사람,횡단중,운전자법규위반,안전운전 의무 불이행,단일로,기타단일로,승용차,보행자,128.06339153,34.96912449
11337,2016,2016-01-01 04:00,야간,금,1,1,0,0,경기,수원시,차대차,진행중 추돌,운전자법규위반,안전운전 의무 불이행,단일로,기타단일로,승용차,화물차,127.02299112,37.23058533
11338,2016,2016-01-09 17:00,주간,토,1,1,0,0,강원,강릉시,차대사람,횡단중,운전자법규위반,안전운전 의무 불이행,단일로,기타단일로,승용차,보행자,128.82854256,37.8571472
11339,2016,2016-01-06 18:00,야간,수,1,1,0,0,전남,함평군,차대차,측면직각충돌,운전자법규위반,안전운전 의무 불이행,단일로,기타단일로,승용차,화물차,126.53701257,35.06973133
11340,2016,2016-12-12 16:00,주간,월,1,1,0,0,충남,논산시,차량단독,전도전복,운전자법규위반,안전운전 의무 불이행,교차로,교차로내,원동기장치자전거,없음,127.01656579,36.16498337
11341,2016,2016-12-12 00:00,야간,월,1,1,0,0,경북,포항시,차대차,진행중 추돌,운전자법규위반,안전운전 의무 불이행,교차로,교차로부근,승용차,화물차,129.38726329,35.98703296
11342,2016,2016-12-10 22:00,야간,토,1,1,0,0,경기,광주시,차대사람,횡단중,운전자법규위반,안전운전 의무 불이행,교차로,교차로내,승용차,보행자,127.3466152,37.34873653
11343,2016,2016-12-10 01:00,야간,토,1,1,0,0,대구,수성구,차대사람,횡단중,운전자법규위반,안전운전 의무 불이행,교차로,교차로부근,승용차,보행자,128.70969018,35.83918257
11344,2016,2016-12-10 18:00,야간,토,1,1,0,0,충남,아산시,차대차,진행중 추돌,운전자법규위반,안전운전 의무 불이행,단일로,기타단일로,화물차,자전거,127.01003885,36.77867109
11345,2016,2016-12-10 09:00,주간,토,1,1,0,0,경남,통영시,차량단독,전도전복,운전자법규위반,안전운전 의무 불이행,교차로,교차로내,건설기계,없음,128.41198864,34.95818818
11346,2016,2016-12-07 01:00,야간,수,1,1,0,0,경기,용인시,차량단독,공작물충돌,운전자법규위반,안전운전 의무 불이행,교차로,교차로내,승용차,없음,127.22525976,37.27814523
11347,2016,2016-12-16 13:00,주간,금,1,1,0,0,충남,아산시,차대사람,기타,운전자법규위반,안전운전 의무 불이행,단일로,기타단일로,화물차,보행자,126.88590748,36.86819551
11348,2016,2016-12-16 19:00,야간,금,1,3,0,2,경기,가평군,차대사람,횡단중,운전자법규위반,안전운전 의무 불이행,단일로,기타단일로,승용차,보행자,127.52849171,37.89673485
11349,2016,2016-12-14 01:00,야간,수,1,3,1,1,서울,강남구,차대차,측면직각충돌,운전자법규위반,신호위반,교차로,교차로내,이륜차,승용차,127.06734518,37.50095345
11350,2016,2016-12-18 21:00,야간,일,1,9,1,7,인천,남동구,차대차,측면직각충돌,운전자법규위반,안전운전 의무 불이행,단일로,기타단일로,화물차,승합차,126.72699162,37.45916964
11351,2016,2016-11-11 05:00,야간,금,1,1,0,0,부산,북구,차대사람,횡단중,운전자법규위반,안전운전 의무 불이행,단일로,횡단보도상,원동기장치자전거,보행자,129.00285789,35.20945294
11352,2016,2016-11-09 04:00,야간,수,1,3,1,1,부산,사상구,차대차,측면직각충돌,운전자법규위반,신호위반,교차로,교차로내,승용차,승용차,128.98199559,35.15085722
11353,2016,2016-11-10 06:00,주간,목,1,1,0,0,경남,양산시,차대사람,횡단중,운전자법규위반,신호위반,단일로,횡단보도상,화물차,보행자,129.14596151,35.36584095
11354,2016,2016-11-10 04:00,야간,목,1,1,0,0,경기,수원시,차대사람,횡단중,운전자법규위반,안전운전 의무 불이행,교차로,교차로내,승용차,보행자,127.02899528,37.29177172
11355,2016,2016-11-07 17:00,주간,월,1,1,0,0,경남,진주시,차대차,측면직각충돌,운전자법규위반,안전운전 의무 불이행,단일로,기타단일로,승용차,승합차,128.08736184,35.18674836
11356,2016,2016-11-11 20:00,야간,금,1,5,2,2,부산,수영구,차대차,측면직각충돌,운전자법규위반,신호위반,교차로,교차로내,승용차,승용차,129.11048045,35.17054006
11357,2016,2016-11-12 19:00,야간,토,1,1,0,0,전남,나주시,차대사람,차도통행중,운전자법규위반,안전운전 의무 불이행,단일로,기타단일로,승용차,보행자,126.83885272,35.05342955
11358,2016,2016-11-09 10:00,주간,수,1,1,0,0,경북,포항시,차대사람,횡단중,운전자법규위반,중앙선 침범,단일로,횡단보도상,승용차,보행자,129.36285571,36.03439783
11359,2016,2016-11-06 18:00,야간,일,1,1,0,0,전북,고창군,차량단독,공작물충돌,운전자법규위반,안전운전 의무 불이행,단일로,기타단일로,승용차,없음,126.65050027,35.36331824
11360,2016,2016-11-09 19:00,야간,수,1,1,0,0,충북,청주시,차대사람,횡단중,운전자법규위반,안전운전 의무 불이행,교차로,교차로부근,화물차,보행자,127.40409147,36.68173129
11361,2016,2016-11-18 19:00,야간,금,1,1,0,0,경북,경주시,차대차,기타,운전자법규위반,안전운전 의무 불이행,단일로,기타단일로,화물차,자전거,129.21803359999998,35.99975409
11362,2016,2016-11-16 06:00,주간,수,1,1,0,0,경남,김해시,차대사람,횡단중,운전자법규위반,안전운전 의무 불이행,단일로,기타단일로,승용차,보행자,128.91326378,35.24276943
11363,2016,2016-11-16 19:00,야간,수,1,1,0,0,충남,아산시,차대차,측면직각충돌,운전자법규위반,안전운전 의무 불이행,단일로,기타단일로,승용차,이륜차,126.99067549,36.68180754
11364,2016,2016-11-17 19:00,야간,목,1,2,0,1,인천,서구,차대차,기타,운전자법규위반,안전운전 의무 불이행,교차로,교차로부근,이륜차,승용차,126.70459597,37.59205882
11365,2016,2016-11-17 18:00,야간,목,1,1,0,0,경북,영천시,차대사람,횡단중,운전자법규위반,안전운전 의무 불이행,교차로,교차로내,승용차,보행자,129.07746052,36.00187485
11366,2016,2016-11-13 18:00,야간,일,1,1,0,0,충남,논산시,차대사람,횡단중,운전자법규위반,안전운전 의무 불이행,교차로,교차로부근,승용차,보행자,127.14555043,36.15531911
11367,2016,2016-11-16 23:00,야간,수,1,1,0,0,전북,군산시,차대사람,횡단중,운전자법규위반,과속,단일로,기타단일로,승용차,보행자,126.53015233,35.92597019
11368,2016,2016-11-17 06:00,주간,목,1,1,0,0,경기,의정부시,차대사람,횡단중,운전자법규위반,신호위반,교차로,교차로내,승용차,보행자,127.02245102,37.7421954
11369,2016,2016-11-15 07:00,주간,화,1,11,4,6,경북,영주시,차대차,진행중 추돌,운전자법규위반,안전운전 의무 불이행,단일로,기타단일로,승용차,승용차,128.68306807,36.85166147
11370,2016,2016-11-24 23:00,야간,목,1,1,0,0,전남,광양시,차량단독,전도전복,운전자법규위반,안전운전 의무 불이행,단일로,기타단일로,화물차,없음,127.70753267,34.99007436
11371,2016,2016-11-26 19:00,야간,토,1,1,0,0,경북,문경시,차량단독,전도전복,운전자법규위반,안전운전 의무 불이행,단일로,기타단일로,화물차,없음,128.05312988,36.65969712
11372,2016,2016-11-21 16:00,주간,월,1,1,0,0,충남,서천군,차량단독,전도전복,운전자법규위반,안전운전 의무 불이행,단일로,기타단일로,농기계,없음,126.66330285,36.15448031
11373,2016,2016-11-26 18:00,야간,토,1,1,0,0,충북,제천시,차대사람,횡단중,운전자법규위반,보행자 보호의무 위반,교차로,교차로내,승용차,보행자,128.19883664,37.10445372
11374,2016,2016-11-01 10:00,주간,화,1,1,0,0,경남,창원시(통합),차대사람,횡단중,운전자법규위반,안전운전 의무 불이행,단일로,기타단일로,승용차,보행자,128.67953201,35.22298481
11375,2016,2016-10-28 15:00,주간,금,1,1,0,0,경남,창녕군,차대차,측면직각충돌,운전자법규위반,안전운전 의무 불이행,교차로,교차로내,이륜차,승합차,128.51065739,35.4799396
11376,2016,2016-11-03 05:00,야간,목,1,1,0,0,제주,서귀포시,차대사람,횡단중,운전자법규위반,안전운전 의무 불이행,교차로,교차로부근,승용차,보행자,126.70857438,33.28204419
11377,2016,2016-10-29 20:00,야간,토,1,1,0,0,부산,강서구,차대사람,기타,운전자법규위반,안전운전 의무 불이행,교차로,교차로내,승용차,보행자,128.95337086,35.2137412
11378,2016,2016-11-04 16:00,주간,금,1,1,0,0,경북,예천군,차대차,측면직각충돌,운전자법규위반,안전운전 의무 불이행,교차로,교차로내,화물차,이륜차,128.50166566,36.69957041
11379,2016,2016-11-01 11:00,주간,화,1,1,0,0,대구,북구,차대사람,횡단중,운전자법규위반,보행자 보호의무 위반,단일로,기타단일로,승용차,보행자,128.60302879,35.8949338
11380,2016,2016-12-10 20:00,야간,토,1,1,0,0,대구,중구,차대사람,기타,운전자법규위반,안전운전 의무 불이행,단일로,기타단일로,승합차,보행자,128.59364565,35.86927106
11381,2016,2016-11-22 23:00,야간,화,1,1,0,0,경기,고양시,차대사람,횡단중,운전자법규위반,보행자 보호의무 위반,단일로,횡단보도상,승용차,보행자,126.77803446,37.65251437
11382,2016,2016-11-23 09:00,주간,수,1,1,0,0,경기,군포시,차대사람,횡단중,운전자법규위반,보행자 보호의무 위반,단일로,횡단보도상,화물차,보행자,126.93273310000001,37.35916675
11383,2016,2016-11-22 18:00,야간,화,1,1,0,0,부산,기장군,차대사람,기타,운전자법규위반,안전운전 의무 불이행,단일로,기타단일로,승용차,보행자,129.22214138,35.21451534
11384,2016,2016-10-30 21:00,야간,일,1,1,0,0,경기,안양시,차량단독,도로이탈 기타,운전자법규위반,안전운전 의무 불이행,단일로,기타단일로,이륜차,없음,126.91519573,37.42759452
11385,2016,2016-11-04 13:00,주간,금,1,2,1,0,경기,포천시,차대차,정면충돌,운전자법규위반,중앙선 침범,단일로,기타단일로,화물차,건설기계,127.22115463,38.13486099
11386,2016,2016-11-01 14:00,주간,화,1,1,0,0,전남,완도군,차량단독,공작물충돌,운전자법규위반,안전운전 의무 불이행,단일로,기타단일로,이륜차,없음,127.06980563,34.335046000000006
11387,2016,2016-10-31 06:00,주간,월,1,1,0,0,강원,고성군,차대사람,횡단중,운전자법규위반,과속,교차로,교차로부근,승용차,보행자,128.43603819999998,38.480827500000004
11388,2016,2016-11-01 18:00,야간,화,1,1,0,0,경남,창원시(통합),차대사람,횡단중,운전자법규위반,안전운전 의무 불이행,단일로,기타단일로,승용차,보행자,128.62086877,35.26138449
11389,2016,2016-12-10 14:00,주간,토,1,1,0,0,전북,고창군,차대사람,길가장자리구역통행중,운전자법규위반,안전운전 의무 불이행,단일로,기타단일로,승용차,보행자,126.51482089,35.52562827
11390,2016,2016-12-11 17:00,주간,일,1,1,0,0,경기,안산시,차량단독,공작물충돌,운전자법규위반,안전운전 의무 불이행,단일로,기타단일로,승용차,없음,126.87541845,37.29046332
11391,2016,2016-12-08 08:00,주간,목,1,1,0,0,충남,당진시,차대차,기타,운전자법규위반,중앙선 침범,단일로,기타단일로,화물차,건설기계,126.67362252,36.81843861
11392,2016,2016-12-09 07:00,주간,금,1,1,0,0,강원,태백시,차량단독,공작물충돌,운전자법규위반,안전운전 의무 불이행,단일로,기타단일로,특수차,없음,129.00844569,37.09991639
11393,2016,2016-12-08 22:00,야간,목,1,1,0,0,충남,아산시,차대사람,횡단중,운전자법규위반,보행자 보호의무 위반,교차로,교차로내,승용차,보행자,126.96050787,36.78484816
11394,2016,2016-12-16 04:00,야간,금,1,1,0,0,부산,사상구,차량단독,전도전복,운전자법규위반,안전운전 의무 불이행,단일로,기타단일로,이륜차,없음,128.96265572,35.12573502
11395,2016,2016-12-18 18:00,야간,일,1,1,0,0,경남,하동군,차대사람,차도통행중,운전자법규위반,안전운전 의무 불이행,기타/불명,기타/불명,승용차,보행자,127.88877356,34.97062061
11396,2016,2016-12-12 22:00,야간,월,1,1,0,0,전남,여수시,차대사람,횡단중,운전자법규위반,과속,단일로,기타단일로,승용차,보행자,127.70476456,34.7489841
11397,2016,2016-12-14 19:00,야간,수,1,1,0,0,울산,울주군,차량단독,전도전복,운전자법규위반,안전운전 의무 불이행,단일로,기타단일로,이륜차,없음,129.13326647,35.59603517
11398,2016,2016-12-15 18:00,야간,목,1,5,1,3,충북,청주시,차대차,진행중 추돌,운전자법규위반,안전운전 의무 불이행,단일로,기타단일로,승용차,승용차,127.5224413,36.68287663
11399,2016,2016-12-16 04:00,야간,금,1,3,2,0,경남,진주시,차대차,진행중 추돌,운전자법규위반,안전운전 의무 불이행,단일로,교량위,승용차,화물차,128.13010502,35.18045608
11400,2016,2016-12-20 11:00,주간,화,1,1,0,0,서울,구로구,차대차,기타,운전자법규위반,안전운전 의무 불이행,단일로,기타단일로,자전거,승합차,126.86776447,37.49683604
11401,2016,2016-12-13 06:00,주간,화,1,1,0,0,대구,달서구,차대사람,횡단중,운전자법규위반,과속,교차로,교차로부근,승용차,보행자,128.51832021,35.80390197
11402,2016,2016-12-15 02:00,야간,목,1,5,2,2,경기,부천시,차대차,정면충돌,운전자법규위반,중앙선 침범,단일로,기타단일로,승용차,승용차,126.81194763,37.53621044
11403,2016,2016-10-01 03:00,야간,토,3,9,2,4,대구,달서구,차대차,측면직각충돌,운전자법규위반,신호위반,교차로,교차로내,승용차,승용차,128.52984045,35.82610882
11404,2016,2016-11-10 20:00,야간,목,1,1,0,0,대구,수성구,차대사람,횡단중,운전자법규위반,안전운전 의무 불이행,교차로,교차로내,승용차,보행자,128.64186619,35.87461757
11405,2016,2016-11-12 14:00,주간,토,1,1,0,0,대구,서구,차대차,측면직각충돌,운전자법규위반,부당한 회전,단일로,기타단일로,자전거,화물차,128.53953944,35.87625177
11406,2016,2016-11-18 02:00,야간,금,2,3,1,0,경기,부천시,차대차,정면충돌,운전자법규위반,신호위반,교차로,교차로내,화물차,승용차,126.75318886,37.50588378
11407,2016,2016-11-12 17:00,주간,토,1,1,0,0,전북,김제시,차대사람,기타,운전자법규위반,안전운전 의무 불이행,단일로,기타단일로,승용차,보행자,126.99870977,35.73120751
11408,2016,2016-11-18 12:00,주간,금,1,2,1,0,충남,천안시,차대차,진행중 추돌,운전자법규위반,안전거리 미확보,교차로,교차로부근,승합차,승용차,127.30999861,36.74895925
11409,2016,2016-11-19 17:00,주간,토,1,1,0,0,강원,횡성군,차대차,진행중 추돌,운전자법규위반,안전운전 의무 불이행,단일로,기타단일로,승용차,농기계,128.01999708,37.48653106
11410,2016,2016-11-13 02:00,야간,일,1,1,0,0,전북,전주시,차대사람,횡단중,운전자법규위반,안전운전 의무 불이행,단일로,횡단보도상,승용차,보행자,127.12264165,35.812067600000006
11411,2016,2016-11-15 18:00,야간,화,1,4,1,2,경북,영주시,차대차,측면직각충돌,운전자법규위반,신호위반,교차로,교차로내,승용차,승용차,128.61390883,36.81469544
11412,2016,2016-11-27 06:00,주간,일,1,3,2,0,경기,화성시,차대차,기타,운전자법규위반,안전운전 의무 불이행,고가도로위,고가도로위,승용차,화물차,126.89896638,37.12387169
11413,2016,2016-11-26 15:00,주간,토,1,1,0,0,경북,예천군,차량단독,전도전복,운전자법규위반,안전운전 의무 불이행,단일로,기타단일로,이륜차,없음,128.49237914,36.61977022
11414,2016,2016-11-20 03:00,야간,일,1,1,0,0,대구,서구,차대사람,횡단중,운전자법규위반,안전운전 의무 불이행,단일로,기타단일로,승용차,보행자,128.56331484,35.85956935
11415,2016,2016-11-20 12:00,주간,일,1,6,1,2,전남,화순군,차대차,측면직각충돌,운전자법규위반,신호위반,교차로,교차로내,특수차,승용차,126.99511854,35.05254844
11416,2016,2016-11-24 04:00,야간,목,1,2,1,0,경남,거제시,차대차,측면직각충돌,운전자법규위반,신호위반,교차로,교차로내,이륜차,승용차,128.72282203,34.86976908
11417,2016,2016-10-31 06:00,주간,월,1,5,3,1,서울,강남구,차대차,정면충돌,운전자법규위반,신호위반,교차로,교차로내,승용차,승용차,127.06737866,37.50103469
11418,2016,2016-11-04 08:00,주간,금,1,1,0,0,전북,임실군,차대차,측면직각충돌,운전자법규위반,교차로 통행방법 위반,교차로,교차로내,화물차,이륜차,127.26877939,35.60425879
11419,2016,2016-10-31 18:00,야간,월,1,1,0,0,충남,청양군,차대사람,기타,운전자법규위반,안전운전 의무 불이행,교차로,교차로내,화물차,보행자,126.79505473,36.44210471
11420,2016,2016-10-30 02:00,야간,일,1,2,1,0,서울,중구,차대사람,횡단중,운전자법규위반,안전운전 의무 불이행,단일로,기타단일로,승용차,보행자,127.00910407,37.55952106
11421,2016,2016-10-29 22:00,야간,토,1,1,0,0,전북,군산시,차량단독,전도전복,운전자법규위반,안전운전 의무 불이행,단일로,기타단일로,이륜차,없음,126.58377635,35.96176891
11422,2016,2016-12-11 10:00,주간,일,1,3,0,0,경기,수원시,차대차,기타,운전자법규위반,안전운전 의무 불이행,교차로,교차로내,승용차,승용차,126.98883256,37.29753351
11423,2016,2016-11-13 17:00,주간,일,1,3,1,0,전남,고흥군,차대차,진행중 추돌,운전자법규위반,안전운전 의무 불이행,단일로,기타단일로,화물차,농기계,127.17359945,34.48235535
11424,2016,2016-11-22 10:00,주간,화,1,1,0,0,강원,삼척시,차대사람,횡단중,운전자법규위반,안전운전 의무 불이행,교차로,교차로내,승용차,보행자,129.15938329,37.44240373
11425,2016,2016-11-26 10:00,주간,토,1,3,1,1,전북,익산시,차대차,측면직각충돌,운전자법규위반,중앙선 침범,단일로,기타단일로,승용차,화물차,127.06177812,35.988199
11426,2016,2016-11-26 08:00,주간,토,2,5,1,2,전북,정읍시,차대차,측면직각충돌,운전자법규위반,직진 및 우회전차의 통행방해,교차로,교차로내,화물차,승용차,126.78184691,35.67069296
11427,2016,2016-11-19 17:00,주간,토,1,1,0,0,대전,서구,차대사람,횡단중,운전자법규위반,안전운전 의무 불이행,단일로,횡단보도상,승용차,보행자,127.34061384,36.30271873
11428,2016,2016-11-19 11:00,주간,토,1,3,2,0,경남,창녕군,차대차,정면충돌,운전자법규위반,중앙선 침범,단일로,기타단일로,화물차,화물차,128.49561386,35.40411107
11429,2016,2016-11-20 11:00,주간,일,1,1,0,0,대구,수성구,차대사람,기타,운전자법규위반,안전운전 의무 불이행,단일로,기타단일로,승용차,보행자,128.6118401,35.83565875
11430,2016,2016-11-04 06:00,주간,금,1,1,0,0,경기,고양시,차대사람,횡단중,운전자법규위반,과속,교차로,교차로내,승용차,보행자,126.78618207,37.64693067
11431,2016,2016-10-29 19:00,야간,토,1,1,0,0,인천,강화군,차대사람,길가장자리구역통행중,운전자법규위반,안전운전 의무 불이행,단일로,기타단일로,승용차,보행자,126.53023895,37.63477527
11432,2016,2016-11-03 06:00,주간,목,1,1,0,0,경기,오산시,차대차,진행중 추돌,운전자법규위반,안전운전 의무 불이행,단일로,기타단일로,승용차,건설기계,127.05409644,37.13423788
11433,2016,2016-11-05 04:00,야간,토,1,1,0,0,충북,청주시,차량단독,전도전복,운전자법규위반,안전운전 의무 불이행,단일로,기타단일로,이륜차,없음,127.49686859,36.62020671
11434,2016,2016-12-16 20:00,야간,금,1,1,0,0,부산,사상구,차대사람,횡단중,운전자법규위반,안전운전 의무 불이행,단일로,횡단보도상,승용차,보행자,129.00496998,35.15254852
11435,2016,2016-12-19 16:00,주간,월,1,2,0,1,경북,의성군,차대차,정면충돌,운전자법규위반,중앙선 침범,교차로,교차로부근,화물차,화물차,128.69971605,36.34136597
11436,2016,2016-12-19 11:00,주간,월,1,1,0,0,경북,상주시,차량단독,공작물충돌,운전자법규위반,안전운전 의무 불이행,단일로,기타단일로,화물차,없음,128.0521536,36.48503686
11437,2016,2016-12-19 05:00,야간,월,1,2,0,1,광주,북구,차량단독,전도전복,운전자법규위반,안전운전 의무 불이행,단일로,기타단일로,승용차,없음,126.87684538,35.19217804
11438,2016,2016-12-25 01:00,야간,일,1,1,0,0,경기,안성시,차량단독,주/정차차량 충돌,운전자법규위반,안전운전 의무 불이행,교차로,교차로부근,승용차,승합차,127.47731421,37.09417668
11439,2016,2016-12-25 21:00,야간,일,1,1,0,0,경기,수원시,차대사람,횡단중,운전자법규위반,안전운전 의무 불이행,단일로,기타단일로,승용차,보행자,127.00225544,37.26386067