,발생년,발생년월일시분,주야,요일,사망자수,사상자수,중상자수,경상자수,발생지시도,발생지시군구,사고유형_대분류,사고유형,법규위반_대분류,법규위반,도로형태_대분류,도로형태,가해자_당사자종별,피해자_당사자종별,경도,위도
11440,2016,2016-12-21 18:00,야간,수,1,1,0,0,세종,세종,차대사람,기타,운전자법규위반,안전운전 의무 불이행,기타/불명,기타/불명,승합차,보행자,127.13947561,36.71123456
11441,2016,2016-12-28 20:00,야간,수,1,1,0,0,경남,함안군,차대사람,기타,운전자법규위반,안전운전 의무 불이행,교차로,교차로부근,승용차,보행자,128.47098566,35.26763934
11442,2016,2016-12-24 05:00,야간,토,1,1,0,0,대전,유성구,차대사람,횡단중,운전자법규위반,신호위반,교차로,교차로부근,승용차,보행자,127.34760859,36.34848123
11443,2016,2016-10-03 19:00,야간,월,1,1,0,0,전북,전주시,차대차,측면직각충돌,운전자법규위반,안전운전 의무 불이행,교차로,교차로내,자전거,승용차,127.14520493,35.82325685
11444,2016,2016-11-09 18:00,야간,수,1,1,0,0,전남,화순군,차대사람,기타,운전자법규위반,안전운전 의무 불이행,교차로,교차로부근,화물차,보행자,126.98363056,35.06237395
11445,2016,2016-11-09 13:00,주간,수,1,1,0,0,전남,여수시,차대사람,횡단중,운전자법규위반,안전운전 의무 불이행,단일로,기타단일로,승용차,보행자,127.70084156,34.77122847
11446,2016,2016-11-05 19:00,야간,토,1,1,0,0,서울,마포구,차대차,정면충돌,운전자법규위반,신호위반,교차로,교차로내,이륜차,승용차,126.88787923,37.57984792
11447,2016,2016-11-10 10:00,주간,목,1,1,0,0,전남,장성군,차량단독,전도전복,운전자법규위반,안전운전 의무 불이행,단일로,기타단일로,특수차,없음,126.72680601,35.27972289
11448,2016,2016-11-16 10:00,주간,수,1,2,1,0,충남,청양군,차대사람,기타,운전자법규위반,안전운전 의무 불이행,단일로,기타단일로,화물차,보행자,126.79508013,36.47505487
11449,2016,2016-11-12 22:00,야간,토,1,1,0,0,경기,용인시,차대사람,횡단중,운전자법규위반,안전운전 의무 불이행,단일로,기타단일로,승용차,보행자,127.10748421,37.27153959
11450,2016,2016-11-16 20:00,야간,수,1,1,0,0,경북,청도군,차대사람,차도통행중,운전자법규위반,안전운전 의무 불이행,단일로,기타단일로,화물차,보행자,128.73496041,35.67193779
11451,2016,2016-11-17 11:00,주간,목,1,1,0,0,충남,당진시,차대사람,길가장자리구역통행중,운전자법규위반,안전운전 의무 불이행,교차로,교차로내,화물차,보행자,126.80264743,36.87937378
11452,2016,2016-11-14 08:00,주간,월,1,1,0,0,경북,영천시,차대사람,횡단중,운전자법규위반,안전운전 의무 불이행,단일로,기타단일로,화물차,보행자,128.92150285,36.15162524
11453,2016,2016-11-26 14:00,주간,토,1,1,0,0,울산,중구,차대차,진행중 추돌,운전자법규위반,안전운전 의무 불이행,교차로,교차로부근,이륜차,승용차,129.3387667,35.57433185
11454,2016,2016-11-26 21:00,야간,토,3,3,0,0,경북,안동시,차량단독,전도전복,운전자법규위반,안전운전 의무 불이행,단일로,횡단보도상,승용차,없음,128.89782692,36.44370934
11455,2016,2016-10-08 00:00,야간,토,2,2,0,0,충북,단양군,차대차,측면직각충돌,운전자법규위반,안전운전 의무 불이행,교차로,교차로내,승용차,승합차,128.30280174,37.03396962
11456,2016,2016-10-14 21:00,야간,금,1,1,0,0,경남,양산시,차대사람,횡단중,운전자법규위반,안전운전 의무 불이행,교차로,교차로부근,승용차,보행자,129.02479695,35.33631717
11457,2016,2016-10-13 15:00,주간,목,1,1,0,0,강원,횡성군,차대차,기타,운전자법규위반,안전운전 의무 불이행,단일로,기타단일로,승합차,자전거,128.06805872,37.4567722
11458,2016,2016-10-13 16:00,주간,목,1,1,0,0,대구,북구,차대사람,길가장자리구역통행중,운전자법규위반,안전운전 의무 불이행,단일로,기타단일로,화물차,보행자,128.60271673,35.920917700000004
11459,2016,2016-10-10 19:00,야간,월,1,4,1,2,경북,안동시,차대차,진행중 추돌,운전자법규위반,안전운전 의무 불이행,단일로,기타단일로,승용차,농기계,128.67813576,36.45166914
11460,2016,2016-10-20 06:00,주간,목,1,1,0,0,인천,부평구,차대사람,기타,운전자법규위반,안전운전 의무 불이행,교차로,교차로부근,화물차,보행자,126.72014065,37.48627326
11461,2016,2016-10-18 08:00,주간,화,1,1,0,0,경남,통영시,차대사람,횡단중,운전자법규위반,신호위반,단일로,횡단보도상,승합차,보행자,128.41595817,34.88668832
11462,2016,2016-10-20 00:00,야간,목,1,2,0,1,부산,수영구,차대차,측면직각충돌,운전자법규위반,안전운전 의무 불이행,교차로,교차로내,원동기장치자전거,승용차,129.11614966,35.15240552
11463,2016,2016-10-16 18:00,야간,일,1,1,0,0,전남,순천시,차대사람,횡단중,운전자법규위반,안전운전 의무 불이행,단일로,기타단일로,승용차,보행자,127.53266266,34.9592182
11464,2016,2016-10-15 21:00,야간,토,1,1,0,0,경기,남양주시,차대차,기타,운전자법규위반,신호위반,교차로,교차로내,화물차,화물차,127.16773228,37.70431589
11465,2016,2016-09-15 20:00,야간,목,1,1,0,0,충남,공주시,차대사람,횡단중,운전자법규위반,안전운전 의무 불이행,단일로,기타단일로,화물차,보행자,126.95617592,36.50882082
11466,2016,2016-09-15 19:00,야간,목,1,12,2,9,전남,영광군,차대차,정면충돌,운전자법규위반,중앙선 침범,단일로,기타단일로,농기계,승용차,126.48793279,35.29741792
11467,2016,2016-09-21 15:00,주간,수,1,1,0,0,충북,옥천군,차량단독,전도전복,운전자법규위반,안전운전 의무 불이행,단일로,기타단일로,원동기장치자전거,없음,127.55069922,36.31774385
11468,2016,2016-09-26 11:00,주간,월,1,1,0,0,서울,종로구,차대사람,차도통행중,운전자법규위반,안전운전 의무 불이행,교차로,교차로내,승용차,보행자,127.01564369,37.57424005
11469,2016,2016-09-26 17:00,주간,월,1,6,4,1,충남,부여군,차대차,진행중 추돌,운전자법규위반,안전운전 의무 불이행,단일로,기타단일로,화물차,승합차,126.79812202,36.25100918
11470,2016,2016-09-25 00:00,야간,일,1,1,0,0,부산,사상구,차대사람,횡단중,운전자법규위반,과속,단일로,기타단일로,승용차,보행자,128.99293539,35.15839926
11471,2016,2016-09-25 22:00,야간,일,1,2,0,1,경남,양산시,차대차,측면직각충돌,운전자법규위반,신호위반,교차로,교차로내,승용차,승용차,129.18356605,35.42759325
11472,2016,2016-09-27 07:00,주간,화,1,1,0,0,전북,익산시,차대차,정면충돌,운전자법규위반,교차로 통행방법 위반,교차로,교차로내,원동기장치자전거,화물차,126.92442509,35.98926586
11473,2016,2016-09-25 05:00,야간,일,1,3,0,1,충북,충주시,차대사람,횡단중,운전자법규위반,안전운전 의무 불이행,단일로,기타단일로,원동기장치자전거,보행자,127.92510496,36.9823607
11474,2016,2016-09-05 12:00,주간,월,1,1,0,0,경남,창녕군,차량단독,도로이탈 기타,운전자법규위반,안전운전 의무 불이행,단일로,기타단일로,자전거,없음,128.44844726,35.40320131
11475,2016,2016-09-01 22:00,야간,목,1,1,0,0,전북,김제시,차대사람,횡단중,운전자법규위반,과속,단일로,기타단일로,화물차,보행자,126.81649867,35.85214166
11476,2016,2016-09-05 11:00,주간,월,1,2,0,1,경기,시흥시,차대차,기타,운전자법규위반,신호위반,교차로,교차로내,이륜차,화물차,126.85780323,37.37317858
11477,2016,2016-09-05 06:00,주간,월,1,3,0,2,경기,양주시,차대차,진행중 추돌,운전자법규위반,안전운전 의무 불이행,교차로,교차로부근,화물차,승합차,127.05535220000002,37.83934168
11478,2016,2016-09-05 16:00,주간,월,1,1,0,0,인천,부평구,차대사람,횡단중,운전자법규위반,안전운전 의무 불이행,단일로,기타단일로,승용차,보행자,126.72774158,37.48738678
11479,2016,2016-09-02 21:00,야간,금,1,1,0,0,전남,여수시,차대사람,기타,운전자법규위반,안전운전 의무 불이행,단일로,기타단일로,승용차,승용차,127.68845913,34.78057263
11480,2016,2016-10-12 10:00,주간,수,1,1,0,0,경기,오산시,차대차,측면직각충돌,운전자법규위반,안전운전 의무 불이행,교차로,교차로부근,자전거,승용차,127.06014915,37.15056707
11481,2016,2016-10-10 05:00,야간,월,1,1,0,0,경북,안동시,차대사람,횡단중,운전자법규위반,안전운전 의무 불이행,교차로,교차로내,승용차,보행자,128.74653192,36.5620066
11482,2016,2016-10-10 18:00,야간,월,1,1,0,0,경남,산청군,차대사람,차도통행중,운전자법규위반,안전운전 의무 불이행,단일로,기타단일로,화물차,보행자,127.87049316,35.41406615
11483,2016,2016-10-18 14:00,주간,화,1,1,0,0,경북,경산시,차대차,측면직각충돌,운전자법규위반,안전운전 의무 불이행,단일로,기타단일로,이륜차,화물차,128.75528107,35.8058804
11484,2016,2016-10-16 16:00,주간,일,1,1,0,0,전남,나주시,차량단독,전도전복,운전자법규위반,안전운전 의무 불이행,단일로,기타단일로,농기계,없음,126.72699011,34.91971984
11485,2016,2016-10-14 14:00,주간,금,1,2,0,1,제주,제주시,차량단독,공작물충돌,운전자법규위반,안전운전 의무 불이행,단일로,기타단일로,원동기장치자전거,없음,126.46019472,33.49522028
11486,2016,2016-10-14 18:00,야간,금,1,1,0,0,강원,영월군,차대차,측면직각충돌,운전자법규위반,신호위반,교차로,교차로내,특수차,원동기장치자전거,128.33307266,37.23653004
11487,2016,2016-10-15 12:00,주간,토,1,1,0,0,대전,서구,차대사람,횡단중,운전자법규위반,안전운전 의무 불이행,단일로,기타단일로,승용차,보행자,127.39297714,36.34117389
11488,2016,2016-10-19 09:00,주간,수,1,1,0,0,전남,영암군,차대차,측면직각충돌,운전자법규위반,안전운전 의무 불이행,교차로,교차로내,화물차,이륜차,126.60954925,34.86852775
11489,2016,2016-10-24 16:00,주간,월,1,1,0,0,전남,영광군,차량단독,전도전복,운전자법규위반,안전운전 의무 불이행,단일로,기타단일로,이륜차,없음,126.3845582,35.29211764
11490,2016,2016-10-25 15:00,주간,화,1,1,0,0,경기,광주시,차대사람,기타,운전자법규위반,안전운전 의무 불이행,단일로,기타단일로,승용차,보행자,127.25955454,37.40820008
11491,2016,2016-10-22 19:00,야간,토,1,1,0,0,경북,경산시,차대사람,횡단중,운전자법규위반,안전운전 의무 불이행,교차로,교차로내,승용차,보행자,128.81026774,35.95674296
11492,2016,2016-10-07 00:00,야간,금,1,1,0,0,경남,창원시(통합),차대사람,횡단중,운전자법규위반,안전운전 의무 불이행,교차로,교차로내,승용차,보행자,128.58632141,35.23201721
11493,2016,2016-09-30 08:00,주간,금,1,1,0,0,충남,논산시,차대사람,횡단중,운전자법규위반,안전운전 의무 불이행,단일로,기타단일로,승합차,보행자,127.21552402,36.19778915
11494,2016,2016-10-03 00:00,야간,월,1,1,0,0,인천,연수구,차대차,기타,운전자법규위반,안전운전 의무 불이행,단일로,기타단일로,승용차,원동기장치자전거,126.69645849999999,37.42308043
11495,2016,2016-09-18 19:00,야간,일,1,1,0,0,충북,충주시,차대사람,횡단중,운전자법규위반,안전운전 의무 불이행,교차로,교차로내,승용차,보행자,127.94905167,37.01713104
11496,2016,2016-09-17 23:00,야간,토,1,1,0,0,광주,서구,차대사람,횡단중,운전자법규위반,안전운전 의무 불이행,단일로,기타단일로,승용차,보행자,126.87413005,35.143742700000004
11497,2016,2016-09-17 16:00,주간,토,1,6,1,4,강원,홍천군,차대차,정면충돌,운전자법규위반,중앙선 침범,단일로,기타단일로,승용차,승합차,128.40133246,37.74466473
11498,2016,2016-09-19 09:00,주간,월,1,1,0,0,경기,양주시,차대사람,횡단중,운전자법규위반,안전운전 의무 불이행,단일로,횡단보도부근,승합차,보행자,127.08077009,37.79615391
11499,2016,2016-09-28 15:00,주간,수,1,1,0,0,경기,파주시,차량단독,공작물충돌,운전자법규위반,안전운전 의무 불이행,단일로,기타단일로,원동기장치자전거,없음,126.79267996,37.87793028
11500,2016,2016-09-23 14:00,주간,금,1,1,0,0,경기,평택시,차대차,기타,운전자법규위반,중앙선 침범,교차로,교차로부근,자전거,특수차,127.0005847,37.12382952
11501,2016,2016-09-28 11:00,주간,수,1,1,0,0,인천,계양구,차량단독,공작물충돌,운전자법규위반,안전운전 의무 불이행,단일로,기타단일로,승용차,없음,126.71117081,37.52885986
11502,2016,2016-09-24 16:00,주간,토,1,1,0,0,전남,광양시,차대차,측면직각충돌,운전자법규위반,신호위반,교차로,교차로내,건설기계,원동기장치자전거,127.68912835,34.93939915
11503,2016,2016-09-26 06:00,주간,월,1,1,0,0,경기,화성시,차량단독,공작물충돌,운전자법규위반,안전운전 의무 불이행,단일로,기타단일로,승용차,없음,127.06329705,37.14168176
11504,2016,2016-09-25 23:00,야간,일,1,1,0,0,대구,북구,차대사람,횡단중,운전자법규위반,안전운전 의무 불이행,단일로,기타단일로,승용차,보행자,128.55016512,35.91417823
11505,2016,2016-09-26 13:00,주간,월,1,2,1,0,충남,부여군,차대차,진행중 추돌,운전자법규위반,안전운전 의무 불이행,단일로,기타단일로,화물차,농기계,126.85922424,36.27334961
11506,2016,2016-09-28 05:00,야간,수,1,1,0,0,충남,천안시,차대차,진행중 추돌,운전자법규위반,안전운전 의무 불이행,단일로,기타단일로,승용차,화물차,127.11301312,36.86371617
11507,2016,2016-12-09 03:00,야간,금,1,1,0,0,서울,종로구,차대사람,횡단중,운전자법규위반,안전운전 의무 불이행,단일로,기타단일로,건설기계,보행자,126.97488209,37.57566926
11508,2016,2016-12-17 15:00,주간,토,1,1,0,0,전남,여수시,차대사람,횡단중,운전자법규위반,보행자 보호의무 위반,교차로,교차로내,화물차,보행자,127.72799471,34.73883838
11509,2016,2016-12-14 17:00,주간,수,1,1,0,0,대구,수성구,차대사람,횡단중,운전자법규위반,보행자 보호의무 위반,단일로,횡단보도상,승용차,보행자,128.63786312,35.84371584
11510,2016,2016-12-17 17:00,주간,토,1,2,0,0,경기,화성시,차대차,정면충돌,운전자법규위반,신호위반,교차로,교차로부근,승용차,승용차,126.78741616,37.20347818
11511,2016,2016-12-19 22:00,야간,월,1,1,0,0,대구,달성군,차대사람,횡단중,운전자법규위반,신호위반,단일로,횡단보도상,승용차,보행자,128.4542007,35.86078217
11512,2016,2016-12-19 07:00,주간,월,1,1,0,0,경기,안성시,차대차,측면직각충돌,운전자법규위반,안전운전 의무 불이행,교차로,교차로내,승용차,자전거,127.1433048,36.99372775
11513,2016,2016-12-13 19:00,야간,화,1,1,0,0,대구,동구,차대사람,횡단중,운전자법규위반,안전운전 의무 불이행,단일로,횡단보도부근,승용차,보행자,128.64258036,35.89333608
11514,2016,2016-12-19 15:00,주간,월,1,1,0,0,전북,고창군,차량단독,공작물충돌,운전자법규위반,안전운전 의무 불이행,단일로,기타단일로,승합차,없음,126.66823324,35.3954594
11515,2016,2016-12-14 06:00,주간,수,1,1,0,0,광주,광산구,차대차,측면직각충돌,운전자법규위반,중앙선 침범,단일로,기타단일로,화물차,승용차,126.82540812,35.2304768
11516,2016,2016-12-16 02:00,야간,금,1,1,0,0,경북,포항시,차량단독,전도전복,운전자법규위반,안전운전 의무 불이행,교차로,교차로내,화물차,없음,129.37138015,36.01238707
11517,2016,2016-12-17 19:00,야간,토,1,2,1,0,경북,성주군,차대차,정면충돌,운전자법규위반,안전운전 의무 불이행,기타/불명,기타/불명,승용차,이륜차,128.24634453,35.91260149
11518,2016,2016-10-05 18:00,야간,수,1,1,0,0,전북,고창군,차대사람,횡단중,운전자법규위반,과속,교차로,교차로부근,승용차,보행자,126.69901266,35.48311839
11519,2016,2016-11-08 14:00,주간,화,1,1,0,0,경기,연천군,차대차,진행중 추돌,운전자법규위반,안전운전 의무 불이행,단일로,기타단일로,승용차,승용차,127.11897913,38.13336633
11520,2016,2016-11-08 15:00,주간,화,1,2,0,1,경북,구미시,차대차,측면직각충돌,운전자법규위반,안전운전 의무 불이행,단일로,기타단일로,승용차,승용차,128.43942969,36.09319813
11521,2016,2016-11-06 00:00,야간,일,1,1,0,0,광주,북구,차대사람,횡단중,운전자법규위반,안전운전 의무 불이행,단일로,기타단일로,승용차,보행자,126.89560892,35.18739495
11522,2016,2016-11-10 17:00,주간,목,1,3,1,1,충남,청양군,차대차,정면충돌,운전자법규위반,중앙선 침범,단일로,기타단일로,이륜차,승용차,126.94108028,36.39801818
11523,2016,2016-11-12 12:00,주간,토,1,1,0,0,부산,남구,차량단독,전도전복,운전자법규위반,안전운전 의무 불이행,교차로,교차로내,원동기장치자전거,없음,129.09867376,35.12155912
11524,2016,2016-11-14 18:00,야간,월,1,1,0,0,경북,영양군,차대사람,횡단중,운전자법규위반,안전운전 의무 불이행,교차로,교차로내,승용차,보행자,129.12429124,36.69545236
11525,2016,2016-11-17 08:00,주간,목,1,1,0,0,경북,안동시,차대사람,횡단중,운전자법규위반,보행자 보호의무 위반,단일로,기타단일로,화물차,보행자,128.71488972,36.58294038
11526,2016,2016-11-21 19:00,야간,월,1,1,0,0,대전,서구,차대차,정면충돌,운전자법규위반,안전운전 의무 불이행,교차로,교차로내,승용차,이륜차,127.36997752,36.30721693
11527,2016,2016-11-04 15:00,주간,금,1,1,0,0,경기,시흥시,차대사람,횡단중,운전자법규위반,보행자 보호의무 위반,교차로,교차로내,승용차,보행자,126.81598698,37.365030100000006
11528,2016,2016-11-01 02:00,야간,화,1,1,0,0,부산,기장군,차대사람,횡단중,운전자법규위반,안전운전 의무 불이행,단일로,기타단일로,승용차,보행자,129.13796204,35.35450877
11529,2016,2016-11-03 12:00,주간,목,1,1,0,0,경기,광주시,차대차,진행중 추돌,운전자법규위반,안전운전 의무 불이행,단일로,기타단일로,승용차,화물차,127.22218053,37.35473833
11530,2016,2016-10-31 20:00,야간,월,1,1,0,0,대구,남구,차대사람,횡단중,운전자법규위반,안전운전 의무 불이행,교차로,교차로내,승합차,보행자,128.59833424,35.85585991
11531,2016,2016-11-03 09:00,주간,목,2,2,0,0,경북,포항시,차대차,기타,운전자법규위반,안전운전 의무 불이행,단일로,기타단일로,화물차,화물차,129.31270516,36.0006321
11532,2016,2016-11-02 18:00,야간,수,1,1,0,0,강원,원주시,차대차,기타,운전자법규위반,안전운전 의무 불이행,단일로,기타단일로,승용차,승용차,127.89202502,37.21600596
11533,2016,2016-11-03 04:00,야간,목,1,2,0,1,경남,진주시,차대사람,횡단중,운전자법규위반,안전운전 의무 불이행,단일로,기타단일로,원동기장치자전거,보행자,128.08687555,35.19702108
11534,2016,2016-11-02 20:00,야간,수,1,1,0,0,전북,남원시,차대사람,횡단중,운전자법규위반,과속,단일로,횡단보도상,승용차,보행자,127.38811075,35.40754134
11535,2016,2016-10-30 09:00,주간,일,2,2,0,0,서울,영등포구,차대차,정면충돌,운전자법규위반,중앙선 침범,단일로,기타단일로,승용차,화물차,126.89485256,37.50320626
11536,2016,2016-10-31 04:00,야간,월,1,2,1,0,충북,청주시,차대차,진행중 추돌,운전자법규위반,안전운전 의무 불이행,교차로,교차로부근,승용차,화물차,127.46811961,36.6646463
11537,2016,2016-12-10 12:00,주간,토,1,3,2,0,경기,안산시,차대사람,횡단중,운전자법규위반,신호위반,단일로,횡단보도상,승합차,보행자,126.84523381,37.31845031
11538,2016,2016-12-12 19:00,야간,월,1,2,0,1,경기,광주시,차대차,진행중 추돌,운전자법규위반,안전운전 의무 불이행,단일로,기타단일로,승용차,승합차,127.26662513,37.40551913
11539,2016,2016-12-12 18:00,야간,월,1,1,0,0,경북,포항시,차량단독,전도전복,운전자법규위반,신호위반,단일로,기타단일로,승용차,없음,129.35263957,36.024587100000005
11540,2016,2016-12-12 06:00,주간,월,1,1,0,0,경북,청도군,차량단독,전도전복,운전자법규위반,안전운전 의무 불이행,기타/불명,기타/불명,승용차,없음,128.92230853,35.71386591
11541,2016,2016-12-05 18:00,야간,월,1,2,1,0,강원,원주시,차대사람,길가장자리구역통행중,운전자법규위반,안전운전 의무 불이행,단일로,기타단일로,승용차,보행자,127.85467593,37.34157094
11542,2016,2016-12-09 19:00,야간,금,1,2,1,0,전북,군산시,차대차,측면직각충돌,운전자법규위반,안전운전 의무 불이행,교차로,교차로부근,승용차,화물차,126.54197383,35.9438052
11543,2016,2016-12-16 06:00,주간,금,1,1,0,0,전남,영광군,차대사람,기타,운전자법규위반,안전운전 의무 불이행,단일로,기타단일로,승용차,보행자,126.47879689,35.3137692
11544,2016,2016-12-16 20:00,야간,금,1,1,0,0,경남,밀양시,차대사람,길가장자리구역통행중,운전자법규위반,안전운전 의무 불이행,교차로,교차로부근,화물차,보행자,128.74845819,35.36976383
11545,2016,2016-12-16 13:00,주간,금,1,1,0,0,충남,당진시,차대차,진행중 추돌,운전자법규위반,안전거리 미확보,단일로,기타단일로,화물차,원동기장치자전거,126.59316589,36.84022589
11546,2016,2016-12-17 17:00,주간,토,1,1,0,0,경북,구미시,차대사람,횡단중,운전자법규위반,안전운전 의무 불이행,단일로,기타단일로,승용차,보행자,128.49267278,36.15429858
11547,2016,2016-12-18 06:00,주간,일,1,1,0,0,전북,전주시,차대차,진행중 추돌,운전자법규위반,안전운전 의무 불이행,단일로,기타단일로,승용차,건설기계,127.092054,35.87334936
11548,2016,2016-12-20 06:00,주간,화,1,1,0,0,경기,이천시,차대사람,기타,운전자법규위반,안전운전 의무 불이행,단일로,기타단일로,승용차,보행자,127.52193793,37.23215689
11549,2016,2016-12-05 14:00,주간,월,1,1,0,0,경기,안산시,차대차,기타,운전자법규위반,안전운전 의무 불이행,단일로,기타단일로,특수차,자전거,126.85550426,37.28140581
11550,2016,2016-12-05 06:00,주간,월,1,1,0,0,경북,문경시,차대사람,횡단중,운전자법규위반,안전운전 의무 불이행,단일로,기타단일로,화물차,보행자,128.11980426,36.69324722
11551,2016,2016-12-19 11:00,주간,월,1,1,0,0,전남,목포시,차대사람,길가장자리구역통행중,운전자법규위반,안전운전 의무 불이행,교차로,교차로내,화물차,보행자,126.37574413,34.81008068
11552,2016,2016-12-13 13:00,주간,화,1,1,0,0,전남,나주시,차량단독,공작물충돌,운전자법규위반,안전운전 의무 불이행,단일로,기타단일로,화물차,없음,126.6216864,35.02527103
11553,2016,2016-12-16 19:00,야간,금,1,1,0,0,경북,예천군,차대사람,기타,운전자법규위반,안전운전 의무 불이행,단일로,기타단일로,화물차,보행자,128.44162503,36.74236552
11554,2016,2016-12-16 16:00,주간,금,1,2,1,0,경기,김포시,차대차,진행중 추돌,운전자법규위반,안전운전 의무 불이행,단일로,기타단일로,승용차,승용차,126.59583578,37.69284506
11555,2016,2016-10-06 18:00,야간,목,1,1,0,0,제주,서귀포시,차대사람,횡단중,운전자법규위반,안전운전 의무 불이행,단일로,기타단일로,승용차,보행자,126.89957668,33.44530133
11556,2016,2016-11-08 23:00,야간,화,1,1,0,0,서울,노원구,차대차,정면충돌,운전자법규위반,신호위반,교차로,교차로내,이륜차,승용차,127.06948018,37.64905282
11557,2016,2016-11-05 14:00,주간,토,1,3,0,2,서울,영등포구,차대차,진행중 추돌,운전자법규위반,안전거리 미확보,기타/불명,기타/불명,이륜차,승용차,126.90170972,37.50634275
11558,2016,2016-11-06 21:00,야간,일,1,1,0,0,울산,북구,차대사람,횡단중,운전자법규위반,안전운전 의무 불이행,교차로,교차로내,승용차,보행자,129.39693317,35.5281479
11559,2016,2016-11-09 09:00,주간,수,1,1,0,0,경남,고성군,차대사람,횡단중,운전자법규위반,안전운전 의무 불이행,교차로,교차로내,승용차,보행자,128.32168557,34.97264701
11560,2016,2016-11-13 21:00,야간,일,1,1,0,0,울산,동구,차대차,기타,운전자법규위반,직진 및 우회전차의 통행방해,교차로,교차로내,화물차,이륜차,129.4222054,35.49283249
11561,2016,2016-11-14 10:00,주간,월,1,1,0,0,경북,경주시,차대사람,횡단중,운전자법규위반,안전운전 의무 불이행,단일로,기타단일로,화물차,보행자,129.10198918,35.85075667
11562,2016,2016-11-19 19:00,야간,토,1,2,0,1,충북,청주시,차대차,정면충돌,운전자법규위반,안전운전 의무 불이행,교차로,교차로내,승용차,이륜차,127.50696636,36.60884763
11563,2016,2016-11-13 02:00,야간,일,1,1,0,0,세종,세종,차대사람,횡단중,운전자법규위반,안전운전 의무 불이행,교차로,교차로부근,화물차,보행자,127.29156902,36.59198777
11564,2016,2016-11-17 13:00,주간,목,1,1,0,0,부산,사상구,차대차,측면직각충돌,운전자법규위반,신호위반,교차로,교차로내,건설기계,자전거,128.96309206,35.12761234
11565,2016,2016-11-13 21:00,야간,일,1,1,0,0,제주,제주시,차대사람,횡단중,운전자법규위반,과속,단일로,기타단일로,승용차,보행자,126.59187201,33.49195861
11566,2016,2016-11-18 23:00,야간,금,1,1,0,0,경기,연천군,차량단독,전도전복,운전자법규위반,안전운전 의무 불이행,단일로,기타단일로,승용차,없음,127.01860919,38.07824598
11567,2016,2016-11-22 19:00,야간,화,1,1,0,0,전북,김제시,차대사람,횡단중,운전자법규위반,안전운전 의무 불이행,단일로,기타단일로,승용차,보행자,126.89799658,35.80897965
11568,2016,2016-11-25 11:00,주간,금,1,1,0,0,경남,거제시,차량단독,전도전복,운전자법규위반,안전운전 의무 불이행,단일로,기타단일로,이륜차,없음,128.68356215,34.98147104
11569,2016,2016-11-22 05:00,야간,화,1,1,0,0,전남,보성군,차대사람,차도통행중,운전자법규위반,안전운전 의무 불이행,단일로,기타단일로,화물차,보행자,127.34172891,34.86605825
11570,2016,2016-11-23 19:00,야간,수,1,1,0,0,경기,고양시,차대사람,차도통행중,운전자법규위반,안전운전 의무 불이행,교차로,교차로내,승용차,보행자,126.84068626,37.65428726
11571,2016,2016-11-23 15:00,주간,수,1,1,0,0,전남,순천시,차량단독,전도전복,운전자법규위반,안전운전 의무 불이행,단일로,기타단일로,건설기계,없음,127.48943815,34.98175683
11572,2016,2016-11-21 13:00,주간,월,1,1,0,0,충북,충주시,차대차,측면직각충돌,운전자법규위반,안전운전 의무 불이행,기타/불명,기타/불명,승용차,승용차,127.71346852,37.00241907
11573,2016,2016-11-21 10:00,주간,월,1,1,0,0,대구,달서구,차대차,측면직각충돌,운전자법규위반,부당한 회전,단일로,기타단일로,이륜차,화물차,128.49166835,35.84446408
11574,2016,2016-11-20 23:00,야간,일,1,1,0,0,제주,서귀포시,차량단독,공작물충돌,운전자법규위반,중앙선 침범,단일로,기타단일로,승용차,없음,126.80248024,33.31581617
11575,2016,2016-11-20 18:00,야간,일,1,1,0,0,전북,순창군,차대사람,횡단중,운전자법규위반,보행자 보호의무 위반,단일로,횡단보도상,화물차,보행자,127.1008375,35.36690718
11576,2016,2016-11-03 19:00,야간,목,1,1,0,0,경북,안동시,차대사람,길가장자리구역통행중,운전자법규위반,안전운전 의무 불이행,단일로,기타단일로,화물차,보행자,128.76813052,36.6206609
11577,2016,2016-11-01 00:00,야간,화,1,1,0,0,충남,논산시,차대사람,횡단중,운전자법규위반,안전운전 의무 불이행,단일로,기타단일로,승용차,보행자,127.04147614,36.2327972
11578,2016,2016-10-30 03:00,야간,일,1,2,1,0,경북,경주시,차대차,정면충돌,운전자법규위반,안전운전 의무 불이행,단일로,기타단일로,승용차,건설기계,129.27098394,35.98486695
11579,2016,2016-11-01 19:00,야간,화,1,3,2,0,전북,남원시,차대차,진행중 추돌,운전자법규위반,안전운전 의무 불이행,단일로,기타단일로,승용차,화물차,127.31278621,35.33862683
11580,2016,2016-10-30 03:00,야간,일,1,1,0,0,경기,화성시,차대차,기타,운전자법규위반,안전운전 의무 불이행,단일로,기타단일로,승용차,건설기계,126.80340322,37.2050786
11581,2016,2016-12-12 00:00,야간,월,2,4,2,0,서울,동작구,차대차,진행중 추돌,운전자법규위반,안전운전 의무 불이행,단일로,기타단일로,화물차,승용차,126.94000604,37.51683208
11582,2016,2016-12-09 16:00,주간,금,1,1,0,0,충남,아산시,차대차,측면직각충돌,운전자법규위반,안전운전 의무 불이행,단일로,기타단일로,원동기장치자전거,승용차,127.04762766,36.78971871