,발생년,발생년월일시분,주야,요일,사망자수,사상자수,중상자수,경상자수,발생지시도,발생지시군구,사고유형_대분류,사고유형,법규위반_대분류,법규위반,도로형태_대분류,도로형태,가해자_당사자종별,피해자_당사자종별,경도,위도
11583,2016,2016-12-09 15:00,주간,금,1,4,0,3,전남,고흥군,차대차,진행중 추돌,운전자법규위반,안전운전 의무 불이행,단일로,기타단일로,화물차,화물차,127.35571199,34.70250264
11584,2016,2016-12-06 21:00,야간,화,1,1,0,0,경남,거제시,차대사람,횡단중,운전자법규위반,안전운전 의무 불이행,교차로,교차로부근,승합차,보행자,128.60346124,34.88869259
11585,2016,2016-12-06 17:00,주간,화,1,3,0,2,강원,평창군,차량단독,공작물충돌,운전자법규위반,안전운전 의무 불이행,단일로,기타단일로,화물차,없음,128.58743178,37.65237024
11586,2016,2016-12-13 21:00,야간,화,1,1,0,0,경남,창녕군,차대사람,횡단중,운전자법규위반,안전운전 의무 불이행,단일로,기타단일로,승용차,보행자,128.49511105,35.53770058
11587,2016,2016-12-15 14:00,주간,목,1,1,0,0,경기,부천시,차대차,진행중 추돌,운전자법규위반,안전운전 의무 불이행,단일로,기타단일로,화물차,승합차,126.81434836,37.47051604
11588,2016,2016-12-18 07:00,주간,일,1,1,0,0,강원,춘천시,차대사람,횡단중,운전자법규위반,안전운전 의무 불이행,단일로,기타단일로,승용차,보행자,127.71216316,37.87873729
11589,2016,2016-12-13 04:00,야간,화,1,1,0,0,충북,제천시,차대사람,횡단중,운전자법규위반,안전운전 의무 불이행,기타/불명,기타/불명,승용차,보행자,128.24524799,37.17152469
11590,2016,2016-12-13 09:00,주간,화,1,1,0,0,인천,강화군,차대사람,차도통행중,운전자법규위반,부당한 회전,단일로,기타단일로,화물차,보행자,126.43427401,37.63431693
11591,2016,2016-10-20 18:00,야간,목,1,8,0,2,서울,중구,차대차,진행중 추돌,운전자법규위반,안전운전 의무 불이행,단일로,터널안,승용차,승용차,126.99306447,37.55555946
11592,2016,2016-10-22 23:00,야간,토,1,1,0,0,경기,시흥시,차량단독,전도전복,운전자법규위반,안전운전 의무 불이행,단일로,기타단일로,원동기장치자전거,없음,126.73755168,37.35331945
11593,2016,2016-10-23 16:00,주간,일,1,1,0,0,전남,광양시,차대차,진행중 추돌,운전자법규위반,안전운전 의무 불이행,단일로,기타단일로,승용차,원동기장치자전거,127.61602148,35.00896158
11594,2016,2016-10-24 05:00,야간,월,2,2,0,0,경북,안동시,차대사람,횡단중,운전자법규위반,보행자 보호의무 위반,단일로,횡단보도부근,승용차,보행자,128.72608062,36.566825099999996
11595,2016,2016-10-25 18:00,야간,화,1,1,0,0,경기,양평군,차대사람,기타,운전자법규위반,안전운전 의무 불이행,단일로,기타단일로,승용차,보행자,127.53628392,37.43303763
11596,2016,2016-10-21 16:00,주간,금,1,1,0,0,강원,철원군,차대차,진행중 추돌,운전자법규위반,안전운전 의무 불이행,단일로,기타단일로,화물차,건설기계,127.30442241,38.18487806
11597,2016,2016-09-16 03:00,야간,금,1,1,0,0,경기,과천시,차대사람,기타,운전자법규위반,안전운전 의무 불이행,단일로,기타단일로,승용차,보행자,127.0014756,37.42975656
11598,2016,2016-09-15 21:00,야간,목,1,2,0,1,경남,거제시,차량단독,전도전복,운전자법규위반,안전운전 의무 불이행,교차로,교차로부근,승용차,없음,128.6894748,34.86973923
11599,2016,2016-09-21 21:00,야간,수,1,1,0,0,충북,청주시,차대사람,횡단중,운전자법규위반,안전운전 의무 불이행,단일로,기타단일로,승용차,보행자,127.46152828,36.64298142
11600,2016,2016-09-22 05:00,야간,목,1,1,0,0,경북,영양군,차대사람,횡단중,운전자법규위반,안전운전 의무 불이행,단일로,기타단일로,승용차,보행자,129.08545628,36.62153877
11601,2016,2016-09-26 13:00,주간,월,1,1,0,0,강원,화천군,차량단독,도로이탈 기타,운전자법규위반,안전운전 의무 불이행,단일로,기타단일로,이륜차,없음,127.55812215,38.05725332
11602,2016,2016-09-23 04:00,야간,금,1,1,0,0,대구,중구,차대사람,횡단중,운전자법규위반,안전운전 의무 불이행,단일로,기타단일로,승용차,보행자,128.59245294,35.86549535
11603,2016,2016-09-23 10:00,주간,금,1,1,0,0,부산,사하구,차대차,진행중 추돌,운전자법규위반,안전운전 의무 불이행,단일로,기타단일로,건설기계,자전거,128.97270966,35.08764395
11604,2016,2016-09-28 06:00,주간,수,1,1,0,0,경기,수원시,차대사람,횡단중,운전자법규위반,안전운전 의무 불이행,단일로,횡단보도상,승용차,보행자,126.99835931,37.296943299999995
11605,2016,2016-09-24 19:00,야간,토,1,2,1,0,대구,달서구,차대차,기타,운전자법규위반,교차로 통행방법 위반,교차로,교차로내,승용차,이륜차,128.51772643,35.81201218
11606,2016,2016-09-26 19:00,야간,월,1,1,0,0,인천,동구,차대사람,횡단중,운전자법규위반,안전운전 의무 불이행,교차로,교차로내,승용차,보행자,126.6676327,37.47827158
11607,2016,2016-09-22 20:00,야간,목,1,1,0,0,제주,제주시,차대사람,횡단중,운전자법규위반,과속,단일로,기타단일로,승용차,보행자,126.62591318,33.53117908
11608,2016,2016-09-23 21:00,야간,금,1,1,0,0,광주,남구,차대사람,횡단중,운전자법규위반,안전운전 의무 불이행,단일로,기타단일로,승용차,보행자,126.91055827,35.14621572
11609,2016,2016-09-03 01:00,야간,토,1,1,0,0,서울,광진구,차대사람,횡단중,운전자법규위반,안전운전 의무 불이행,단일로,기타단일로,승합차,보행자,127.08644578,37.53110919
11610,2016,2016-09-01 23:00,야간,목,1,1,0,0,경남,김해시,차대차,진행중 추돌,운전자법규위반,안전운전 의무 불이행,단일로,기타단일로,승용차,화물차,128.72026459,35.30735283
11611,2016,2016-09-01 09:00,주간,목,1,1,0,0,강원,횡성군,차량단독,기타,운전자법규위반,안전운전 의무 불이행,단일로,기타단일로,화물차,없음,128.12677799,37.37291878
11612,2016,2016-10-13 10:00,주간,목,1,1,0,0,충북,청주시,차대사람,횡단중,운전자법규위반,보행자 보호의무 위반,단일로,기타단일로,승용차,보행자,127.48290300000001,36.65850115
11613,2016,2016-10-12 21:00,야간,수,1,1,0,0,서울,중랑구,차대사람,차도통행중,운전자법규위반,안전운전 의무 불이행,단일로,기타단일로,승용차,보행자,127.10059628,37.606916399999996
11614,2016,2016-10-09 16:00,주간,일,1,1,0,0,경북,안동시,차량단독,전도전복,운전자법규위반,안전운전 의무 불이행,단일로,기타단일로,승용차,없음,128.66042439,36.57864231
11615,2016,2016-10-10 05:00,야간,월,1,1,0,0,광주,광산구,차대차,기타,운전자법규위반,신호위반,교차로,교차로내,승용차,승합차,126.80382689,35.14398136
11616,2016,2016-10-14 06:00,주간,금,1,4,0,2,서울,강남구,차대차,측면직각충돌,운전자법규위반,중앙선 침범,단일로,교량위,승용차,승용차,127.05695957,37.5200598
11617,2016,2016-10-07 19:00,야간,금,1,1,0,0,서울,서대문구,차대사람,기타,운전자법규위반,안전운전 의무 불이행,단일로,횡단보도부근,승용차,보행자,126.94535268,37.58788351
11618,2016,2016-10-11 19:00,야간,화,1,1,0,0,경남,밀양시,차대사람,횡단중,운전자법규위반,안전운전 의무 불이행,교차로,교차로내,승용차,보행자,128.65328082,35.54003326
11619,2016,2016-10-17 04:00,야간,월,1,1,0,0,대전,대덕구,차대사람,길가장자리구역통행중,운전자법규위반,과속,교차로,교차로부근,승용차,보행자,127.41530679,36.35336261
11620,2016,2016-10-14 20:00,야간,금,1,1,0,0,제주,제주시,차대사람,차도통행중,운전자법규위반,안전운전 의무 불이행,단일로,기타단일로,승용차,보행자,126.59353034,33.52153568
11621,2016,2016-10-14 10:00,주간,금,1,1,0,0,부산,남구,차대사람,횡단중,운전자법규위반,보행자 보호의무 위반,단일로,횡단보도상,화물차,보행자,129.08386093,35.13523267
11622,2016,2016-10-14 18:00,야간,금,1,1,0,0,강원,속초시,차대사람,횡단중,운전자법규위반,안전운전 의무 불이행,단일로,기타단일로,승용차,보행자,128.55432014,38.16575268
11623,2016,2016-10-19 17:00,주간,수,1,5,1,3,경기,안양시,차대사람,기타,운전자법규위반,기타(운전자법규위반),단일로,기타단일로,승용차,보행자,126.93007406,37.38824131
11624,2016,2016-10-19 06:00,주간,수,1,1,0,0,충남,예산군,차대차,측면직각충돌,운전자법규위반,안전운전 의무 불이행,단일로,기타단일로,화물차,자전거,126.78267457,36.67246069
11625,2016,2016-10-15 20:00,야간,토,1,1,0,0,경북,문경시,차대차,기타,운전자법규위반,안전운전 의무 불이행,단일로,기타단일로,승용차,승용차,128.11221455,36.73245454
11626,2016,2016-10-16 14:00,주간,일,1,1,0,0,광주,광산구,차대사람,횡단중,운전자법규위반,신호위반,단일로,기타단일로,승용차,보행자,126.84284346,35.21471197
11627,2016,2016-10-18 06:00,주간,화,1,1,0,0,전남,목포시,차대차,측면직각충돌,운전자법규위반,안전운전 의무 불이행,교차로,교차로부근,화물차,자전거,126.38637726,34.79334347
11628,2016,2016-10-18 16:00,주간,화,1,1,0,0,경남,김해시,차대차,측면직각충돌,운전자법규위반,안전운전 의무 불이행,교차로,교차로내,원동기장치자전거,화물차,128.8183548,35.19673046
11629,2016,2016-10-18 09:00,주간,화,1,1,0,0,충북,청주시,차대차,정면충돌,운전자법규위반,차로위반(진로변경 위반),교차로,교차로부근,자전거,화물차,127.42788231,36.45806318
11630,2016,2016-10-20 09:00,주간,목,1,1,0,0,전남,담양군,차량단독,공작물충돌,운전자법규위반,안전운전 의무 불이행,단일로,기타단일로,승용차,없음,127.05994327,35.34857826
11631,2016,2016-10-20 20:00,야간,목,1,1,0,0,강원,양구군,차량단독,전도전복,운전자법규위반,안전운전 의무 불이행,단일로,기타단일로,화물차,없음,127.95916568,38.21616467
11632,2016,2016-09-28 19:00,야간,수,1,1,0,0,경북,구미시,차대사람,횡단중,운전자법규위반,보행자 보호의무 위반,단일로,횡단보도상,승용차,보행자,128.33737706,36.12756088
11633,2016,2016-09-04 16:00,주간,일,1,1,0,0,경북,성주군,차량단독,도로이탈 추락,운전자법규위반,안전운전 의무 불이행,단일로,기타단일로,이륜차,없음,128.18225265,35.82737644
11634,2016,2016-08-31 22:00,야간,수,1,1,0,0,서울,서초구,차대차,기타,운전자법규위반,안전운전 의무 불이행,단일로,기타단일로,이륜차,불명,127.01240390000001,37.48223453
11635,2016,2016-08-31 20:00,야간,수,1,1,0,0,전북,김제시,차대사람,횡단중,운전자법규위반,안전운전 의무 불이행,단일로,기타단일로,원동기장치자전거,보행자,126.88594378,35.80743104
11636,2016,2016-09-06 05:00,야간,화,1,1,0,0,경북,상주시,차대차,측면직각충돌,운전자법규위반,신호위반,교차로,교차로내,승용차,자전거,128.17338959,36.42384198
11637,2016,2016-09-03 17:00,주간,토,1,1,0,0,경기,오산시,차대차,기타,운전자법규위반,안전운전 의무 불이행,단일로,횡단보도상,건설기계,자전거,127.08813264,37.1589516
11638,2016,2016-09-03 15:00,주간,토,1,3,2,0,충남,공주시,차량단독,공작물충돌,운전자법규위반,안전운전 의무 불이행,교차로,교차로내,화물차,없음,127.04202742,36.33087819
11639,2016,2016-10-11 15:00,주간,화,2,2,0,0,충북,음성군,차대차,기타,운전자법규위반,중앙선 침범,단일로,기타단일로,화물차,화물차,127.55269115,37.00409572
11640,2016,2016-10-19 03:00,야간,수,1,1,0,0,충북,청주시,차대사람,횡단중,운전자법규위반,과속,단일로,기타단일로,승용차,보행자,127.48481445,36.61110963
11641,2016,2016-10-15 11:00,주간,토,1,1,0,0,강원,홍천군,차대사람,횡단중,운전자법규위반,보행자 보호의무 위반,단일로,횡단보도상,이륜차,보행자,127.88103565,37.68846719
11642,2016,2016-10-19 19:00,야간,수,1,1,0,0,충남,부여군,차량단독,기타,운전자법규위반,안전운전 의무 불이행,단일로,기타단일로,이륜차,없음,126.86910638,36.13670061
11643,2016,2016-10-16 01:00,야간,일,1,1,0,0,경남,창원시(통합),차대사람,횡단중,운전자법규위반,안전운전 의무 불이행,단일로,횡단보도상,승용차,보행자,128.60710861,35.25676851
11644,2016,2016-10-27 21:00,야간,목,1,1,0,0,경기,광주시,차대사람,횡단중,운전자법규위반,안전운전 의무 불이행,교차로,교차로내,화물차,보행자,127.2128304,37.40527452
11645,2016,2016-10-28 19:00,야간,금,1,2,1,0,부산,강서구,차대차,진행중 추돌,운전자법규위반,안전운전 의무 불이행,교차로,교차로부근,화물차,화물차,128.83466228,35.08367278
11646,2016,2016-10-23 06:00,주간,일,1,1,0,0,전북,장수군,차대차,측면직각충돌,운전자법규위반,앞지르기 금지위반,교차로,교차로내,승용차,이륜차,127.59842117,35.72645093
11647,2016,2016-10-27 09:00,주간,목,1,1,0,0,경남,함안군,차량단독,전도전복,운전자법규위반,안전운전 의무 불이행,단일로,기타단일로,농기계,없음,128.42226042,35.26673121
11648,2016,2016-10-23 19:00,야간,일,1,4,1,2,전남,고흥군,차량단독,전도전복,운전자법규위반,안전운전 의무 불이행,단일로,기타단일로,승용차,없음,127.25262965,34.74786796
11649,2016,2016-10-07 04:00,야간,금,1,1,0,0,대전,동구,차대사람,횡단중,운전자법규위반,안전운전 의무 불이행,단일로,횡단보도상,승용차,보행자,127.46302749,36.29003528
11650,2016,2016-09-30 16:00,주간,금,1,1,0,0,경기,용인시,차대사람,횡단중,운전자법규위반,보행자 보호의무 위반,교차로,교차로부근,승합차,보행자,127.10556740000001,37.27141604
11651,2016,2016-10-01 15:00,주간,토,1,1,0,0,충북,청주시,차대차,기타,운전자법규위반,안전운전 의무 불이행,교차로,교차로부근,승합차,자전거,127.53617277,36.72653231
11652,2016,2016-10-01 18:00,야간,토,1,1,0,0,충남,청양군,차대차,진행중 추돌,운전자법규위반,과속,교차로,교차로부근,화물차,농기계,126.86439844,36.32862312
11653,2016,2016-10-04 22:00,야간,화,1,1,0,0,강원,홍천군,차대사람,횡단중,운전자법규위반,안전운전 의무 불이행,단일로,기타단일로,승용차,보행자,127.90419764,37.69295081
11654,2016,2016-09-29 21:00,야간,목,1,1,0,0,경북,경산시,차대사람,차도통행중,운전자법규위반,안전운전 의무 불이행,단일로,기타단일로,화물차,보행자,128.83264394,35.91843406
11655,2016,2016-09-28 19:00,야간,수,1,1,0,0,충남,아산시,차대사람,횡단중,운전자법규위반,안전운전 의무 불이행,교차로,교차로부근,승용차,보행자,127.03186977,36.86507394
11656,2016,2016-09-25 14:00,주간,일,1,1,0,0,경기,가평군,차대사람,기타,운전자법규위반,안전운전 의무 불이행,교차로,교차로부근,승용차,보행자,127.36549171,37.79668781
11657,2016,2016-09-22 19:00,야간,목,1,1,0,0,충북,보은군,차대사람,차도통행중,운전자법규위반,안전운전 의무 불이행,단일로,기타단일로,승용차,보행자,127.80211179,36.44978006
11658,2016,2016-09-28 09:00,주간,수,1,2,1,0,전북,익산시,차대차,정면충돌,운전자법규위반,신호위반,교차로,교차로내,이륜차,화물차,126.95569757,35.9452521
11659,2016,2016-09-24 14:00,주간,토,1,1,0,0,강원,정선군,차량단독,기타,운전자법규위반,안전운전 의무 불이행,단일로,기타단일로,자전거,없음,128.72580695,37.22744629
11660,2016,2016-09-01 08:00,주간,목,1,1,0,0,전남,나주시,차대사람,횡단중,운전자법규위반,신호위반,단일로,횡단보도상,승용차,보행자,126.72167133,34.99367216
11661,2016,2016-08-31 00:00,야간,수,1,1,0,0,경기,안양시,차대사람,횡단중,운전자법규위반,안전운전 의무 불이행,교차로,교차로내,화물차,보행자,126.97675629,37.40215795
11662,2016,2016-08-30 13:00,주간,화,1,1,0,0,경기,부천시,차대사람,횡단중,운전자법규위반,안전운전 의무 불이행,교차로,교차로내,승용차,보행자,126.77904828,37.48048219
11663,2016,2016-10-13 06:00,주간,목,2,2,0,0,경남,창녕군,차대차,진행중 추돌,운전자법규위반,안전운전 의무 불이행,단일로,기타단일로,화물차,농기계,128.48213313,35.55442382
11664,2016,2016-10-09 06:00,주간,일,1,1,0,0,부산,진구,차대사람,횡단중,운전자법규위반,안전운전 의무 불이행,단일로,횡단보도상,승용차,보행자,129.05518041,35.16294098
11665,2016,2016-10-07 13:00,주간,금,1,1,0,0,경기,하남시,차대차,기타,운전자법규위반,중앙선 침범,교차로,교차로부근,화물차,원동기장치자전거,127.2254906,37.51214401
11666,2016,2016-10-07 21:00,야간,금,1,4,2,1,충남,천안시,차대차,정면충돌,운전자법규위반,중앙선 침범,기타/불명,기타/불명,승용차,승용차,127.22034064,36.90789108
11667,2016,2016-10-08 00:00,야간,토,1,1,0,0,서울,중구,차대사람,횡단중,운전자법규위반,안전운전 의무 불이행,단일로,기타단일로,승합차,보행자,127.01858862,37.56571092
11668,2016,2016-10-08 13:00,주간,토,1,1,0,0,충북,옥천군,차대사람,기타,운전자법규위반,안전운전 의무 불이행,단일로,기타단일로,승합차,보행자,127.64923733,36.28995689
11669,2016,2016-10-12 14:00,주간,수,1,1,0,0,대구,수성구,차대사람,횡단중,운전자법규위반,안전운전 의무 불이행,교차로,교차로내,특수차,보행자,128.63657537,35.82027476
11670,2016,2016-10-13 08:00,주간,목,2,4,0,2,경기,이천시,차대차,기타,운전자법규위반,신호위반,교차로,교차로내,승용차,화물차,127.39974742,37.26525213
11671,2016,2016-10-10 09:00,주간,월,1,1,0,0,전남,강진군,차대차,기타,운전자법규위반,안전거리 미확보,단일로,기타단일로,화물차,원동기장치자전거,126.77318892,34.63776486
11672,2016,2016-10-14 00:00,야간,금,1,1,0,0,강원,홍천군,차량단독,공작물충돌,운전자법규위반,안전운전 의무 불이행,단일로,기타단일로,승용차,없음,127.99038223,37.75882614
11673,2016,2016-10-07 18:00,야간,금,1,2,0,1,전북,익산시,차대차,진행중 추돌,운전자법규위반,안전운전 의무 불이행,교차로,교차로내,승용차,화물차,126.95387557,35.98974704
11674,2016,2016-12-14 22:00,야간,수,1,1,0,0,경기,용인시,차량단독,전도전복,운전자법규위반,안전운전 의무 불이행,단일로,기타단일로,승용차,없음,127.10215141,37.30111454
11675,2016,2016-12-20 00:00,야간,화,1,1,0,0,전남,여수시,차대사람,횡단중,운전자법규위반,안전운전 의무 불이행,단일로,기타단일로,승용차,보행자,127.73270923,34.74028584
11676,2016,2016-12-14 16:00,주간,수,1,1,0,0,충북,제천시,차대사람,횡단중,운전자법규위반,과속,기타/불명,기타/불명,승합차,보행자,128.20706764,37.13153454
11677,2016,2016-10-06 06:00,주간,목,2,3,1,0,전남,무안군,차대차,정면충돌,운전자법규위반,중앙선 침범,단일로,기타단일로,승용차,승용차,126.39737087,35.03418816
11678,2016,2016-10-04 01:00,야간,화,1,3,1,1,경기,용인시,차대차,측면직각충돌,운전자법규위반,신호위반,교차로,교차로내,이륜차,승합차,127.12140339,37.32542508
11679,2016,2016-11-11 18:00,야간,금,1,2,0,1,전북,완주군,차대차,진행중 추돌,운전자법규위반,안전운전 의무 불이행,교차로,교차로부근,화물차,화물차,127.13151044,35.96220342
11680,2016,2016-11-09 05:00,야간,수,1,1,0,0,경북,문경시,차량단독,전도전복,운전자법규위반,안전운전 의무 불이행,단일로,기타단일로,원동기장치자전거,없음,128.19047164,36.59899561
11681,2016,2016-11-10 16:00,주간,목,1,2,1,0,전남,해남군,차량단독,공작물충돌,운전자법규위반,안전운전 의무 불이행,단일로,기타단일로,승합차,없음,126.34958619999999,34.69713963
11682,2016,2016-11-13 09:00,주간,일,1,1,0,0,강원,원주시,차대차,측면직각충돌,운전자법규위반,직진 및 우회전차의 통행방해,교차로,교차로내,승합차,이륜차,127.96473869,37.343291799999996
11683,2016,2016-11-13 06:00,주간,일,1,2,1,0,대구,서구,차대차,정면충돌,운전자법규위반,신호위반,교차로,교차로내,이륜차,승합차,128.55491982,35.87911988
11684,2016,2016-11-12 23:00,야간,토,1,1,0,0,경북,경산시,차대사람,횡단중,운전자법규위반,안전운전 의무 불이행,단일로,기타단일로,승용차,보행자,128.80045837,35.8750625
11685,2016,2016-11-19 17:00,주간,토,1,1,0,0,서울,송파구,차대사람,기타,운전자법규위반,안전운전 의무 불이행,단일로,기타단일로,건설기계,보행자,127.08104209999999,37.50568087
11686,2016,2016-11-13 20:00,야간,일,1,1,0,0,전북,완주군,차대차,측면직각충돌,운전자법규위반,교차로 통행방법 위반,교차로,교차로내,이륜차,승용차,127.12532222,35.93401839
11687,2016,2016-11-17 12:00,주간,목,1,1,0,0,강원,홍천군,차대차,정면충돌,운전자법규위반,안전운전 의무 불이행,단일로,기타단일로,이륜차,승용차,127.96976126,37.79938825
11688,2016,2016-11-14 05:00,야간,월,1,2,0,1,경기,가평군,차대차,기타,운전자법규위반,안전운전 의무 불이행,단일로,기타단일로,화물차,승용차,127.42051719,37.73941349
11689,2016,2016-11-19 00:00,야간,토,1,1,0,0,서울,중구,차대사람,기타,운전자법규위반,안전운전 의무 불이행,단일로,기타단일로,승용차,보행자,126.99488194,37.56138094
11690,2016,2016-11-18 20:00,야간,금,1,1,0,0,전북,전주시,차량단독,공작물충돌,운전자법규위반,안전운전 의무 불이행,단일로,기타단일로,승용차,없음,127.15369858,35.87643704
11691,2016,2016-11-18 17:00,주간,금,1,1,0,0,충북,단양군,차대사람,기타,운전자법규위반,중앙선 침범,단일로,기타단일로,승용차,보행자,128.32530811,37.1042421
11692,2016,2016-11-27 00:00,야간,일,1,1,0,0,경기,오산시,차대사람,길가장자리구역통행중,운전자법규위반,안전운전 의무 불이행,단일로,기타단일로,승용차,보행자,127.06903632,37.13232805
11693,2016,2016-11-24 16:00,주간,목,1,2,1,0,대구,중구,차대차,측면직각충돌,운전자법규위반,안전거리 미확보,교차로,교차로부근,승용차,승합차,128.59273524,35.86104807
11694,2016,2016-11-25 15:00,주간,금,1,1,0,0,서울,도봉구,차대차,기타,운전자법규위반,안전운전 의무 불이행,교차로,교차로내,건설기계,자전거,127.03749133,37.63788135
11695,2016,2016-11-24 00:00,야간,목,1,1,0,0,전북,익산시,차량단독,전도전복,운전자법규위반,안전운전 의무 불이행,단일로,기타단일로,승용차,없음,127.01080459,36.12589527
11696,2016,2016-11-25 14:00,주간,금,1,1,0,0,경북,상주시,차대차,측면직각충돌,운전자법규위반,안전운전 의무 불이행,교차로,교차로내,자전거,화물차,128.15529053,36.42585389
11697,2016,2016-11-05 10:00,주간,토,1,1,0,0,충남,논산시,차대차,측면직각충돌,운전자법규위반,안전운전 의무 불이행,단일로,교량위,건설기계,원동기장치자전거,127.11276866,36.21125859
11698,2016,2016-11-04 05:00,야간,금,1,1,0,0,경기,평택시,차대사람,횡단중,운전자법규위반,안전운전 의무 불이행,교차로,교차로내,승용차,보행자,127.07057882,37.06052642
11699,2016,2016-11-01 14:00,주간,화,1,3,2,0,경남,창원시(통합),차대차,측면직각충돌,운전자법규위반,중앙선 침범,단일로,기타단일로,승합차,화물차,128.57162994,35.13254141
11700,2016,2016-10-29 12:00,주간,토,1,1,0,0,제주,제주시,차대차,정면충돌,운전자법규위반,과속,교차로,교차로내,승용차,원동기장치자전거,126.83370929999998,33.53400469
11701,2016,2016-10-29 16:00,주간,토,1,2,1,0,경기,화성시,차대차,기타,운전자법규위반,안전운전 의무 불이행,단일로,기타단일로,승용차,이륜차,126.67168695,37.24045739
11702,2016,2016-10-30 01:00,야간,일,1,1,0,0,서울,서초구,차대사람,차도통행중,운전자법규위반,안전운전 의무 불이행,단일로,기타단일로,승용차,보행자,127.03889273,37.47685159
11703,2016,2016-11-03 03:00,야간,목,1,1,0,0,제주,서귀포시,차대차,진행중 추돌,운전자법규위반,안전운전 의무 불이행,단일로,기타단일로,승용차,승용차,126.58342232,33.26340867
11704,2016,2016-10-31 21:00,야간,월,1,1,0,0,경기,화성시,차대사람,횡단중,운전자법규위반,안전운전 의무 불이행,단일로,기타단일로,승합차,보행자,126.92898031,37.159490500000004
11705,2016,2016-12-09 18:00,야간,금,1,2,1,0,경기,용인시,차대차,측면직각충돌,운전자법규위반,신호위반,교차로,교차로내,승용차,화물차,127.33609606,37.18043975
11706,2016,2016-12-11 01:00,야간,일,1,3,2,0,경기,남양주시,차량단독,전도전복,운전자법규위반,안전운전 의무 불이행,단일로,기타단일로,승용차,없음,127.19220601,37.72533825
11707,2016,2016-12-04 15:00,주간,일,1,1,0,0,충남,아산시,차대사람,횡단중,운전자법규위반,안전운전 의무 불이행,단일로,기타단일로,건설기계,보행자,126.96223140000001,36.818859100000005
11708,2016,2016-12-19 06:00,주간,월,1,1,0,0,제주,제주시,차대사람,횡단중,운전자법규위반,안전운전 의무 불이행,단일로,기타단일로,승용차,보행자,126.51458867,33.50634437
11709,2016,2016-12-20 06:00,주간,화,1,1,0,0,서울,중구,차대사람,횡단중,운전자법규위반,안전운전 의무 불이행,단일로,기타단일로,화물차,보행자,126.97387773,37.56309191
11710,2016,2016-12-12 23:00,야간,월,1,1,0,0,충북,청주시,차대사람,기타,운전자법규위반,안전운전 의무 불이행,단일로,기타단일로,승용차,보행자,127.48006336,36.63614089
11711,2016,2016-12-13 06:00,주간,화,1,1,0,0,충북,충주시,차대사람,횡단중,운전자법규위반,신호위반,교차로,교차로부근,화물차,보행자,127.91661073,36.98243588
11712,2016,2016-12-16 03:00,야간,금,1,1,0,0,경기,과천시,차대차,진행중 추돌,운전자법규위반,안전운전 의무 불이행,교차로,교차로부근,승용차,자전거,126.98066989,37.41136018
11713,2016,2016-12-16 16:00,주간,금,1,1,0,0,경남,창원시(통합),차대사람,횡단중,운전자법규위반,안전운전 의무 불이행,교차로,교차로부근,승용차,보행자,128.51147634,35.24902196
11714,2016,2016-12-19 06:00,주간,월,1,1,0,0,경기,양평군,차대사람,횡단중,운전자법규위반,보행자 보호의무 위반,단일로,횡단보도상,승용차,보행자,127.49445713,37.49002785
11715,2016,2016-12-18 21:00,야간,일,2,3,0,1,강원,삼척시,차대차,측면직각충돌,운전자법규위반,신호위반,교차로,교차로내,승용차,승용차,129.0499342,37.24926284
11716,2016,2016-01-03 02:00,야간,일,1,1,0,0,충남,서산시,차량단독,전도전복,운전자법규위반,안전운전 의무 불이행,단일로,기타단일로,화물차,없음,126.45629022,36.76886353
11717,2016,2016-01-08 14:00,주간,금,1,1,0,0,전북,완주군,차대차,측면직각충돌,운전자법규위반,안전거리 미확보,단일로,기타단일로,원동기장치자전거,화물차,127.21384284,35.85446984
11718,2016,2016-01-06 13:00,주간,수,2,2,0,0,전남,장성군,차대차,측면직각충돌,운전자법규위반,안전운전 의무 불이행,교차로,교차로내,화물차,원동기장치자전거,126.79100486,35.30821245
11719,2016,2016-01-14 16:00,주간,목,1,4,2,1,강원,홍천군,차대차,정면충돌,운전자법규위반,중앙선 침범,단일로,기타단일로,승용차,화물차,127.85674528,37.58978325
11720,2016,2016-01-14 20:00,야간,목,1,1,0,0,경북,경산시,차대사람,횡단중,운전자법규위반,보행자 보호의무 위반,단일로,기타단일로,승용차,보행자,128.76122511,35.95335579
11721,2016,2016-01-13 19:00,야간,수,1,1,0,0,경북,성주군,차량단독,공작물충돌,운전자법규위반,안전운전 의무 불이행,단일로,기타단일로,화물차,없음,128.14842547,35.88115469
11722,2016,2016-01-22 10:00,주간,금,1,2,1,0,강원,삼척시,차대차,진행중 추돌,운전자법규위반,안전운전 의무 불이행,단일로,기타단일로,건설기계,이륜차,129.24300862,37.33665208
11723,2016,2016-01-19 18:00,야간,화,1,1,0,0,경기,고양시,차대사람,횡단중,운전자법규위반,안전운전 의무 불이행,단일로,기타단일로,승합차,보행자,126.74941085,37.67541767
11724,2016,2016-01-23 04:00,야간,토,1,10,5,3,인천,남동구,차대차,진행중 추돌,운전자법규위반,안전운전 의무 불이행,교차로,교차로부근,승용차,화물차,126.70244779,37.46413522
11725,2016,2016-02-02 16:00,주간,화,1,1,0,0,경북,경주시,차대차,진행중 추돌,운전자법규위반,안전운전 의무 불이행,단일로,기타단일로,원동기장치자전거,화물차,129.12504639,35.83407568