,발생년,발생년월일시분,주야,요일,사망자수,사상자수,중상자수,경상자수,발생지시도,발생지시군구,사고유형_대분류,사고유형,법규위반_대분류,법규위반,도로형태_대분류,도로형태,가해자_당사자종별,피해자_당사자종별,경도,위도
11726,2016,2016-02-06 05:00,야간,토,1,1,0,0,서울,관악구,차대차,진행중 추돌,운전자법규위반,중앙선 침범,교차로,교차로부근,이륜차,화물차,126.92312444,37.48984992
11727,2016,2016-02-06 01:00,야간,토,1,1,0,0,세종,세종,차대사람,기타,운전자법규위반,안전운전 의무 불이행,단일로,기타단일로,승용차,보행자,127.30370936,36.59664211
11728,2016,2016-02-05 22:00,야간,금,1,1,0,0,경기,시흥시,차대차,측면직각충돌,운전자법규위반,신호위반,교차로,교차로내,승용차,승합차,126.70521624,37.3327357
11729,2016,2016-02-07 01:00,야간,일,1,1,0,0,전남,순천시,차대사람,횡단중,운전자법규위반,안전운전 의무 불이행,단일로,기타단일로,승합차,보행자,127.53674173,34.9691994
11730,2016,2016-02-05 00:00,야간,금,1,2,0,1,경기,용인시,차대사람,횡단중,운전자법규위반,안전운전 의무 불이행,교차로,교차로부근,승용차,보행자,127.10285829999998,37.33618994
11731,2016,2016-02-05 11:00,주간,금,1,1,0,0,전남,함평군,차대차,진행중 추돌,운전자법규위반,안전운전 의무 불이행,교차로,교차로부근,자전거,화물차,126.54288909999998,35.03137472
11732,2016,2016-02-06 11:00,주간,토,1,1,0,0,경북,김천시,차대차,기타,운전자법규위반,안전운전 의무 불이행,단일로,기타단일로,화물차,자전거,128.11637664,36.12512806
11733,2016,2016-02-05 10:00,주간,금,1,1,0,0,경기,화성시,차대사람,횡단중,운전자법규위반,안전운전 의무 불이행,단일로,기타단일로,승용차,보행자,126.91087221,37.13312584
11734,2016,2016-02-03 18:00,야간,수,1,1,0,0,경북,군위군,차대사람,차도통행중,운전자법규위반,안전운전 의무 불이행,단일로,기타단일로,승용차,보행자,128.66523759999998,36.08764495
11735,2016,2016-02-03 15:00,주간,수,1,1,0,0,경북,고령군,차대차,정면충돌,운전자법규위반,신호위반,교차로,교차로내,원동기장치자전거,건설기계,128.45562732,35.8236835
11736,2016,2016-02-04 14:00,주간,목,1,1,0,0,서울,관악구,차대사람,보도통행중,운전자법규위반,안전운전 의무 불이행,교차로,교차로부근,화물차,보행자,126.96574963,37.47396561
11737,2016,2016-03-22 23:00,야간,화,1,4,0,0,전남,장흥군,차대차,정면충돌,운전자법규위반,중앙선 침범,단일로,기타단일로,승용차,승용차,127.00625842,34.76566772
11738,2016,2016-05-30 21:00,야간,월,1,2,1,0,경기,시흥시,차대사람,기타,운전자법규위반,안전운전 의무 불이행,단일로,기타단일로,화물차,보행자,126.83700459,37.39310124
11739,2016,2016-05-19 03:00,야간,목,1,1,0,0,강원,강릉시,차량단독,공작물충돌,운전자법규위반,과속,단일로,기타단일로,승용차,없음,128.81447581,37.83378235
11740,2016,2016-11-23 23:00,야간,수,2,4,1,1,충남,천안시,차대차,진행중 추돌,운전자법규위반,안전운전 의무 불이행,단일로,기타단일로,화물차,화물차,127.23620262,36.74442834
11741,2016,2016-11-25 00:00,야간,금,1,2,0,1,충북,청주시,차대차,기타,운전자법규위반,안전운전 의무 불이행,단일로,기타단일로,화물차,화물차,127.431532,36.52117446
11742,2016,2016-12-13 23:00,야간,화,1,2,1,0,충남,공주시,차대차,정면충돌,운전자법규위반,안전운전 의무 불이행,단일로,기타단일로,승용차,특수차,127.07960482,36.4290937
11743,2016,2016-08-06 13:00,주간,토,1,9,1,7,경기,남양주시,차대차,기타,운전자법규위반,안전운전 의무 불이행,단일로,기타단일로,승용차,화물차,127.32284724,37.63174159
11744,2016,2016-08-01 10:00,주간,월,1,1,0,0,경북,성주군,차량단독,공작물충돌,운전자법규위반,안전운전 의무 불이행,단일로,기타단일로,승용차,없음,128.25518521,35.91573781
11745,2016,2016-04-26 23:00,야간,화,2,2,0,0,충북,음성군,차대차,진행중 추돌,운전자법규위반,안전운전 의무 불이행,단일로,기타단일로,승용차,화물차,127.47892458,37.00440393
11746,2016,2016-04-07 19:00,야간,목,1,1,0,0,경기,수원시,차대사람,차도통행중,운전자법규위반,안전운전 의무 불이행,단일로,기타단일로,승용차,보행자,127.05043629999999,37.29965843
11747,2016,2016-11-02 07:00,주간,수,1,1,0,0,경기,화성시,차대사람,기타,운전자법규위반,안전운전 의무 불이행,단일로,기타단일로,화물차,보행자,126.88764877,37.26112398
11748,2016,2016-10-06 01:00,야간,목,1,2,0,0,경기,안양시,차대차,진행중 추돌,운전자법규위반,안전운전 의무 불이행,단일로,기타단일로,화물차,화물차,126.93786951,37.377233200000006
11749,2016,2016-01-06 08:00,주간,수,1,3,0,2,서울,영등포구,차대차,측면직각충돌,운전자법규위반,안전운전 의무 불이행,단일로,기타단일로,승용차,승용차,126.89525204,37.54202946
11750,2016,2016-01-05 18:00,야간,화,1,1,0,0,전남,영암군,차대차,진행중 추돌,운전자법규위반,안전운전 의무 불이행,단일로,기타단일로,승용차,원동기장치자전거,126.43575264,34.74382977
11751,2016,2016-01-13 06:00,주간,수,1,1,0,0,전남,장성군,차대사람,횡단중,운전자법규위반,안전거리 미확보,기타/불명,기타/불명,화물차,보행자,126.65399584,35.24437696
11752,2016,2016-01-10 14:00,주간,일,1,1,0,0,충남,부여군,차량단독,전도전복,운전자법규위반,안전운전 의무 불이행,단일로,기타단일로,이륜차,없음,126.94769361,36.22581073
11753,2016,2016-01-10 19:00,야간,일,1,1,0,0,서울,서초구,차대사람,기타,운전자법규위반,안전운전 의무 불이행,단일로,기타단일로,승용차,보행자,127.05962539,37.45729896
11754,2016,2016-01-15 13:00,주간,금,1,1,0,0,부산,금정구,차대차,측면직각충돌,운전자법규위반,교차로 통행방법 위반,교차로,교차로내,이륜차,승합차,129.08749622,35.24385839
11755,2016,2016-01-16 06:00,주간,토,1,1,0,0,경북,안동시,차대사람,횡단중,운전자법규위반,안전운전 의무 불이행,교차로,교차로부근,승용차,보행자,128.72066727,36.56511382
11756,2016,2016-01-15 19:00,야간,금,1,1,0,0,경북,구미시,차대차,진행중 추돌,운전자법규위반,안전운전 의무 불이행,단일로,기타단일로,화물차,화물차,128.28366795,36.24018779
11757,2016,2016-01-25 22:00,야간,월,1,1,0,0,서울,서대문구,차대사람,기타,운전자법규위반,신호위반,단일로,기타단일로,원동기장치자전거,보행자,126.93509451,37.55890171
11758,2016,2016-01-25 15:00,주간,월,1,2,0,1,경기,고양시,차대차,측면직각충돌,운전자법규위반,신호위반,교차로,교차로내,승용차,승용차,126.78861671,37.66382720000001
11759,2016,2016-01-23 02:00,야간,토,1,1,0,0,충남,아산시,차량단독,전도전복,운전자법규위반,안전운전 의무 불이행,교차로,교차로부근,승용차,없음,126.86998697,36.86410975
11760,2016,2016-01-22 06:00,주간,금,1,1,0,0,충남,태안군,차대차,기타,운전자법규위반,신호위반,교차로,교차로내,화물차,승용차,126.26589474,36.759595000000004
11761,2016,2016-01-23 00:00,야간,토,1,1,0,0,서울,영등포구,차대사람,횡단중,운전자법규위반,안전운전 의무 불이행,단일로,횡단보도상,승용차,보행자,126.90146253,37.52638665
11762,2016,2016-02-03 06:00,주간,수,1,1,0,0,경기,안양시,차대사람,횡단중,운전자법규위반,안전운전 의무 불이행,교차로,교차로내,화물차,보행자,126.95558684,37.36720626
11763,2016,2016-02-03 18:00,야간,수,1,1,0,0,경남,고성군,차대사람,횡단중,운전자법규위반,안전운전 의무 불이행,단일로,기타단일로,화물차,보행자,128.37513393,34.96755762
11764,2016,2016-02-04 19:00,야간,목,1,1,0,0,인천,강화군,차대사람,차도통행중,운전자법규위반,안전운전 의무 불이행,단일로,기타단일로,승용차,보행자,126.43622467,37.77232296
11765,2016,2016-02-04 10:00,주간,목,1,1,0,0,경기,수원시,차대사람,기타,운전자법규위반,안전운전 의무 불이행,단일로,기타단일로,화물차,보행자,127.024097,37.29313756
11766,2016,2016-02-11 08:00,주간,목,1,2,0,1,서울,성북구,차대차,측면직각충돌,운전자법규위반,신호위반,교차로,교차로내,원동기장치자전거,승용차,127.01901877,37.60252453
11767,2016,2016-02-12 06:00,주간,금,1,1,0,0,충남,천안시,차대사람,횡단중,운전자법규위반,안전운전 의무 불이행,교차로,교차로부근,승용차,보행자,127.15289295,36.81235677
11768,2016,2016-02-12 14:00,주간,금,1,1,0,0,제주,서귀포시,차대차,기타,운전자법규위반,직진 및 우회전차의 통행방해,교차로,교차로내,승합차,이륜차,126.80567930000001,33.38826511
11769,2016,2016-02-12 01:00,야간,금,1,1,0,0,경기,부천시,차대차,정면충돌,운전자법규위반,안전운전 의무 불이행,교차로,교차로내,승용차,승용차,126.75316713,37.50579351
11770,2016,2016-02-11 16:00,주간,목,1,1,0,0,울산,중구,차대차,측면직각충돌,운전자법규위반,안전운전 의무 불이행,단일로,기타단일로,특수차,이륜차,129.32695126,35.56278292
11771,2016,2016-02-09 19:00,야간,화,1,1,0,0,경기,안산시,차대차,측면직각충돌,운전자법규위반,안전운전 의무 불이행,교차로,교차로부근,이륜차,승용차,126.84303827,37.3035834
11772,2016,2016-04-12 05:00,야간,화,1,5,2,1,경기,시흥시,차대사람,기타,운전자법규위반,과속,단일로,기타단일로,화물차,보행자,126.87148552,37.36851988
11773,2016,2016-04-29 13:00,주간,금,1,2,1,0,충북,영동군,차대사람,기타,운전자법규위반,안전운전 의무 불이행,기타/불명,기타/불명,승용차,보행자,127.89015342,36.21676753
11774,2016,2016-07-28 05:00,야간,목,1,3,1,1,대구,북구,차대차,진행중 추돌,운전자법규위반,안전운전 의무 불이행,단일로,기타단일로,화물차,화물차,128.61303013,35.91522568
11775,2016,2016-12-18 01:00,야간,일,1,5,4,0,경북,구미시,차대차,진행중 추돌,운전자법규위반,안전운전 의무 불이행,단일로,기타단일로,승용차,승용차,128.51514116,36.14322875
11776,2016,2016-12-02 07:00,주간,금,1,2,1,0,인천,연수구,차대차,진행중 추돌,운전자법규위반,안전운전 의무 불이행,고가도로위,고가도로위,승합차,승용차,126.60532458,37.40533889
11777,2016,2016-12-03 14:00,주간,토,1,1,0,0,경기,용인시,차대사람,기타,운전자법규위반,안전운전 의무 불이행,기타/불명,기타/불명,화물차,보행자,127.10562803,37.23599128
11778,2016,2016-08-16 20:00,야간,화,1,10,2,7,경기,광주시,차대차,진행중 추돌,운전자법규위반,안전운전 의무 불이행,단일로,기타단일로,승용차,승용차,127.31530777,37.38486441
11779,2016,2016-09-02 05:00,야간,금,1,2,0,1,경남,김해시,차대차,진행중 추돌,운전자법규위반,안전운전 의무 불이행,단일로,기타단일로,화물차,화물차,128.84380254,35.17724593
11780,2016,2016-07-29 04:00,야간,금,1,1,0,0,충남,논산시,차대차,진행중 추돌,운전자법규위반,안전운전 의무 불이행,단일로,기타단일로,화물차,화물차,127.22410559,36.16130491
11781,2016,2016-09-26 02:00,야간,월,1,2,1,0,충북,청주시,차대차,진행중 추돌,운전자법규위반,안전운전 의무 불이행,단일로,기타단일로,승용차,화물차,127.45301473,36.72999203
11782,2016,2016-09-12 23:00,야간,월,1,1,0,0,인천,서구,차대사람,보도통행중,운전자법규위반,안전운전 의무 불이행,단일로,기타단일로,승용차,보행자,126.67506064,37.48520004
11783,2016,2016-07-10 04:00,야간,일,1,4,1,2,전북,부안군,차대차,진행중 추돌,운전자법규위반,안전운전 의무 불이행,단일로,기타단일로,승용차,승용차,126.74196056,35.68453172
11784,2016,2016-06-28 10:00,주간,화,1,1,0,0,경북,상주시,차대차,진행중 추돌,운전자법규위반,안전운전 의무 불이행,단일로,기타단일로,화물차,승용차,128.20618148,36.44677623
11785,2016,2016-06-06 11:00,주간,월,1,7,1,5,대구,북구,차대차,진행중 추돌,운전자법규위반,안전운전 의무 불이행,단일로,기타단일로,승용차,승합차,128.53571406,35.93634689
11786,2016,2016-01-03 17:00,주간,일,1,1,0,0,충남,금산군,차대차,진행중 추돌,운전자법규위반,안전운전 의무 불이행,단일로,기타단일로,이륜차,농기계,127.36527395,36.14028791
11787,2016,2016-01-04 15:00,주간,월,1,1,0,0,광주,서구,차대차,측면직각충돌,운전자법규위반,안전거리 미확보,단일로,기타단일로,이륜차,화물차,126.85546466,35.11699766
11788,2016,2016-01-03 20:00,야간,일,1,2,1,0,강원,평창군,차대차,정면충돌,운전자법규위반,중앙선 침범,단일로,기타단일로,화물차,승합차,128.69436004,37.65989827
11789,2016,2016-01-01 04:00,야간,금,1,1,0,0,경남,창원시(통합),차량단독,공작물충돌,운전자법규위반,안전운전 의무 불이행,단일로,기타단일로,승용차,없음,128.69943418,35.32164473
11790,2016,2016-01-10 05:00,야간,일,1,3,2,0,전북,익산시,차량단독,공작물충돌,운전자법규위반,안전운전 의무 불이행,단일로,기타단일로,승용차,없음,127.00226318,35.96115995
11791,2016,2016-01-09 16:00,주간,토,1,3,1,1,전남,해남군,차대차,정면충돌,운전자법규위반,중앙선 침범,단일로,기타단일로,화물차,승합차,126.44231307,34.56039164
11792,2016,2016-01-08 13:00,주간,금,1,1,0,0,경남,하동군,차대차,기타,운전자법규위반,안전운전 의무 불이행,교차로,교차로부근,원동기장치자전거,화물차,127.87111714,35.1964408
11793,2016,2016-01-07 07:00,주간,목,1,1,0,0,경남,김해시,차대사람,길가장자리구역통행중,운전자법규위반,안전운전 의무 불이행,단일로,기타단일로,승용차,보행자,128.83367401,35.28041393
11794,2016,2016-01-07 04:00,야간,목,1,1,0,0,대구,수성구,차대차,진행중 추돌,운전자법규위반,안전운전 의무 불이행,단일로,기타단일로,이륜차,승용차,128.61560335,35.83233406
11795,2016,2016-01-14 09:00,주간,목,1,1,0,0,부산,해운대구,차대차,진행중 추돌,운전자법규위반,안전운전 의무 불이행,단일로,기타단일로,화물차,화물차,129.14583097,35.22444865
11796,2016,2016-01-12 04:00,야간,화,1,1,0,0,경기,성남시,차대사람,횡단중,운전자법규위반,신호위반,교차로,교차로부근,승용차,보행자,127.14716259999999,37.44075514
11797,2016,2016-01-12 02:00,야간,화,1,1,0,0,서울,구로구,차대사람,기타,운전자법규위반,안전운전 의무 불이행,지하도로내,지하도로내,승용차,보행자,126.88607095,37.50622555
11798,2016,2016-01-12 09:00,주간,화,1,2,1,0,충남,예산군,차대차,정면충돌,운전자법규위반,중앙선 침범,단일로,기타단일로,화물차,화물차,126.79562903,36.68278776
11799,2016,2016-01-16 16:00,주간,토,1,1,0,0,강원,원주시,차량단독,전도전복,운전자법규위반,안전운전 의무 불이행,단일로,기타단일로,이륜차,없음,127.82697704,37.27255902
11800,2016,2016-01-16 16:00,주간,토,1,1,0,0,경기,광명시,차대차,기타,운전자법규위반,안전거리 미확보,단일로,기타단일로,승용차,이륜차,126.88240159999998,37.46680819
11801,2016,2016-10-24 19:00,야간,월,1,3,1,1,충북,충주시,차대차,정면충돌,운전자법규위반,안전운전 의무 불이행,단일로,기타단일로,화물차,화물차,127.74585359999999,37.04223599
11802,2016,2016-11-16 11:00,주간,수,1,1,0,0,인천,연수구,차대사람,기타,운전자법규위반,안전운전 의무 불이행,단일로,기타단일로,화물차,보행자,126.62631878,37.40915539
11803,2016,2016-03-14 19:00,야간,월,1,3,0,2,경북,상주시,차대차,진행중 추돌,운전자법규위반,안전운전 의무 불이행,단일로,기타단일로,화물차,승용차,128.22625997,36.36698018
11804,2016,2016-03-29 09:00,주간,화,4,19,11,4,전북,임실군,차대차,진행중 추돌,운전자법규위반,안전운전 의무 불이행,단일로,기타단일로,화물차,승합차,127.32570953,35.59152405
11805,2016,2016-12-01 11:00,주간,목,1,3,0,2,경기,고양시,차대차,진행중 추돌,운전자법규위반,안전운전 의무 불이행,단일로,기타단일로,화물차,화물차,126.88259325,37.67401878
11806,2016,2016-12-02 08:00,주간,금,1,4,2,1,인천,남구,차대차,진행중 추돌,운전자법규위반,안전운전 의무 불이행,단일로,기타단일로,화물차,승용차,126.64173683,37.44133841
11807,2016,2016-12-23 04:00,야간,금,1,1,0,0,서울,강동구,차대사람,기타,운전자법규위반,안전운전 의무 불이행,단일로,기타단일로,화물차,보행자,127.18163305,37.54398711
11808,2016,2016-11-21 14:00,주간,월,1,1,0,0,경남,김해시,차량단독,공작물충돌,운전자법규위반,안전운전 의무 불이행,단일로,기타단일로,화물차,없음,128.90584397,35.22740213
11809,2016,2016-12-24 06:00,주간,토,1,1,0,0,경기,안산시,차대차,진행중 추돌,운전자법규위반,안전운전 의무 불이행,단일로,기타단일로,승용차,화물차,126.88161099,37.31954739
11810,2016,2016-01-04 19:00,야간,월,1,1,0,0,충북,청주시,차대사람,횡단중,운전자법규위반,안전운전 의무 불이행,단일로,기타단일로,승용차,보행자,127.38185529,36.62097756
11811,2016,2016-01-01 03:00,야간,금,1,1,0,0,경북,안동시,차량단독,공작물충돌,운전자법규위반,안전운전 의무 불이행,교차로,교차로부근,이륜차,없음,128.72091541,36.566679799999996
11812,2016,2016-01-09 18:00,야간,토,1,1,0,0,서울,서초구,차대사람,기타,운전자법규위반,보행자 보호의무 위반,교차로,교차로부근,승합차,보행자,127.00442782,37.48254387
11813,2016,2016-01-08 01:00,야간,금,1,1,0,0,경기,평택시,차대사람,횡단중,운전자법규위반,안전운전 의무 불이행,단일로,기타단일로,승용차,보행자,126.96879958,37.00696618
11814,2016,2016-01-06 17:00,주간,수,1,1,0,0,충북,청주시,차대차,기타,운전자법규위반,안전운전 의무 불이행,단일로,기타단일로,원동기장치자전거,화물차,127.44195559999999,36.56251433
11815,2016,2016-01-12 14:00,주간,화,1,1,0,0,강원,홍천군,차대차,측면직각충돌,운전자법규위반,안전운전 의무 불이행,교차로,교차로내,화물차,이륜차,127.86958045,37.68165351
11816,2016,2016-01-16 01:00,야간,토,1,1,0,0,전북,익산시,차대사람,횡단중,운전자법규위반,안전운전 의무 불이행,단일로,기타단일로,승용차,보행자,126.98494322,35.95909435
11817,2016,2016-01-14 10:00,주간,목,1,1,0,0,경남,창원시(통합),차대사람,횡단중,운전자법규위반,신호위반,단일로,횡단보도상,승용차,보행자,128.56191029,35.21398427
11818,2016,2016-01-15 11:00,주간,금,1,1,0,0,충북,청주시,차대사람,횡단중,운전자법규위반,안전운전 의무 불이행,교차로,교차로부근,승용차,보행자,127.46879173,36.63514051
11819,2016,2016-01-21 23:00,야간,목,1,1,0,0,부산,강서구,차대사람,차도통행중,운전자법규위반,안전운전 의무 불이행,단일로,기타단일로,승용차,보행자,128.94203409,35.21658974
11820,2016,2016-01-18 16:00,주간,월,1,1,0,0,경남,하동군,차대차,진행중 추돌,운전자법규위반,안전운전 의무 불이행,기타/불명,기타/불명,승용차,농기계,127.6973664,35.10949004
11821,2016,2016-01-18 16:00,주간,월,1,1,0,0,대구,북구,차대차,측면직각충돌,운전자법규위반,신호위반,단일로,횡단보도상,승합차,자전거,128.561296,35.93154712
11822,2016,2016-01-18 15:00,주간,월,1,1,0,0,전북,김제시,차량단독,전도전복,운전자법규위반,안전운전 의무 불이행,단일로,기타단일로,원동기장치자전거,없음,126.99450990000001,35.72177428
11823,2016,2016-02-04 08:00,주간,목,1,5,4,0,경기,용인시,차대차,측면직각충돌,운전자법규위반,중앙선 침범,단일로,기타단일로,승용차,승용차,127.37680027,37.15179696
11824,2016,2016-02-04 23:00,야간,목,1,1,0,0,경기,용인시,차대차,정면충돌,운전자법규위반,안전운전 의무 불이행,단일로,기타단일로,화물차,화물차,127.20740649999999,37.198553600000004
11825,2016,2016-01-08 04:00,야간,금,1,2,0,1,경북,안동시,차대차,진행중 추돌,운전자법규위반,안전운전 의무 불이행,단일로,기타단일로,승용차,화물차,128.61373588,36.50917031
11826,2016,2016-09-06 01:00,야간,화,1,1,0,0,경북,김천시,차대차,진행중 추돌,운전자법규위반,안전운전 의무 불이행,단일로,기타단일로,화물차,특수차,128.27015189,36.10667585
11827,2016,2016-07-21 03:00,야간,목,2,2,0,0,대전,대덕구,차대사람,기타,운전자법규위반,안전운전 의무 불이행,단일로,기타단일로,화물차,보행자,127.41996629,36.40702529
11828,2016,2016-10-13 21:00,야간,목,1,1,0,0,전남,순천시,차대차,진행중 추돌,운전자법규위반,안전운전 의무 불이행,단일로,기타단일로,승용차,화물차,127.47535263,35.004136100000004
11829,2016,2016-07-08 03:00,야간,금,1,1,0,0,인천,남동구,차대사람,차도통행중,운전자법규위반,과속,단일로,기타단일로,승용차,보행자,126.73895490000001,37.43468901
11830,2016,2016-10-19 15:00,주간,수,1,3,0,2,경기,안산시,차대차,진행중 추돌,운전자법규위반,안전운전 의무 불이행,단일로,기타단일로,화물차,화물차,126.89664858,37.30629358
11831,2016,2016-02-19 15:00,주간,금,1,1,0,0,경남,김해시,차대차,진행중 추돌,운전자법규위반,안전운전 의무 불이행,단일로,기타단일로,화물차,화물차,128.87692213,35.170066600000006
11832,2016,2016-03-31 13:00,주간,목,1,1,0,0,충남,논산시,차대차,진행중 추돌,운전자법규위반,안전거리 미확보,단일로,기타단일로,화물차,화물차,127.15047817,36.13964633
11833,2016,2016-02-25 23:00,야간,목,1,2,1,0,경기,이천시,차대차,진행중 추돌,운전자법규위반,안전거리 미확보,단일로,기타단일로,화물차,화물차,127.43392494,37.23444809
11834,2016,2016-04-18 11:00,주간,월,1,2,1,0,충남,당진시,차대차,진행중 추돌,운전자법규위반,안전운전 의무 불이행,단일로,기타단일로,화물차,화물차,126.78014985,36.93546226
11835,2016,2016-10-13 22:00,야간,목,10,19,8,1,울산,울주군,차량단독,기타,운전자법규위반,안전운전 의무 불이행,단일로,기타단일로,승합차,없음,129.13118289,35.57113587
11836,2016,2016-10-30 22:00,야간,일,1,5,0,0,경기,평택시,차대차,기타,운전자법규위반,안전운전 의무 불이행,단일로,기타단일로,화물차,승용차,126.87016601,36.98428156
11837,2016,2016-09-06 17:00,주간,화,1,6,3,2,전남,함평군,차량단독,공작물충돌,운전자법규위반,안전운전 의무 불이행,단일로,기타단일로,승합차,없음,126.58713384,35.06680071
11838,2016,2016-08-09 10:00,주간,화,1,13,7,5,충북,충주시,차대차,진행중 추돌,운전자법규위반,과속,단일로,기타단일로,화물차,승용차,127.74833791,37.0419658
11839,2016,2016-09-14 02:00,야간,수,1,2,0,1,인천,부평구,차대사람,기타,운전자법규위반,안전운전 의무 불이행,단일로,기타단일로,승용차,보행자,126.72770723,37.5238901
11840,2016,2016-07-13 01:00,야간,수,1,2,1,0,경북,구미시,차대차,진행중 추돌,운전자법규위반,안전운전 의무 불이행,기타/불명,기타/불명,화물차,화물차,128.36143374,36.09454425
11841,2015,2015-01-01 05:57,야,목,1,1,0,0,서울,영등포구,차대차,기타,운전자법규위반,안전운전 의무 불이행,단일로,지하차도(도로)내,승용차,건설기계,126.928799,37.51442589
11842,2015,2015-01-01 05:30,야,목,1,1,0,0,울산,남구,차대사람,횡단중,운전자법규위반,안전운전 의무 불이행,교차로,교차로부근,승용차,보행자,129.2561467,35.53875501
11843,2015,2015-01-01 14:30,주,목,1,1,0,0,전북,군산시,차량단독,전도전복,운전자법규위반,안전운전 의무 불이행,기타/불명,기타/불명,농기계,없음,126.77565849999999,35.98631414
11844,2015,2015-01-01 21:00,야,목,1,1,0,0,광주,동구,차대사람,횡단중,운전자법규위반,안전운전 의무 불이행,단일로,횡단보도상,승용차,보행자,126.9313967,35.15696445
11845,2015,2015-01-02 06:50,주,금,1,1,0,0,부산,영도구,차대사람,횡단중,운전자법규위반,안전운전 의무 불이행,단일로,기타단일로,승용차,보행자,129.0656593,35.09256151
11846,2015,2015-01-02 06:34,주,금,1,1,0,0,울산,남구,차대사람,차도통행중,운전자법규위반,안전운전 의무 불이행,교차로,교차로내,승용차,보행자,129.3534236,35.46849521
11847,2015,2015-01-02 11:50,주,금,1,4,1,1,경북,칠곡군,차대차,기타,운전자법규위반,안전운전 의무 불이행,교차로,교차로내,승용차,승용차,128.3879752,36.00603163
11848,2015,2015-01-02 17:50,주,금,1,1,0,0,경기,수원시,차대사람,기타,운전자법규위반,과속,교차로,교차로내,승합차,보행자,126.99145490000001,37.29850929
11849,2015,2015-01-02 17:40,주,금,1,7,0,6,경기,평택시,차대차,주정차중 추돌,운전자법규위반,안전운전 의무 불이행,단일로,기타단일로,화물차,화물차,126.9160884,36.93736221
11850,2015,2015-01-02 20:05,야,금,1,1,0,0,경기,고양시,차대사람,기타,운전자법규위반,안전운전 의무 불이행,단일로,기타단일로,승용차,보행자,126.850374,37.6483652
11851,2015,2015-01-02 21:54,야,금,1,1,0,0,경기,용인시,차대사람,차도통행중,운전자법규위반,안전운전 의무 불이행,단일로,기타단일로,승용차,보행자,127.283854,37.23295323
11852,2015,2015-01-02 21:25,야,금,1,1,0,0,충북,청주시,차대사람,기타,운전자법규위반,안전운전 의무 불이행,단일로,기타단일로,승합차,보행자,127.5283746,36.56416583
11853,2015,2015-01-03 00:58,야,토,2,3,1,0,서울,서대문구,차대사람,기타,운전자법규위반,과속,단일로,기타단일로,승용차,보행자,126.9630803,37.55992824
11854,2015,2015-01-03 04:50,야,토,1,5,3,1,강원,강릉시,차대차,측면충돌,운전자법규위반,신호위반,교차로,교차로내,승용차,화물차,128.8952722,37.75419123
11855,2015,2015-01-03 05:00,야,토,1,1,0,0,충북,증평군,차대사람,차도통행중,운전자법규위반,안전운전 의무 불이행,단일로,기타단일로,승용차,보행자,127.563032,36.78628022
11856,2015,2015-01-03 06:43,주,토,2,2,0,0,인천,부평구,차대사람,횡단중,운전자법규위반,과속,단일로,횡단보도상,승용차,보행자,126.69448100000001,37.47103057
11857,2015,2015-01-03 07:10,주,토,1,3,1,1,경남,남해군,차량단독,공작물충돌,운전자법규위반,안전운전 의무 불이행,단일로,기타단일로,승합차,없음,127.87166090000002,34.94119617
11858,2015,2015-01-03 07:25,주,토,1,1,0,0,대구,북구,차대차,측면충돌,운전자법규위반,신호위반,교차로,교차로내,승용차,자전거,128.523885,35.81805003
11859,2015,2015-01-03 08:10,주,토,1,1,0,0,경남,진주시,차대사람,횡단중,운전자법규위반,안전운전 의무 불이행,단일로,기타단일로,화물차,보행자,128.15444140000002,35.17893841
11860,2015,2015-01-03 11:50,주,토,1,1,0,0,전남,광양시,차량단독,기타,운전자법규위반,안전운전 의무 불이행,단일로,기타단일로,농기계,없음,127.6643903,35.05963748
11861,2015,2015-01-03 12:50,주,토,1,1,0,0,전남,무안군,차대사람,기타,운전자법규위반,안전운전 의무 불이행,단일로,기타단일로,승용차,보행자,126.4223459,34.873369700000005
11862,2015,2015-01-03 15:21,주,토,1,1,0,0,경기,성남시,차량단독,기타,운전자법규위반,안전운전 의무 불이행,기타/불명,기타/불명,승합차,없음,127.15964469999999,37.43783524
11863,2015,2015-01-03 16:50,주,토,1,2,0,1,경기,성남시,차량단독,전도전복,운전자법규위반,안전운전 의무 불이행,단일로,기타단일로,승용차,없음,127.14936680000001,37.36804763
11864,2015,2015-01-03 17:25,주,토,1,2,0,1,전남,장흥군,차대차,정면충돌,운전자법규위반,중앙선 침범,단일로,기타단일로,승용차,승용차,126.94808159999998,34.53994564
11865,2015,2015-01-03 18:20,야,토,1,1,0,0,충남,공주시,차대사람,차도통행중,운전자법규위반,안전운전 의무 불이행,단일로,기타단일로,화물차,보행자,127.25999340000001,36.37271496
11866,2015,2015-01-03 18:55,야,토,1,1,0,0,전북,정읍시,차대사람,보도통행중,운전자법규위반,안전운전 의무 불이행,단일로,기타단일로,화물차,보행자,126.81374109999999,35.65194485
11867,2015,2015-01-04 00:03,야,일,1,1,0,0,서울,관악구,차대사람,횡단중,운전자법규위반,안전운전 의무 불이행,단일로,기타단일로,승합차,보행자,126.9524051,37.48008785