,발생년,발생년월일시분,주야,요일,사망자수,사상자수,중상자수,경상자수,발생지시도,발생지시군구,사고유형_대분류,사고유형,법규위반_대분류,법규위반,도로형태_대분류,도로형태,가해자_당사자종별,피해자_당사자종별,경도,위도
11868,2015,2015-01-04 00:05,야,일,1,1,0,0,전남,신안군,차량단독,기타,운전자법규위반,안전운전 의무 불이행,단일로,기타단일로,승용차,없음,126.1042694,35.09220263
11869,2015,2015-01-04 03:32,야,일,1,1,0,0,인천,계양구,차대사람,차도통행중,운전자법규위반,안전운전 의무 불이행,단일로,기타단일로,건설기계,보행자,126.72208119999999,37.54344019
11870,2015,2015-01-04 05:15,야,일,1,1,0,0,경북,칠곡군,차량단독,공작물충돌,운전자법규위반,안전운전 의무 불이행,교차로,교차로부근,승용차,없음,128.40865520000003,36.05141789
11871,2015,2015-01-04 06:20,주,일,1,1,0,0,충남,천안시,차량단독,공작물충돌,운전자법규위반,안전운전 의무 불이행,단일로,기타단일로,이륜차,없음,127.12839640000001,36.77977579
11872,2015,2015-01-04 07:10,주,일,1,1,0,0,경기,광주시,차대차,진행중 추돌,운전자법규위반,안전운전 의무 불이행,단일로,기타단일로,승용차,건설기계,127.28570970000001,37.38960983
11873,2015,2015-01-04 12:58,주,일,1,2,1,0,세종,세종,차대차,주정차중 추돌,운전자법규위반,안전운전 의무 불이행,단일로,기타단일로,이륜차,승용차,127.2963693,36.58610925
11874,2015,2015-01-04 13:40,주,일,1,1,0,0,충북,충주시,차대차,진행중 추돌,운전자법규위반,안전운전 의무 불이행,단일로,기타단일로,화물차,자전거,127.914672,36.96951422
11875,2015,2015-01-04 13:20,주,일,1,1,0,0,전남,영암군,차량단독,전도전복,운전자법규위반,안전운전 의무 불이행,단일로,기타단일로,원동기장치자전거,없음,126.67530239999999,34.80613152
11876,2015,2015-01-04 15:17,주,일,1,1,0,0,경기,성남시,차대사람,기타,운전자법규위반,안전운전 의무 불이행,교차로,교차로부근,승합차,보행자,127.1656078,37.4390601
11877,2015,2015-01-04 18:55,야,일,1,3,2,0,충남,서산시,차대차,진행중 추돌,운전자법규위반,안전운전 의무 불이행,단일로,기타단일로,화물차,승용차,126.5251226,36.66856645
11878,2015,2015-01-04 18:00,야,일,1,1,0,0,인천,서구,차대사람,횡단중,운전자법규위반,안전운전 의무 불이행,단일로,기타단일로,승용차,보행자,126.6759199,37.52475689999999
11879,2015,2015-01-04 20:52,야,일,1,1,0,0,인천,계양구,차대사람,횡단중,운전자법규위반,안전운전 의무 불이행,교차로,교차로내,화물차,보행자,126.72257890000002,37.53257332
11880,2015,2015-01-04 21:13,야,일,1,1,0,0,전남,목포시,차대사람,기타,운전자법규위반,안전운전 의무 불이행,교차로,교차로부근,원동기장치자전거,보행자,126.40004640000002,34.81428838
11881,2015,2015-01-04 21:30,야,일,1,1,0,0,경북,예천군,차량단독,공작물충돌,운전자법규위반,안전운전 의무 불이행,단일로,기타단일로,이륜차,없음,128.4599977,36.67423129
11882,2015,2015-01-04 22:14,야,일,1,1,0,0,경기,성남시,차대사람,기타,운전자법규위반,안전운전 의무 불이행,교차로,교차로부근,승용차,보행자,127.11058429999999,37.37685899
11883,2015,2015-01-04 23:50,야,일,1,1,0,0,경기,평택시,차대사람,차도통행중,운전자법규위반,안전운전 의무 불이행,단일로,기타단일로,승용차,보행자,127.0635825,37.07822291
11884,2015,2015-01-05 03:39,야,월,1,1,0,0,서울,구로구,차량단독,전도전복,운전자법규위반,안전운전 의무 불이행,단일로,기타단일로,원동기장치자전거,없음,126.84075590000002,37.48452015
11885,2015,2015-01-05 04:40,야,월,1,1,0,0,경북,칠곡군,차량단독,공작물충돌,운전자법규위반,안전운전 의무 불이행,단일로,기타단일로,승용차,없음,128.5566237,35.98391987
11886,2015,2015-01-05 06:05,주,월,1,1,0,0,경기,수원시,차대차,기타,운전자법규위반,안전운전 의무 불이행,단일로,횡단보도상,승용차,화물차,127.0280077,37.27755915
11887,2015,2015-01-05 06:30,주,월,1,1,0,0,전북,전주시,차대사람,보도통행중,운전자법규위반,보행자 보호의무 위반,단일로,기타단일로,승용차,보행자,127.13915379999999,35.83228744
11888,2015,2015-01-05 07:30,주,월,1,4,2,1,경남,창원시(통합),차대사람,기타,운전자법규위반,안전운전 의무 불이행,단일로,기타단일로,승용차,보행자,128.3616898,35.13319716
11889,2015,2015-01-05 09:52,주,월,1,2,1,0,강원,삼척시,차대차,정면충돌,운전자법규위반,중앙선 침범,단일로,기타단일로,승용차,건설기계,128.9453392,37.34845141
11890,2015,2015-01-05 09:40,주,월,1,2,1,0,강원,정선군,차대사람,길가장자리구역통행중,운전자법규위반,안전운전 의무 불이행,단일로,기타단일로,화물차,보행자,128.8939451,37.20450953
11891,2015,2015-01-05 09:25,주,월,1,2,1,0,충남,보령시,차대차,정면충돌,운전자법규위반,과속,교차로,교차로내,건설기계,승용차,126.4841176,36.50942181
11892,2015,2015-01-05 17:55,주,월,1,1,0,0,울산,울주군,차대사람,횡단중,운전자법규위반,보행자 보호의무 위반,교차로,교차로부근,승용차,보행자,129.21646529999998,35.63871055
11893,2015,2015-01-05 18:20,야,월,1,1,0,0,대구,달성군,차대사람,횡단중,운전자법규위반,보행자 보호의무 위반,교차로,교차로부근,건설기계,보행자,128.4931736,35.80558193
11894,2015,2015-01-05 19:10,야,월,1,1,0,0,경기,고양시,차대사람,횡단중,운전자법규위반,안전운전 의무 불이행,단일로,횡단보도상,승합차,보행자,126.8398384,37.62070796
11895,2015,2015-01-05 20:20,야,월,1,1,0,0,서울,구로구,차대사람,기타,운전자법규위반,중앙선 침범,단일로,기타단일로,승용차,보행자,126.84506259999999,37.49649604
11896,2015,2015-01-05 21:38,야,월,1,6,1,4,인천,계양구,차대차,측면충돌,운전자법규위반,교차로 통행방법 위반,교차로,교차로내,승용차,승합차,126.7425876,37.56406994
11897,2015,2015-01-05 23:19,야,월,1,1,0,0,경기,시흥시,차대차,측면충돌,운전자법규위반,안전운전 의무 불이행,교차로,교차로내,승합차,승용차,126.73776129999999,37.36385778
11898,2015,2015-01-05 23:05,야,월,1,1,0,0,충남,서산시,차량단독,공작물충돌,운전자법규위반,안전운전 의무 불이행,단일로,기타단일로,승용차,없음,126.43708640000001,36.77123554
11899,2015,2015-01-06 02:30,야,화,1,1,0,0,제주,제주시,차대사람,횡단중,운전자법규위반,안전운전 의무 불이행,단일로,기타단일로,승용차,보행자,126.4927104,33.48175278
11900,2015,2015-01-06 05:40,야,화,1,1,0,0,서울,용산구,차대사람,기타,운전자법규위반,안전운전 의무 불이행,교차로,교차로내,승용차,보행자,126.97782009999999,37.54820111
11901,2015,2015-01-06 07:00,주,화,1,2,1,0,경기,파주시,차대차,측면충돌,운전자법규위반,안전운전 의무 불이행,단일로,기타단일로,건설기계,화물차,126.7638312,37.86317052
11902,2015,2015-01-06 07:05,주,화,1,1,0,0,경기,안산시,차대차,기타,운전자법규위반,안전운전 의무 불이행,단일로,기타단일로,승용차,자전거,126.80895600000001,37.33866917
11903,2015,2015-01-06 07:00,주,화,1,2,1,0,경북,김천시,차대차,측면충돌,운전자법규위반,안전운전 의무 불이행,교차로,교차로부근,승용차,승용차,128.1694368,36.11035525
11904,2015,2015-01-06 08:50,주,화,1,1,0,0,충남,보령시,차대차,기타,운전자법규위반,안전운전 의무 불이행,단일로,기타단일로,승용차,원동기장치자전거,126.60455859999999,36.30703541
11905,2015,2015-01-06 12:32,주,화,1,5,3,1,서울,성북구,차대차,진행중 추돌,운전자법규위반,안전운전 의무 불이행,단일로,터널안,승합차,화물차,126.99496119999999,37.60999981
11906,2015,2015-01-06 12:10,주,화,1,1,0,0,강원,동해시,차량단독,공작물충돌,운전자법규위반,안전운전 의무 불이행,단일로,기타단일로,승용차,없음,129.1155728,37.55746351
11907,2015,2015-01-06 13:20,주,화,1,1,0,0,경기,광주시,차대사람,횡단중,운전자법규위반,안전운전 의무 불이행,단일로,기타단일로,승용차,보행자,127.2526418,37.41083588
11908,2015,2015-01-06 14:10,주,화,1,1,0,0,경기,하남시,차량단독,전도전복,운전자법규위반,안전운전 의무 불이행,기타/불명,기타/불명,승용차,없음,127.2198007,37.48746933
11909,2015,2015-01-06 15:00,주,화,1,1,0,0,충북,음성군,차대차,기타,운전자법규위반,안전운전 의무 불이행,단일로,기타단일로,화물차,자전거,127.5388828,37.03611118
11910,2015,2015-01-06 15:50,주,화,1,1,0,0,전남,순천시,차대차,기타,운전자법규위반,안전운전 의무 불이행,교차로,교차로부근,화물차,승용차,127.4248692,34.84155591
11911,2015,2015-01-06 16:50,주,화,1,1,0,0,전남,담양군,차량단독,전도전복,운전자법규위반,안전운전 의무 불이행,기타/불명,기타/불명,농기계,없음,127.0160702,35.25340867
11912,2015,2015-01-06 19:19,야,화,1,1,0,0,경기,안산시,차대사람,횡단중,운전자법규위반,안전운전 의무 불이행,단일로,기타단일로,승용차,보행자,126.7604493,37.30274457
11913,2015,2015-01-06 21:08,야,화,1,1,0,0,서울,영등포구,차대사람,횡단중,운전자법규위반,안전운전 의무 불이행,단일로,횡단보도상,승용차,보행자,126.9086183,37.49930101
11914,2015,2015-01-06 23:00,야,화,1,3,0,1,경기,수원시,차대차,측면충돌,운전자법규위반,중앙선 침범,단일로,기타단일로,승용차,화물차,127.04573219999999,37.29572844
11915,2015,2015-01-06 23:45,야,화,2,3,1,0,대전,서구,차대차,정면충돌,운전자법규위반,중앙선 침범,단일로,기타단일로,화물차,승용차,127.40174579999999,36.34223623
11916,2015,2015-01-07 06:50,주,수,1,1,0,0,충남,천안시,차대사람,횡단중,운전자법규위반,보행자 보호의무 위반,단일로,기타단일로,화물차,보행자,127.1231202,36.82052357
11917,2015,2015-01-07 06:25,주,수,1,1,0,0,전남,광양시,차대사람,횡단중,운전자법규위반,안전운전 의무 불이행,교차로,교차로내,승용차,보행자,127.6061229,34.96508269
11918,2015,2015-01-07 06:30,주,수,1,1,0,0,대구,달성군,차대사람,횡단중,운전자법규위반,안전운전 의무 불이행,단일로,기타단일로,승용차,보행자,128.3988588,35.75982905
11919,2015,2015-01-07 07:07,주,수,1,1,0,0,대전,동구,차대사람,횡단중,운전자법규위반,안전운전 의무 불이행,단일로,횡단보도부근,승용차,보행자,127.42989159999999,36.3458532
11920,2015,2015-01-07 08:30,주,수,1,1,0,0,전남,목포시,차대사람,기타,운전자법규위반,안전운전 의무 불이행,단일로,기타단일로,화물차,보행자,126.3736842,34.80800573
11921,2015,2015-01-07 09:20,주,수,1,1,0,0,전북,익산시,차대사람,길가장자리구역통행중,운전자법규위반,안전운전 의무 불이행,단일로,기타단일로,화물차,보행자,126.9284055,35.91614901
11922,2015,2015-01-07 11:25,주,수,1,1,0,0,강원,원주시,차량단독,공작물충돌,운전자법규위반,안전운전 의무 불이행,단일로,기타단일로,승용차,없음,128.0461833,37.20916675
11923,2015,2015-01-07 12:50,주,수,2,3,0,1,충북,음성군,차대차,기타,운전자법규위반,중앙선 침범,단일로,기타단일로,승용차,화물차,127.49910159999999,36.94013171
11924,2015,2015-01-07 14:05,주,수,1,1,0,0,전북,전주시,차대사람,차도통행중,운전자법규위반,안전운전 의무 불이행,단일로,기타단일로,승합차,보행자,127.1445804,35.82453169
11925,2015,2015-01-07 16:50,주,수,1,8,7,0,경기,고양시,차대차,측면충돌,운전자법규위반,교차로 통행방법 위반,교차로,교차로내,화물차,승용차,126.85778470000001,37.62632316
11926,2015,2015-01-07 21:40,야,수,1,1,0,0,서울,서초구,차대사람,횡단중,운전자법규위반,보행자 보호의무 위반,교차로,교차로부근,승합차,보행자,126.9824632,37.4857036
11927,2015,2015-01-07 23:50,야,수,1,5,1,3,경기,양주시,차대차,진행중 추돌,운전자법규위반,안전운전 의무 불이행,교차로,교차로내,승합차,승합차,126.9877389,37.79042332
11928,2015,2015-01-07 23:30,야,수,1,1,0,0,충북,충주시,차량단독,도로이탈 기타,운전자법규위반,안전운전 의무 불이행,단일로,기타단일로,승용차,없음,127.995675,36.84453528
11929,2015,2015-01-08 00:00,야,목,1,1,0,0,충남,태안군,차량단독,공작물충돌,운전자법규위반,안전운전 의무 불이행,단일로,기타단일로,승용차,없음,126.3052868,36.74429429
11930,2015,2015-01-08 06:14,주,목,1,1,0,0,경기,성남시,차대사람,횡단중,운전자법규위반,안전운전 의무 불이행,교차로,교차로부근,승합차,보행자,127.16599550000001,37.43829503
11931,2015,2015-01-08 06:30,주,목,1,1,0,0,전남,곡성군,차대차,진행중 추돌,운전자법규위반,안전운전 의무 불이행,단일로,기타단일로,특수차,화물차,127.14851509999998,35.25964573
11932,2015,2015-01-08 08:20,주,목,1,1,0,0,전남,담양군,차대차,기타,운전자법규위반,중앙선 침범,단일로,기타단일로,승용차,건설기계,127.04812749999999,35.28455993
11933,2015,2015-01-08 09:46,주,목,1,2,0,0,경기,안양시,차대사람,횡단중,운전자법규위반,안전운전 의무 불이행,교차로,교차로내,승용차,보행자,126.9245647,37.393713
11934,2015,2015-01-08 11:50,주,목,1,1,0,0,경북,영양군,차량단독,전도전복,운전자법규위반,안전운전 의무 불이행,단일로,기타단일로,건설기계,없음,129.0290793,36.59237601
11935,2015,2015-01-08 15:15,주,목,1,3,1,1,전남,보성군,차대차,측면충돌,운전자법규위반,안전운전 의무 불이행,교차로,교차로내,원동기장치자전거,화물차,127.34636110000001,34.83435813
11936,2015,2015-01-08 18:10,야,목,1,1,0,0,강원,평창군,차대사람,횡단중,운전자법규위반,안전운전 의무 불이행,단일로,기타단일로,승용차,보행자,128.7013645,37.6731482
11937,2015,2015-01-09 06:00,주,금,1,1,0,0,충북,청주시,차대사람,기타,운전자법규위반,안전운전 의무 불이행,단일로,기타단일로,화물차,보행자,127.4627699,36.643333399999996
11938,2015,2015-01-09 07:49,주,금,1,1,0,0,부산,연제구,차대차,측면충돌,운전자법규위반,안전운전 의무 불이행,단일로,기타단일로,원동기장치자전거,승합차,129.07738510000001,35.18752003
11939,2015,2015-01-09 09:01,주,금,1,1,0,0,전남,무안군,차대차,기타,운전자법규위반,안전운전 의무 불이행,단일로,기타단일로,승용차,승합차,126.46856470000002,34.97898145
11940,2015,2015-01-09 09:55,주,금,1,1,0,0,인천,계양구,차대차,측면충돌,운전자법규위반,신호위반,교차로,교차로내,승합차,원동기장치자전거,126.6947507,37.52491474
11941,2015,2015-01-09 17:50,주,금,1,1,0,0,경남,함양군,차량단독,공작물충돌,운전자법규위반,안전운전 의무 불이행,단일로,기타단일로,화물차,없음,127.69070049999999,35.48240708
11942,2015,2015-01-09 18:27,야,금,1,1,0,0,경기,고양시,차대차,진행중 추돌,운전자법규위반,안전운전 의무 불이행,교차로,교차로내,승합차,이륜차,126.90123500000001,37.71500798
11943,2015,2015-01-09 20:40,야,금,1,1,0,0,서울,중구,차대사람,횡단중,운전자법규위반,안전운전 의무 불이행,교차로,교차로내,승용차,보행자,126.9958365,37.56423328
11944,2015,2015-01-09 22:03,야,금,1,1,0,0,인천,계양구,차대사람,횡단중,운전자법규위반,안전운전 의무 불이행,단일로,기타단일로,승용차,보행자,126.7198367,37.54374085
11945,2015,2015-01-10 01:40,야,토,1,1,0,0,경기,가평군,차량단독,공작물충돌,운전자법규위반,안전운전 의무 불이행,단일로,기타단일로,승합차,없음,127.40171540000001,37.71856053
11946,2015,2015-01-10 01:10,야,토,1,1,0,0,충북,청주시,차대사람,횡단중,운전자법규위반,안전운전 의무 불이행,단일로,기타단일로,승용차,보행자,127.46749390000001,36.66233831
11947,2015,2015-01-10 01:17,야,토,1,1,0,0,대구,수성구,차량단독,공작물충돌,운전자법규위반,안전운전 의무 불이행,단일로,기타단일로,원동기장치자전거,없음,128.6376557,35.82065582
11948,2015,2015-01-10 02:45,야,토,1,1,0,0,서울,송파구,차대사람,횡단중,운전자법규위반,안전운전 의무 불이행,교차로,교차로내,승용차,보행자,127.10024650000001,37.51340898
11949,2015,2015-01-10 03:52,야,토,1,1,0,0,서울,구로구,차대사람,횡단중,운전자법규위반,과속,교차로,교차로부근,승용차,보행자,126.87774509999998,37.50468574
11950,2015,2015-01-10 04:11,야,토,1,2,1,0,광주,남구,차량단독,공작물충돌,운전자법규위반,안전운전 의무 불이행,단일로,기타단일로,화물차,없음,126.87258130000001,35.11380705
11951,2015,2015-01-10 11:55,주,토,1,1,0,0,경북,의성군,차대사람,횡단중,운전자법규위반,안전운전 의무 불이행,교차로,교차로내,화물차,보행자,128.6414054,36.32228469
11952,2015,2015-01-10 13:10,주,토,1,3,1,1,충남,천안시,차대차,정면충돌,운전자법규위반,중앙선 침범,단일로,기타단일로,승용차,승용차,127.3340739,36.76899907
11953,2015,2015-01-10 19:00,야,토,1,1,0,0,광주,서구,차대사람,차도통행중,운전자법규위반,안전운전 의무 불이행,단일로,기타단일로,승용차,보행자,126.9016585,35.15473829
11954,2015,2015-01-10 21:50,야,토,1,1,0,0,서울,성동구,차대사람,횡단중,운전자법규위반,안전운전 의무 불이행,단일로,기타단일로,승용차,보행자,127.034594,37.54078605
11955,2015,2015-01-11 01:35,야,일,1,2,0,0,경기,용인시,차량단독,도로이탈 추락,운전자법규위반,안전운전 의무 불이행,단일로,기타단일로,승용차,없음,127.1033082,37.33436164
11956,2015,2015-01-11 02:30,야,일,1,1,0,0,서울,성북구,차대차,주정차중 추돌,운전자법규위반,안전운전 의무 불이행,단일로,기타단일로,이륜차,승합차,127.05511170000001,37.61256826
11957,2015,2015-01-11 03:25,야,일,1,5,1,3,경기,성남시,차대차,주정차중 추돌,운전자법규위반,안전운전 의무 불이행,단일로,기타단일로,승용차,특수차,127.07075139999999,37.42959576
11958,2015,2015-01-11 05:50,야,일,1,1,0,0,경기,이천시,차대사람,길가장자리구역통행중,운전자법규위반,안전운전 의무 불이행,단일로,기타단일로,승용차,보행자,127.38435159999999,37.30273629999999
11959,2015,2015-01-11 06:47,주,일,1,1,0,0,경남,고성군,차대사람,횡단중,운전자법규위반,안전운전 의무 불이행,교차로,교차로내,승합차,보행자,128.46347749999998,35.04983612
11960,2015,2015-01-11 07:30,주,일,1,1,0,0,대전,유성구,차량단독,공작물충돌,운전자법규위반,안전운전 의무 불이행,단일로,기타단일로,승합차,없음,127.3801243,36.40937199
11961,2015,2015-01-11 08:55,주,일,1,1,0,0,경남,거창군,차량단독,전도전복,운전자법규위반,안전운전 의무 불이행,단일로,기타단일로,승용차,없음,127.8519558,35.72190111
11962,2015,2015-01-11 09:00,주,일,2,5,0,3,충남,당진시,차대차,정면충돌,운전자법규위반,중앙선 침범,단일로,기타단일로,승합차,승용차,126.70938490000002,36.80248276
11963,2015,2015-01-11 13:30,주,일,1,1,0,0,경북,고령군,차량단독,공작물충돌,운전자법규위반,안전운전 의무 불이행,단일로,기타단일로,화물차,없음,128.3713418,35.76019383
11964,2015,2015-01-11 17:10,주,일,1,5,3,1,강원,영월군,차대차,측면충돌,운전자법규위반,안전운전 의무 불이행,단일로,기타단일로,승용차,승용차,128.46061640000002,37.19338869
11965,2015,2015-01-11 18:20,야,일,1,1,0,0,울산,울주군,차대사람,횡단중,운전자법규위반,안전운전 의무 불이행,단일로,기타단일로,승용차,보행자,129.1773727,35.45186807
11966,2015,2015-01-11 19:20,야,일,1,1,0,0,경기,안양시,차대사람,차도통행중,운전자법규위반,안전운전 의무 불이행,단일로,기타단일로,승합차,보행자,126.94734440000002,37.38852159
11967,2015,2015-01-11 22:12,야,일,2,5,1,2,강원,태백시,차대차,정면충돌,운전자법규위반,중앙선 침범,단일로,기타단일로,승용차,승용차,129.0369785,37.09582738
11968,2015,2015-01-12 02:10,야,월,1,1,0,0,울산,남구,차대사람,횡단중,운전자법규위반,안전운전 의무 불이행,단일로,기타단일로,승합차,보행자,129.2690364,35.553631
11969,2015,2015-01-12 06:10,주,월,1,5,0,3,인천,남동구,차대사람,횡단중,운전자법규위반,신호위반,교차로,교차로부근,승용차,보행자,126.7075406,37.44980196
11970,2015,2015-01-12 13:50,주,월,1,1,0,0,전남,여수시,차량단독,전도전복,운전자법규위반,안전운전 의무 불이행,단일로,기타단일로,농기계,없음,127.5604507,34.65920592
11971,2015,2015-01-12 18:22,야,월,1,1,0,0,전남,순천시,차대사람,기타,운전자법규위반,과속,교차로,교차로부근,승용차,보행자,127.46831840000002,34.88611313
11972,2015,2015-01-12 18:40,야,월,1,1,0,0,대구,중구,차량단독,공작물충돌,운전자법규위반,안전운전 의무 불이행,단일로,기타단일로,이륜차,없음,128.58755459999998,35.87259001
11973,2015,2015-01-12 19:55,야,월,1,1,0,0,충북,진천군,차대사람,기타,운전자법규위반,안전운전 의무 불이행,단일로,기타단일로,화물차,보행자,127.4451596,36.99184414
11974,2015,2015-01-12 19:38,야,월,1,1,0,0,제주,서귀포시,차대사람,횡단중,운전자법규위반,안전운전 의무 불이행,단일로,기타단일로,승용차,보행자,126.8927317,33.44408644
11975,2015,2015-01-12 21:25,야,월,1,1,0,0,경기,남양주시,차대차,주정차중 추돌,운전자법규위반,안전운전 의무 불이행,단일로,기타단일로,화물차,화물차,127.13484809999999,37.67819717
11976,2015,2015-01-12 21:28,야,월,1,1,0,0,경기,안양시,차대사람,횡단중,운전자법규위반,안전운전 의무 불이행,단일로,기타단일로,승용차,보행자,126.9139692,37.41674501
11977,2015,2015-01-13 01:00,야,화,1,2,0,1,경북,영천시,차대차,진행중 추돌,운전자법규위반,안전운전 의무 불이행,단일로,기타단일로,화물차,화물차,128.94646840000001,35.92222813
11978,2015,2015-01-13 05:20,야,화,1,1,0,0,경기,평택시,차대사람,횡단중,운전자법규위반,안전운전 의무 불이행,교차로,교차로부근,승합차,보행자,126.91448319999999,36.9519486
11979,2015,2015-01-13 08:40,주,화,1,1,0,0,서울,관악구,차대차,주정차중 추돌,운전자법규위반,안전운전 의무 불이행,교차로,교차로부근,원동기장치자전거,승합차,126.94347040000001,37.48306565
11980,2015,2015-01-13 08:00,주,화,1,2,1,0,충북,괴산군,차대차,측면충돌,운전자법규위반,중앙선 침범,단일로,기타단일로,승용차,특수차,127.73386440000002,36.86530601
11981,2015,2015-01-13 09:20,주,화,1,1,0,0,경북,경주시,차대차,기타,운전자법규위반,안전운전 의무 불이행,단일로,기타단일로,원동기장치자전거,화물차,129.3032502,35.77237806
11982,2015,2015-01-13 09:40,주,화,1,9,5,3,울산,남구,차대차,주정차중 추돌,운전자법규위반,안전운전 의무 불이행,교차로,교차로부근,화물차,화물차,129.3004628,35.51845722
11983,2015,2015-01-13 11:05,주,화,1,1,0,0,경북,고령군,차량단독,공작물충돌,운전자법규위반,안전운전 의무 불이행,단일로,기타단일로,이륜차,없음,128.2802815,35.77141287
11984,2015,2015-01-13 12:15,주,화,1,2,0,0,충북,괴산군,차대차,측면충돌,운전자법규위반,중앙선 침범,단일로,기타단일로,특수차,화물차,127.7348311,36.72269121
11985,2015,2015-01-13 16:15,주,화,1,3,2,0,충북,옥천군,차량단독,전도전복,운전자법규위반,안전운전 의무 불이행,단일로,기타단일로,화물차,없음,127.7625175,36.33377525
11986,2015,2015-01-13 17:59,주,화,1,1,0,0,경기,군포시,차대사람,횡단중,운전자법규위반,안전운전 의무 불이행,단일로,기타단일로,승합차,보행자,126.9409277,37.37638598
11987,2015,2015-01-13 18:50,야,화,1,1,0,0,전남,순천시,차대사람,횡단중,운전자법규위반,안전운전 의무 불이행,교차로,교차로내,화물차,보행자,127.45961340000001,35.01886996
11988,2015,2015-01-13 18:45,야,화,1,1,0,0,경북,경주시,차대차,기타,운전자법규위반,안전운전 의무 불이행,교차로,교차로부근,화물차,자전거,129.2155075,35.84445639
11989,2015,2015-01-13 19:45,야,화,2,5,3,0,전북,순창군,차대차,측면충돌,운전자법규위반,신호위반,교차로,교차로내,승용차,화물차,127.14921909999998,35.37164687
11990,2015,2015-01-13 23:30,야,화,1,1,0,0,경기,양주시,차량단독,공작물충돌,운전자법규위반,안전운전 의무 불이행,단일로,기타단일로,승용차,없음,127.0754455,37.79968602
11991,2015,2015-01-13 23:20,야,화,1,1,0,0,전남,해남군,차대차,주정차중 추돌,운전자법규위반,안전운전 의무 불이행,기타/불명,기타/불명,이륜차,화물차,126.49825049999998,34.62322888
11992,2015,2015-01-14 01:45,야,수,1,1,0,0,전남,여수시,차대차,정면충돌,운전자법규위반,중앙선 침범,단일로,기타단일로,승용차,승용차,127.6470895,34.77377614
11993,2015,2015-01-14 01:00,야,수,1,2,1,0,전남,장흥군,차량단독,공작물충돌,운전자법규위반,안전운전 의무 불이행,교차로,교차로내,승용차,없음,126.9803502,34.53995195
11994,2015,2015-01-14 03:13,야,수,1,1,0,0,전남,여수시,차대사람,차도통행중,운전자법규위반,안전운전 의무 불이행,단일로,기타단일로,승용차,보행자,127.66311200000001,34.78539224
11995,2015,2015-01-14 04:35,야,수,1,1,0,0,서울,강동구,차대차,측면충돌,운전자법규위반,차로위반(진로변경 위반),교차로,교차로부근,원동기장치자전거,화물차,127.12857369999999,37.52388511
11996,2015,2015-01-14 05:30,야,수,1,2,1,0,강원,동해시,차량단독,공작물충돌,운전자법규위반,과속,단일로,기타단일로,승용차,없음,129.1192976,37.53026632
11997,2015,2015-01-14 06:21,주,수,1,1,0,0,부산,사상구,차대사람,횡단중,운전자법규위반,안전운전 의무 불이행,교차로,교차로내,승용차,보행자,128.9767917,35.16965641
11998,2015,2015-01-14 06:50,주,수,1,2,0,1,경기,용인시,차대사람,횡단중,운전자법규위반,안전운전 의무 불이행,단일로,기타단일로,승용차,보행자,127.19879479999999,37.23324518
11999,2015,2015-01-14 06:55,주,수,1,1,0,0,대전,유성구,차대사람,횡단중,운전자법규위반,안전운전 의무 불이행,단일로,기타단일로,승용차,보행자,127.33058840000001,36.35472402
12000,2015,2015-01-14 14:00,주,수,1,1,0,0,경남,김해시,차대차,주정차중 추돌,운전자법규위반,안전운전 의무 불이행,교차로,교차로부근,화물차,승용차,128.7669258,35.27860694
12001,2015,2015-01-14 17:35,주,수,1,1,0,0,강원,홍천군,차량단독,전도전복,운전자법규위반,안전운전 의무 불이행,단일로,기타단일로,화물차,없음,128.18237539999998,37.81781676
12002,2015,2015-01-14 18:20,야,수,1,1,0,0,전남,광양시,차대사람,횡단중,운전자법규위반,보행자 보호의무 위반,단일로,횡단보도상,승용차,보행자,127.68909369999999,34.93384442
12003,2015,2015-01-14 19:23,야,수,1,1,0,0,강원,평창군,차대사람,횡단중,운전자법규위반,안전운전 의무 불이행,단일로,기타단일로,화물차,보행자,128.5484184,37.62452157
12004,2015,2015-01-14 19:30,야,수,1,1,0,0,전남,여수시,차대사람,횡단중,운전자법규위반,안전운전 의무 불이행,단일로,기타단일로,승용차,보행자,127.6749185,34.75520781
12005,2015,2015-01-15 04:21,야,목,1,2,1,0,경북,경산시,차대차,주정차중 추돌,운전자법규위반,안전운전 의무 불이행,단일로,기타단일로,화물차,화물차,128.7884789,35.87679635
12006,2015,2015-01-15 06:35,주,목,1,2,0,1,경기,화성시,차대차,기타,운전자법규위반,안전운전 의무 불이행,단일로,기타단일로,화물차,건설기계,126.8971186,37.2770911
12007,2015,2015-01-15 06:15,주,목,1,2,1,0,세종,세종,차량단독,전도전복,운전자법규위반,안전운전 의무 불이행,단일로,기타단일로,승용차,없음,127.37218390000001,36.53128569
12008,2015,2015-01-15 14:18,주,목,1,1,0,0,충남,태안군,차량단독,공작물충돌,운전자법규위반,안전운전 의무 불이행,단일로,기타단일로,승용차,없음,126.33902340000002,36.75919531