,발생년,발생년월일시분,주야,요일,사망자수,사상자수,중상자수,경상자수,발생지시도,발생지시군구,사고유형_대분류,사고유형,법규위반_대분류,법규위반,도로형태_대분류,도로형태,가해자_당사자종별,피해자_당사자종별,경도,위도
12152,2015,2015-01-26 19:30,야,월,1,1,0,0,대구,달서구,차대사람,기타,운전자법규위반,안전운전 의무 불이행,단일로,기타단일로,승용차,보행자,128.50488529999998,35.852276399999994
12153,2015,2015-01-26 22:10,야,월,1,1,0,0,세종,세종,차대차,주정차중 추돌,운전자법규위반,안전운전 의무 불이행,단일로,기타단일로,승용차,승용차,127.2476258,36.66298587
12154,2015,2015-01-26 23:05,야,월,1,1,0,0,경북,포항시,차대사람,횡단중,운전자법규위반,안전운전 의무 불이행,교차로,교차로내,승용차,보행자,129.4097693,35.97603068
12155,2015,2015-01-27 01:00,야,화,1,1,0,0,전북,전주시,차량단독,공작물충돌,운전자법규위반,안전운전 의무 불이행,교차로,교차로내,승용차,없음,127.16931890000001,35.83635936
12156,2015,2015-01-27 04:40,야,화,1,2,0,1,서울,동대문구,차량단독,공작물충돌,운전자법규위반,안전운전 의무 불이행,단일로,기타단일로,이륜차,없음,127.06456899999999,37.56983377
12157,2015,2015-01-27 07:00,주,화,1,1,0,0,전북,전주시,차대사람,횡단중,운전자법규위반,안전운전 의무 불이행,단일로,기타단일로,승용차,보행자,127.0733986,35.87142725
12158,2015,2015-01-27 08:40,주,화,3,4,1,0,전남,순천시,차량단독,전도전복,운전자법규위반,안전운전 의무 불이행,단일로,기타단일로,화물차,없음,127.5120905,35.02083827
12159,2015,2015-01-27 19:42,야,화,1,1,0,0,전남,순천시,차대사람,기타,운전자법규위반,안전운전 의무 불이행,교차로,교차로내,승용차,보행자,127.48225249999999,34.97398293
12160,2015,2015-01-27 20:10,야,화,1,1,0,0,경남,진주시,차대사람,길가장자리구역통행중,운전자법규위반,안전운전 의무 불이행,단일로,기타단일로,승용차,보행자,128.25285259999998,35.18944847
12161,2015,2015-01-27 20:30,야,화,1,1,0,0,경남,합천군,차대차,진행중 추돌,운전자법규위반,안전운전 의무 불이행,단일로,기타단일로,화물차,화물차,128.1930743,35.60711291
12162,2015,2015-01-27 23:30,야,화,1,1,0,0,충남,천안시,차대사람,기타,운전자법규위반,안전운전 의무 불이행,단일로,기타단일로,승합차,보행자,127.195201,36.86703833
12163,2015,2015-01-27 23:15,야,화,1,1,0,0,경남,진주시,차대사람,횡단중,운전자법규위반,안전운전 의무 불이행,교차로,교차로부근,승용차,보행자,128.0620699,35.17125089
12164,2015,2015-01-28 00:56,야,수,1,1,0,0,충남,보령시,차대사람,횡단중,운전자법규위반,안전운전 의무 불이행,교차로,교차로부근,승용차,보행자,126.60153670000001,36.34614736
12165,2015,2015-01-28 06:55,주,수,1,1,0,0,울산,울주군,차대사람,횡단중,운전자법규위반,안전운전 의무 불이행,교차로,교차로부근,승용차,보행자,129.1915677,35.70128558
12166,2015,2015-01-28 07:05,주,수,1,1,0,0,서울,성북구,차대사람,차도통행중,운전자법규위반,안전운전 의무 불이행,단일로,기타단일로,승용차,보행자,127.05785470000001,37.61566026
12167,2015,2015-01-28 16:15,주,수,1,1,0,0,서울,성북구,차대사람,횡단중,운전자법규위반,안전운전 의무 불이행,단일로,기타단일로,승합차,보행자,127.05687490000001,37.61654891
12168,2015,2015-01-28 18:45,야,수,1,3,2,0,제주,서귀포시,차대차,기타,운전자법규위반,직진 및 우회전차의 통행방해,교차로,교차로내,승합차,농기계,126.43074650000001,33.23843596
12169,2015,2015-01-28 18:40,야,수,1,1,0,0,광주,북구,차대차,기타,운전자법규위반,안전운전 의무 불이행,단일로,기타단일로,이륜차,화물차,126.91976319999999,35.16556565
12170,2015,2015-01-28 19:03,야,수,1,1,0,0,경남,밀양시,차량단독,공작물충돌,운전자법규위반,안전운전 의무 불이행,단일로,기타단일로,화물차,없음,128.67078909999998,35.41857085
12171,2015,2015-01-28 20:57,야,수,1,1,0,0,경기,화성시,차대사람,차도통행중,운전자법규위반,안전운전 의무 불이행,단일로,기타단일로,승합차,보행자,126.83055829999999,37.07897545
12172,2015,2015-01-29 01:24,야,목,1,2,1,0,전남,장성군,차대차,정면충돌,운전자법규위반,중앙선 침범,단일로,기타단일로,승용차,승용차,126.7934866,35.27832735
12173,2015,2015-01-29 02:52,야,목,1,1,0,0,서울,구로구,차대차,주정차중 추돌,운전자법규위반,안전운전 의무 불이행,단일로,기타단일로,승용차,화물차,126.84493810000001,37.50427401
12174,2015,2015-01-29 07:15,주,목,1,2,0,1,경기,이천시,차대차,기타,운전자법규위반,신호위반,교차로,교차로내,승용차,승용차,127.4248496,37.22315706
12175,2015,2015-01-29 07:45,주,목,1,1,0,0,경북,포항시,차량단독,도로이탈 추락,운전자법규위반,안전운전 의무 불이행,단일로,고가도로위,승용차,없음,129.4544544,35.98965269
12176,2015,2015-01-29 11:27,주,목,1,2,0,1,서울,동대문구,차대차,주정차중 추돌,운전자법규위반,안전운전 의무 불이행,교차로,교차로부근,승용차,승용차,127.0571679,37.57095095
12177,2015,2015-01-29 11:25,주,목,1,1,0,0,제주,제주시,차량단독,공작물충돌,운전자법규위반,안전운전 의무 불이행,단일로,기타단일로,이륜차,없음,126.6638574,33.54196652
12178,2015,2015-01-29 13:25,주,목,1,2,0,0,전남,함평군,차대사람,차도통행중,운전자법규위반,중앙선 침범,단일로,기타단일로,화물차,보행자,126.6051375,35.13447158
12179,2015,2015-01-29 17:30,주,목,1,1,0,0,제주,제주시,차량단독,공작물충돌,운전자법규위반,안전운전 의무 불이행,단일로,기타단일로,승용차,없음,126.6166655,33.42057337
12180,2015,2015-01-29 18:45,야,목,1,1,0,0,경남,하동군,차대차,주정차중 추돌,운전자법규위반,안전운전 의무 불이행,단일로,기타단일로,화물차,화물차,127.8072405,34.99779831
12181,2015,2015-01-29 18:05,야,목,1,1,0,0,제주,제주시,차대사람,기타,운전자법규위반,보행자 보호의무 위반,단일로,횡단보도상,승용차,보행자,126.52673130000001,33.51648676
12182,2015,2015-01-29 19:00,야,목,1,4,3,0,전남,강진군,차대차,정면충돌,운전자법규위반,중앙선 침범,단일로,기타단일로,승용차,승용차,126.7137863,34.57624811
12183,2015,2015-01-29 20:40,야,목,1,2,1,0,서울,광진구,차대차,기타,운전자법규위반,신호위반,교차로,교차로내,승용차,승합차,127.10791189999999,37.54922754
12184,2015,2015-01-29 20:40,야,목,1,1,0,0,경기,부천시,차대사람,횡단중,운전자법규위반,보행자 보호의무 위반,교차로,교차로내,승합차,보행자,126.76328090000001,37.51511384
12185,2015,2015-01-29 20:20,야,목,1,1,0,0,경기,수원시,차대사람,횡단중,운전자법규위반,안전운전 의무 불이행,교차로,교차로내,승합차,보행자,127.0576507,37.24879292
12186,2015,2015-01-29 23:55,야,목,1,1,0,0,전남,순천시,차대차,진행중 추돌,운전자법규위반,안전운전 의무 불이행,교차로,교차로부근,승용차,이륜차,127.52150220000001,34.96277358
12187,2015,2015-01-30 01:00,야,금,1,1,0,0,대전,유성구,차대사람,횡단중,운전자법규위반,과속,교차로,교차로내,승용차,보행자,127.3419447,36.35519936
12188,2015,2015-01-30 02:00,야,금,1,1,0,0,부산,중구,차대사람,횡단중,운전자법규위반,안전운전 의무 불이행,단일로,횡단보도상,승용차,보행자,129.0316144,35.10280605
12189,2015,2015-01-30 03:45,야,금,1,2,1,0,경기,광명시,차대사람,기타,운전자법규위반,안전운전 의무 불이행,단일로,기타단일로,승용차,보행자,126.86194820000001,37.43580993
12190,2015,2015-01-30 06:50,주,금,1,1,0,0,경남,창원시(통합),차대사람,횡단중,운전자법규위반,안전운전 의무 불이행,단일로,기타단일로,승용차,보행자,128.66457659999998,35.20907291
12191,2015,2015-01-30 08:40,주,금,1,1,0,0,경기,남양주시,차대사람,기타,운전자법규위반,안전운전 의무 불이행,교차로,교차로부근,승용차,보행자,127.2040868,37.74535111
12192,2015,2015-01-30 08:58,주,금,1,1,0,0,광주,북구,차대차,측면충돌,운전자법규위반,신호위반,교차로,교차로부근,이륜차,승용차,126.89872609999999,35.19216242
12193,2015,2015-01-30 10:30,주,금,1,2,1,0,경북,문경시,차량단독,공작물충돌,운전자법규위반,안전운전 의무 불이행,단일로,기타단일로,승용차,없음,128.1386644,36.7495696
12194,2015,2015-01-30 16:40,주,금,1,1,0,0,경남,창원시(통합),차대차,정면충돌,운전자법규위반,중앙선 침범,교차로,교차로내,승합차,화물차,128.63725459999998,35.21302041
12195,2015,2015-01-30 18:15,야,금,1,1,0,0,대전,동구,차대사람,횡단중,운전자법규위반,보행자 보호의무 위반,단일로,횡단보도상,승합차,보행자,127.42852009999999,36.33452
12196,2015,2015-01-31 03:00,야,토,1,5,4,0,대전,중구,차대차,정면충돌,운전자법규위반,신호위반,교차로,교차로내,승용차,승용차,127.4169885,36.32306293
12197,2015,2015-01-31 06:00,주,토,1,1,0,0,충북,청주시,차대차,기타,운전자법규위반,안전운전 의무 불이행,단일로,기타단일로,승용차,승용차,127.3369811,36.71893484
12198,2015,2015-01-31 06:40,주,토,1,3,1,1,경북,칠곡군,차대차,기타,운전자법규위반,안전운전 의무 불이행,단일로,기타단일로,화물차,승용차,128.39694120000001,36.06814333
12199,2015,2015-01-31 08:35,주,토,1,1,0,0,부산,사하구,차대사람,기타,운전자법규위반,안전운전 의무 불이행,단일로,기타단일로,승합차,보행자,128.97520649999998,35.04847737
12200,2015,2015-01-31 14:30,주,토,1,1,0,0,충남,예산군,차대차,측면충돌,운전자법규위반,직진 및 우회전차의 통행방해,교차로,교차로내,화물차,승합차,126.7499959,36.66566962
12201,2015,2015-01-31 16:50,주,토,1,3,1,1,충북,음성군,차량단독,공작물충돌,운전자법규위반,안전운전 의무 불이행,단일로,기타단일로,화물차,없음,127.69539809999999,37.11737381
12202,2015,2015-01-31 17:50,주,토,1,2,1,0,경북,경주시,차량단독,기타,운전자법규위반,안전운전 의무 불이행,단일로,기타단일로,승용차,없음,129.1087555,35.86229564
12203,2015,2015-01-31 20:30,야,토,1,1,0,0,대구,달성군,차대사람,횡단중,운전자법규위반,안전운전 의무 불이행,단일로,기타단일로,승용차,보행자,128.427315,35.73174473
12204,2015,2015-01-31 21:12,야,토,1,6,4,1,전남,목포시,차대차,측면충돌,운전자법규위반,신호위반,교차로,교차로내,승용차,승용차,126.41493270000001,34.80132012
12205,2015,2015-01-31 23:10,야,토,1,1,0,0,서울,금천구,차대사람,횡단중,운전자법규위반,안전운전 의무 불이행,단일로,기타단일로,승용차,보행자,126.90336070000001,37.47473967
12206,2015,2015-02-01 00:35,야,일,2,4,1,1,인천,중구,차대차,측면충돌,운전자법규위반,안전거리 미확보,교차로,교차로부근,승용차,승용차,126.47668229999998,37.44143064
12207,2015,2015-02-01 03:51,야,일,1,2,1,0,경북,경주시,차량단독,공작물충돌,운전자법규위반,안전운전 의무 불이행,단일로,기타단일로,승용차,없음,129.03963290000002,35.90154273
12208,2015,2015-02-01 04:10,야,일,1,1,0,0,전북,익산시,차대사람,횡단중,운전자법규위반,안전운전 의무 불이행,단일로,기타단일로,승용차,보행자,126.966834,35.94590615
12209,2015,2015-02-01 09:12,주,일,1,1,0,0,서울,노원구,차대사람,횡단중,운전자법규위반,안전운전 의무 불이행,교차로,교차로내,승용차,보행자,127.07122379999998,37.63759415
12210,2015,2015-02-01 13:05,주,일,1,1,0,0,서울,동대문구,차대사람,기타,운전자법규위반,안전운전 의무 불이행,단일로,기타단일로,승용차,보행자,127.0406506,37.58126235
12211,2015,2015-02-01 16:20,주,일,1,1,0,0,전북,완주군,차대차,정면충돌,운전자법규위반,안전운전 의무 불이행,교차로,교차로부근,이륜차,승용차,127.09799469999999,35.89903807
12212,2015,2015-02-01 18:40,야,일,1,1,0,0,충남,보령시,차대사람,횡단중,운전자법규위반,안전운전 의무 불이행,교차로,교차로부근,승용차,보행자,126.60724420000001,36.35672877
12213,2015,2015-02-01 18:28,야,일,1,2,0,1,인천,남동구,차대사람,횡단중,운전자법규위반,안전운전 의무 불이행,단일로,기타단일로,화물차,보행자,126.7255946,37.44881297
12214,2015,2015-02-01 21:20,야,일,1,1,0,0,충남,천안시,차대사람,횡단중,운전자법규위반,안전운전 의무 불이행,단일로,기타단일로,승용차,보행자,127.1325506,36.80633696
12215,2015,2015-02-02 01:08,야,월,1,1,0,0,울산,울주군,차대사람,길가장자리구역통행중,운전자법규위반,안전운전 의무 불이행,단일로,기타단일로,승합차,보행자,129.2858043,35.44954604
12216,2015,2015-02-02 06:50,주,월,1,1,0,0,충남,보령시,차대사람,횡단중,운전자법규위반,안전운전 의무 불이행,교차로,교차로내,승용차,보행자,126.5181088,36.37495198
12217,2015,2015-02-02 11:05,주,월,1,1,0,0,경남,창녕군,차량단독,전도전복,운전자법규위반,안전운전 의무 불이행,단일로,기타단일로,원동기장치자전거,없음,128.3911652,35.51357446
12218,2015,2015-02-02 19:15,야,월,1,1,0,0,충남,서천군,차대사람,기타,운전자법규위반,보행자 보호의무 위반,단일로,횡단보도상,승용차,보행자,126.70629960000001,36.00780146
12219,2015,2015-02-02 21:20,야,월,1,1,0,0,전북,전주시,차대사람,횡단중,운전자법규위반,안전운전 의무 불이행,교차로,교차로내,승용차,보행자,127.1382321,35.83288875
12220,2015,2015-02-02 22:50,야,월,1,1,0,0,충남,아산시,차대차,기타,운전자법규위반,안전운전 의무 불이행,단일로,기타단일로,승용차,이륜차,127.10187260000001,36.79232858
12221,2015,2015-02-02 22:44,야,월,1,1,0,0,대구,북구,차량단독,기타,운전자법규위반,안전운전 의무 불이행,단일로,기타단일로,이륜차,없음,128.5799102,35.9475153
12222,2015,2015-02-03 00:50,야,화,1,1,0,0,충남,당진시,차량단독,도로이탈 기타,운전자법규위반,안전운전 의무 불이행,단일로,기타단일로,원동기장치자전거,없음,126.78693229999999,36.89325285
12223,2015,2015-02-03 03:24,야,화,4,5,0,1,경북,구미시,차대차,기타,운전자법규위반,안전운전 의무 불이행,단일로,기타단일로,승용차,승용차,128.3476958,36.14454009
12224,2015,2015-02-03 04:13,야,화,1,1,0,0,충북,충주시,차량단독,공작물충돌,운전자법규위반,안전운전 의무 불이행,단일로,기타단일로,승용차,없음,127.9470703,37.01664273
12225,2015,2015-02-03 11:20,주,화,1,4,2,1,울산,북구,차대차,주정차중 추돌,운전자법규위반,안전운전 의무 불이행,단일로,기타단일로,화물차,화물차,129.3803335,35.53513315
12226,2015,2015-02-03 12:55,주,화,1,3,2,0,대구,동구,차량단독,공작물충돌,운전자법규위반,안전운전 의무 불이행,단일로,기타단일로,승용차,없음,128.6572295,35.91149008
12227,2015,2015-02-03 13:19,주,화,1,1,0,0,충북,충주시,차량단독,공작물충돌,운전자법규위반,안전운전 의무 불이행,단일로,교량위,승용차,없음,127.97249520000001,36.88050578
12228,2015,2015-02-03 13:15,주,화,1,2,1,0,인천,강화군,차량단독,전도전복,운전자법규위반,안전운전 의무 불이행,단일로,기타단일로,화물차,없음,126.29234040000001,37.78924094
12229,2015,2015-02-03 15:20,주,화,1,2,0,1,강원,강릉시,차대사람,기타,운전자법규위반,안전운전 의무 불이행,교차로,교차로내,승용차,보행자,128.8916832,37.75529716
12230,2015,2015-02-03 18:27,야,화,1,1,0,0,충남,공주시,차량단독,도로이탈 기타,운전자법규위반,안전운전 의무 불이행,단일로,기타단일로,농기계,없음,127.0144311,36.37893807
12231,2015,2015-02-03 19:50,야,화,1,1,0,0,경기,안산시,차대사람,보도통행중,운전자법규위반,기타(운전자법규위반),교차로,교차로부근,자전거,보행자,126.8123235,37.34201486
12232,2015,2015-02-03 23:00,야,화,1,1,0,0,부산,중구,차량단독,공작물충돌,운전자법규위반,안전운전 의무 불이행,단일로,터널안,이륜차,없음,129.0284621,35.11260135
12233,2015,2015-02-04 06:35,주,수,1,1,0,0,전남,목포시,차대사람,기타,운전자법규위반,안전운전 의무 불이행,단일로,기타단일로,승용차,보행자,126.3831247,34.81648769
12234,2015,2015-02-04 06:10,주,수,1,1,0,0,경북,포항시,차대사람,기타,운전자법규위반,안전운전 의무 불이행,단일로,횡단보도부근,승합차,보행자,129.35889640000002,36.05056804
12235,2015,2015-02-04 08:15,주,수,1,1,0,0,충남,서산시,차대사람,횡단중,운전자법규위반,보행자 보호의무 위반,교차로,교차로내,특수차,보행자,126.4400446,36.87771131
12236,2015,2015-02-04 09:35,주,수,1,1,0,0,경기,용인시,차대차,기타,운전자법규위반,안전운전 의무 불이행,단일로,기타단일로,승용차,건설기계,127.20102,37.13497893
12237,2015,2015-02-04 09:35,주,수,1,1,0,0,경북,상주시,차대차,측면충돌,운전자법규위반,안전운전 의무 불이행,교차로,교차로내,화물차,농기계,128.1530009,36.46946343
12238,2015,2015-02-04 10:13,주,수,1,1,0,0,경기,부천시,차대사람,길가장자리구역통행중,운전자법규위반,안전운전 의무 불이행,단일로,기타단일로,자전거,보행자,126.7610145,37.53380256
12239,2015,2015-02-04 14:40,주,수,1,1,0,0,인천,남구,차대사람,횡단중,운전자법규위반,신호위반,단일로,기타단일로,승합차,보행자,126.6551873,37.45536026
12240,2015,2015-02-04 17:35,주,수,1,1,0,0,서울,관악구,차대사람,횡단중,운전자법규위반,안전운전 의무 불이행,단일로,기타단일로,승용차,보행자,126.9302652,37.48826664
12241,2015,2015-02-04 18:00,야,수,1,8,3,4,충남,천안시,차대차,주정차중 추돌,운전자법규위반,안전운전 의무 불이행,교차로,교차로부근,승용차,승용차,127.1553037,36.84979257
12242,2015,2015-02-04 18:10,야,수,1,3,2,0,경남,밀양시,차대차,정면충돌,운전자법규위반,중앙선 침범,단일로,기타단일로,승합차,승용차,128.755321,35.47940955
12243,2015,2015-02-04 21:43,야,수,1,1,0,0,대전,동구,차대사람,횡단중,운전자법규위반,안전운전 의무 불이행,단일로,기타단일로,승용차,보행자,127.4626925,36.2918473
12244,2015,2015-02-04 22:20,야,수,1,1,0,0,경기,안성시,차대사람,기타,운전자법규위반,안전운전 의무 불이행,교차로,교차로내,화물차,보행자,127.29833459999999,37.06125845
12245,2015,2015-02-05 12:40,주,목,1,2,1,0,충남,태안군,차량단독,도로이탈 기타,운전자법규위반,안전운전 의무 불이행,단일로,기타단일로,화물차,없음,126.1668327,36.68863944
12246,2015,2015-02-05 15:37,주,목,1,1,0,0,서울,송파구,차대사람,기타,운전자법규위반,보행자 보호의무 위반,교차로,교차로내,승용차,보행자,127.114521,37.52987917
12247,2015,2015-02-05 15:45,주,목,1,1,0,0,경기,용인시,차대사람,차도통행중,운전자법규위반,안전운전 의무 불이행,교차로,교차로내,건설기계,보행자,127.13738980000001,37.26588405
12248,2015,2015-02-05 17:55,주,목,1,2,1,0,전남,강진군,차대차,정면충돌,운전자법규위반,중앙선 침범,단일로,기타단일로,승용차,승용차,126.79597350000002,34.64421183
12249,2015,2015-02-05 19:17,야,목,1,1,0,0,대구,북구,차대차,기타,운전자법규위반,안전운전 의무 불이행,교차로,교차로내,승용차,자전거,128.57830790000003,35.88993829
12250,2015,2015-02-05 20:55,야,목,1,1,0,0,서울,강남구,차대사람,횡단중,운전자법규위반,안전운전 의무 불이행,단일로,횡단보도부근,승용차,보행자,127.0184615,37.51999925
12251,2015,2015-02-05 22:46,야,목,1,1,0,0,경기,고양시,차대사람,기타,운전자법규위반,안전운전 의무 불이행,단일로,기타단일로,승용차,보행자,126.911298,37.73232796
12252,2015,2015-02-06 05:40,야,금,1,1,0,0,전남,해남군,차량단독,도로이탈 기타,운전자법규위반,안전운전 의무 불이행,단일로,기타단일로,화물차,없음,126.34137209999999,34.60174889
12253,2015,2015-02-06 08:05,주,금,1,1,0,0,경북,경산시,차대사람,길가장자리구역통행중,운전자법규위반,안전운전 의무 불이행,단일로,기타단일로,승용차,보행자,128.75297379999998,35.82316022
12254,2015,2015-02-06 09:30,주,금,1,1,0,0,경기,하남시,차대사람,횡단중,운전자법규위반,안전운전 의무 불이행,단일로,기타단일로,화물차,보행자,127.20622320000001,37.54035528
12255,2015,2015-02-06 09:06,주,금,1,2,0,1,전남,광양시,차대차,측면충돌,운전자법규위반,중앙선 침범,단일로,기타단일로,승용차,승용차,127.71717790000001,35.00769557
12256,2015,2015-02-06 13:30,주,금,1,1,0,0,충남,부여군,차대차,측면충돌,운전자법규위반,안전운전 의무 불이행,교차로,교차로부근,화물차,자전거,126.9125828,36.28150305
12257,2015,2015-02-06 14:25,주,금,1,8,3,4,광주,북구,차대차,주정차중 추돌,운전자법규위반,안전운전 의무 불이행,단일로,기타단일로,승용차,화물차,126.9149725,35.18287333
12258,2015,2015-02-06 15:00,주,금,1,1,0,0,충남,천안시,차량단독,전도전복,운전자법규위반,안전운전 의무 불이행,단일로,기타단일로,이륜차,없음,127.1201419,36.72882542
12259,2015,2015-02-06 17:12,주,금,1,3,0,1,울산,울주군,차대차,정면충돌,운전자법규위반,중앙선 침범,단일로,기타단일로,승용차,승용차,129.2044013,35.70864112
12260,2015,2015-02-06 18:22,야,금,1,1,0,0,경기,용인시,차량단독,전도전복,운전자법규위반,안전운전 의무 불이행,단일로,기타단일로,원동기장치자전거,없음,127.22495890000002,37.221293100000004
12261,2015,2015-02-06 22:20,야,금,2,2,0,0,울산,중구,차대사람,차도통행중,운전자법규위반,안전운전 의무 불이행,단일로,기타단일로,이륜차,보행자,129.3256687,35.55633852
12262,2015,2015-02-06 23:32,야,금,1,1,0,0,경북,경산시,차대사람,기타,운전자법규위반,안전운전 의무 불이행,단일로,기타단일로,승합차,보행자,128.7581418,35.83988408
12263,2015,2015-02-07 01:00,야,토,1,2,0,1,경북,구미시,차대차,주정차중 추돌,운전자법규위반,안전운전 의무 불이행,교차로,교차로부근,화물차,화물차,128.3729171,36.1195124
12264,2015,2015-02-07 04:00,야,토,1,1,0,0,서울,영등포구,차대차,측면충돌,운전자법규위반,안전운전 의무 불이행,교차로,교차로부근,자전거,화물차,126.9166223,37.51749406
12265,2015,2015-02-07 05:20,야,토,1,1,0,0,충남,천안시,차대차,기타,운전자법규위반,안전운전 의무 불이행,단일로,기타단일로,승용차,화물차,127.10071040000001,36.75275911
12266,2015,2015-02-07 06:23,주,토,1,1,0,0,충남,천안시,차대사람,횡단중,운전자법규위반,안전운전 의무 불이행,교차로,교차로부근,승용차,보행자,127.1667256,36.76630415
12267,2015,2015-02-07 07:00,주,토,1,1,0,0,경기,군포시,차량단독,전도전복,운전자법규위반,안전운전 의무 불이행,단일로,기타단일로,이륜차,없음,126.9284385,37.35517101
12268,2015,2015-02-07 07:15,주,토,1,1,0,0,대구,동구,차량단독,기타,운전자법규위반,안전운전 의무 불이행,단일로,기타단일로,이륜차,없음,128.706358,35.86626267
12269,2015,2015-02-07 07:05,주,토,1,1,0,0,대전,대덕구,차대차,기타,운전자법규위반,안전운전 의무 불이행,단일로,기타단일로,화물차,자전거,127.4259386,36.38242627
12270,2015,2015-02-07 07:20,주,토,1,1,0,0,대전,서구,차대사람,횡단중,운전자법규위반,안전운전 의무 불이행,단일로,기타단일로,화물차,보행자,127.39707790000001,36.34122257
12271,2015,2015-02-07 13:30,주,토,1,1,0,0,서울,종로구,차대사람,길가장자리구역통행중,운전자법규위반,안전운전 의무 불이행,단일로,기타단일로,승용차,보행자,126.99835120000002,37.58602953
12272,2015,2015-02-07 15:35,주,토,1,1,0,0,충북,괴산군,차대차,정면충돌,운전자법규위반,중앙선 침범,단일로,기타단일로,승용차,승합차,127.79142069999999,36.80371695
12273,2015,2015-02-07 19:32,야,토,1,1,0,0,경남,창녕군,차대사람,차도통행중,운전자법규위반,안전운전 의무 불이행,단일로,기타단일로,화물차,보행자,128.4632114,35.55535186
12274,2015,2015-02-07 20:30,야,토,1,1,0,0,강원,양양군,차대사람,길가장자리구역통행중,운전자법규위반,안전운전 의무 불이행,단일로,기타단일로,승용차,보행자,128.6340054,38.10948562
12275,2015,2015-02-07 20:30,야,토,1,1,0,0,강원,횡성군,차량단독,도로이탈 추락,운전자법규위반,안전운전 의무 불이행,단일로,기타단일로,화물차,없음,128.1650897,37.42426768
12276,2015,2015-02-07 23:20,야,토,1,2,1,0,부산,동구,차대사람,기타,운전자법규위반,과속,단일로,기타단일로,승용차,보행자,129.04724679999998,35.12072096
12277,2015,2015-02-08 01:15,야,일,2,5,3,0,전남,광양시,차량단독,공작물충돌,운전자법규위반,안전운전 의무 불이행,단일로,기타단일로,승용차,없음,127.5986094,34.97508039
12278,2015,2015-02-08 01:50,야,일,1,1,0,0,경남,김해시,차량단독,공작물충돌,운전자법규위반,안전운전 의무 불이행,단일로,기타단일로,승용차,없음,128.9829382,35.24262084
12279,2015,2015-02-08 04:00,야,일,2,4,2,0,부산,동구,차대차,주정차중 추돌,운전자법규위반,안전운전 의무 불이행,단일로,기타단일로,승용차,특수차,129.0419756,35.11119496
12280,2015,2015-02-08 06:30,주,일,1,1,0,0,서울,강남구,차대차,측면충돌,운전자법규위반,안전운전 의무 불이행,교차로,교차로내,승용차,자전거,127.0493881,37.48857013
12281,2015,2015-02-08 11:06,주,일,1,1,0,0,충남,당진시,차량단독,전도전복,운전자법규위반,안전운전 의무 불이행,단일로,기타단일로,승용차,없음,126.72204099999999,36.93080504
12282,2015,2015-02-08 12:20,주,일,1,3,0,2,경기,성남시,차대차,진행중 추돌,운전자법규위반,안전운전 의무 불이행,단일로,기타단일로,승용차,승용차,127.10309140000001,37.37553609
12283,2015,2015-02-08 16:20,주,일,1,1,0,0,울산,동구,차대사람,보도통행중,운전자법규위반,안전운전 의무 불이행,단일로,기타단일로,승합차,보행자,129.4246216,35.50955289
12284,2015,2015-02-08 22:40,야,일,1,1,0,0,충북,충주시,차량단독,도로이탈 기타,운전자법규위반,안전운전 의무 불이행,단일로,기타단일로,승용차,없음,127.8550317,36.96464322
12285,2015,2015-02-08 23:00,야,일,1,3,0,2,충남,아산시,차대차,측면충돌,운전자법규위반,신호위반,교차로,교차로내,승용차,승용차,127.0170549,36.78390125
12286,2015,2015-02-09 01:00,야,월,1,2,1,0,충남,예산군,차량단독,기타,운전자법규위반,안전운전 의무 불이행,단일로,기타단일로,승용차,없음,126.6717508,36.68915717
12287,2015,2015-02-09 03:50,야,월,1,1,0,0,충북,청주시,차량단독,공작물충돌,운전자법규위반,안전운전 의무 불이행,단일로,기타단일로,승용차,없음,127.50849709999999,36.59825487
12288,2015,2015-02-09 05:28,야,월,1,2,0,1,경북,김천시,차대차,진행중 추돌,운전자법규위반,안전운전 의무 불이행,단일로,기타단일로,화물차,화물차,128.0152156,36.17353915
12289,2015,2015-02-09 06:00,주,월,1,3,0,1,충남,공주시,차대차,기타,운전자법규위반,안전운전 의무 불이행,단일로,기타단일로,승용차,화물차,127.1148834,36.59526202
12290,2015,2015-02-09 07:05,주,월,1,1,0,0,서울,은평구,차대사람,횡단중,운전자법규위반,안전운전 의무 불이행,교차로,교차로내,승용차,보행자,126.91237920000002,37.58665136
12291,2015,2015-02-09 07:40,주,월,1,1,0,0,전북,완주군,차량단독,공작물충돌,운전자법규위반,안전운전 의무 불이행,단일로,기타단일로,화물차,없음,127.0287149,35.81489171
12292,2015,2015-02-09 08:28,주,월,1,1,0,0,충북,옥천군,차대차,측면충돌,운전자법규위반,교차로 통행방법 위반,교차로,교차로내,승용차,화물차,127.7787639,36.34334888
12293,2015,2015-02-09 08:30,주,월,1,1,0,0,충남,서천군,차대사람,기타,운전자법규위반,보행자 보호의무 위반,단일로,횡단보도상,승용차,보행자,126.5715288,36.15496686
12294,2015,2015-02-09 09:23,주,월,1,1,0,0,부산,연제구,차대사람,횡단중,운전자법규위반,안전운전 의무 불이행,교차로,교차로부근,승용차,보행자,129.0836495,35.18152376