,발생년,발생년월일시분,주야,요일,사망자수,사상자수,중상자수,경상자수,발생지시도,발생지시군구,사고유형_대분류,사고유형,법규위반_대분류,법규위반,도로형태_대분류,도로형태,가해자_당사자종별,피해자_당사자종별,경도,위도
12438,2015,2015-02-23 11:30,주,월,1,1,0,0,경기,안양시,차대사람,횡단중,운전자법규위반,안전운전 의무 불이행,교차로,교차로내,승용차,보행자,126.9675798,37.3752831
12439,2015,2015-02-23 16:20,주,월,1,1,0,0,대구,달서구,차대사람,기타,운전자법규위반,안전운전 의무 불이행,교차로,교차로내,화물차,보행자,128.4998654,35.85731299
12440,2015,2015-02-23 17:30,주,월,1,1,0,0,부산,수영구,차대사람,횡단중,운전자법규위반,안전운전 의무 불이행,교차로,교차로내,화물차,보행자,129.1195868,35.16077153
12441,2015,2015-02-23 21:10,야,월,1,1,0,0,서울,은평구,차대사람,횡단중,운전자법규위반,안전운전 의무 불이행,단일로,기타단일로,승용차,보행자,126.91293359999999,37.58816838
12442,2015,2015-02-23 22:00,야,월,1,2,1,0,충남,서산시,차대차,진행중 추돌,운전자법규위반,안전운전 의무 불이행,교차로,교차로부근,화물차,승용차,126.50762560000001,36.74832631
12443,2015,2015-02-23 22:40,야,월,1,1,0,0,인천,남구,차대사람,횡단중,운전자법규위반,안전운전 의무 불이행,교차로,교차로부근,승용차,보행자,126.67312749999999,37.45173844
12444,2015,2015-02-24 05:58,야,화,1,2,1,0,제주,제주시,차대사람,횡단중,운전자법규위반,과속,단일로,횡단보도상,승용차,보행자,126.4940369,33.49595423
12445,2015,2015-02-24 09:45,주,화,1,1,0,0,경남,김해시,차대차,측면충돌,운전자법규위반,직진 및 우회전차의 통행방해,교차로,교차로내,자전거,승용차,128.8826668,35.2272093
12446,2015,2015-02-24 10:30,주,화,1,1,0,0,경기,평택시,차대사람,기타,운전자법규위반,안전운전 의무 불이행,기타/불명,기타/불명,승용차,보행자,127.04136650000001,36.96354907
12447,2015,2015-02-24 10:30,주,화,1,1,0,0,강원,춘천시,차대사람,길가장자리구역통행중,운전자법규위반,신호위반,단일로,횡단보도상,화물차,보행자,127.74069340000001,37.87875453
12448,2015,2015-02-24 11:45,주,화,1,1,0,0,대구,동구,차대사람,횡단중,운전자법규위반,안전운전 의무 불이행,단일로,기타단일로,승용차,보행자,128.6314159,35.88559104
12449,2015,2015-02-24 20:27,야,화,1,1,0,0,서울,성북구,차대사람,차도통행중,운전자법규위반,안전운전 의무 불이행,단일로,기타단일로,승용차,보행자,127.04990670000001,37.6164955
12450,2015,2015-02-24 20:10,야,화,1,1,0,0,경남,함안군,차대사람,횡단중,운전자법규위반,안전운전 의무 불이행,단일로,기타단일로,승용차,보행자,128.5095617,35.32060228
12451,2015,2015-02-24 21:00,야,화,1,1,0,0,서울,광진구,차대차,정면충돌,운전자법규위반,중앙선 침범,교차로,교차로내,승용차,원동기장치자전거,127.111186,37.55313221
12452,2015,2015-02-24 21:36,야,화,1,1,0,0,광주,광산구,차량단독,공작물충돌,운전자법규위반,안전운전 의무 불이행,단일로,기타단일로,원동기장치자전거,없음,126.79527079999998,35.17886364
12453,2015,2015-02-25 03:45,야,수,1,1,0,0,서울,용산구,차대차,기타,운전자법규위반,안전운전 의무 불이행,단일로,기타단일로,승용차,승용차,126.97685279999999,37.51652332
12454,2015,2015-02-25 05:40,야,수,1,4,3,0,울산,북구,차량단독,공작물충돌,운전자법규위반,안전운전 의무 불이행,교차로,교차로부근,승용차,없음,129.3607813,35.55671209
12455,2015,2015-02-25 11:10,주,수,1,1,0,0,경기,고양시,차대차,기타,운전자법규위반,신호위반,교차로,교차로내,자전거,승용차,126.7544988,37.67418899
12456,2015,2015-02-25 16:30,주,수,1,2,1,0,충북,충주시,차대차,기타,운전자법규위반,신호위반,교차로,교차로내,이륜차,승용차,127.91287309999998,36.98111481
12457,2015,2015-02-25 18:20,야,수,1,1,0,0,경기,용인시,차대사람,횡단중,운전자법규위반,보행자 보호의무 위반,교차로,교차로부근,승용차,보행자,127.1982229,37.14189474
12458,2015,2015-02-25 19:15,야,수,1,1,0,0,강원,강릉시,차대사람,횡단중,운전자법규위반,안전운전 의무 불이행,교차로,교차로부근,승용차,보행자,128.85539690000002,37.81396853
12459,2015,2015-02-25 19:10,야,수,1,2,1,0,충남,아산시,차대사람,횡단중,운전자법규위반,안전운전 의무 불이행,교차로,교차로내,승용차,보행자,126.9890881,36.70350836
12460,2015,2015-02-25 19:55,야,수,1,1,0,0,전남,나주시,차량단독,전도전복,운전자법규위반,안전운전 의무 불이행,단일로,기타단일로,원동기장치자전거,없음,126.61138700000001,34.93764908
12461,2015,2015-02-26 02:25,야,목,1,5,2,2,충북,음성군,차대차,기타,운전자법규위반,안전운전 의무 불이행,단일로,기타단일로,화물차,화물차,127.6505488,37.14366161
12462,2015,2015-02-26 05:24,야,목,1,2,1,0,충남,계룡시,차대차,진행중 추돌,운전자법규위반,안전운전 의무 불이행,단일로,기타단일로,승용차,이륜차,127.2514818,36.27974851
12463,2015,2015-02-26 06:45,주,목,1,1,0,0,경기,용인시,차대차,기타,운전자법규위반,안전운전 의무 불이행,기타/불명,기타/불명,화물차,승합차,127.2307992,37.27788754
12464,2015,2015-02-26 06:00,주,목,1,3,2,0,대전,동구,차대차,기타,운전자법규위반,안전운전 의무 불이행,단일로,기타단일로,승용차,화물차,127.4820811,36.34153601
12465,2015,2015-02-26 06:15,주,목,1,1,0,0,경남,김해시,차대사람,차도통행중,운전자법규위반,안전운전 의무 불이행,교차로,교차로부근,승용차,보행자,128.815761,35.19867915
12466,2015,2015-02-26 07:25,주,목,1,2,1,0,강원,원주시,차대차,주정차중 추돌,운전자법규위반,중앙선 침범,단일로,기타단일로,승용차,승용차,128.1153089,37.25178827
12467,2015,2015-02-26 10:30,주,목,1,1,0,0,경남,김해시,차대사람,길가장자리구역통행중,운전자법규위반,안전운전 의무 불이행,교차로,교차로부근,화물차,보행자,128.87312690000002,35.22446878
12468,2015,2015-02-26 13:50,주,목,1,1,0,0,경기,수원시,차대차,진행중 추돌,운전자법규위반,안전거리 미확보,단일로,기타단일로,승용차,원동기장치자전거,127.0012999,37.2702295
12469,2015,2015-02-26 13:49,주,목,1,2,0,1,강원,고성군,차대차,주정차중 추돌,운전자법규위반,안전운전 의무 불이행,교차로,교차로부근,원동기장치자전거,승용차,128.5487761,38.28138377
12470,2015,2015-02-26 13:16,주,목,1,1,0,0,경북,경주시,차대차,기타,운전자법규위반,안전운전 의무 불이행,단일로,기타단일로,승용차,자전거,129.2061497,35.99294637
12471,2015,2015-02-26 18:50,야,목,1,1,0,0,충북,영동군,차대차,진행중 추돌,운전자법규위반,안전운전 의무 불이행,단일로,기타단일로,화물차,건설기계,127.7535159,36.14813738
12472,2015,2015-02-26 22:40,야,목,1,1,0,0,서울,구로구,차대사람,기타,운전자법규위반,안전운전 의무 불이행,교차로,교차로내,이륜차,보행자,126.892393,37.48141691
12473,2015,2015-02-26 22:40,야,목,1,1,0,0,경남,사천시,차대사람,길가장자리구역통행중,운전자법규위반,안전운전 의무 불이행,단일로,기타단일로,승용차,보행자,128.1019384,35.07508144
12474,2015,2015-02-27 05:23,야,금,1,1,0,0,경기,부천시,차량단독,기타,운전자법규위반,안전운전 의무 불이행,단일로,기타단일로,이륜차,없음,126.7931591,37.48095504
12475,2015,2015-02-27 06:30,주,금,1,1,0,0,경북,경산시,차대차,주정차중 추돌,운전자법규위반,안전운전 의무 불이행,교차로,교차로내,승용차,이륜차,128.8010433,35.89998369
12476,2015,2015-02-27 11:00,주,금,1,1,0,0,대구,남구,차대차,기타,운전자법규위반,안전운전 의무 불이행,교차로,교차로내,화물차,자전거,128.5970669,35.84505992
12477,2015,2015-02-27 13:50,주,금,1,1,0,0,제주,제주시,차대차,진행중 추돌,운전자법규위반,안전운전 의무 불이행,단일로,기타단일로,원동기장치자전거,화물차,126.54923329999998,33.50484645
12478,2015,2015-02-27 14:47,주,금,1,1,0,0,충남,태안군,차대차,진행중 추돌,운전자법규위반,안전운전 의무 불이행,단일로,기타단일로,승용차,농기계,126.3524426,36.53617304
12479,2015,2015-02-27 15:41,주,금,1,2,1,0,충남,당진시,차대차,측면충돌,운전자법규위반,신호위반,교차로,교차로내,건설기계,원동기장치자전거,126.7652808,36.79619751
12480,2015,2015-02-27 18:15,야,금,1,8,1,6,전북,남원시,차량단독,전도전복,운전자법규위반,안전운전 의무 불이행,단일로,기타단일로,승용차,없음,127.4118747,35.40757815
12481,2015,2015-02-27 19:40,야,금,1,1,0,0,전남,여수시,차대사람,차도통행중,운전자법규위반,안전운전 의무 불이행,교차로,교차로내,화물차,보행자,127.70270359999998,34.75505652
12482,2015,2015-02-27 19:13,야,금,1,1,0,0,전남,장흥군,차대사람,차도통행중,운전자법규위반,안전운전 의무 불이행,단일로,기타단일로,승용차,보행자,126.92687590000001,34.45057851
12483,2015,2015-02-27 23:20,야,금,1,3,2,0,경기,가평군,차대차,주정차중 추돌,운전자법규위반,안전운전 의무 불이행,단일로,기타단일로,승용차,승용차,127.3440959,37.82190737
12484,2015,2015-02-27 23:54,야,금,1,1,0,0,경남,양산시,차대사람,기타,운전자법규위반,안전운전 의무 불이행,단일로,기타단일로,승용차,보행자,129.1512554,35.37177313
12485,2015,2015-02-28 11:13,주,토,1,1,0,0,충남,서산시,차대차,측면충돌,운전자법규위반,신호위반,교차로,교차로내,이륜차,특수차,126.5122857,36.743064600000004
12486,2015,2015-02-28 15:35,주,토,1,1,0,0,서울,강북구,차대사람,횡단중,운전자법규위반,신호위반,교차로,교차로부근,승용차,보행자,127.01244720000001,37.62503559
12487,2015,2015-02-28 17:30,주,토,1,2,1,0,대전,동구,차량단독,공작물충돌,운전자법규위반,안전운전 의무 불이행,단일로,기타단일로,승용차,없음,127.5344043,36.40108802
12488,2015,2015-02-28 20:30,야,토,1,1,0,0,경남,김해시,차대사람,횡단중,운전자법규위반,안전운전 의무 불이행,교차로,교차로내,승용차,보행자,128.86601629999998,35.244691499999995
12489,2015,2015-02-28 21:10,야,토,1,2,1,0,경남,양산시,차대차,진행중 추돌,운전자법규위반,안전운전 의무 불이행,단일로,기타단일로,승용차,승용차,128.99543740000001,35.30082761
12490,2015,2015-03-01 02:00,야,일,1,1,0,0,경남,창녕군,차대사람,차도통행중,운전자법규위반,안전운전 의무 불이행,단일로,기타단일로,화물차,보행자,128.4891422,35.53131211
12491,2015,2015-03-01 03:50,야,일,1,1,0,0,경기,고양시,차량단독,기타,운전자법규위반,안전운전 의무 불이행,단일로,기타단일로,특수차,없음,126.81075349999999,37.6314117
12492,2015,2015-03-01 03:08,야,일,1,1,0,0,경북,경주시,차대사람,기타,운전자법규위반,안전운전 의무 불이행,단일로,기타단일로,승용차,보행자,129.23250829999998,35.96108019
12493,2015,2015-03-01 06:15,주,일,1,1,0,0,충남,아산시,차대사람,횡단중,운전자법규위반,안전운전 의무 불이행,단일로,기타단일로,승용차,보행자,127.01198470000001,36.78638663
12494,2015,2015-03-01 17:30,주,일,1,2,1,0,제주,제주시,차량단독,공작물충돌,운전자법규위반,안전운전 의무 불이행,단일로,기타단일로,승용차,없음,126.2156373,33.37476155
12495,2015,2015-03-01 19:05,야,일,1,1,0,0,경남,김해시,차량단독,공작물충돌,운전자법규위반,안전운전 의무 불이행,기타/불명,기타/불명,이륜차,없음,128.8534519,35.21544872
12496,2015,2015-03-01 19:00,야,일,1,1,0,0,대전,동구,차대사람,횡단중,운전자법규위반,안전운전 의무 불이행,교차로,교차로내,승용차,보행자,127.46021840000002,36.31736032
12497,2015,2015-03-01 20:45,야,일,1,1,0,0,경북,영주시,차대차,진행중 추돌,운전자법규위반,안전운전 의무 불이행,단일로,기타단일로,화물차,자전거,128.6880546,36.83032939
12498,2015,2015-03-02 00:30,야,월,1,1,0,0,서울,용산구,차대사람,횡단중,운전자법규위반,과속,단일로,횡단보도부근,승용차,보행자,126.969821,37.54914793
12499,2015,2015-03-02 01:00,야,월,1,1,0,0,경기,용인시,차대차,주정차중 추돌,운전자법규위반,안전운전 의무 불이행,단일로,기타단일로,승용차,화물차,127.2806563,37.22771018
12500,2015,2015-03-02 05:50,야,월,1,1,0,0,충남,천안시,차대사람,횡단중,운전자법규위반,신호위반,교차로,교차로내,건설기계,보행자,127.127159,36.82469205
12501,2015,2015-03-02 05:25,야,월,1,1,0,0,전북,군산시,차대사람,차도통행중,운전자법규위반,안전운전 의무 불이행,교차로,교차로내,승용차,보행자,126.69406979999998,35.960423600000006
12502,2015,2015-03-02 06:55,주,월,1,1,0,0,경남,하동군,차대차,측면충돌,운전자법규위반,안전운전 의무 불이행,교차로,교차로내,원동기장치자전거,승용차,127.8121791,35.11211623
12503,2015,2015-03-02 07:50,주,월,1,1,0,0,충남,청양군,차대사람,길가장자리구역통행중,운전자법규위반,안전운전 의무 불이행,단일로,기타단일로,승용차,보행자,126.72785800000001,36.43584724
12504,2015,2015-03-02 08:58,주,월,1,1,0,0,경남,김해시,차대차,측면충돌,운전자법규위반,중앙선 침범,교차로,교차로내,자전거,화물차,128.92728219999998,35.22303984
12505,2015,2015-03-02 10:30,주,월,1,1,0,0,서울,송파구,차대사람,횡단중,운전자법규위반,보행자 보호의무 위반,교차로,교차로내,승용차,보행자,127.12615009999999,37.49927935
12506,2015,2015-03-02 10:28,주,월,1,2,1,0,경기,이천시,차대차,측면충돌,운전자법규위반,안전운전 의무 불이행,단일로,기타단일로,승용차,화물차,127.4309261,37.23449145
12507,2015,2015-03-02 12:40,주,월,1,1,0,0,경기,부천시,차대사람,횡단중,운전자법규위반,신호위반,교차로,교차로내,승합차,보행자,126.7651395,37.48827429
12508,2015,2015-03-02 15:45,주,월,1,1,0,0,경북,울진군,차량단독,공작물충돌,운전자법규위반,안전운전 의무 불이행,교차로,교차로내,이륜차,없음,129.3982151,36.96714258
12509,2015,2015-03-02 16:27,주,월,1,1,0,0,충북,괴산군,차량단독,전도전복,운전자법규위반,안전운전 의무 불이행,단일로,기타단일로,농기계,없음,128.0192281,36.74645467
12510,2015,2015-03-02 18:33,야,월,1,1,0,0,강원,양구군,차대사람,기타,운전자법규위반,안전운전 의무 불이행,단일로,기타단일로,화물차,보행자,127.9876511,38.10752039
12511,2015,2015-03-02 19:23,야,월,1,1,0,0,전북,김제시,차대사람,차도통행중,운전자법규위반,안전운전 의무 불이행,단일로,기타단일로,화물차,보행자,127.04459550000001,35.7942789
12512,2015,2015-03-03 06:05,주,화,1,1,0,0,부산,부산진구,차대사람,기타,운전자법규위반,안전운전 의무 불이행,단일로,기타단일로,승용차,보행자,129.0758765,35.17480004
12513,2015,2015-03-03 08:40,주,화,1,1,0,0,경기,김포시,차대사람,횡단중,운전자법규위반,안전운전 의무 불이행,단일로,횡단보도부근,화물차,보행자,126.6147729,37.67510673
12514,2015,2015-03-03 08:10,주,화,1,1,0,0,충남,예산군,차대차,측면충돌,운전자법규위반,직진 및 우회전차의 통행방해,교차로,교차로내,건설기계,화물차,126.79418249999999,36.72103752
12515,2015,2015-03-03 10:40,주,화,1,1,0,0,충남,공주시,차대사람,횡단중,운전자법규위반,안전운전 의무 불이행,단일로,기타단일로,화물차,보행자,127.1115078,36.47674792
12516,2015,2015-03-03 10:45,주,화,1,1,0,0,경북,안동시,차대차,기타,운전자법규위반,안전운전 의무 불이행,교차로,교차로내,자전거,승용차,128.7292318,36.56328601
12517,2015,2015-03-03 11:17,주,화,1,1,0,0,경남,양산시,차량단독,공작물충돌,운전자법규위반,안전운전 의무 불이행,단일로,기타단일로,화물차,없음,129.0211375,35.32246079
12518,2015,2015-03-03 12:40,주,화,1,2,1,0,경기,고양시,차대사람,차도통행중,운전자법규위반,안전운전 의무 불이행,단일로,기타단일로,화물차,보행자,126.8057879,37.64377586
12519,2015,2015-03-03 13:54,주,화,1,1,0,0,경기,안성시,차대사람,차도통행중,운전자법규위반,안전운전 의무 불이행,교차로,교차로부근,승합차,보행자,127.26128190000001,37.08339189
12520,2015,2015-03-03 18:40,야,화,1,2,1,0,전북,익산시,차대사람,길가장자리구역통행중,운전자법규위반,안전운전 의무 불이행,단일로,기타단일로,승용차,보행자,126.95458059999999,35.97354787
12521,2015,2015-03-03 19:50,야,화,1,1,0,0,경남,진주시,차대사람,길가장자리구역통행중,운전자법규위반,안전운전 의무 불이행,단일로,기타단일로,승용차,보행자,128.1251986,35.22239233
12522,2015,2015-03-03 20:20,야,화,1,1,0,0,충북,청주시,차대사람,횡단중,운전자법규위반,신호위반,교차로,교차로내,승용차,보행자,127.45447549999999,36.57546543
12523,2015,2015-03-03 20:00,야,화,1,1,0,0,전북,군산시,차대사람,기타,운전자법규위반,안전운전 의무 불이행,교차로,교차로내,승합차,보행자,126.7252878,35.98142848
12524,2015,2015-03-03 22:19,야,화,1,1,0,0,강원,강릉시,차대사람,횡단중,운전자법규위반,안전운전 의무 불이행,교차로,교차로내,승용차,보행자,128.9155102,37.75472494
12525,2015,2015-03-03 23:35,야,화,1,3,1,1,대구,북구,차대차,진행중 추돌,운전자법규위반,안전운전 의무 불이행,단일로,횡단보도부근,화물차,승용차,128.5506931,35.91639144
12526,2015,2015-03-04 00:55,야,수,1,1,0,0,경남,창녕군,차대사람,기타,운전자법규위반,안전운전 의무 불이행,단일로,기타단일로,화물차,보행자,128.3998774,35.51065161
12527,2015,2015-03-04 00:03,야,수,1,1,0,0,제주,제주시,차대사람,횡단중,운전자법규위반,보행자 보호의무 위반,단일로,횡단보도상,승용차,보행자,126.538551,33.51207582
12528,2015,2015-03-04 01:29,야,수,1,1,0,0,강원,인제군,차량단독,공작물충돌,운전자법규위반,안전운전 의무 불이행,교차로,교차로내,승용차,없음,128.0586526,37.91839832
12529,2015,2015-03-04 05:40,야,수,1,1,0,0,광주,북구,차대사람,횡단중,운전자법규위반,안전운전 의무 불이행,단일로,횡단보도상,화물차,보행자,126.93359960000001,35.18129372
12530,2015,2015-03-04 06:00,주,수,1,2,1,0,충남,태안군,차대차,측면충돌,운전자법규위반,신호위반,교차로,교차로내,승용차,승합차,126.2658617,36.7595586
12531,2015,2015-03-04 11:00,주,수,1,1,0,0,경기,하남시,차대사람,횡단중,운전자법규위반,안전운전 의무 불이행,단일로,기타단일로,승합차,보행자,127.2042174,37.53806082
12532,2015,2015-03-04 12:50,주,수,1,4,3,0,전북,임실군,차대차,정면충돌,운전자법규위반,교차로 통행방법 위반,교차로,교차로내,승용차,화물차,127.1943722,35.55635953
12533,2015,2015-03-04 15:35,주,수,1,1,0,0,전북,전주시,차대차,측면충돌,운전자법규위반,안전거리 미확보,교차로,교차로부근,화물차,원동기장치자전거,127.10648459999999,35.83573096
12534,2015,2015-03-04 18:45,야,수,1,1,0,0,전북,전주시,차대사람,길가장자리구역통행중,운전자법규위반,안전운전 의무 불이행,단일로,기타단일로,승용차,보행자,127.1191172,35.83385753
12535,2015,2015-03-04 18:10,야,수,1,1,0,0,대구,달성군,차대차,측면충돌,운전자법규위반,안전운전 의무 불이행,교차로,교차로내,승용차,이륜차,128.4315858,35.62739614
12536,2015,2015-03-05 02:22,야,목,1,1,0,0,충남,천안시,차대차,측면충돌,운전자법규위반,안전운전 의무 불이행,교차로,교차로부근,승용차,자전거,127.13264679999999,36.80731986
12537,2015,2015-03-05 04:55,야,목,1,1,0,0,인천,계양구,차량단독,전도전복,운전자법규위반,안전운전 의무 불이행,단일로,기타단일로,원동기장치자전거,없음,126.7476341,37.53063548
12538,2015,2015-03-05 11:10,주,목,1,1,0,0,충남,홍성군,차대차,측면충돌,운전자법규위반,교차로 통행방법 위반,교차로,교차로내,승용차,이륜차,126.7199057,36.64244373
12539,2015,2015-03-05 12:40,주,목,1,1,0,0,경기,용인시,차대사람,횡단중,운전자법규위반,안전운전 의무 불이행,단일로,기타단일로,화물차,보행자,127.2409033,37.33793388
12540,2015,2015-03-05 17:05,주,목,1,1,0,0,충남,아산시,차대차,진행중 추돌,운전자법규위반,안전운전 의무 불이행,단일로,기타단일로,이륜차,승용차,126.9843084,36.7770659
12541,2015,2015-03-05 19:00,야,목,1,1,0,0,강원,횡성군,차량단독,공작물충돌,운전자법규위반,안전운전 의무 불이행,교차로,교차로내,승용차,없음,128.0775008,37.44645091
12542,2015,2015-03-05 22:12,야,목,1,1,0,0,경기,안양시,차대사람,횡단중,운전자법규위반,안전운전 의무 불이행,단일로,기타단일로,승용차,보행자,126.9309848,37.38731728
12543,2015,2015-03-06 00:05,야,금,1,1,0,0,경기,의왕시,차대사람,횡단중,운전자법규위반,안전운전 의무 불이행,단일로,횡단보도상,승용차,보행자,126.978057,37.34164529
12544,2015,2015-03-06 02:35,야,금,1,2,0,0,경남,창원시(통합),차대차,기타,운전자법규위반,중앙선 침범,단일로,기타단일로,이륜차,승용차,128.5762678,35.21465094
12545,2015,2015-03-06 03:10,야,금,1,1,0,0,경기,성남시,차대사람,차도통행중,운전자법규위반,안전운전 의무 불이행,단일로,기타단일로,화물차,보행자,127.15406770000001,37.44364191
12546,2015,2015-03-06 08:30,주,금,1,2,0,1,전북,익산시,차대차,정면충돌,운전자법규위반,중앙선 침범,단일로,기타단일로,승용차,화물차,127.01987450000001,36.10735067
12547,2015,2015-03-06 13:25,주,금,1,2,0,1,경기,수원시,차대사람,기타,운전자법규위반,안전운전 의무 불이행,단일로,기타단일로,승용차,보행자,127.0227535,37.2307286
12548,2015,2015-03-06 14:40,주,금,1,2,0,1,충남,서천군,차대차,기타,운전자법규위반,신호위반,교차로,교차로내,원동기장치자전거,화물차,126.7162,36.00417014
12549,2015,2015-03-06 18:55,야,금,1,1,0,0,전남,나주시,차대차,진행중 추돌,운전자법규위반,안전운전 의무 불이행,단일로,기타단일로,화물차,원동기장치자전거,126.72669669999999,35.08486717
12550,2015,2015-03-06 18:50,야,금,1,1,0,0,경남,진주시,차대사람,차도통행중,운전자법규위반,안전운전 의무 불이행,단일로,기타단일로,승용차,보행자,128.0981836,35.19765104
12551,2015,2015-03-06 19:45,야,금,1,3,0,2,경기,고양시,차대차,진행중 추돌,운전자법규위반,안전운전 의무 불이행,단일로,기타단일로,화물차,화물차,126.82918000000001,37.65675511
12552,2015,2015-03-06 19:45,야,금,1,1,0,0,전북,완주군,차대사람,기타,운전자법규위반,안전운전 의무 불이행,교차로,교차로내,승용차,보행자,127.104744,35.9211497
12553,2015,2015-03-06 19:15,야,금,1,1,0,0,전남,구례군,차대사람,횡단중,운전자법규위반,보행자 보호의무 위반,교차로,교차로내,화물차,보행자,127.4401176,35.260457
12554,2015,2015-03-06 19:20,야,금,1,1,0,0,대구,수성구,차대사람,횡단중,운전자법규위반,안전운전 의무 불이행,교차로,교차로내,승용차,보행자,128.6263869,35.85356084
12555,2015,2015-03-06 21:25,야,금,1,1,0,0,충남,태안군,차대사람,기타,운전자법규위반,안전운전 의무 불이행,단일로,기타단일로,승용차,보행자,126.2820903,36.77189502
12556,2015,2015-03-06 21:46,야,금,1,1,0,0,세종,세종,차대차,측면충돌,운전자법규위반,신호위반,교차로,교차로내,자전거,승용차,127.2640115,36.50379582
12557,2015,2015-03-07 00:20,야,토,1,2,1,0,울산,중구,차대사람,기타,운전자법규위반,안전운전 의무 불이행,교차로,교차로내,이륜차,보행자,129.3218142,35.552736700000004
12558,2015,2015-03-07 03:25,야,토,1,1,0,0,서울,강동구,차량단독,기타,운전자법규위반,안전운전 의무 불이행,단일로,기타단일로,승용차,없음,127.1200239,37.54057808
12559,2015,2015-03-07 03:15,야,토,1,1,0,0,인천,서구,차대사람,횡단중,운전자법규위반,신호위반,단일로,횡단보도상,승용차,보행자,126.6737764,37.48216344
12560,2015,2015-03-07 04:22,야,토,1,1,0,0,경기,양평군,차대사람,기타,운전자법규위반,안전운전 의무 불이행,단일로,기타단일로,승용차,보행자,127.4542145,37.4997088
12561,2015,2015-03-07 06:50,주,토,1,1,0,0,경기,안산시,차대차,주정차중 추돌,운전자법규위반,안전운전 의무 불이행,단일로,기타단일로,승용차,화물차,126.8267024,37.34751483
12562,2015,2015-03-07 08:00,주,토,1,1,0,0,경기,수원시,차대차,기타,운전자법규위반,중앙선 침범,단일로,기타단일로,화물차,승용차,126.9689707,37.28042784
12563,2015,2015-03-07 10:35,주,토,1,1,0,0,경북,성주군,차대차,기타,운전자법규위반,안전운전 의무 불이행,기타/불명,기타/불명,원동기장치자전거,화물차,128.2855578,35.92738969
12564,2015,2015-03-07 11:00,주,토,1,1,0,0,대전,중구,차대차,측면충돌,운전자법규위반,중앙선 침범,교차로,교차로부근,승용차,이륜차,127.427146,36.32634216
12565,2015,2015-03-07 13:13,주,토,1,1,0,0,강원,강릉시,차대차,측면충돌,운전자법규위반,안전운전 의무 불이행,교차로,교차로내,이륜차,승용차,128.83109299999998,37.89629746
12566,2015,2015-03-07 13:30,주,토,1,1,0,0,충남,부여군,차대사람,횡단중,운전자법규위반,안전운전 의무 불이행,단일로,기타단일로,승용차,보행자,126.88663390000002,36.27069856
12567,2015,2015-03-07 13:40,주,토,1,2,0,0,경북,청도군,차대차,정면충돌,운전자법규위반,신호위반,교차로,교차로내,특수차,화물차,128.68463490000002,35.68631882
12568,2015,2015-03-07 16:40,주,토,1,1,0,0,경북,김천시,차량단독,전도전복,운전자법규위반,안전운전 의무 불이행,교차로,교차로부근,승용차,없음,127.9958335,36.07520883
12569,2015,2015-03-07 19:15,야,토,1,1,0,0,경북,경주시,차대차,기타,운전자법규위반,안전운전 의무 불이행,단일로,횡단보도부근,승용차,승용차,129.3136341,35.79755354
12570,2015,2015-03-07 19:40,야,토,1,1,0,0,경북,성주군,차대사람,기타,운전자법규위반,과속,교차로,교차로내,승용차,보행자,128.3425367,35.84396773
12571,2015,2015-03-07 19:30,야,토,1,1,0,0,울산,남구,차대사람,횡단중,운전자법규위반,신호위반,교차로,교차로내,승용차,보행자,129.336005,35.54808595
12572,2015,2015-03-08 00:23,야,일,1,1,0,0,경기,가평군,차대사람,기타,운전자법규위반,안전운전 의무 불이행,단일로,교량위,화물차,보행자,127.353981,37.8220282
12573,2015,2015-03-08 01:47,야,일,1,1,0,0,서울,강남구,차대사람,횡단중,운전자법규위반,과속,단일로,기타단일로,승용차,보행자,127.03318259999999,37.52624165
12574,2015,2015-03-08 04:29,야,일,1,1,0,0,충북,보은군,차대차,진행중 추돌,운전자법규위반,안전거리 미확보,단일로,기타단일로,화물차,승용차,127.79128500000002,36.45565875
12575,2015,2015-03-08 11:00,주,일,1,1,0,0,대구,수성구,차대차,주정차중 추돌,운전자법규위반,안전거리 미확보,교차로,교차로부근,승용차,이륜차,128.6167611,35.83523176
12576,2015,2015-03-08 13:50,주,일,1,3,2,0,인천,중구,차대차,측면충돌,운전자법규위반,교차로 통행방법 위반,교차로,교차로내,화물차,승용차,126.5164288,37.51728195
12577,2015,2015-03-08 16:40,주,일,1,1,0,0,전남,나주시,차량단독,기타,운전자법규위반,안전운전 의무 불이행,단일로,기타단일로,원동기장치자전거,없음,126.80581380000001,35.01578769
12578,2015,2015-03-08 18:55,야,일,1,1,0,0,경북,안동시,차대사람,기타,운전자법규위반,안전운전 의무 불이행,단일로,교량위,승용차,보행자,128.8876805,36.46162231
12579,2015,2015-03-08 18:25,야,일,1,1,0,0,경북,칠곡군,차량단독,전도전복,운전자법규위반,안전운전 의무 불이행,단일로,교량위,화물차,없음,128.39472469999998,35.97979112
12580,2015,2015-03-08 18:45,야,일,1,1,0,0,대구,동구,차대사람,횡단중,운전자법규위반,안전운전 의무 불이행,단일로,횡단보도상,승용차,보행자,128.6420258,35.89383901