,발생년,발생년월일시분,주야,요일,사망자수,사상자수,중상자수,경상자수,발생지시도,발생지시군구,사고유형_대분류,사고유형,법규위반_대분류,법규위반,도로형태_대분류,도로형태,가해자_당사자종별,피해자_당사자종별,경도,위도
12581,2015,2015-03-09 05:31,야,월,1,4,3,0,전북,전주시,차량단독,공작물충돌,운전자법규위반,안전운전 의무 불이행,교차로,교차로부근,승용차,없음,127.12895630000001,35.78475018
12582,2015,2015-03-09 05:40,야,월,1,1,0,0,광주,동구,차대사람,횡단중,운전자법규위반,안전운전 의무 불이행,단일로,기타단일로,화물차,보행자,126.930774,35.15178573
12583,2015,2015-03-09 08:40,주,월,1,1,0,0,경기,파주시,차대차,기타,운전자법규위반,신호위반,교차로,교차로부근,승합차,자전거,126.7541603,37.7170535
12584,2015,2015-03-09 09:25,주,월,1,1,0,0,경기,수원시,차대차,측면충돌,운전자법규위반,신호위반,교차로,교차로내,이륜차,화물차,127.01414009999998,37.26245879
12585,2015,2015-03-09 09:40,주,월,1,1,0,0,대전,중구,차대차,기타,운전자법규위반,안전운전 의무 불이행,교차로,교차로내,화물차,자전거,127.40472539999999,36.32961703
12586,2015,2015-03-09 09:40,주,월,1,1,0,0,울산,울주군,차대차,진행중 추돌,운전자법규위반,안전운전 의무 불이행,단일로,기타단일로,승용차,농기계,129.17531,35.52184757
12587,2015,2015-03-09 12:44,주,월,1,1,0,0,경남,하동군,차대사람,기타,운전자법규위반,안전운전 의무 불이행,단일로,기타단일로,화물차,보행자,127.88533899999999,35.12349285
12588,2015,2015-03-09 13:20,주,월,1,1,0,0,서울,강남구,차대사람,기타,운전자법규위반,안전운전 의무 불이행,단일로,기타단일로,승용차,보행자,127.0529895,37.5045505
12589,2015,2015-03-09 13:45,주,월,1,3,0,2,충남,태안군,차대차,정면충돌,운전자법규위반,중앙선 침범,단일로,기타단일로,승용차,건설기계,126.26160870000001,36.80178181
12590,2015,2015-03-09 16:40,주,월,1,1,0,0,충북,청주시,차대사람,횡단중,운전자법규위반,안전운전 의무 불이행,단일로,기타단일로,승용차,보행자,127.4677309,36.65763257
12591,2015,2015-03-09 19:05,야,월,1,3,2,0,경기,여주시,차대차,진행중 추돌,운전자법규위반,안전운전 의무 불이행,교차로,교차로내,화물차,화물차,127.56164040000002,37.18787460000001
12592,2015,2015-03-09 19:40,야,월,1,1,0,0,전북,군산시,차대차,진행중 추돌,운전자법규위반,안전운전 의무 불이행,단일로,기타단일로,승용차,농기계,126.8373229,35.94018508
12593,2015,2015-03-09 19:40,야,월,1,1,0,0,경남,김해시,차대차,기타,운전자법규위반,안전운전 의무 불이행,단일로,기타단일로,승용차,화물차,128.71821129999998,35.27897212
12594,2015,2015-03-09 23:30,야,월,1,1,0,0,전남,곡성군,차량단독,공작물충돌,운전자법규위반,안전운전 의무 불이행,교차로,교차로내,승용차,없음,127.2970753,35.27967924
12595,2015,2015-03-09 23:45,야,월,1,3,1,1,광주,광산구,차대차,정면충돌,운전자법규위반,중앙선 침범,단일로,기타단일로,승용차,승용차,126.70350590000001,35.16162272
12596,2015,2015-03-10 00:54,야,화,1,1,0,0,경기,안산시,차대차,주정차중 추돌,운전자법규위반,안전운전 의무 불이행,단일로,기타단일로,승용차,건설기계,126.84416809999999,37.29042048
12597,2015,2015-03-10 06:15,주,화,1,1,0,0,경북,포항시,차량단독,공작물충돌,운전자법규위반,안전운전 의무 불이행,단일로,기타단일로,화물차,없음,129.3579845,36.04898754
12598,2015,2015-03-10 10:10,주,화,1,1,0,0,부산,강서구,차대차,측면충돌,운전자법규위반,안전운전 의무 불이행,단일로,기타단일로,자전거,화물차,128.8599756,35.13356152
12599,2015,2015-03-10 10:08,주,화,1,1,0,0,경기,광주시,차대사람,길가장자리구역통행중,운전자법규위반,안전운전 의무 불이행,단일로,기타단일로,승합차,보행자,127.2952875,37.415226000000004
12600,2015,2015-03-10 21:40,야,화,1,1,0,0,전북,장수군,차량단독,공작물충돌,운전자법규위반,안전운전 의무 불이행,단일로,기타단일로,화물차,없음,127.51008329999999,35.63117811
12601,2015,2015-03-10 22:40,야,화,1,1,0,0,대구,달성군,차대사람,횡단중,운전자법규위반,과속,교차로,교차로부근,화물차,보행자,128.4532976,35.72223721
12602,2015,2015-03-10 22:15,야,화,1,1,0,0,울산,동구,차대차,측면충돌,운전자법규위반,과속,교차로,교차로내,승용차,이륜차,129.4196269,35.48731127
12603,2015,2015-03-11 00:50,야,수,1,1,0,0,서울,강남구,차량단독,기타,운전자법규위반,안전운전 의무 불이행,교차로,교차로부근,승용차,없음,127.0753149,37.48609188
12604,2015,2015-03-11 00:25,야,수,1,5,3,1,전북,전주시,차대차,측면충돌,운전자법규위반,안전운전 의무 불이행,교차로,교차로내,승용차,승용차,127.114944,35.81303497
12605,2015,2015-03-11 00:20,야,수,1,3,2,0,전북,부안군,차대차,측면충돌,운전자법규위반,신호위반,교차로,교차로내,화물차,승용차,126.7373702,35.72326308
12606,2015,2015-03-11 04:03,야,수,1,1,0,0,경기,고양시,차대차,기타,운전자법규위반,과속,단일로,기타단일로,승용차,이륜차,126.7466491,37.69576174
12607,2015,2015-03-11 05:45,야,수,1,1,0,0,전남,해남군,차량단독,공작물충돌,운전자법규위반,안전운전 의무 불이행,교차로,교차로내,승용차,없음,126.60474479999999,34.565703799999994
12608,2015,2015-03-11 06:30,주,수,1,1,0,0,충북,청주시,차대사람,기타,운전자법규위반,과속,단일로,기타단일로,승용차,보행자,127.4840251,36.67035595
12609,2015,2015-03-11 06:18,주,수,1,1,0,0,충남,보령시,차대사람,횡단중,운전자법규위반,과속,단일로,횡단보도상,승용차,보행자,126.5827936,36.36982275
12610,2015,2015-03-11 10:45,주,수,1,2,1,0,경북,경주시,차대차,기타,운전자법규위반,안전운전 의무 불이행,교차로,교차로내,화물차,승용차,129.24667309999998,35.89228166
12611,2015,2015-03-11 10:40,주,수,1,1,0,0,경북,경주시,차대사람,기타,운전자법규위반,안전운전 의무 불이행,단일로,기타단일로,화물차,보행자,129.2265553,35.85201485
12612,2015,2015-03-11 19:55,야,수,1,1,0,0,강원,평창군,차대사람,횡단중,운전자법규위반,보행자 보호의무 위반,단일로,횡단보도상,승용차,보행자,128.4038961,37.39411903
12613,2015,2015-03-11 22:10,야,수,1,1,0,0,전남,해남군,차량단독,전도전복,운전자법규위반,기타(운전자법규위반),단일로,기타단일로,화물차,없음,126.51612920000001,34.36733458
12614,2015,2015-03-12 00:16,야,목,1,2,0,1,강원,원주시,차대사람,횡단중,운전자법규위반,과속,교차로,교차로부근,승용차,보행자,127.9418473,37.33653621
12615,2015,2015-03-12 03:35,야,목,1,2,1,0,전남,광양시,차량단독,공작물충돌,운전자법규위반,중앙선 침범,단일로,기타단일로,승용차,없음,127.6645378,34.90874825
12616,2015,2015-03-12 05:30,야,목,1,1,0,0,경기,평택시,차대사람,횡단중,운전자법규위반,안전운전 의무 불이행,단일로,기타단일로,승용차,보행자,126.97767569999999,37.05014793
12617,2015,2015-03-12 10:52,주,목,1,2,0,1,전남,담양군,차대차,정면충돌,운전자법규위반,중앙선 침범,단일로,기타단일로,이륜차,화물차,126.93314109999999,35.3025062
12618,2015,2015-03-12 10:21,주,목,1,1,0,0,전남,무안군,차량단독,전도전복,운전자법규위반,안전운전 의무 불이행,교차로,교차로부근,이륜차,없음,126.32177490000001,35.09970518
12619,2015,2015-03-12 13:35,주,목,1,1,0,0,경남,사천시,차대사람,횡단중,운전자법규위반,안전운전 의무 불이행,교차로,교차로부근,화물차,보행자,128.0632963,34.9279877
12620,2015,2015-03-12 15:05,주,목,1,1,0,0,광주,남구,차대사람,횡단중,운전자법규위반,보행자 보호의무 위반,단일로,횡단보도부근,승용차,보행자,126.8968584,35.10442625
12621,2015,2015-03-12 16:55,주,목,1,1,0,0,충남,논산시,차대사람,횡단중,운전자법규위반,안전운전 의무 불이행,단일로,기타단일로,승합차,보행자,127.0166013,36.15739238
12622,2015,2015-03-12 17:05,주,목,1,1,0,0,충북,증평군,차대사람,횡단중,운전자법규위반,신호위반,교차로,교차로부근,화물차,보행자,127.58709669999999,36.78786965
12623,2015,2015-03-12 18:45,야,목,1,1,0,0,전남,광양시,차대사람,횡단중,운전자법규위반,안전운전 의무 불이행,교차로,교차로부근,화물차,보행자,127.59298500000001,34.9712524
12624,2015,2015-03-12 19:20,야,목,1,1,0,0,전북,완주군,차대사람,횡단중,운전자법규위반,안전운전 의무 불이행,교차로,교차로부근,승합차,보행자,127.09826329999999,35.89851604
12625,2015,2015-03-12 20:50,야,목,1,1,0,0,대전,대덕구,차대사람,횡단중,운전자법규위반,안전운전 의무 불이행,단일로,기타단일로,승용차,보행자,127.42329869999999,36.43208102
12626,2015,2015-03-12 20:50,야,목,1,2,0,1,울산,중구,차대차,진행중 추돌,운전자법규위반,안전운전 의무 불이행,교차로,교차로내,이륜차,화물차,129.3103669,35.56613437
12627,2015,2015-03-12 22:15,야,목,1,3,0,2,경기,김포시,차대차,측면충돌,운전자법규위반,신호위반,교차로,교차로부근,승용차,승용차,126.6671051,37.65891272
12628,2015,2015-03-13 01:41,야,금,1,1,0,0,경기,수원시,차대차,기타,운전자법규위반,안전운전 의무 불이행,단일로,기타단일로,화물차,승용차,126.9959053,37.31637579
12629,2015,2015-03-13 03:20,야,금,1,1,0,0,대구,서구,차량단독,도로이탈 기타,운전자법규위반,안전운전 의무 불이행,단일로,기타단일로,이륜차,없음,128.5490288,35.86250152
12630,2015,2015-03-13 04:05,야,금,1,2,0,1,대구,수성구,차대차,주정차중 추돌,운전자법규위반,안전운전 의무 불이행,교차로,교차로부근,승용차,승용차,128.6169907,35.84039919
12631,2015,2015-03-13 08:30,주,금,1,1,0,0,제주,제주시,차대사람,횡단중,운전자법규위반,과속,단일로,기타단일로,화물차,보행자,126.2561561,33.34879364
12632,2015,2015-03-13 11:15,주,금,1,1,0,0,전남,순천시,차대차,측면충돌,운전자법규위반,안전운전 의무 불이행,교차로,교차로내,원동기장치자전거,승용차,127.54244409999998,34.91711231
12633,2015,2015-03-13 14:50,주,금,1,8,6,1,경남,진주시,차량단독,공작물충돌,운전자법규위반,안전운전 의무 불이행,단일로,기타단일로,화물차,없음,128.096012,35.25822851
12634,2015,2015-03-13 21:19,야,금,1,1,0,0,경기,안성시,차대사람,횡단중,운전자법규위반,안전운전 의무 불이행,단일로,기타단일로,승용차,보행자,127.28646100000002,37.03163457
12635,2015,2015-03-13 22:20,야,금,1,2,1,0,경기,의정부시,차대차,정면충돌,운전자법규위반,중앙선 침범,단일로,기타단일로,승합차,원동기장치자전거,127.0472007,37.72437475
12636,2015,2015-03-14 03:25,야,토,1,1,0,0,경남,김해시,차대차,기타,운전자법규위반,안전운전 의무 불이행,단일로,기타단일로,승용차,화물차,128.9539779,35.31633589
12637,2015,2015-03-14 03:16,야,토,1,1,0,0,전남,영암군,차대사람,차도통행중,운전자법규위반,안전운전 의무 불이행,단일로,기타단일로,승용차,보행자,126.6905868,34.88984304
12638,2015,2015-03-14 08:30,주,토,1,2,1,0,경기,화성시,차대차,기타,운전자법규위반,중앙선 침범,단일로,기타단일로,화물차,화물차,126.8750831,37.10965915
12639,2015,2015-03-14 16:38,주,토,1,1,0,0,경기,고양시,차대사람,차도통행중,운전자법규위반,안전운전 의무 불이행,단일로,기타단일로,승용차,보행자,126.77533940000001,37.67436395
12640,2015,2015-03-14 16:50,주,토,1,2,1,0,충북,음성군,차대차,기타,운전자법규위반,신호위반,교차로,교차로내,이륜차,승용차,127.4740847,36.97497802
12641,2015,2015-03-14 17:20,주,토,1,1,0,0,서울,강동구,차대사람,기타,운전자법규위반,보행자 보호의무 위반,교차로,교차로부근,건설기계,보행자,127.13488259999998,37.5367311
12642,2015,2015-03-14 17:05,주,토,1,1,0,0,강원,인제군,차량단독,도로이탈 추락,운전자법규위반,안전운전 의무 불이행,단일로,기타단일로,승용차,없음,128.3967029,37.94282082
12643,2015,2015-03-14 19:55,야,토,1,1,0,0,전남,영광군,차대사람,횡단중,운전자법규위반,안전운전 의무 불이행,교차로,교차로내,승용차,보행자,126.50540459999999,35.27078368
12644,2015,2015-03-14 21:50,야,토,1,1,0,0,전남,순천시,차대차,기타,운전자법규위반,안전운전 의무 불이행,단일로,기타단일로,승용차,자전거,127.49349129999999,34.99078359
12645,2015,2015-03-14 22:20,야,토,1,1,0,0,경북,군위군,차대사람,길가장자리구역통행중,운전자법규위반,안전운전 의무 불이행,단일로,기타단일로,승용차,보행자,128.5869599,36.14038068
12646,2015,2015-03-14 22:45,야,토,1,1,0,0,대구,수성구,차대사람,횡단중,운전자법규위반,안전운전 의무 불이행,교차로,교차로내,승용차,보행자,128.6166433,35.82959176
12647,2015,2015-03-14 23:37,야,토,2,2,0,0,인천,서구,차대사람,횡단중,운전자법규위반,안전운전 의무 불이행,교차로,교차로부근,승용차,보행자,126.6679759,37.50341246
12648,2015,2015-03-15 06:20,주,일,1,2,1,0,경기,성남시,차대차,진행중 추돌,운전자법규위반,신호위반,교차로,교차로내,승용차,승합차,127.14220379999999,37.40669535
12649,2015,2015-03-15 07:50,주,일,1,2,1,0,경남,창원시(통합),차량단독,도로이탈 추락,운전자법규위반,안전운전 의무 불이행,단일로,기타단일로,화물차,없음,128.5050659,35.26307814
12650,2015,2015-03-15 07:00,주,일,1,4,0,3,광주,남구,차대차,주정차중 추돌,운전자법규위반,안전운전 의무 불이행,단일로,기타단일로,승용차,승용차,126.90199109999999,35.13359313
12651,2015,2015-03-15 08:05,주,일,1,6,1,4,경기,김포시,차대차,주정차중 추돌,운전자법규위반,안전운전 의무 불이행,단일로,기타단일로,승용차,승합차,126.7119588,37.62532215
12652,2015,2015-03-15 09:00,주,일,1,1,0,0,경남,진주시,차량단독,기타,운전자법규위반,안전운전 의무 불이행,단일로,기타단일로,농기계,없음,128.14883840000002,35.15381113
12653,2015,2015-03-15 11:15,주,일,1,2,1,0,전북,익산시,차량단독,공작물충돌,운전자법규위반,안전운전 의무 불이행,단일로,기타단일로,승용차,없음,126.94903529999999,35.99421389
12654,2015,2015-03-15 14:15,주,일,1,3,0,2,충남,서산시,차대차,진행중 추돌,운전자법규위반,안전운전 의무 불이행,단일로,기타단일로,이륜차,승용차,126.51021170000001,36.7841801
12655,2015,2015-03-15 15:38,주,일,1,2,0,1,경기,양평군,차량단독,공작물충돌,운전자법규위반,안전운전 의무 불이행,단일로,기타단일로,승용차,없음,127.7333149,37.47358199
12656,2015,2015-03-15 16:29,주,일,1,1,0,0,충남,홍성군,차량단독,공작물충돌,운전자법규위반,안전운전 의무 불이행,교차로,교차로부근,농기계,없음,126.6024841,36.50216763
12657,2015,2015-03-15 19:15,야,일,1,1,0,0,경북,영천시,차대사람,보도통행중,운전자법규위반,보행자 보호의무 위반,단일로,기타단일로,승용차,보행자,128.9261892,35.964364200000006
12658,2015,2015-03-15 20:30,야,일,1,1,0,0,충남,아산시,차대사람,횡단중,운전자법규위반,안전운전 의무 불이행,교차로,교차로부근,승용차,보행자,127.06918470000001,36.77500564
12659,2015,2015-03-15 23:10,야,일,1,1,0,0,대구,동구,차량단독,공작물충돌,운전자법규위반,안전운전 의무 불이행,단일로,기타단일로,승용차,없음,128.67769479999998,35.95458326
12660,2015,2015-03-16 01:05,야,월,1,1,0,0,경북,경주시,차대사람,기타,운전자법규위반,안전운전 의무 불이행,단일로,기타단일로,승용차,보행자,129.2173411,35.84527759
12661,2015,2015-03-16 02:42,야,월,1,2,1,0,제주,제주시,차량단독,공작물충돌,운전자법규위반,안전운전 의무 불이행,교차로,교차로내,승용차,없음,126.4924414,33.49382719
12662,2015,2015-03-16 08:10,주,월,1,1,0,0,경북,안동시,차대차,기타,운전자법규위반,안전운전 의무 불이행,교차로,교차로내,승용차,자전거,128.7139415,36.5616398
12663,2015,2015-03-16 10:45,주,월,1,1,0,0,충남,당진시,차대사람,보도통행중,운전자법규위반,안전운전 의무 불이행,단일로,기타단일로,화물차,보행자,126.7557593,36.8604025
12664,2015,2015-03-16 12:05,주,월,1,1,0,0,전북,고창군,차대차,측면충돌,운전자법규위반,부당한 회전,단일로,기타단일로,이륜차,화물차,126.59895130000001,35.33976333
12665,2015,2015-03-16 13:25,주,월,1,1,0,0,경기,평택시,차대차,기타,운전자법규위반,안전운전 의무 불이행,단일로,기타단일로,화물차,승용차,126.99639579999999,37.02364577
12666,2015,2015-03-16 14:00,주,월,1,1,0,0,충북,보은군,차대사람,차도통행중,운전자법규위반,안전운전 의무 불이행,교차로,교차로내,승합차,보행자,127.7217658,36.48947095
12667,2015,2015-03-16 17:17,주,월,1,1,0,0,전남,화순군,차대사람,길가장자리구역통행중,운전자법규위반,안전운전 의무 불이행,기타/불명,기타/불명,건설기계,보행자,126.9937822,35.06475220000001
12668,2015,2015-03-16 17:00,주,월,1,1,0,0,경북,경주시,차량단독,전도전복,운전자법규위반,안전운전 의무 불이행,단일로,기타단일로,승용차,없음,129.16909479999998,35.99430616
12669,2015,2015-03-16 19:10,야,월,1,1,0,0,충남,금산군,차대차,진행중 추돌,운전자법규위반,안전운전 의무 불이행,단일로,기타단일로,승용차,농기계,127.4900719,36.0706983
12670,2015,2015-03-16 22:04,야,월,1,1,0,0,전남,여수시,차대사람,길가장자리구역통행중,운전자법규위반,안전운전 의무 불이행,단일로,기타단일로,승합차,보행자,127.6126592,34.69777455
12671,2015,2015-03-16 23:01,야,월,1,1,0,0,경기,평택시,차대사람,기타,운전자법규위반,안전운전 의무 불이행,교차로,교차로부근,승용차,보행자,126.93814569999999,36.99665689
12672,2015,2015-03-17 04:20,야,화,1,2,1,0,부산,남구,차대차,측면충돌,운전자법규위반,안전거리 미확보,단일로,기타단일로,승용차,이륜차,129.1110061,35.11171076
12673,2015,2015-03-17 04:00,야,화,1,1,0,0,전북,전주시,차대차,측면충돌,운전자법규위반,안전운전 의무 불이행,단일로,기타단일로,이륜차,승용차,127.1406159,35.84294438
12674,2015,2015-03-17 05:40,야,화,1,4,0,3,서울,마포구,차대차,진행중 추돌,운전자법규위반,안전운전 의무 불이행,단일로,기타단일로,화물차,화물차,126.8616072,37.57022665
12675,2015,2015-03-17 10:45,주,화,1,2,1,0,경기,안성시,차대차,주정차중 추돌,운전자법규위반,안전운전 의무 불이행,단일로,기타단일로,화물차,화물차,127.45074,37.08631717
12676,2015,2015-03-17 10:07,주,화,1,1,0,0,경기,안성시,차대차,기타,운전자법규위반,교차로 통행방법 위반,교차로,교차로내,승용차,이륜차,127.4301385,37.07365976
12677,2015,2015-03-17 10:45,주,화,1,1,0,0,경기,포천시,차량단독,공작물충돌,운전자법규위반,기타(운전자법규위반),단일로,기타단일로,승합차,없음,127.2096999,37.81063874
12678,2015,2015-03-17 14:20,주,화,1,2,1,0,전북,익산시,차대차,측면충돌,운전자법규위반,안전운전 의무 불이행,단일로,기타단일로,이륜차,화물차,127.08601409999999,36.05868703
12679,2015,2015-03-17 15:25,주,화,1,2,0,1,전남,보성군,차대차,진행중 추돌,운전자법규위반,안전운전 의무 불이행,교차로,교차로내,원동기장치자전거,자전거,127.09868490000001,34.78792946
12680,2015,2015-03-17 16:44,주,화,1,1,0,0,전북,전주시,차대차,측면충돌,운전자법규위반,안전거리 미확보,단일로,기타단일로,자전거,승합차,127.14279850000001,35.81205706
12681,2015,2015-03-17 19:25,야,화,1,1,0,0,전북,임실군,차대차,진행중 추돌,운전자법규위반,안전운전 의무 불이행,단일로,기타단일로,승용차,자전거,127.2764308,35.67946149
12682,2015,2015-03-17 19:50,야,화,1,1,0,0,전남,광양시,차대사람,길가장자리구역통행중,운전자법규위반,안전운전 의무 불이행,단일로,기타단일로,승용차,보행자,127.6033029,34.99616832
12683,2015,2015-03-17 21:25,야,화,1,1,0,0,전북,김제시,차대사람,횡단중,운전자법규위반,안전운전 의무 불이행,교차로,교차로내,승용차,보행자,126.8974749,35.80916638
12684,2015,2015-03-17 22:40,야,화,1,1,0,0,충남,천안시,차대사람,보도통행중,운전자법규위반,안전운전 의무 불이행,교차로,교차로부근,승용차,보행자,127.10958980000001,36.81547679
12685,2015,2015-03-17 22:20,야,화,1,1,0,0,경북,구미시,차대사람,횡단중,운전자법규위반,안전운전 의무 불이행,기타/불명,기타/불명,승용차,보행자,128.37793259999998,36.11090206
12686,2015,2015-03-17 22:20,야,화,1,1,0,0,경남,창원시(통합),차대사람,기타,운전자법규위반,안전운전 의무 불이행,교차로,교차로내,승용차,보행자,128.63983570000002,35.25930482
12687,2015,2015-03-17 23:10,야,화,1,1,0,0,충남,예산군,차대사람,차도통행중,운전자법규위반,안전운전 의무 불이행,단일로,기타단일로,승용차,보행자,126.72014329999999,36.68764497
12688,2015,2015-03-17 23:26,야,화,1,1,0,0,경남,고성군,차대사람,기타,운전자법규위반,안전운전 의무 불이행,단일로,기타단일로,승용차,보행자,128.32840090000002,35.0215914
12689,2015,2015-03-18 06:30,주,수,1,1,0,0,경남,창원시(통합),차대사람,차도통행중,운전자법규위반,안전운전 의무 불이행,교차로,교차로부근,승용차,보행자,128.57391040000002,35.20750369
12690,2015,2015-03-18 06:20,주,수,1,1,0,0,경남,통영시,차량단독,전도전복,운전자법규위반,안전운전 의무 불이행,단일로,기타단일로,승용차,없음,128.3601562,34.9210729
12691,2015,2015-03-18 06:35,주,수,1,2,1,0,대구,북구,차대사람,횡단중,운전자법규위반,신호위반,교차로,교차로내,화물차,보행자,128.58898349999998,35.879870700000005
12692,2015,2015-03-18 11:14,주,수,1,1,0,0,전남,영광군,차량단독,전도전복,운전자법규위반,안전운전 의무 불이행,단일로,기타단일로,원동기장치자전거,없음,126.4504058,35.29498819
12693,2015,2015-03-18 13:40,주,수,1,1,0,0,충남,공주시,차량단독,공작물충돌,운전자법규위반,안전운전 의무 불이행,단일로,기타단일로,승용차,없음,127.1312195,36.50071865
12694,2015,2015-03-18 16:15,주,수,1,2,1,0,경북,경산시,차량단독,전도전복,운전자법규위반,안전운전 의무 불이행,교차로,교차로부근,화물차,없음,128.7634429,35.96032835
12695,2015,2015-03-18 17:15,주,수,1,1,0,0,경기,남양주시,차대사람,횡단중,운전자법규위반,안전운전 의무 불이행,단일로,기타단일로,승용차,보행자,127.13977450000002,37.64674663
12696,2015,2015-03-18 19:03,야,수,1,1,0,0,경북,경산시,차대사람,길가장자리구역통행중,운전자법규위반,안전운전 의무 불이행,단일로,기타단일로,승용차,보행자,128.7764889,35.86823351
12697,2015,2015-03-18 19:19,야,수,1,1,0,0,대구,수성구,차대차,기타,운전자법규위반,중앙선 침범,단일로,기타단일로,자전거,승용차,128.61158970000002,35.83517152
12698,2015,2015-03-18 21:30,야,수,1,1,0,0,경북,포항시,차대사람,기타,운전자법규위반,안전운전 의무 불이행,교차로,교차로부근,승합차,보행자,129.39232009999998,35.94099756
12699,2015,2015-03-18 22:20,야,수,1,1,0,0,대구,북구,차대사람,기타,운전자법규위반,안전운전 의무 불이행,단일로,횡단보도상,화물차,보행자,128.5445461,35.923450200000005
12700,2015,2015-03-19 05:10,야,목,1,1,0,0,인천,서구,차대사람,횡단중,운전자법규위반,과속,단일로,기타단일로,승용차,보행자,126.68007890000001,37.51917141
12701,2015,2015-03-19 08:43,주,목,1,1,0,0,경기,화성시,차대사람,횡단중,운전자법규위반,안전운전 의무 불이행,교차로,교차로부근,화물차,보행자,127.03945290000001,37.2189413
12702,2015,2015-03-19 10:00,주,목,1,6,5,0,경기,양평군,차대차,정면충돌,운전자법규위반,중앙선 침범,단일로,기타단일로,승용차,승용차,127.35792009999999,37.55639999
12703,2015,2015-03-19 11:10,주,목,1,1,0,0,부산,수영구,차량단독,공작물충돌,운전자법규위반,안전운전 의무 불이행,단일로,기타단일로,승용차,없음,129.1015007,35.151599299999994
12704,2015,2015-03-19 11:55,주,목,1,4,0,3,전북,군산시,차대차,측면충돌,운전자법규위반,신호위반,교차로,교차로내,이륜차,승용차,126.75237949999999,35.99864908
12705,2015,2015-03-19 12:40,주,목,1,1,0,0,경기,안산시,차대사람,차도통행중,운전자법규위반,안전운전 의무 불이행,교차로,교차로내,승용차,보행자,126.84361770000001,37.30702088
12706,2015,2015-03-19 12:40,주,목,1,1,0,0,경기,부천시,차대사람,횡단중,운전자법규위반,보행자 보호의무 위반,단일로,횡단보도상,승합차,보행자,126.8047903,37.52809247
12707,2015,2015-03-19 14:58,주,목,1,1,0,0,부산,동래구,차대사람,횡단중,운전자법규위반,안전운전 의무 불이행,교차로,교차로내,승용차,보행자,129.10911959999999,35.19842648
12708,2015,2015-03-19 15:50,주,목,1,1,0,0,경북,의성군,차대차,측면충돌,운전자법규위반,과속,단일로,기타단일로,화물차,이륜차,128.3501471,36.50099109
12709,2015,2015-03-19 18:20,야,목,1,1,0,0,경북,영천시,차대사람,횡단중,운전자법규위반,안전운전 의무 불이행,단일로,기타단일로,화물차,보행자,128.9983316,35.98995306
12710,2015,2015-03-19 19:53,야,목,1,1,0,0,충남,아산시,차대사람,횡단중,운전자법규위반,안전운전 의무 불이행,단일로,기타단일로,승용차,보행자,126.99093970000001,36.78256636
12711,2015,2015-03-19 19:25,야,목,1,1,0,0,경북,문경시,차량단독,전도전복,운전자법규위반,안전운전 의무 불이행,단일로,기타단일로,이륜차,없음,128.1076405,36.73044967
12712,2015,2015-03-19 19:55,야,목,1,1,0,0,경북,봉화군,차대차,측면충돌,운전자법규위반,중앙선 침범,단일로,기타단일로,농기계,승용차,128.86463500000002,36.911289399999994
12713,2015,2015-03-19 19:05,야,목,1,1,0,0,경남,거창군,차대차,측면충돌,운전자법규위반,교차로 통행방법 위반,교차로,교차로내,승용차,이륜차,127.92591940000001,35.70432372
12714,2015,2015-03-20 02:22,야,금,1,2,1,0,경북,영덕군,차대차,주정차중 추돌,운전자법규위반,안전운전 의무 불이행,교차로,교차로부근,화물차,건설기계,129.37970959999998,36.3542099
12715,2015,2015-03-20 03:25,야,금,1,1,0,0,경기,남양주시,차량단독,공작물충돌,운전자법규위반,안전운전 의무 불이행,단일로,기타단일로,승용차,없음,127.15977439999999,37.65583743
12716,2015,2015-03-20 04:00,야,금,1,1,0,0,서울,강남구,차대사람,보도통행중,운전자법규위반,중앙선 침범,교차로,교차로부근,승용차,보행자,127.0536886,37.4808059
12717,2015,2015-03-20 09:30,주,금,1,1,0,0,경기,남양주시,차대차,정면충돌,운전자법규위반,안전운전 의무 불이행,단일로,기타단일로,이륜차,화물차,127.19865449999999,37.75537811
12718,2015,2015-03-20 12:50,주,금,1,1,0,0,전남,장성군,차량단독,전도전복,운전자법규위반,안전운전 의무 불이행,단일로,기타단일로,건설기계,없음,126.7612533,35.34900625
12719,2015,2015-03-20 13:00,주,금,1,2,1,0,충남,태안군,차량단독,도로이탈 추락,운전자법규위반,안전운전 의무 불이행,단일로,기타단일로,화물차,없음,126.2297367,36.90100557
12720,2015,2015-03-20 13:00,주,금,1,1,0,0,전남,완도군,차량단독,도로이탈 추락,운전자법규위반,안전운전 의무 불이행,단일로,기타단일로,승용차,없음,126.72556829999999,34.31242167
12721,2015,2015-03-20 13:10,주,금,1,1,0,0,경북,김천시,차대차,측면충돌,운전자법규위반,안전거리 미확보,단일로,기타단일로,이륜차,승합차,127.96827890000002,35.98313303
12722,2015,2015-03-20 13:30,주,금,1,8,5,2,경북,구미시,차대차,진행중 추돌,운전자법규위반,안전거리 미확보,단일로,터널안,화물차,승용차,128.2232,36.30609191