,발생년,발생년월일시분,주야,요일,사망자수,사상자수,중상자수,경상자수,발생지시도,발생지시군구,사고유형_대분류,사고유형,법규위반_대분류,법규위반,도로형태_대분류,도로형태,가해자_당사자종별,피해자_당사자종별,경도,위도
12723,2015,2015-03-20 17:10,주,금,1,16,7,8,충북,청주시,차대차,정면충돌,운전자법규위반,신호위반,교차로,교차로내,화물차,승합차,127.51487809999999,36.640516600000005
12724,2015,2015-03-20 19:52,야,금,1,1,0,0,충북,충주시,차대사람,기타,운전자법규위반,보행자 보호의무 위반,단일로,기타단일로,승용차,보행자,127.9470331,36.96612636
12725,2015,2015-03-20 19:25,야,금,1,1,0,0,경북,상주시,차대사람,횡단중,운전자법규위반,안전운전 의무 불이행,단일로,기타단일로,화물차,보행자,128.1319225,36.33937081
12726,2015,2015-03-20 19:10,야,금,1,2,0,1,경북,영천시,차대사람,길가장자리구역통행중,운전자법규위반,안전운전 의무 불이행,교차로,교차로내,승합차,보행자,128.7895222,36.03652715
12727,2015,2015-03-20 20:40,야,금,1,1,0,0,서울,강북구,차대사람,길가장자리구역통행중,운전자법규위반,안전운전 의무 불이행,교차로,교차로부근,승용차,보행자,127.0120494,37.65814004
12728,2015,2015-03-20 20:00,야,금,1,1,0,0,경기,의정부시,차대사람,차도통행중,운전자법규위반,안전운전 의무 불이행,단일로,기타단일로,승용차,보행자,127.04114799999999,37.75820502
12729,2015,2015-03-20 22:35,야,금,1,1,0,0,경북,포항시,차대차,측면충돌,운전자법규위반,안전운전 의무 불이행,단일로,기타단일로,승용차,화물차,129.4090866,35.96610765
12730,2015,2015-03-21 02:12,야,토,1,1,0,0,인천,남구,차대사람,횡단중,운전자법규위반,과속,단일로,기타단일로,승용차,보행자,126.6746531,37.45180319
12731,2015,2015-03-21 03:40,야,토,1,1,0,0,경기,포천시,차량단독,공작물충돌,운전자법규위반,안전운전 의무 불이행,단일로,기타단일로,승용차,없음,127.1302287,37.80217807
12732,2015,2015-03-21 11:00,주,토,1,1,0,0,강원,홍천군,차량단독,공작물충돌,운전자법규위반,안전운전 의무 불이행,단일로,기타단일로,이륜차,없음,127.9000902,37.60183049
12733,2015,2015-03-21 15:20,주,토,1,3,0,2,부산,금정구,차대차,진행중 추돌,운전자법규위반,안전운전 의무 불이행,단일로,기타단일로,승용차,승용차,129.11172109999998,35.21478915
12734,2015,2015-03-21 19:10,야,토,1,1,0,0,전북,익산시,차대사람,횡단중,운전자법규위반,안전운전 의무 불이행,단일로,횡단보도상,화물차,보행자,126.9580301,36.04325568
12735,2015,2015-03-21 19:30,야,토,1,1,0,0,전남,함평군,차량단독,도로이탈 추락,운전자법규위반,안전운전 의무 불이행,단일로,기타단일로,원동기장치자전거,없음,126.6045899,35.20847753
12736,2015,2015-03-21 22:39,야,토,1,1,0,0,부산,사상구,차량단독,전도전복,운전자법규위반,안전운전 의무 불이행,단일로,기타단일로,이륜차,없음,128.9990851,35.15310836
12737,2015,2015-03-22 01:00,야,일,1,1,0,0,서울,강북구,차대차,측면충돌,운전자법규위반,안전운전 의무 불이행,단일로,기타단일로,승용차,원동기장치자전거,127.02684199999999,37.61745083
12738,2015,2015-03-22 01:49,야,일,1,3,1,1,경기,의정부시,차량단독,공작물충돌,운전자법규위반,안전운전 의무 불이행,교차로,교차로부근,원동기장치자전거,없음,127.04802590000001,37.72863217
12739,2015,2015-03-22 01:30,야,일,1,1,0,0,대구,수성구,차대사람,횡단중,운전자법규위반,안전운전 의무 불이행,단일로,횡단보도상,승용차,보행자,128.6304812,35.85879651
12740,2015,2015-03-22 02:55,야,일,1,3,1,0,경기,하남시,차량단독,공작물충돌,운전자법규위반,안전운전 의무 불이행,교차로,교차로내,승용차,없음,127.1923193,37.5467195
12741,2015,2015-03-22 03:20,야,일,1,1,0,0,경남,고성군,차량단독,공작물충돌,운전자법규위반,안전운전 의무 불이행,단일로,기타단일로,승용차,없음,128.3325835,34.96811829999999
12742,2015,2015-03-22 04:58,야,일,1,1,0,0,전남,여수시,차대사람,횡단중,운전자법규위반,신호위반,교차로,교차로부근,승용차,보행자,127.65933759999999,34.76655553
12743,2015,2015-03-22 05:45,야,일,1,2,1,0,강원,홍천군,차대차,진행중 추돌,운전자법규위반,안전운전 의무 불이행,단일로,기타단일로,이륜차,화물차,127.9216197,37.71292636
12744,2015,2015-03-22 20:40,야,일,1,1,0,0,경남,함안군,차대사람,차도통행중,운전자법규위반,안전운전 의무 불이행,단일로,기타단일로,승용차,보행자,128.3733226,35.270520700000006
12745,2015,2015-03-22 22:05,야,일,1,1,0,0,제주,서귀포시,차대사람,횡단중,운전자법규위반,보행자 보호의무 위반,교차로,교차로부근,화물차,보행자,126.568262,33.25740985
12746,2015,2015-03-23 01:55,야,월,1,1,0,0,부산,부산진구,차량단독,공작물충돌,운전자법규위반,신호위반,단일로,기타단일로,승용차,없음,129.0507266,35.15781384
12747,2015,2015-03-23 03:34,야,월,1,2,1,0,서울,강북구,차대차,측면충돌,운전자법규위반,신호위반,교차로,교차로내,원동기장치자전거,승용차,127.02838510000001,37.63505115
12748,2015,2015-03-23 06:35,주,월,1,1,0,0,서울,성동구,차대차,측면충돌,운전자법규위반,안전운전 의무 불이행,단일로,기타단일로,화물차,자전거,127.05541029999999,37.54466997
12749,2015,2015-03-23 06:30,주,월,1,1,0,0,전남,영광군,차량단독,도로이탈 추락,운전자법규위반,안전운전 의무 불이행,단일로,기타단일로,원동기장치자전거,없음,126.590948,35.30861424
12750,2015,2015-03-23 07:53,주,월,1,1,0,0,경기,광명시,차량단독,공작물충돌,운전자법규위반,안전운전 의무 불이행,단일로,횡단보도부근,이륜차,없음,126.84304340000001,37.47129199
12751,2015,2015-03-23 10:30,주,월,1,1,0,0,부산,기장군,차대사람,횡단중,운전자법규위반,안전운전 의무 불이행,단일로,기타단일로,승용차,보행자,129.20465159999998,35.20608974
12752,2015,2015-03-23 11:04,주,월,1,2,1,0,강원,화천군,차대차,정면충돌,운전자법규위반,중앙선 침범,단일로,터널안,승용차,승합차,127.72084650000001,38.02560549
12753,2015,2015-03-23 16:25,주,월,1,1,0,0,강원,동해시,차대사람,횡단중,운전자법규위반,보행자 보호의무 위반,단일로,횡단보도상,화물차,보행자,129.10863799999998,37.54768935
12754,2015,2015-03-23 17:33,주,월,1,1,0,0,서울,영등포구,차대차,기타,운전자법규위반,안전운전 의무 불이행,단일로,기타단일로,승용차,자전거,126.9070338,37.51941126
12755,2015,2015-03-23 19:58,야,월,1,1,0,0,서울,강북구,차대사람,기타,운전자법규위반,안전운전 의무 불이행,교차로,교차로부근,승용차,보행자,127.00994229999999,37.65960949
12756,2015,2015-03-23 21:55,야,월,1,3,2,0,대전,동구,차대차,정면충돌,운전자법규위반,중앙선 침범,단일로,기타단일로,승용차,승용차,127.45977079999999,36.34285585
12757,2015,2015-03-24 00:02,야,화,1,1,0,0,경기,파주시,차대사람,기타,운전자법규위반,안전운전 의무 불이행,단일로,기타단일로,화물차,보행자,126.79086370000002,37.83964137
12758,2015,2015-03-24 05:56,야,화,1,1,0,0,서울,영등포구,차대차,주정차중 추돌,운전자법규위반,안전운전 의무 불이행,단일로,기타단일로,화물차,건설기계,126.91211270000001,37.52544866
12759,2015,2015-03-24 05:37,야,화,1,1,0,0,경기,안성시,차대사람,횡단중,운전자법규위반,안전운전 의무 불이행,단일로,기타단일로,승용차,보행자,127.17355069999999,37.00056656
12760,2015,2015-03-24 05:49,야,화,4,5,0,1,경기,화성시,차대사람,길가장자리구역통행중,운전자법규위반,안전운전 의무 불이행,단일로,기타단일로,승용차,보행자,127.0075919,37.19941495
12761,2015,2015-03-24 05:30,야,화,1,1,0,0,경북,칠곡군,차대사람,기타,운전자법규위반,안전운전 의무 불이행,단일로,기타단일로,화물차,보행자,128.5505469,35.99745139
12762,2015,2015-03-24 07:14,주,화,1,1,0,0,경남,창원시(통합),차대차,주정차중 추돌,운전자법규위반,안전운전 의무 불이행,단일로,기타단일로,원동기장치자전거,화물차,128.5698276,35.19440263
12763,2015,2015-03-24 09:45,주,화,1,2,0,1,광주,북구,차량단독,공작물충돌,운전자법규위반,안전운전 의무 불이행,단일로,기타단일로,승합차,없음,126.93673159999999,35.16828773
12764,2015,2015-03-24 12:55,주,화,1,1,0,0,경남,김해시,차대사람,차도통행중,운전자법규위반,안전운전 의무 불이행,단일로,기타단일로,화물차,보행자,128.96383429999997,35.31757836
12765,2015,2015-03-24 15:30,주,화,1,1,0,0,경기,고양시,차대차,기타,운전자법규위반,안전운전 의무 불이행,단일로,기타단일로,승용차,자전거,126.87197340000002,37.6114464
12766,2015,2015-03-24 15:00,주,화,1,1,0,0,경남,양산시,차량단독,기타,운전자법규위반,안전운전 의무 불이행,단일로,기타단일로,원동기장치자전거,없음,129.0187991,35.2927106
12767,2015,2015-03-24 16:20,주,화,1,1,0,0,제주,서귀포시,차대차,기타,운전자법규위반,신호위반,교차로,교차로내,화물차,화물차,126.622708,33.29331589
12768,2015,2015-03-24 18:29,야,화,1,1,0,0,인천,중구,차대사람,기타,운전자법규위반,안전운전 의무 불이행,교차로,교차로부근,승합차,보행자,126.5367967,37.51643131
12769,2015,2015-03-24 19:25,야,화,1,1,0,0,경기,광주시,차대사람,횡단중,운전자법규위반,과속,단일로,기타단일로,승용차,보행자,127.26120120000002,37.44830562
12770,2015,2015-03-24 23:12,야,화,1,1,0,0,전북,전주시,차대사람,차도통행중,운전자법규위반,안전운전 의무 불이행,단일로,기타단일로,승용차,보행자,127.11349809999999,35.85097923
12771,2015,2015-03-25 07:17,주,수,1,1,0,0,전남,신안군,차대차,진행중 추돌,운전자법규위반,안전운전 의무 불이행,단일로,기타단일로,화물차,농기계,126.1205659,34.840943599999996
12772,2015,2015-03-25 15:45,주,수,1,1,0,0,경북,고령군,차대차,측면충돌,운전자법규위반,신호위반,교차로,교차로내,화물차,이륜차,128.2548974,35.69530774
12773,2015,2015-03-25 19:03,야,수,1,1,0,0,전북,정읍시,차대차,측면충돌,운전자법규위반,신호위반,교차로,교차로내,이륜차,승합차,126.8485385,35.57432713
12774,2015,2015-03-25 23:40,야,수,2,2,0,0,서울,동작구,차대차,주정차중 추돌,운전자법규위반,안전운전 의무 불이행,단일로,기타단일로,승용차,화물차,126.93764440000001,37.51638821
12775,2015,2015-03-26 00:56,야,목,1,1,0,0,광주,남구,차대사람,횡단중,운전자법규위반,안전운전 의무 불이행,단일로,기타단일로,승용차,보행자,126.89691440000001,35.13703233
12776,2015,2015-03-26 01:28,야,목,1,2,0,1,서울,중랑구,차대차,정면충돌,운전자법규위반,중앙선 침범,단일로,횡단보도부근,이륜차,승합차,127.08599380000001,37.59644653
12777,2015,2015-03-26 02:00,야,목,1,1,0,0,경기,의왕시,차대차,기타,운전자법규위반,안전운전 의무 불이행,단일로,기타단일로,승용차,승용차,127.01141670000001,37.39231002
12778,2015,2015-03-26 04:30,야,목,1,1,0,0,서울,강남구,차대사람,횡단중,운전자법규위반,신호위반,단일로,기타단일로,승용차,보행자,127.05267240000002,37.51407665
12779,2015,2015-03-26 05:10,야,목,1,1,0,0,인천,부평구,차대사람,횡단중,운전자법규위반,안전운전 의무 불이행,단일로,기타단일로,승합차,보행자,126.7039702,37.51462084
12780,2015,2015-03-26 09:45,주,목,1,1,0,0,대구,수성구,차대차,측면충돌,운전자법규위반,안전운전 의무 불이행,단일로,기타단일로,승용차,이륜차,128.61015749999999,35.8547487
12781,2015,2015-03-26 10:42,주,목,1,7,6,0,경기,화성시,차대차,주정차중 추돌,운전자법규위반,안전운전 의무 불이행,단일로,기타단일로,특수차,승용차,126.88826840000002,37.24167517
12782,2015,2015-03-26 13:45,주,목,1,1,0,0,경기,안산시,차량단독,기타,운전자법규위반,기타(운전자법규위반),기타/불명,기타/불명,승용차,없음,126.55905800000001,37.27668034
12783,2015,2015-03-26 15:20,주,목,1,3,1,1,서울,마포구,차대차,주정차중 추돌,운전자법규위반,안전운전 의무 불이행,단일로,기타단일로,승용차,화물차,126.92022450000002,37.56525622
12784,2015,2015-03-26 16:00,주,목,1,1,0,0,서울,용산구,차대사람,기타,운전자법규위반,안전운전 의무 불이행,단일로,기타단일로,건설기계,보행자,126.9725636,37.55354978
12785,2015,2015-03-26 18:16,야,목,1,1,0,0,서울,강서구,차대사람,횡단중,운전자법규위반,안전운전 의무 불이행,단일로,기타단일로,승합차,보행자,126.86866090000002,37.54888472
12786,2015,2015-03-26 19:44,야,목,1,5,3,1,강원,양구군,차대차,측면충돌,운전자법규위반,직진 및 우회전차의 통행방해,교차로,교차로내,승합차,승용차,127.9891967,38.09641036
12787,2015,2015-03-26 19:10,야,목,1,1,0,0,대구,달성군,차대차,정면충돌,운전자법규위반,중앙선 침범,단일로,기타단일로,승용차,이륜차,128.5889974,35.7860985
12788,2015,2015-03-27 01:40,야,금,1,1,0,0,경남,고성군,차대사람,차도통행중,운전자법규위반,안전운전 의무 불이행,단일로,기타단일로,승용차,보행자,128.3170747,34.96944096
12789,2015,2015-03-27 04:54,야,금,1,1,0,0,서울,송파구,차대사람,횡단중,운전자법규위반,안전운전 의무 불이행,교차로,교차로부근,승합차,보행자,127.10082549999998,37.51346592
12790,2015,2015-03-27 05:54,야,금,1,1,0,0,충남,서산시,차대차,진행중 추돌,운전자법규위반,안전운전 의무 불이행,단일로,기타단일로,승용차,건설기계,126.56303929999999,36.71800912
12791,2015,2015-03-27 09:44,주,금,1,1,0,0,경기,고양시,차대사람,횡단중,운전자법규위반,보행자 보호의무 위반,교차로,교차로내,승용차,보행자,126.769178,37.65973352
12792,2015,2015-03-27 09:40,주,금,1,1,0,0,전남,화순군,차대차,기타,운전자법규위반,기타(운전자법규위반),단일로,기타단일로,화물차,자전거,126.99016129999998,35.06149985
12793,2015,2015-03-27 13:10,주,금,1,2,0,1,경북,김천시,차대차,진행중 추돌,운전자법규위반,안전거리 미확보,단일로,터널안,화물차,화물차,128.26007990000002,36.08180314
12794,2015,2015-03-27 16:07,주,금,1,1,0,0,경기,안산시,차대차,측면충돌,운전자법규위반,신호위반,단일로,횡단보도상,자전거,화물차,126.8436712,37.30475871
12795,2015,2015-03-27 16:30,주,금,1,1,0,0,전남,순천시,차대차,기타,운전자법규위반,신호위반,교차로,교차로내,승용차,이륜차,127.48433680000001,34.95919453
12796,2015,2015-03-27 22:40,야,금,1,3,2,0,경기,고양시,차대차,정면충돌,운전자법규위반,중앙선 침범,단일로,기타단일로,승용차,승용차,126.8831403,37.62982943
12797,2015,2015-03-27 23:35,야,금,1,1,0,0,부산,사상구,차대사람,횡단중,운전자법규위반,안전운전 의무 불이행,단일로,기타단일로,승용차,보행자,128.9768022,35.16902515
12798,2015,2015-03-27 23:40,야,금,1,1,0,0,경기,광주시,차량단독,공작물충돌,운전자법규위반,안전운전 의무 불이행,단일로,기타단일로,승용차,없음,127.2628554,37.45076068
12799,2015,2015-03-28 00:10,야,토,1,1,0,0,전남,여수시,차량단독,전도전복,운전자법규위반,안전운전 의무 불이행,단일로,기타단일로,원동기장치자전거,없음,127.67727,34.75120953
12800,2015,2015-03-28 01:34,야,토,1,1,0,0,서울,마포구,차대사람,횡단중,운전자법규위반,안전운전 의무 불이행,단일로,횡단보도부근,화물차,보행자,126.93455559999998,37.55379751
12801,2015,2015-03-28 01:13,야,토,1,1,0,0,경기,평택시,차량단독,공작물충돌,운전자법규위반,안전운전 의무 불이행,교차로,교차로내,화물차,없음,126.832282,36.99009606
12802,2015,2015-03-28 01:00,야,토,1,2,1,0,경기,안산시,차량단독,공작물충돌,운전자법규위반,과속,단일로,기타단일로,승용차,없음,126.8628923,37.31225507
12803,2015,2015-03-28 05:30,야,토,1,1,0,0,경기,고양시,차대사람,횡단중,운전자법규위반,안전운전 의무 불이행,단일로,횡단보도상,승용차,보행자,126.76134209999998,37.67020314
12804,2015,2015-03-28 06:35,주,토,1,1,0,0,경남,진주시,차대사람,횡단중,운전자법규위반,안전운전 의무 불이행,단일로,기타단일로,화물차,보행자,128.0684336,35.16097783
12805,2015,2015-03-28 07:55,주,토,1,3,2,0,전북,순창군,차대차,정면충돌,운전자법규위반,중앙선 침범,단일로,기타단일로,화물차,화물차,126.94444809999999,35.43426635
12806,2015,2015-03-28 11:05,주,토,1,1,0,0,경기,안성시,차대사람,기타,운전자법규위반,안전운전 의무 불이행,기타/불명,기타/불명,승용차,보행자,127.2347044,36.9837719
12807,2015,2015-03-28 11:31,주,토,1,6,1,4,충북,괴산군,차대차,정면충돌,운전자법규위반,직진 및 우회전차의 통행방해,교차로,교차로내,승용차,승합차,127.7642616,36.83397957
12808,2015,2015-03-28 11:50,주,토,1,1,0,0,전북,무주군,차대사람,횡단중,운전자법규위반,안전운전 의무 불이행,단일로,기타단일로,승용차,보행자,127.7093219,36.03229776
12809,2015,2015-03-28 11:25,주,토,1,1,0,0,경남,의령군,차대차,진행중 추돌,운전자법규위반,안전운전 의무 불이행,단일로,기타단일로,화물차,건설기계,128.2929341,35.33633716
12810,2015,2015-03-28 15:23,주,토,1,2,1,0,전남,장성군,차량단독,전도전복,운전자법규위반,기타(운전자법규위반),교차로,교차로내,원동기장치자전거,없음,126.7766923,35.25400897
12811,2015,2015-03-28 18:26,야,토,1,1,0,0,경기,광주시,차량단독,공작물충돌,운전자법규위반,안전운전 의무 불이행,교차로,교차로부근,원동기장치자전거,없음,127.3302679,37.28774396
12812,2015,2015-03-28 18:00,야,토,1,2,1,0,경기,안산시,차량단독,공작물충돌,운전자법규위반,안전운전 의무 불이행,단일로,기타단일로,승용차,없음,126.9020205,37.29338599
12813,2015,2015-03-28 18:15,야,토,1,1,0,0,충남,서천군,차량단독,공작물충돌,운전자법규위반,안전운전 의무 불이행,단일로,기타단일로,원동기장치자전거,없음,126.6799314,36.05955396
12814,2015,2015-03-28 21:05,야,토,1,1,0,0,경남,김해시,차대사람,횡단중,운전자법규위반,안전운전 의무 불이행,교차로,교차로내,화물차,보행자,128.8078286,35.20541916
12815,2015,2015-03-29 03:10,야,일,1,1,0,0,경북,울진군,차대사람,기타,운전자법규위반,안전운전 의무 불이행,단일로,기타단일로,승합차,보행자,129.374666,37.09355529
12816,2015,2015-03-29 10:05,주,일,1,1,0,0,전남,구례군,차량단독,도로이탈 추락,운전자법규위반,안전운전 의무 불이행,단일로,기타단일로,화물차,없음,127.59755919999999,35.2250585
12817,2015,2015-03-29 12:20,주,일,1,2,0,0,서울,동대문구,차대차,기타,운전자법규위반,안전운전 의무 불이행,교차로,교차로내,승용차,이륜차,127.0577523,37.59276574
12818,2015,2015-03-29 12:10,주,일,1,1,0,0,경기,파주시,차량단독,공작물충돌,운전자법규위반,안전운전 의무 불이행,단일로,기타단일로,이륜차,없음,126.78366820000001,37.85272069
12819,2015,2015-03-29 13:00,주,일,1,1,0,0,인천,남구,차대사람,차도통행중,운전자법규위반,안전운전 의무 불이행,교차로,교차로부근,승용차,보행자,126.6626491,37.46168765
12820,2015,2015-03-29 13:41,주,일,1,4,0,3,대전,대덕구,차대차,측면충돌,운전자법규위반,과속,단일로,기타단일로,승용차,이륜차,127.4276951,36.35905046
12821,2015,2015-03-29 13:35,주,일,1,1,0,0,울산,중구,차대차,측면충돌,운전자법규위반,직진 및 우회전차의 통행방해,교차로,교차로내,이륜차,화물차,129.34378529999998,35.55594555
12822,2015,2015-03-29 17:20,주,일,1,1,0,0,충남,공주시,차량단독,공작물충돌,운전자법규위반,안전운전 의무 불이행,단일로,기타단일로,승용차,없음,127.0630182,36.43662495
12823,2015,2015-03-29 18:06,야,일,1,1,0,0,인천,서구,차량단독,공작물충돌,운전자법규위반,중앙선 침범,단일로,기타단일로,승용차,없음,126.6108317,37.55098315
12824,2015,2015-03-29 19:40,야,일,1,4,1,0,서울,노원구,차대차,정면충돌,운전자법규위반,중앙선 침범,단일로,기타단일로,승용차,승용차,127.0650838,37.64288056
12825,2015,2015-03-29 19:40,야,일,1,2,0,1,전남,나주시,차대차,기타,운전자법규위반,안전운전 의무 불이행,단일로,기타단일로,승용차,승용차,126.7072995,34.96706868
12826,2015,2015-03-29 19:30,야,일,1,7,0,1,인천,남구,차대차,진행중 추돌,운전자법규위반,안전운전 의무 불이행,단일로,기타단일로,승용차,승용차,126.6741688,37.47116977
12827,2015,2015-03-29 22:22,야,일,1,1,0,0,경북,의성군,차대사람,기타,운전자법규위반,과속,단일로,기타단일로,승용차,보행자,128.6943535,36.24548302
12828,2015,2015-03-29 23:50,야,일,1,2,1,0,서울,마포구,차량단독,도로이탈 추락,운전자법규위반,안전운전 의무 불이행,단일로,기타단일로,이륜차,없음,126.89399109999998,37.55935587
12829,2015,2015-03-30 04:35,야,월,1,1,0,0,대전,서구,차량단독,전도전복,운전자법규위반,안전운전 의무 불이행,교차로,교차로부근,승용차,없음,127.393354,36.36713859
12830,2015,2015-03-30 05:00,야,월,1,1,0,0,대구,중구,차대사람,횡단중,운전자법규위반,안전운전 의무 불이행,단일로,기타단일로,화물차,보행자,128.5964408,35.87598024
12831,2015,2015-03-30 06:10,주,월,1,1,0,0,강원,정선군,차대사람,횡단중,운전자법규위반,안전운전 의무 불이행,교차로,교차로내,화물차,보행자,128.6665376,37.38147218
12832,2015,2015-03-30 07:20,주,월,1,4,0,3,경기,의정부시,차대차,주정차중 추돌,운전자법규위반,안전운전 의무 불이행,교차로,교차로내,건설기계,건설기계,127.05321869999999,37.70484794
12833,2015,2015-03-30 11:30,주,월,1,1,0,0,경기,연천군,차대차,진행중 추돌,운전자법규위반,안전운전 의무 불이행,단일로,기타단일로,승용차,자전거,127.0683917,38.04495701
12834,2015,2015-03-30 13:40,주,월,1,1,0,0,전남,순천시,차량단독,전도전복,운전자법규위반,안전운전 의무 불이행,단일로,기타단일로,화물차,없음,127.47583490000001,35.00393781
12835,2015,2015-03-30 14:00,주,월,4,5,1,0,충남,홍성군,차량단독,공작물충돌,운전자법규위반,안전운전 의무 불이행,단일로,기타단일로,승용차,없음,126.54678670000001,36.60228605
12836,2015,2015-03-30 15:10,주,월,1,2,0,1,경북,영주시,차대차,주정차중 추돌,운전자법규위반,과속,단일로,기타단일로,건설기계,승용차,128.48354170000002,36.87669169
12837,2015,2015-03-30 15:25,주,월,1,4,1,2,경남,창원시(통합),차대차,주정차중 추돌,운전자법규위반,안전운전 의무 불이행,교차로,교차로부근,특수차,특수차,128.78784109999998,35.08315395
12838,2015,2015-03-30 16:00,주,월,1,1,0,0,전북,남원시,차량단독,기타,운전자법규위반,안전운전 의무 불이행,단일로,기타단일로,농기계,없음,127.59524609999998,35.53891045
12839,2015,2015-03-30 16:35,주,월,1,1,0,0,경북,포항시,차대차,기타,운전자법규위반,신호위반,교차로,교차로내,화물차,원동기장치자전거,129.36996440000001,36.24502882
12840,2015,2015-03-30 17:52,주,월,1,1,0,0,경기,용인시,차대사람,기타,운전자법규위반,기타(운전자법규위반),교차로,교차로부근,승합차,보행자,127.15086029999999,37.27719201
12841,2015,2015-03-30 19:40,야,월,1,1,0,0,경북,영양군,차대차,정면충돌,운전자법규위반,중앙선 침범,단일로,기타단일로,승용차,건설기계,129.1219791,36.68555963
12842,2015,2015-03-30 19:00,야,월,1,1,0,0,경남,남해군,차대차,진행중 추돌,운전자법규위반,안전운전 의무 불이행,단일로,기타단일로,승용차,자전거,128.00925690000003,34.87376974
12843,2015,2015-03-30 21:30,야,월,1,1,0,0,강원,강릉시,차량단독,공작물충돌,운전자법규위반,안전운전 의무 불이행,단일로,기타단일로,이륜차,없음,128.8730985,37.80242570000001
12844,2015,2015-03-30 23:35,야,월,1,1,0,0,경북,구미시,차대차,기타,운전자법규위반,안전운전 의무 불이행,단일로,기타단일로,이륜차,승합차,128.4187354,36.14279008
12845,2015,2015-03-31 01:07,야,화,1,2,1,0,경기,포천시,차대차,정면충돌,운전자법규위반,신호위반,교차로,교차로내,승용차,건설기계,127.13143899999999,37.80551673
12846,2015,2015-03-31 02:10,야,화,1,2,1,0,경기,파주시,차대차,진행중 추돌,운전자법규위반,안전운전 의무 불이행,교차로,교차로부근,승용차,승용차,126.7339412,37.73470673
12847,2015,2015-03-31 05:10,야,화,2,4,1,1,경기,하남시,차대차,측면충돌,운전자법규위반,안전운전 의무 불이행,단일로,기타단일로,화물차,승용차,127.2022963,37.53156622
12848,2015,2015-03-31 06:39,주,화,1,1,0,0,전남,해남군,차량단독,공작물충돌,운전자법규위반,안전운전 의무 불이행,단일로,기타단일로,승합차,없음,126.5707117,34.43323112
12849,2015,2015-03-31 10:30,주,화,1,2,1,0,충남,금산군,차대차,정면충돌,운전자법규위반,중앙선 침범,단일로,기타단일로,화물차,건설기계,127.383583,36.19123673
12850,2015,2015-03-31 11:50,주,화,1,2,0,1,전남,여수시,차대차,측면충돌,운전자법규위반,중앙선 침범,단일로,기타단일로,승용차,화물차,127.68228390000002,34.73581775
12851,2015,2015-03-31 13:31,주,화,1,1,0,0,전북,김제시,차량단독,공작물충돌,운전자법규위반,안전운전 의무 불이행,기타/불명,기타/불명,원동기장치자전거,없음,126.9649903,35.75512746
12852,2015,2015-03-31 14:20,주,화,1,4,3,0,경북,영덕군,차대차,측면충돌,운전자법규위반,중앙선 침범,단일로,기타단일로,건설기계,승용차,129.1625937,36.49278594
12853,2015,2015-03-31 14:50,주,화,1,1,0,0,경북,포항시,차대차,진행중 추돌,운전자법규위반,직진 및 우회전차의 통행방해,교차로,교차로내,화물차,이륜차,129.3397817,35.99046606
12854,2015,2015-03-31 15:55,주,화,1,3,1,1,전북,임실군,차대차,주정차중 추돌,운전자법규위반,안전운전 의무 불이행,교차로,교차로부근,승용차,승용차,127.3163886,35.58855279
12855,2015,2015-03-31 16:00,주,화,1,1,0,0,강원,정선군,차량단독,공작물충돌,운전자법규위반,안전운전 의무 불이행,단일로,기타단일로,이륜차,없음,128.5863794,37.40985283
12856,2015,2015-03-31 17:20,주,화,1,1,0,0,경남,창원시(통합),차량단독,공작물충돌,운전자법규위반,안전운전 의무 불이행,단일로,기타단일로,승용차,없음,128.7001785,35.12589043
12857,2015,2015-03-31 21:28,야,화,1,1,0,0,서울,마포구,차대사람,차도통행중,운전자법규위반,안전운전 의무 불이행,단일로,기타단일로,승용차,보행자,126.899689,37.56606394
12858,2015,2015-03-31 23:55,야,화,1,1,0,0,대구,남구,차대사람,횡단중,운전자법규위반,안전운전 의무 불이행,단일로,횡단보도상,승합차,보행자,128.56083629999998,35.83846121
12859,2015,2015-04-01 00:16,야,수,1,2,0,1,광주,서구,차대사람,횡단중,운전자법규위반,안전운전 의무 불이행,단일로,기타단일로,승용차,보행자,126.8568924,35.14687153
12860,2015,2015-04-01 06:18,주,수,1,1,0,0,전북,전주시,차대사람,횡단중,운전자법규위반,안전운전 의무 불이행,단일로,기타단일로,화물차,보행자,127.1482116,35.82453336
12861,2015,2015-04-01 11:20,주,수,1,1,0,0,전남,여수시,차대사람,횡단중,운전자법규위반,안전운전 의무 불이행,단일로,기타단일로,승용차,보행자,127.72815659999999,34.74923109
12862,2015,2015-04-01 12:20,주,수,1,3,2,0,강원,춘천시,차대차,측면충돌,운전자법규위반,안전운전 의무 불이행,교차로,교차로내,승합차,승용차,127.7341139,37.85139504
12863,2015,2015-04-01 14:05,주,수,1,1,0,0,전남,영광군,차대사람,횡단중,운전자법규위반,안전운전 의무 불이행,단일로,기타단일로,승합차,보행자,126.5021007,35.27598879
12864,2015,2015-04-01 15:30,주,수,1,1,0,0,충북,청주시,차량단독,전도전복,운전자법규위반,안전운전 의무 불이행,단일로,기타단일로,이륜차,없음,127.51426599999999,36.65755766