,발생년,발생년월일시분,주야,요일,사망자수,사상자수,중상자수,경상자수,발생지시도,발생지시군구,사고유형_대분류,사고유형,법규위반_대분류,법규위반,도로형태_대분류,도로형태,가해자_당사자종별,피해자_당사자종별,경도,위도
12865,2015,2015-04-01 16:25,주,수,1,2,1,0,충북,음성군,차대차,측면충돌,운전자법규위반,중앙선 침범,단일로,고가도로위,화물차,화물차,127.6872118,36.90993873
12866,2015,2015-04-01 16:00,주,수,1,4,2,1,충남,홍성군,차대차,측면충돌,운전자법규위반,중앙선 침범,단일로,기타단일로,승용차,화물차,126.64821599999999,36.6054431
12867,2015,2015-04-01 17:25,주,수,1,1,0,0,경기,용인시,차대사람,길가장자리구역통행중,운전자법규위반,안전운전 의무 불이행,단일로,기타단일로,화물차,보행자,127.33113090000002,37.18416463
12868,2015,2015-04-01 19:50,야,수,1,1,0,0,전남,목포시,차대사람,횡단중,운전자법규위반,안전운전 의무 불이행,단일로,기타단일로,승용차,보행자,126.371925,34.80793533
12869,2015,2015-04-01 21:41,야,수,1,1,0,0,서울,구로구,차대사람,횡단중,운전자법규위반,안전거리 미확보,교차로,교차로부근,승합차,보행자,126.8562381,37.48771609
12870,2015,2015-04-02 00:41,야,목,1,1,0,0,서울,강동구,차대사람,기타,운전자법규위반,안전운전 의무 불이행,단일로,기타단일로,승용차,보행자,127.1323412,37.54022949
12871,2015,2015-04-02 00:45,야,목,1,3,1,1,경기,부천시,차대사람,횡단중,운전자법규위반,안전운전 의무 불이행,단일로,횡단보도부근,승용차,보행자,126.78445559999999,37.49224163
12872,2015,2015-04-02 05:14,야,목,1,1,0,0,경기,고양시,차대차,진행중 추돌,운전자법규위반,안전운전 의무 불이행,단일로,기타단일로,승용차,화물차,126.84323300000001,37.66890296
12873,2015,2015-04-02 07:10,주,목,1,1,0,0,울산,동구,차량단독,공작물충돌,운전자법규위반,안전운전 의무 불이행,단일로,기타단일로,원동기장치자전거,없음,129.426354,35.49161238
12874,2015,2015-04-02 09:30,주,목,2,3,1,0,광주,서구,차대사람,길가장자리구역통행중,운전자법규위반,과속,단일로,기타단일로,승용차,보행자,126.8578212,35.12225991
12875,2015,2015-04-02 14:56,주,목,1,2,0,1,전남,무안군,차대차,측면충돌,운전자법규위반,신호위반,교차로,교차로내,승용차,이륜차,126.46583740000001,34.80866154
12876,2015,2015-04-02 18:20,야,목,1,1,0,0,경북,경산시,차대사람,횡단중,운전자법규위반,안전운전 의무 불이행,단일로,기타단일로,화물차,보행자,128.75705449999998,35.81447171
12877,2015,2015-04-02 22:55,야,목,1,1,0,0,서울,서초구,차대사람,차도통행중,운전자법규위반,안전운전 의무 불이행,단일로,횡단보도부근,승합차,보행자,127.03499479999999,37.483515399999995
12878,2015,2015-04-02 23:15,야,목,1,2,0,1,부산,서구,차량단독,공작물충돌,운전자법규위반,안전운전 의무 불이행,단일로,기타단일로,승용차,없음,129.01023659999998,35.10961104
12879,2015,2015-04-03 00:15,야,금,1,1,0,0,전남,영암군,차대사람,차도통행중,운전자법규위반,안전운전 의무 불이행,단일로,기타단일로,승용차,보행자,126.37664440000002,34.74772632
12880,2015,2015-04-03 05:25,야,금,1,1,0,0,경기,시흥시,차량단독,공작물충돌,운전자법규위반,안전운전 의무 불이행,단일로,기타단일로,화물차,없음,126.77482649999999,37.35422085
12881,2015,2015-04-03 09:10,주,금,1,4,1,2,경북,영주시,차대차,측면충돌,운전자법규위반,안전운전 의무 불이행,교차로,교차로내,화물차,승용차,128.6168078,36.82516981
12882,2015,2015-04-03 10:45,주,금,1,1,0,0,경북,경주시,차대차,측면충돌,운전자법규위반,교차로 통행방법 위반,교차로,교차로내,승합차,원동기장치자전거,129.3343385,35.77112348
12883,2015,2015-04-03 11:20,주,금,1,1,0,0,경기,평택시,차대사람,기타,운전자법규위반,안전운전 의무 불이행,단일로,터널안,화물차,보행자,126.9866417,37.00798218
12884,2015,2015-04-03 11:04,주,금,1,2,0,1,경북,구미시,차대차,정면충돌,운전자법규위반,신호위반,교차로,교차로내,승용차,승합차,128.3058801,36.24874901
12885,2015,2015-04-03 12:57,주,금,2,5,3,0,부산,해운대구,차대사람,기타,운전자법규위반,안전운전 의무 불이행,단일로,기타단일로,승용차,보행자,129.1257923,35.18405774
12886,2015,2015-04-03 14:40,주,금,1,2,0,0,경북,안동시,차대차,기타,운전자법규위반,안전운전 의무 불이행,단일로,기타단일로,승합차,농기계,128.7570503,36.79534826
12887,2015,2015-04-03 19:37,야,금,1,1,0,0,경기,부천시,차대사람,기타,운전자법규위반,안전운전 의무 불이행,단일로,기타단일로,승합차,보행자,126.75711880000001,37.48835933
12888,2015,2015-04-03 20:12,야,금,1,1,0,0,경북,칠곡군,차량단독,도로이탈 기타,운전자법규위반,안전운전 의무 불이행,단일로,기타단일로,승용차,없음,128.3874577,35.99549622
12889,2015,2015-04-03 21:50,야,금,1,1,0,0,인천,남구,차대사람,차도통행중,운전자법규위반,과속,교차로,교차로부근,화물차,보행자,126.64991450000001,37.44292981
12890,2015,2015-04-04 04:44,야,토,1,1,0,0,서울,동대문구,차대차,측면충돌,운전자법규위반,신호위반,교차로,교차로내,승용차,이륜차,127.0576251,37.57597318
12891,2015,2015-04-04 09:00,주,토,1,2,1,0,경북,청도군,차대차,진행중 추돌,운전자법규위반,안전운전 의무 불이행,단일로,기타단일로,승용차,농기계,128.64764509999998,35.63986679
12892,2015,2015-04-04 11:40,주,토,1,1,0,0,전북,정읍시,차대차,측면충돌,운전자법규위반,중앙선 침범,단일로,기타단일로,원동기장치자전거,승합차,126.9810722,35.69390552
12893,2015,2015-04-04 16:50,주,토,1,1,0,0,전남,영암군,차량단독,공작물충돌,운전자법규위반,안전운전 의무 불이행,단일로,기타단일로,승용차,없음,126.39973329999998,34.73579091
12894,2015,2015-04-04 18:45,야,토,1,1,0,0,대구,달서구,차대사람,횡단중,운전자법규위반,보행자 보호의무 위반,교차로,교차로부근,승용차,보행자,128.5470616,35.8434505
12895,2015,2015-04-04 19:15,야,토,1,1,0,0,경남,양산시,차대사람,횡단중,운전자법규위반,보행자 보호의무 위반,교차로,교차로부근,승용차,보행자,129.02910649999998,35.34196977
12896,2015,2015-04-04 21:43,야,토,1,1,0,0,경남,거창군,차대차,주정차중 추돌,운전자법규위반,안전운전 의무 불이행,단일로,기타단일로,원동기장치자전거,화물차,127.91616100000002,35.68139327
12897,2015,2015-04-04 22:44,야,토,1,1,0,0,경기,양주시,차량단독,기타,운전자법규위반,안전운전 의무 불이행,교차로,교차로부근,이륜차,없음,126.9986943,37.80287251
12898,2015,2015-04-04 23:01,야,토,1,1,0,0,충북,청주시,차대차,기타,운전자법규위반,안전운전 의무 불이행,단일로,기타단일로,승용차,승용차,127.4327811,36.52330274
12899,2015,2015-04-05 00:40,야,일,1,1,0,0,강원,태백시,차량단독,공작물충돌,운전자법규위반,안전운전 의무 불이행,단일로,기타단일로,승용차,없음,128.9526609,37.13144808
12900,2015,2015-04-05 02:00,야,일,1,1,0,0,경기,하남시,차대사람,차도통행중,운전자법규위반,안전운전 의무 불이행,단일로,기타단일로,승용차,보행자,127.2321659,37.49968446
12901,2015,2015-04-05 07:45,주,일,1,5,3,1,충남,논산시,차대차,정면충돌,운전자법규위반,앞지르기 금지위반,교차로,교차로내,승용차,승용차,127.0814101,36.19817963
12902,2015,2015-04-05 08:55,주,일,1,4,1,2,충남,예산군,차대차,측면충돌,운전자법규위반,안전운전 의무 불이행,교차로,교차로내,승용차,승용차,126.6562105,36.68953484
12903,2015,2015-04-05 10:00,주,일,2,2,0,0,강원,정선군,차대차,진행중 추돌,운전자법규위반,안전운전 의무 불이행,기타/불명,기타/불명,승용차,화물차,128.7784505,37.24034676
12904,2015,2015-04-05 14:35,주,일,1,2,0,1,충북,충주시,차대차,기타,운전자법규위반,안전운전 의무 불이행,교차로,교차로내,승용차,승용차,127.88265940000001,36.99236775
12905,2015,2015-04-05 15:20,주,일,1,1,0,0,전북,전주시,차량단독,공작물충돌,운전자법규위반,안전운전 의무 불이행,단일로,기타단일로,승용차,없음,127.1229314,35.76479657
12906,2015,2015-04-05 19:22,야,일,1,1,0,0,충남,논산시,차대사람,횡단중,운전자법규위반,안전운전 의무 불이행,단일로,기타단일로,승용차,보행자,127.19541909999998,36.20777404
12907,2015,2015-04-05 20:06,야,일,1,1,0,0,충북,음성군,차대사람,길가장자리구역통행중,운전자법규위반,안전운전 의무 불이행,단일로,횡단보도부근,승합차,보행자,127.68536770000001,36.9272225
12908,2015,2015-04-05 21:15,야,일,1,1,0,0,충남,당진시,차대사람,기타,운전자법규위반,안전운전 의무 불이행,단일로,기타단일로,승용차,보행자,126.765468,36.96524575
12909,2015,2015-04-05 21:43,야,일,1,1,0,0,경남,진주시,차대사람,차도통행중,운전자법규위반,안전운전 의무 불이행,단일로,기타단일로,승용차,보행자,128.0255869,35.12816872
12910,2015,2015-04-05 23:30,야,일,1,1,0,0,전북,익산시,차대차,주정차중 추돌,운전자법규위반,안전운전 의무 불이행,교차로,교차로부근,승용차,화물차,126.9316534,35.952028799999994
12911,2015,2015-04-06 05:50,야,월,1,1,0,0,전남,순천시,차대사람,기타,운전자법규위반,안전운전 의무 불이행,단일로,기타단일로,승용차,보행자,127.51795209999999,34.957949799999994
12912,2015,2015-04-06 08:40,주,월,1,1,0,0,강원,평창군,차대차,측면충돌,운전자법규위반,안전운전 의무 불이행,단일로,기타단일로,승용차,이륜차,128.4542384,37.5295193
12913,2015,2015-04-06 10:16,주,월,1,2,1,0,충북,음성군,차대차,기타,운전자법규위반,안전운전 의무 불이행,교차로,교차로내,화물차,화물차,127.6887575,36.91355022
12914,2015,2015-04-06 10:10,주,월,1,1,0,0,경남,통영시,차대차,기타,운전자법규위반,신호위반,단일로,기타단일로,승용차,이륜차,128.4411419,34.86012063
12915,2015,2015-04-06 13:20,주,월,1,3,2,0,경북,성주군,차대차,정면충돌,운전자법규위반,중앙선 침범,기타/불명,기타/불명,화물차,화물차,128.2459269,35.79237674
12916,2015,2015-04-06 20:25,야,월,1,1,0,0,경기,동두천시,차대사람,기타,운전자법규위반,안전운전 의무 불이행,단일로,기타단일로,승합차,보행자,127.0565767,37.92139179
12917,2015,2015-04-06 21:15,야,월,1,4,3,0,경기,평택시,차대차,측면충돌,운전자법규위반,중앙선 침범,단일로,기타단일로,승용차,승용차,127.07159159999999,37.02240862
12918,2015,2015-04-07 01:05,야,화,2,2,0,0,경기,시흥시,차대차,주정차중 추돌,운전자법규위반,안전운전 의무 불이행,단일로,기타단일로,승용차,화물차,126.78693249999999,37.35881933
12919,2015,2015-04-07 05:30,야,화,1,1,0,0,대구,수성구,차대사람,횡단중,운전자법규위반,안전운전 의무 불이행,교차로,교차로내,화물차,보행자,128.62593470000002,35.85917279
12920,2015,2015-04-07 10:50,주,화,1,1,0,0,서울,동대문구,차대차,측면충돌,운전자법규위반,안전운전 의무 불이행,기타/불명,기타/불명,승용차,자전거,127.0571422,37.57720621
12921,2015,2015-04-07 15:15,주,화,1,1,0,0,충북,영동군,차대차,진행중 추돌,운전자법규위반,안전운전 의무 불이행,단일로,기타단일로,화물차,농기계,127.99355179999999,36.2163578
12922,2015,2015-04-07 16:10,주,화,1,1,0,0,전북,고창군,차대사람,길가장자리구역통행중,운전자법규위반,안전운전 의무 불이행,단일로,기타단일로,승용차,보행자,126.6316019,35.42382896
12923,2015,2015-04-07 19:29,야,화,1,1,0,0,전남,담양군,차대차,진행중 추돌,운전자법규위반,차로위반(진로변경 위반),단일로,기타단일로,승용차,이륜차,126.95562920000002,35.24577602
12924,2015,2015-04-07 19:53,야,화,1,1,0,0,인천,서구,차대사람,횡단중,운전자법규위반,안전운전 의무 불이행,단일로,횡단보도상,승용차,보행자,126.67862759999998,37.510138899999994
12925,2015,2015-04-07 19:00,야,화,1,1,0,0,광주,북구,차대사람,횡단중,운전자법규위반,안전운전 의무 불이행,단일로,기타단일로,화물차,보행자,126.8984183,35.1808635
12926,2015,2015-04-07 20:15,야,화,1,1,0,0,강원,춘천시,차대차,측면충돌,운전자법규위반,신호위반,교차로,교차로내,이륜차,승합차,127.72882369999999,37.88299631
12927,2015,2015-04-08 00:19,야,수,1,2,0,1,경북,상주시,차대차,정면충돌,운전자법규위반,중앙선 침범,단일로,기타단일로,화물차,화물차,128.1694999,36.47229289
12928,2015,2015-04-08 02:50,야,수,1,3,0,2,인천,남구,차대차,측면충돌,운전자법규위반,신호위반,교차로,교차로내,승용차,이륜차,126.649992,37.46504944
12929,2015,2015-04-08 05:45,야,수,1,2,1,0,충남,아산시,차대차,정면충돌,운전자법규위반,중앙선 침범,단일로,기타단일로,승용차,승용차,126.8811969,36.84156027
12930,2015,2015-04-08 08:10,주,수,1,2,0,1,전남,여수시,차대차,정면충돌,운전자법규위반,중앙선 침범,교차로,교차로부근,화물차,승용차,127.6593378,34.76099156
12931,2015,2015-04-08 08:30,주,수,1,1,0,0,대구,달서구,차대차,측면충돌,운전자법규위반,안전운전 의무 불이행,단일로,기타단일로,승용차,원동기장치자전거,128.501839,35.8187452
12932,2015,2015-04-08 09:00,주,수,1,2,1,0,전남,장성군,차대차,정면충돌,운전자법규위반,중앙선 침범,단일로,기타단일로,자전거,이륜차,126.7531822,35.30758805
12933,2015,2015-04-08 14:10,주,수,1,2,1,0,경남,진주시,차대사람,기타,운전자법규위반,부당한 회전,교차로,교차로부근,화물차,보행자,128.0844946,35.17899859
12934,2015,2015-04-08 15:38,주,수,1,3,1,1,경기,이천시,차대차,주정차중 추돌,운전자법규위반,중앙선 침범,교차로,교차로부근,승용차,화물차,127.6078648,37.13018682
12935,2015,2015-04-08 16:40,주,수,1,1,0,0,부산,동구,차량단독,공작물충돌,운전자법규위반,안전운전 의무 불이행,단일로,고가도로위,특수차,없음,129.0657662,35.12912053
12936,2015,2015-04-08 16:10,주,수,1,1,0,0,제주,서귀포시,차대차,측면충돌,운전자법규위반,안전운전 의무 불이행,교차로,교차로내,승용차,원동기장치자전거,126.2045188,33.267554499999996
12937,2015,2015-04-08 17:35,주,수,1,5,3,1,경기,포천시,차대차,기타,운전자법규위반,중앙선 침범,단일로,기타단일로,승용차,승용차,127.32536929999999,37.981330799999995
12938,2015,2015-04-08 17:50,주,수,1,1,0,0,경기,남양주시,차량단독,공작물충돌,운전자법규위반,안전운전 의무 불이행,단일로,기타단일로,화물차,없음,127.193921,37.60349081
12939,2015,2015-04-08 19:55,야,수,1,3,0,2,경기,포천시,차대차,주정차중 추돌,운전자법규위반,안전운전 의무 불이행,단일로,기타단일로,승용차,승용차,127.13138390000002,37.80517406
12940,2015,2015-04-08 20:50,야,수,1,1,0,0,경기,포천시,차대차,측면충돌,운전자법규위반,신호위반,교차로,교차로내,원동기장치자전거,승용차,127.19207050000001,37.84834998
12941,2015,2015-04-09 04:13,야,목,1,1,0,0,경기,화성시,차대차,기타,운전자법규위반,안전운전 의무 불이행,단일로,기타단일로,승용차,화물차,126.9045129,37.12859603
12942,2015,2015-04-09 05:00,야,목,1,1,0,0,대구,중구,차대사람,횡단중,운전자법규위반,안전운전 의무 불이행,교차로,교차로부근,승합차,보행자,128.59493229999998,35.87503834
12943,2015,2015-04-09 06:48,주,목,1,2,1,0,경기,여주시,차량단독,전도전복,운전자법규위반,안전운전 의무 불이행,단일로,기타단일로,화물차,없음,127.59148200000001,37.23115909
12944,2015,2015-04-09 08:20,주,목,1,1,0,0,서울,은평구,차대차,측면충돌,운전자법규위반,안전운전 의무 불이행,단일로,기타단일로,건설기계,이륜차,126.93575390000001,37.60056495
12945,2015,2015-04-09 10:30,주,목,1,1,0,0,전남,신안군,차량단독,기타,운전자법규위반,안전운전 의무 불이행,기타/불명,기타/불명,농기계,없음,126.1281684,34.86522155
12946,2015,2015-04-09 11:10,주,목,1,2,1,0,경북,봉화군,차량단독,도로이탈 추락,운전자법규위반,안전운전 의무 불이행,단일로,기타단일로,화물차,없음,128.9957805,36.97640234
12947,2015,2015-04-09 14:19,주,목,1,1,0,0,서울,노원구,차대차,기타,운전자법규위반,중앙선 침범,교차로,교차로내,자전거,승용차,127.0641268,37.628185200000004
12948,2015,2015-04-09 18:14,야,목,1,4,3,0,경기,고양시,차량단독,공작물충돌,운전자법규위반,안전운전 의무 불이행,교차로,교차로부근,승용차,없음,126.87658359999999,37.58578271
12949,2015,2015-04-09 18:11,야,목,1,1,0,0,울산,울주군,차량단독,도로이탈 추락,운전자법규위반,안전운전 의무 불이행,단일로,기타단일로,이륜차,없음,129.3245544,35.39541556
12950,2015,2015-04-09 20:45,야,목,1,3,2,0,강원,동해시,차대차,측면충돌,운전자법규위반,신호위반,교차로,교차로내,승용차,승용차,129.1218915,37.48960143
12951,2015,2015-04-09 20:50,야,목,1,1,0,0,전남,해남군,차량단독,공작물충돌,운전자법규위반,안전운전 의무 불이행,단일로,기타단일로,승용차,없음,126.60601979999998,34.5655391
12952,2015,2015-04-10 02:40,야,금,1,2,1,0,제주,서귀포시,차대차,주정차중 추돌,운전자법규위반,안전운전 의무 불이행,단일로,기타단일로,승용차,건설기계,126.48766509999999,33.25044814
12953,2015,2015-04-10 06:48,주,금,1,2,1,0,인천,연수구,차대차,기타,운전자법규위반,신호위반,교차로,교차로내,건설기계,화물차,126.6660848,37.37623656
12954,2015,2015-04-10 09:00,주,금,2,5,0,3,경기,군포시,차대차,진행중 추돌,운전자법규위반,안전운전 의무 불이행,교차로,교차로부근,승합차,승합차,126.9423084,37.34702566
12955,2015,2015-04-10 14:58,주,금,1,3,0,2,전남,곡성군,차대사람,기타,정비불량,정비불량 제차의 운전금지위반,단일로,기타단일로,승용차,보행자,127.2545385,35.13113373
12956,2015,2015-04-10 14:25,주,금,1,1,0,0,경남,밀양시,차대차,정면충돌,운전자법규위반,교차로 통행방법 위반,교차로,교차로내,건설기계,이륜차,128.8221744,35.39802041
12957,2015,2015-04-10 16:25,주,금,1,1,0,0,경기,연천군,차대차,기타,운전자법규위반,안전운전 의무 불이행,단일로,기타단일로,이륜차,이륜차,126.95842320000001,38.023484100000005
12958,2015,2015-04-10 23:00,야,금,1,1,0,0,세종,세종,차대차,주정차중 추돌,운전자법규위반,안전운전 의무 불이행,단일로,기타단일로,승용차,농기계,127.31133349999999,36.56479523
12959,2015,2015-04-11 01:35,야,토,2,4,0,2,전남,나주시,차량단독,공작물충돌,운전자법규위반,안전운전 의무 불이행,단일로,기타단일로,승용차,없음,126.71177649999998,34.94909947
12960,2015,2015-04-11 02:10,야,토,1,1,0,0,부산,북구,차량단독,공작물충돌,운전자법규위반,안전운전 의무 불이행,단일로,기타단일로,이륜차,없음,129.0287516,35.21255029
12961,2015,2015-04-11 04:18,야,토,1,2,0,1,서울,은평구,차대사람,횡단중,운전자법규위반,안전운전 의무 불이행,단일로,기타단일로,승용차,보행자,126.915393,37.6053511
12962,2015,2015-04-11 04:40,야,토,1,2,0,1,경북,문경시,차대차,진행중 추돌,운전자법규위반,안전운전 의무 불이행,단일로,기타단일로,화물차,화물차,128.1608544,36.60547392
12963,2015,2015-04-11 06:50,주,토,1,1,0,0,경기,평택시,차대사람,횡단중,운전자법규위반,서행 및 일시정지위반,단일로,기타단일로,승용차,보행자,127.04837930000001,36.955408899999995
12964,2015,2015-04-11 06:30,주,토,1,1,0,0,충남,천안시,차대사람,횡단중,운전자법규위반,안전운전 의무 불이행,단일로,기타단일로,승용차,보행자,127.1490777,36.83274573
12965,2015,2015-04-11 08:20,주,토,1,1,0,0,전남,무안군,차대사람,길가장자리구역통행중,운전자법규위반,기타(운전자법규위반),단일로,기타단일로,화물차,보행자,126.3445712,35.15655802
12966,2015,2015-04-11 11:30,주,토,1,2,0,1,전북,전주시,차대차,기타,운전자법규위반,부당한 회전,교차로,교차로내,자전거,승용차,127.130016,35.80679803
12967,2015,2015-04-11 12:35,주,토,1,1,0,0,전남,해남군,차량단독,공작물충돌,운전자법규위반,안전운전 의무 불이행,교차로,교차로부근,승용차,없음,126.52285590000001,34.50426968
12968,2015,2015-04-11 14:20,주,토,1,1,0,0,경기,연천군,차대차,진행중 추돌,운전자법규위반,안전운전 의무 불이행,단일로,기타단일로,건설기계,건설기계,127.13621409999999,38.01956304
12969,2015,2015-04-11 16:36,주,토,1,1,0,0,부산,금정구,차대사람,횡단중,운전자법규위반,보행자 보호의무 위반,교차로,교차로내,승합차,보행자,129.0851161,35.2738999
12970,2015,2015-04-11 17:00,주,토,1,1,0,0,전북,김제시,차량단독,공작물충돌,운전자법규위반,안전운전 의무 불이행,기타/불명,기타/불명,이륜차,없음,127.0499328,35.77799775
12971,2015,2015-04-11 18:06,야,토,1,3,1,1,충남,서천군,차대차,측면충돌,운전자법규위반,신호위반,교차로,교차로내,승합차,화물차,126.5537219,36.15479141
12972,2015,2015-04-11 20:10,야,토,1,1,0,0,경기,연천군,차대차,기타,운전자법규위반,안전운전 의무 불이행,단일로,기타단일로,승합차,자전거,127.06596100000002,38.02038821
12973,2015,2015-04-11 21:20,야,토,1,2,0,1,경북,포항시,차량단독,공작물충돌,운전자법규위반,안전운전 의무 불이행,단일로,기타단일로,승용차,없음,129.2921388,36.0242168
12974,2015,2015-04-11 22:00,야,토,1,1,0,0,경남,창원시(통합),차량단독,도로이탈 추락,운전자법규위반,안전운전 의무 불이행,기타/불명,기타/불명,승용차,없음,128.6841588,35.35895145
12975,2015,2015-04-11 23:10,야,토,1,1,0,0,경기,파주시,차대사람,기타,운전자법규위반,안전운전 의무 불이행,단일로,기타단일로,승용차,보행자,126.7939196,37.80160683
12976,2015,2015-04-12 00:01,야,일,1,1,0,0,경기,남양주시,차대사람,횡단중,운전자법규위반,안전운전 의무 불이행,단일로,기타단일로,승용차,보행자,127.35408390000002,37.65981614
12977,2015,2015-04-12 04:08,야,일,1,1,0,0,부산,사상구,차대사람,차도통행중,운전자법규위반,안전운전 의무 불이행,단일로,기타단일로,승용차,보행자,128.9944074,35.13743292
12978,2015,2015-04-12 12:40,주,일,1,7,3,3,전북,익산시,차대차,측면충돌,운전자법규위반,직진 및 우회전차의 통행방해,교차로,교차로내,승용차,화물차,126.9867139,36.02301526
12979,2015,2015-04-12 15:30,주,일,1,1,0,0,전북,남원시,차대차,측면충돌,운전자법규위반,기타(운전자법규위반),단일로,기타단일로,화물차,원동기장치자전거,127.40900959999999,35.42373416
12980,2015,2015-04-12 18:50,야,일,1,1,0,0,울산,울주군,차대사람,횡단중,운전자법규위반,안전운전 의무 불이행,단일로,횡단보도상,승용차,보행자,129.3143587,35.43419984
12981,2015,2015-04-12 21:10,야,일,1,1,0,0,충북,청주시,차대사람,횡단중,운전자법규위반,안전운전 의무 불이행,단일로,교량위,승용차,보행자,127.5383175,36.71542534
12982,2015,2015-04-12 22:20,야,일,1,1,0,0,인천,서구,차대사람,차도통행중,운전자법규위반,안전운전 의무 불이행,단일로,기타단일로,승용차,보행자,126.681498,37.51978515
12983,2015,2015-04-13 00:35,야,월,1,1,0,0,부산,사상구,차대사람,횡단중,운전자법규위반,안전운전 의무 불이행,단일로,기타단일로,승용차,보행자,128.9915717,35.15526581
12984,2015,2015-04-13 02:50,야,월,1,1,0,0,서울,서대문구,차량단독,기타,운전자법규위반,안전운전 의무 불이행,단일로,기타단일로,승용차,없음,126.96304009999999,37.57278666
12985,2015,2015-04-13 05:08,야,월,1,1,0,0,울산,울주군,차대사람,기타,운전자법규위반,안전운전 의무 불이행,단일로,기타단일로,승용차,보행자,129.1461728,35.54657247
12986,2015,2015-04-13 13:25,주,월,1,1,0,0,전북,무주군,차대사람,기타,운전자법규위반,안전운전 의무 불이행,단일로,기타단일로,화물차,보행자,127.56179109999998,35.972770000000004
12987,2015,2015-04-13 14:40,주,월,1,3,0,2,경기,양평군,차대차,측면충돌,운전자법규위반,안전운전 의무 불이행,교차로,교차로내,화물차,승용차,127.32002109999999,37.54405378
12988,2015,2015-04-13 14:00,주,월,1,1,0,0,경기,성남시,차대사람,기타,운전자법규위반,안전운전 의무 불이행,단일로,기타단일로,승합차,보행자,127.0883128,37.40333813
12989,2015,2015-04-13 16:25,주,월,1,9,1,7,경기,평택시,차대차,기타,운전자법규위반,안전거리 미확보,교차로,교차로부근,화물차,승용차,126.91283270000001,36.95041702
12990,2015,2015-04-13 16:38,주,월,1,3,0,1,전북,부안군,차대차,진행중 추돌,운전자법규위반,안전운전 의무 불이행,단일로,기타단일로,승용차,승용차,126.7833279,35.70524279999999
12991,2015,2015-04-13 17:40,주,월,1,1,0,0,충북,단양군,차량단독,도로이탈 기타,운전자법규위반,안전운전 의무 불이행,단일로,기타단일로,이륜차,없음,128.4455361,37.03823629
12992,2015,2015-04-13 17:05,주,월,1,1,0,0,전남,장성군,차량단독,공작물충돌,운전자법규위반,안전운전 의무 불이행,단일로,기타단일로,승용차,없음,126.77638789999999,35.38822106
12993,2015,2015-04-13 22:22,야,월,1,1,0,0,충북,청주시,차량단독,공작물충돌,운전자법규위반,안전운전 의무 불이행,단일로,기타단일로,승용차,없음,127.3606233,36.62393858
12994,2015,2015-04-13 22:30,야,월,1,1,0,0,충남,공주시,차량단독,전도전복,운전자법규위반,안전운전 의무 불이행,단일로,기타단일로,승용차,없음,127.10821809999999,36.40950171
12995,2015,2015-04-13 22:33,야,월,1,1,0,0,인천,서구,차량단독,공작물충돌,운전자법규위반,안전운전 의무 불이행,단일로,기타단일로,승용차,없음,126.6405246,37.58758972
12996,2015,2015-04-14 00:35,야,화,1,1,0,0,경기,고양시,차대사람,차도통행중,운전자법규위반,안전운전 의무 불이행,단일로,기타단일로,승용차,보행자,126.7452476,37.67623924
12997,2015,2015-04-14 00:45,야,화,1,1,0,0,전북,익산시,차대사람,횡단중,운전자법규위반,신호위반,교차로,교차로내,승용차,보행자,126.9683416,35.95090765
12998,2015,2015-04-14 01:23,야,화,1,1,0,0,경남,사천시,차대사람,차도통행중,운전자법규위반,안전운전 의무 불이행,단일로,기타단일로,승용차,보행자,128.0809532,35.07164905
12999,2015,2015-04-14 02:55,야,화,1,2,1,0,대구,북구,차대차,진행중 추돌,운전자법규위반,안전운전 의무 불이행,단일로,기타단일로,승용차,화물차,128.618952,35.91627053
13000,2015,2015-04-14 04:15,야,화,1,1,0,0,경기,광명시,차대차,주정차중 추돌,운전자법규위반,안전운전 의무 불이행,단일로,기타단일로,이륜차,승용차,126.8746519,37.47672743
13001,2015,2015-04-14 05:20,야,화,1,1,0,0,경기,성남시,차량단독,공작물충돌,운전자법규위반,안전운전 의무 불이행,단일로,기타단일로,화물차,없음,127.1036663,37.36502792
13002,2015,2015-04-14 09:10,주,화,1,5,4,0,충북,음성군,차대차,측면충돌,운전자법규위반,신호위반,교차로,교차로내,화물차,승합차,127.5480436,36.9057946
13003,2015,2015-04-14 10:42,주,화,1,1,0,0,부산,동구,차대사람,기타,운전자법규위반,안전운전 의무 불이행,교차로,교차로내,화물차,보행자,129.038949,35.12179135
13004,2015,2015-04-14 13:25,주,화,1,1,0,0,서울,강남구,차대사람,횡단중,운전자법규위반,안전운전 의무 불이행,단일로,기타단일로,승용차,보행자,127.09858290000001,37.49020232
13005,2015,2015-04-14 16:00,주,화,1,1,0,0,충남,아산시,차대사람,횡단중,운전자법규위반,안전운전 의무 불이행,교차로,교차로내,승합차,보행자,127.0012205,36.79060591
13006,2015,2015-04-14 18:43,야,화,1,3,2,0,전남,영암군,차대차,정면충돌,운전자법규위반,신호위반,교차로,교차로내,승용차,승용차,126.41775420000002,34.75772002