,발생년,발생년월일시분,주야,요일,사망자수,사상자수,중상자수,경상자수,발생지시도,발생지시군구,사고유형_대분류,사고유형,법규위반_대분류,법규위반,도로형태_대분류,도로형태,가해자_당사자종별,피해자_당사자종별,경도,위도
13293,2015,2015-05-10 04:24,야,일,1,1,0,0,경기,시흥시,차량단독,공작물충돌,운전자법규위반,안전운전 의무 불이행,단일로,기타단일로,승용차,없음,126.8562672,37.37978629
13294,2015,2015-05-10 06:40,주,일,1,1,0,0,서울,구로구,차대사람,기타,운전자법규위반,안전운전 의무 불이행,단일로,기타단일로,승합차,보행자,126.8934557,37.47868225
13295,2015,2015-05-10 08:00,주,일,1,1,0,0,서울,노원구,차량단독,기타,운전자법규위반,안전운전 의무 불이행,단일로,지하차도(도로)내,자전거,없음,127.06253659999999,37.61527211
13296,2015,2015-05-10 13:45,주,일,1,1,0,0,경남,밀양시,차대사람,횡단중,운전자법규위반,안전운전 의무 불이행,단일로,기타단일로,승용차,보행자,128.8721845,35.51527347
13297,2015,2015-05-10 21:55,야,일,1,1,0,0,대구,달서구,차대차,측면충돌,운전자법규위반,안전운전 의무 불이행,교차로,교차로부근,승용차,이륜차,128.5247939,35.81417903
13298,2015,2015-05-10 23:40,야,일,1,3,2,0,경기,김포시,차대사람,횡단중,운전자법규위반,안전운전 의무 불이행,교차로,교차로부근,승용차,보행자,126.6136702,37.68486867
13299,2015,2015-05-10 23:03,야,일,1,1,0,0,대구,서구,차대사람,기타,운전자법규위반,신호위반,교차로,교차로내,승합차,보행자,128.5549141,35.87032968
13300,2015,2015-05-11 00:40,야,월,1,1,0,0,경기,고양시,차대사람,횡단중,운전자법규위반,신호위반,교차로,교차로내,승용차,보행자,126.83849140000001,37.69721406
13301,2015,2015-05-11 01:20,야,월,1,1,0,0,전북,익산시,차량단독,공작물충돌,운전자법규위반,안전운전 의무 불이행,단일로,기타단일로,승용차,없음,126.93187209999999,35.91372125
13302,2015,2015-05-11 10:08,주,월,1,1,0,0,전남,광양시,차대차,측면충돌,운전자법규위반,신호위반,교차로,교차로내,건설기계,승용차,127.68918319999999,34.93942612
13303,2015,2015-05-11 13:50,주,월,1,3,0,2,광주,동구,차대차,측면충돌,운전자법규위반,안전운전 의무 불이행,교차로,교차로내,승용차,승용차,126.92416419999999,35.15187172
13304,2015,2015-05-11 14:30,주,월,1,3,1,1,강원,횡성군,차대차,진행중 추돌,운전자법규위반,안전운전 의무 불이행,단일로,기타단일로,화물차,화물차,128.2476428,37.51417631
13305,2015,2015-05-11 15:30,주,월,1,2,1,0,충남,당진시,차대차,측면충돌,운전자법규위반,교차로 통행방법 위반,교차로,교차로내,승용차,화물차,126.75803470000001,36.80370669
13306,2015,2015-05-11 17:12,주,월,1,1,0,0,서울,도봉구,차대사람,기타,운전자법규위반,안전운전 의무 불이행,교차로,교차로부근,승용차,보행자,127.02883229999999,37.66294028
13307,2015,2015-05-11 17:35,주,월,1,1,0,0,경북,안동시,차대사람,횡단중,운전자법규위반,신호위반,단일로,기타단일로,원동기장치자전거,보행자,128.74749450000002,36.56141059
13308,2015,2015-05-11 20:55,야,월,1,1,0,0,경기,남양주시,차대사람,횡단중,운전자법규위반,안전운전 의무 불이행,단일로,기타단일로,승용차,보행자,127.2375439,37.65015935
13309,2015,2015-05-11 21:25,야,월,1,1,0,0,제주,제주시,차량단독,전도전복,운전자법규위반,안전운전 의무 불이행,단일로,기타단일로,승용차,없음,126.29963959999999,33.44422884
13310,2015,2015-05-11 22:50,야,월,1,1,0,0,경기,김포시,차대차,주정차중 추돌,운전자법규위반,안전운전 의무 불이행,단일로,기타단일로,화물차,승합차,126.6369335,37.67388297
13311,2015,2015-05-12 03:15,야,화,1,2,0,1,서울,마포구,차량단독,공작물충돌,운전자법규위반,안전운전 의무 불이행,단일로,기타단일로,화물차,없음,126.922227,37.54347148
13312,2015,2015-05-12 04:17,야,화,1,2,1,0,경기,화성시,차량단독,공작물충돌,운전자법규위반,안전운전 의무 불이행,단일로,기타단일로,승용차,없음,126.8223212,37.19530904
13313,2015,2015-05-12 08:58,주,화,1,5,1,3,광주,북구,차대차,정면충돌,운전자법규위반,중앙선 침범,단일로,기타단일로,승용차,승용차,126.88251609999999,35.1743805
13314,2015,2015-05-12 10:20,주,화,1,1,0,0,충북,제천시,차대사람,기타,운전자법규위반,안전운전 의무 불이행,단일로,기타단일로,화물차,보행자,128.2114691,37.13990027
13315,2015,2015-05-12 11:00,주,화,1,1,0,0,부산,사하구,차량단독,공작물충돌,운전자법규위반,안전운전 의무 불이행,단일로,기타단일로,이륜차,없음,128.9588381,35.11442865
13316,2015,2015-05-12 11:30,주,화,2,3,1,0,전북,완주군,차대차,측면충돌,운전자법규위반,신호위반,교차로,교차로내,건설기계,승합차,127.03611029999999,35.82422512
13317,2015,2015-05-12 13:20,주,화,1,1,0,0,충남,논산시,차대차,측면충돌,운전자법규위반,교차로 통행방법 위반,교차로,교차로내,화물차,이륜차,127.08907040000001,36.20099198
13318,2015,2015-05-12 20:37,야,화,1,1,0,0,전남,강진군,차량단독,공작물충돌,운전자법규위반,안전운전 의무 불이행,단일로,기타단일로,화물차,없음,126.78629620000001,34.670811900000004
13319,2015,2015-05-12 23:06,야,화,1,1,0,0,서울,금천구,차대사람,횡단중,운전자법규위반,안전운전 의무 불이행,단일로,기타단일로,승용차,보행자,126.9030321,37.434988
13320,2015,2015-05-12 23:25,야,화,1,1,0,0,경기,안산시,차대사람,기타,운전자법규위반,안전운전 의무 불이행,단일로,기타단일로,승용차,보행자,126.85770500000001,37.30384419
13321,2015,2015-05-13 02:24,야,수,1,1,0,0,서울,관악구,차대사람,기타,운전자법규위반,안전운전 의무 불이행,단일로,기타단일로,화물차,보행자,126.9512726,37.48647322
13322,2015,2015-05-13 03:28,야,수,1,1,0,0,울산,울주군,차대사람,길가장자리구역통행중,운전자법규위반,안전운전 의무 불이행,단일로,기타단일로,승용차,보행자,129.2570621,35.55796216
13323,2015,2015-05-13 05:50,야,수,1,2,1,0,전남,목포시,차대사람,보도통행중,운전자법규위반,기타(운전자법규위반),단일로,기타단일로,승용차,보행자,126.4076978,34.80615171
13324,2015,2015-05-13 06:00,주,수,1,1,0,0,충남,보령시,차량단독,공작물충돌,운전자법규위반,안전운전 의무 불이행,단일로,기타단일로,승용차,없음,126.602834,36.33505952
13325,2015,2015-05-13 14:40,주,수,1,1,0,0,전남,보성군,차대차,측면충돌,운전자법규위반,과속,교차로,교차로내,승용차,이륜차,127.3295778,34.83750999
13326,2015,2015-05-13 18:20,야,수,1,1,0,0,전남,해남군,차량단독,기타,운전자법규위반,안전운전 의무 불이행,단일로,기타단일로,자전거,없음,126.62880390000001,34.50182475
13327,2015,2015-05-13 20:30,야,수,1,1,0,0,충남,논산시,차량단독,전도전복,운전자법규위반,기타(운전자법규위반),단일로,기타단일로,원동기장치자전거,없음,127.1629524,36.22455515
13328,2015,2015-05-13 20:30,야,수,1,1,0,0,전남,여수시,차대사람,횡단중,운전자법규위반,과속,단일로,기타단일로,승용차,보행자,127.6486731,34.77929309
13329,2015,2015-05-13 21:50,야,수,1,1,0,0,경북,청송군,차량단독,공작물충돌,운전자법규위반,안전운전 의무 불이행,단일로,기타단일로,화물차,없음,129.0320725,36.27273439
13330,2015,2015-05-13 22:30,야,수,1,1,0,0,전북,전주시,차대차,측면충돌,운전자법규위반,안전운전 의무 불이행,단일로,기타단일로,승용차,자전거,127.1757019,35.82963267
13331,2015,2015-05-14 02:20,야,목,1,2,1,0,충북,청주시,차대차,측면충돌,운전자법규위반,신호위반,교차로,교차로내,승용차,승용차,127.45796409999998,36.73761863
13332,2015,2015-05-14 06:30,주,목,1,1,0,0,충북,청주시,차대차,기타,운전자법규위반,안전운전 의무 불이행,교차로,교차로내,승용차,자전거,127.4953811,36.62165537
13333,2015,2015-05-14 07:50,주,목,1,1,0,0,광주,북구,차대사람,횡단중,운전자법규위반,안전운전 의무 불이행,단일로,기타단일로,승용차,보행자,126.86313829999999,35.21453189
13334,2015,2015-05-14 09:35,주,목,1,1,0,0,경기,구리시,차대사람,기타,운전자법규위반,중앙선 침범,단일로,기타단일로,승용차,보행자,127.13297720000001,37.60902253
13335,2015,2015-05-14 12:45,주,목,1,1,0,0,대전,동구,차대사람,횡단중,운전자법규위반,안전운전 의무 불이행,단일로,기타단일로,승용차,보행자,127.43700530000001,36.34131339
13336,2015,2015-05-14 16:08,주,목,1,1,0,0,전남,순천시,차대차,기타,운전자법규위반,교차로 통행방법 위반,교차로,교차로내,원동기장치자전거,승합차,127.51441200000001,34.94487487
13337,2015,2015-05-14 18:20,야,목,1,1,0,0,경기,평택시,차량단독,전도전복,운전자법규위반,안전운전 의무 불이행,단일로,기타단일로,자전거,없음,127.07147820000002,37.0225885
13338,2015,2015-05-14 19:50,야,목,1,1,0,0,경기,고양시,차대차,측면충돌,운전자법규위반,신호위반,교차로,교차로내,승합차,이륜차,126.78786200000002,37.64312821
13339,2015,2015-05-14 20:50,야,목,1,7,1,4,경북,칠곡군,차대차,측면충돌,운전자법규위반,안전운전 의무 불이행,교차로,교차로내,승용차,승용차,128.4105679,36.08329657
13340,2015,2015-05-14 22:50,야,목,1,1,0,0,전북,전주시,차대사람,횡단중,운전자법규위반,안전운전 의무 불이행,단일로,기타단일로,승용차,보행자,127.1227062,35.82650267
13341,2015,2015-05-15 02:55,야,금,1,1,0,0,전북,익산시,차대사람,차도통행중,운전자법규위반,안전운전 의무 불이행,단일로,기타단일로,승용차,보행자,126.9633422,35.96217329
13342,2015,2015-05-15 05:25,야,금,1,1,0,0,경기,안산시,차대사람,기타,운전자법규위반,안전운전 의무 불이행,교차로,교차로내,승용차,보행자,126.8500301,37.31061672
13343,2015,2015-05-15 11:40,주,금,1,2,0,1,충북,충주시,차대차,기타,운전자법규위반,안전운전 의무 불이행,교차로,교차로내,화물차,화물차,127.93017090000001,37.05186099
13344,2015,2015-05-15 11:00,주,금,1,1,0,0,충남,예산군,차대차,측면충돌,운전자법규위반,직진 및 우회전차의 통행방해,교차로,교차로내,승용차,이륜차,126.7630392,36.72005548
13345,2015,2015-05-15 11:20,주,금,2,3,1,0,전북,진안군,차량단독,도로이탈 기타,운전자법규위반,안전운전 의무 불이행,단일로,기타단일로,승용차,없음,127.4282017,35.75457367
13346,2015,2015-05-15 15:30,주,금,1,1,0,0,부산,강서구,차대차,측면충돌,운전자법규위반,차로위반(진로변경 위반),단일로,기타단일로,승용차,이륜차,128.93340800000001,35.11195236
13347,2015,2015-05-15 15:00,주,금,1,1,0,0,경북,칠곡군,차대차,측면충돌,운전자법규위반,안전운전 의무 불이행,단일로,기타단일로,승용차,자전거,128.3944654,35.98237152
13348,2015,2015-05-15 20:13,야,금,1,1,0,0,경북,포항시,차량단독,전도전복,운전자법규위반,안전운전 의무 불이행,단일로,기타단일로,승용차,없음,129.3687513,35.93716615
13349,2015,2015-05-15 21:22,야,금,1,4,2,1,충남,금산군,차대차,기타,운전자법규위반,안전운전 의무 불이행,단일로,기타단일로,승용차,승용차,127.553785,36.05737024
13350,2015,2015-05-15 22:04,야,금,1,2,0,1,충북,청주시,차대차,기타,운전자법규위반,교차로 통행방법 위반,교차로,교차로내,승용차,이륜차,127.47829399999999,36.61548992
13351,2015,2015-05-15 23:50,야,금,1,1,0,0,경기,파주시,차대사람,횡단중,운전자법규위반,과속,단일로,기타단일로,승용차,보행자,126.82385009999999,37.73686109
13352,2015,2015-05-16 00:45,야,토,1,3,2,0,대구,달성군,차대차,측면충돌,운전자법규위반,안전운전 의무 불이행,교차로,교차로내,화물차,승용차,128.4535427,35.72981768
13353,2015,2015-05-16 01:50,야,토,1,4,1,2,경기,화성시,차대차,측면충돌,운전자법규위반,신호위반,교차로,교차로내,이륜차,승용차,127.0705916,37.20967467
13354,2015,2015-05-16 02:40,야,토,1,1,0,0,서울,광진구,차대사람,횡단중,운전자법규위반,보행자 보호의무 위반,교차로,교차로부근,승용차,보행자,127.0869469,37.56336137
13355,2015,2015-05-16 02:15,야,토,1,1,0,0,부산,부산진구,차대사람,기타,운전자법규위반,안전운전 의무 불이행,단일로,기타단일로,승용차,보행자,129.0570448,35.15753443
13356,2015,2015-05-16 02:00,야,토,1,1,0,0,경기,화성시,차대차,정면충돌,운전자법규위반,중앙선 침범,단일로,기타단일로,승용차,승용차,126.9194845,37.13170804
13357,2015,2015-05-16 05:18,야,토,1,1,0,0,경북,칠곡군,차량단독,공작물충돌,운전자법규위반,안전운전 의무 불이행,단일로,기타단일로,승용차,없음,128.5299193,36.04411399
13358,2015,2015-05-16 10:43,주,토,1,1,0,0,강원,영월군,차대사람,횡단중,운전자법규위반,보행자 보호의무 위반,단일로,횡단보도상,승용차,보행자,128.4658883,37.18357487
13359,2015,2015-05-16 10:10,주,토,2,2,0,0,경북,구미시,차대차,기타,운전자법규위반,중앙선 침범,단일로,기타단일로,원동기장치자전거,승용차,128.3526336,36.12321058
13360,2015,2015-05-16 10:15,주,토,1,1,0,0,제주,제주시,차량단독,기타,운전자법규위반,안전운전 의무 불이행,단일로,기타단일로,승용차,없음,126.3861429,33.48874141
13361,2015,2015-05-16 10:10,주,토,1,3,2,0,광주,광산구,차대차,측면충돌,운전자법규위반,교차로 통행방법 위반,교차로,교차로내,화물차,화물차,126.7895346,35.19566474
13362,2015,2015-05-16 12:35,주,토,1,1,0,0,경기,이천시,차대차,기타,운전자법규위반,부당한 회전,교차로,교차로내,원동기장치자전거,승용차,127.4583523,37.25981573
13363,2015,2015-05-16 14:22,주,토,1,1,0,0,경기,성남시,차대사람,기타,운전자법규위반,안전운전 의무 불이행,교차로,교차로내,화물차,보행자,127.11021770000002,37.33855802
13364,2015,2015-05-16 16:30,주,토,1,1,0,0,서울,중랑구,차량단독,공작물충돌,운전자법규위반,안전운전 의무 불이행,단일로,기타단일로,원동기장치자전거,없음,127.0940355,37.58415305
13365,2015,2015-05-16 16:00,주,토,2,2,0,0,충남,당진시,차대차,정면충돌,운전자법규위반,중앙선 침범,단일로,기타단일로,이륜차,화물차,126.6109755,37.01041403
13366,2015,2015-05-16 18:15,야,토,2,4,2,0,경기,의정부시,차대차,측면충돌,운전자법규위반,안전운전 의무 불이행,교차로,교차로내,승용차,승용차,127.0351993,37.73279148
13367,2015,2015-05-16 18:00,야,토,1,1,0,0,경기,포천시,차대차,측면충돌,운전자법규위반,직진 및 우회전차의 통행방해,교차로,교차로내,화물차,원동기장치자전거,127.3078616,37.90928987
13368,2015,2015-05-16 19:46,야,토,1,1,0,0,경북,울진군,차량단독,공작물충돌,운전자법규위반,안전운전 의무 불이행,단일로,기타단일로,승용차,없음,129.3721393,37.07912038
13369,2015,2015-05-16 21:00,야,토,1,1,0,0,경북,포항시,차량단독,전도전복,운전자법규위반,안전운전 의무 불이행,단일로,기타단일로,화물차,없음,129.2344236,36.06018653
13370,2015,2015-05-16 22:25,야,토,1,1,0,0,대전,유성구,차대사람,횡단중,운전자법규위반,과속,단일로,기타단일로,승용차,보행자,127.3029471,36.33720977
13371,2015,2015-05-16 23:00,야,토,1,1,0,0,경북,경주시,차대사람,기타,운전자법규위반,안전운전 의무 불이행,단일로,기타단일로,승용차,보행자,129.09997140000002,35.845122100000005
13372,2015,2015-05-17 06:50,주,일,1,1,0,0,경남,통영시,차대차,정면충돌,운전자법규위반,중앙선 침범,단일로,기타단일로,승용차,건설기계,128.4296044,34.87018243
13373,2015,2015-05-17 06:45,주,일,1,1,0,0,경남,남해군,차대사람,길가장자리구역통행중,운전자법규위반,안전운전 의무 불이행,단일로,기타단일로,화물차,보행자,127.8347482,34.8743664
13374,2015,2015-05-17 07:00,주,일,1,2,0,1,경기,안성시,차대차,진행중 추돌,운전자법규위반,안전운전 의무 불이행,교차로,교차로내,승용차,특수차,127.2643649,36.98142762
13375,2015,2015-05-17 10:13,주,일,1,1,0,0,경기,부천시,차대사람,횡단중,운전자법규위반,보행자 보호의무 위반,교차로,교차로부근,승합차,보행자,126.80468970000001,37.5291735
13376,2015,2015-05-17 10:50,주,일,1,2,0,1,전남,진도군,차대차,기타,운전자법규위반,안전운전 의무 불이행,단일로,기타단일로,화물차,화물차,126.1485311,34.42326126
13377,2015,2015-05-17 13:15,주,일,1,1,0,0,충북,옥천군,차량단독,공작물충돌,운전자법규위반,안전운전 의무 불이행,단일로,기타단일로,자전거,없음,127.6942361,36.39558083
13378,2015,2015-05-17 16:00,주,일,1,1,0,0,충북,충주시,차대사람,기타,운전자법규위반,안전운전 의무 불이행,단일로,기타단일로,승용차,보행자,127.86559640000002,37.01030515
13379,2015,2015-05-17 18:40,야,일,1,1,0,0,경기,안산시,차대차,진행중 추돌,운전자법규위반,안전운전 의무 불이행,교차로,교차로내,승합차,원동기장치자전거,126.7906264,37.31305178
13380,2015,2015-05-17 18:52,야,일,3,4,1,0,경남,사천시,차대차,진행중 추돌,운전자법규위반,안전운전 의무 불이행,단일로,기타단일로,승용차,승용차,128.0568687,34.98457421
13381,2015,2015-05-17 20:00,야,일,1,1,0,0,경북,영천시,차대사람,차도통행중,운전자법규위반,중앙선 침범,단일로,기타단일로,화물차,보행자,128.73180159999998,36.06416173
13382,2015,2015-05-17 20:00,야,일,1,2,1,0,경북,포항시,차량단독,공작물충돌,운전자법규위반,안전운전 의무 불이행,단일로,기타단일로,승용차,없음,129.51954170000002,35.88251222
13383,2015,2015-05-17 21:53,야,일,1,1,0,0,경북,문경시,차량단독,공작물충돌,운전자법규위반,안전운전 의무 불이행,단일로,터널안,승용차,없음,128.037859,36.74679561
13384,2015,2015-05-18 05:08,야,월,1,1,0,0,인천,서구,차대사람,차도통행중,운전자법규위반,안전운전 의무 불이행,단일로,기타단일로,승합차,보행자,126.6723355,37.51126672
13385,2015,2015-05-18 10:10,주,월,1,1,0,0,전남,보성군,차대사람,차도통행중,운전자법규위반,안전운전 의무 불이행,교차로,교차로내,화물차,보행자,127.1908597,34.77680005
13386,2015,2015-05-18 11:00,주,월,2,5,2,1,전남,영암군,차대차,측면충돌,운전자법규위반,중앙선 침범,교차로,교차로부근,승용차,승용차,126.4770636,34.74681683
13387,2015,2015-05-18 12:40,주,월,1,1,0,0,부산,사하구,차대사람,기타,운전자법규위반,안전운전 의무 불이행,단일로,기타단일로,화물차,보행자,128.9727896,35.07915503
13388,2015,2015-05-18 18:40,야,월,1,2,1,0,경북,고령군,차대차,정면충돌,운전자법규위반,중앙선 침범,단일로,기타단일로,화물차,승용차,128.4095795,35.70361495
13389,2015,2015-05-18 19:45,야,월,1,1,0,0,경기,부천시,차대사람,차도통행중,운전자법규위반,안전운전 의무 불이행,교차로,교차로내,승용차,보행자,126.7974202,37.47522982
13390,2015,2015-05-18 20:25,야,월,1,1,0,0,전북,김제시,차대차,진행중 추돌,운전자법규위반,안전운전 의무 불이행,단일로,기타단일로,화물차,자전거,126.8754233,35.80532118
13391,2015,2015-05-18 22:55,야,월,1,1,0,0,경북,김천시,차량단독,전도전복,운전자법규위반,안전운전 의무 불이행,단일로,기타단일로,이륜차,없음,128.0955736,36.11777738
13392,2015,2015-05-19 00:18,야,화,1,1,0,0,대구,중구,차대차,기타,운전자법규위반,안전운전 의무 불이행,단일로,기타단일로,승용차,승용차,128.6086615,35.86263315
13393,2015,2015-05-19 05:03,야,화,1,1,0,0,부산,서구,차대사람,차도통행중,운전자법규위반,안전운전 의무 불이행,단일로,기타단일로,승용차,보행자,129.0181941,35.11508364
13394,2015,2015-05-19 09:20,주,화,1,1,0,0,강원,철원군,차량단독,전도전복,운전자법규위반,안전운전 의무 불이행,단일로,기타단일로,승용차,없음,127.46053590000001,38.16634211
13395,2015,2015-05-19 14:00,주,화,1,3,2,0,경기,양주시,차대차,측면충돌,운전자법규위반,교차로 통행방법 위반,교차로,교차로내,승용차,승용차,126.991332,37.79479223
13396,2015,2015-05-19 14:20,주,화,1,2,0,1,경남,밀양시,차대차,정면충돌,운전자법규위반,중앙선 침범,단일로,기타단일로,이륜차,승용차,128.72037590000002,35.52653412
13397,2015,2015-05-19 15:40,주,화,1,1,0,0,경기,고양시,차대사람,횡단중,운전자법규위반,안전운전 의무 불이행,단일로,기타단일로,승용차,보행자,126.82298259999999,37.62884161
13398,2015,2015-05-19 20:55,야,화,1,1,0,0,경기,김포시,차대사람,횡단중,운전자법규위반,신호위반,교차로,교차로내,원동기장치자전거,보행자,126.6681195,37.64319186
13399,2015,2015-05-19 22:55,야,화,1,1,0,0,경기,시흥시,차량단독,공작물충돌,운전자법규위반,안전운전 의무 불이행,교차로,교차로내,승용차,없음,126.77370049999999,37.35624203
13400,2015,2015-05-20 05:30,야,수,1,1,0,0,전남,영광군,차량단독,공작물충돌,운전자법규위반,안전운전 의무 불이행,단일로,기타단일로,화물차,없음,126.35432720000001,35.22961255
13401,2015,2015-05-20 06:00,주,수,1,3,2,0,충남,아산시,차대차,주정차중 추돌,운전자법규위반,안전운전 의무 불이행,단일로,기타단일로,화물차,건설기계,126.98338659999999,36.65374904
13402,2015,2015-05-20 07:45,주,수,1,1,0,0,경북,고령군,차대차,진행중 추돌,운전자법규위반,안전운전 의무 불이행,단일로,기타단일로,승용차,원동기장치자전거,128.3510546,35.74770768
13403,2015,2015-05-20 08:55,주,수,1,1,0,0,광주,북구,차대사람,횡단중,운전자법규위반,안전운전 의무 불이행,교차로,교차로부근,승용차,보행자,126.8987503,35.18439891
13404,2015,2015-05-20 08:40,주,수,1,1,0,0,울산,울주군,차대차,측면충돌,운전자법규위반,교차로 통행방법 위반,교차로,교차로내,화물차,자전거,129.18494180000002,35.5537089
13405,2015,2015-05-20 10:40,주,수,1,1,0,0,전북,부안군,차대사람,길가장자리구역통행중,운전자법규위반,안전운전 의무 불이행,단일로,기타단일로,화물차,보행자,126.63284340000001,35.78225007
13406,2015,2015-05-20 13:44,주,수,1,1,0,0,경기,포천시,차량단독,공작물충돌,운전자법규위반,안전운전 의무 불이행,교차로,교차로부근,승용차,없음,127.22286609999999,37.93833153
13407,2015,2015-05-20 14:50,주,수,1,1,0,0,부산,동구,차대사람,횡단중,운전자법규위반,안전운전 의무 불이행,교차로,교차로부근,승합차,보행자,129.0634597,35.13763446
13408,2015,2015-05-20 14:40,주,수,1,1,0,0,전북,부안군,차대차,주정차중 추돌,운전자법규위반,안전운전 의무 불이행,교차로,교차로부근,화물차,승합차,126.76719969999999,35.73063428
13409,2015,2015-05-20 16:00,주,수,1,1,0,0,부산,남구,차대사람,길가장자리구역통행중,운전자법규위반,안전운전 의무 불이행,교차로,교차로내,화물차,보행자,129.0903092,35.14004392
13410,2015,2015-05-20 16:15,주,수,1,1,0,0,경기,광명시,차대사람,기타,운전자법규위반,안전운전 의무 불이행,단일로,기타단일로,승용차,보행자,126.8577737,37.47587074
13411,2015,2015-05-20 16:00,주,수,1,1,0,0,강원,삼척시,차대사람,횡단중,운전자법규위반,보행자 보호의무 위반,교차로,교차로내,승용차,보행자,129.16571580000002,37.44404508
13412,2015,2015-05-20 18:40,야,수,1,3,1,1,경기,평택시,차대차,기타,운전자법규위반,직진 및 우회전차의 통행방해,교차로,교차로내,승용차,승용차,127.0561203,37.06332171
13413,2015,2015-05-20 19:55,야,수,2,3,0,1,전남,여수시,차대차,측면충돌,운전자법규위반,신호위반,교차로,교차로내,승합차,이륜차,127.6357352,34.76082177
13414,2015,2015-05-20 19:30,야,수,1,1,0,0,전남,여수시,차대차,측면충돌,운전자법규위반,직진 및 우회전차의 통행방해,교차로,교차로내,승용차,원동기장치자전거,127.77536570000001,34.66033479
13415,2015,2015-05-20 20:09,야,수,1,1,0,0,서울,성북구,차대사람,횡단중,운전자법규위반,안전운전 의무 불이행,단일로,기타단일로,승합차,보행자,127.02223300000001,37.60231856
13416,2015,2015-05-20 22:20,야,수,1,3,1,1,경북,상주시,차대차,주정차중 추돌,운전자법규위반,안전운전 의무 불이행,단일로,기타단일로,화물차,화물차,128.23025379999999,36.34943031
13417,2015,2015-05-21 00:35,야,목,1,1,0,0,부산,강서구,차량단독,공작물충돌,운전자법규위반,안전운전 의무 불이행,단일로,터널안,화물차,없음,128.9037934,35.08899888
13418,2015,2015-05-21 02:10,야,목,1,1,0,0,경기,성남시,차량단독,공작물충돌,운전자법규위반,안전운전 의무 불이행,단일로,지하차도(도로)내,이륜차,없음,127.13764029999999,37.46499119
13419,2015,2015-05-21 04:35,야,목,1,1,0,0,서울,서대문구,차대사람,보도통행중,운전자법규위반,보행자 보호의무 위반,교차로,교차로내,화물차,보행자,126.91331809999998,37.58247381
13420,2015,2015-05-21 04:20,야,목,1,1,0,0,경기,고양시,차량단독,공작물충돌,운전자법규위반,안전운전 의무 불이행,단일로,기타단일로,승용차,없음,126.753684,37.64232207
13421,2015,2015-05-21 05:55,야,목,1,1,0,0,충남,서천군,차대차,진행중 추돌,운전자법규위반,안전운전 의무 불이행,단일로,기타단일로,화물차,자전거,126.6906304,36.035068200000005
13422,2015,2015-05-21 06:21,주,목,1,1,0,0,부산,부산진구,차대차,기타,운전자법규위반,신호위반,단일로,횡단보도상,승합차,자전거,129.0674155,35.17506312
13423,2015,2015-05-21 06:10,주,목,1,2,1,0,경기,김포시,차대차,정면충돌,운전자법규위반,중앙선 침범,단일로,기타단일로,승용차,승용차,126.67696869999999,37.65376332
13424,2015,2015-05-21 07:55,주,목,1,1,0,0,강원,춘천시,차대차,측면충돌,운전자법규위반,신호위반,교차로,교차로내,화물차,이륜차,127.7591332,37.83857106
13425,2015,2015-05-21 10:14,주,목,1,1,0,0,서울,송파구,차대사람,횡단중,운전자법규위반,안전운전 의무 불이행,단일로,횡단보도상,승합차,보행자,127.11647690000001,37.49492181
13426,2015,2015-05-21 12:50,주,목,1,1,0,0,서울,구로구,차대차,측면충돌,운전자법규위반,안전운전 의무 불이행,단일로,횡단보도상,자전거,승용차,126.888976,37.50239183
13427,2015,2015-05-21 13:30,주,목,1,1,0,0,경기,여주시,차대사람,기타,운전자법규위반,안전운전 의무 불이행,단일로,기타단일로,승용차,보행자,127.6419389,37.26022474
13428,2015,2015-05-21 16:40,주,목,1,2,1,0,서울,노원구,차량단독,공작물충돌,운전자법규위반,안전운전 의무 불이행,단일로,기타단일로,이륜차,없음,127.0953096,37.62640526
13429,2015,2015-05-21 16:55,주,목,1,1,0,0,대구,동구,차대차,기타,운전자법규위반,부당한 회전,교차로,교차로부근,자전거,화물차,128.6373768,35.94369381
13430,2015,2015-05-21 17:30,주,목,1,2,1,0,경기,안산시,차대사람,횡단중,운전자법규위반,안전운전 의무 불이행,단일로,횡단보도상,승합차,보행자,126.86660020000001,37.296699100000005
13431,2015,2015-05-21 18:45,야,목,1,2,0,1,대전,동구,차대사람,횡단중,운전자법규위반,안전운전 의무 불이행,단일로,기타단일로,건설기계,보행자,127.45434080000001,36.30985735
13432,2015,2015-05-21 19:55,야,목,1,1,0,0,경기,남양주시,차대차,측면충돌,운전자법규위반,안전운전 의무 불이행,교차로,교차로부근,승합차,자전거,127.18057420000001,37.61699366
13433,2015,2015-05-21 21:25,야,목,1,1,0,0,경기,성남시,차대사람,횡단중,운전자법규위반,안전운전 의무 불이행,단일로,기타단일로,승합차,보행자,127.09303670000001,37.40524737
13434,2015,2015-05-21 22:41,야,목,1,1,0,0,울산,동구,차대사람,기타,운전자법규위반,안전운전 의무 불이행,단일로,기타단일로,승용차,보행자,129.4317031,35.52072644
13435,2015,2015-05-22 08:00,주,금,1,1,0,0,경남,거창군,차대차,측면충돌,운전자법규위반,직진 및 우회전차의 통행방해,교차로,교차로내,원동기장치자전거,화물차,128.0372281,35.70336445