,발생년,발생년월일시분,주야,요일,사망자수,사상자수,중상자수,경상자수,발생지시도,발생지시군구,사고유형_대분류,사고유형,법규위반_대분류,법규위반,도로형태_대분류,도로형태,가해자_당사자종별,피해자_당사자종별,경도,위도
13436,2015,2015-05-22 10:40,주,금,1,1,0,0,경기,안산시,차대사람,횡단중,운전자법규위반,보행자 보호의무 위반,단일로,기타단일로,화물차,보행자,126.86297959999999,37.33667389
13437,2015,2015-05-22 10:45,주,금,1,1,0,0,전북,완주군,차량단독,기타,운전자법규위반,안전운전 의무 불이행,교차로,교차로내,화물차,없음,127.0726237,35.91049997
13438,2015,2015-05-22 10:33,주,금,1,1,0,0,제주,제주시,차대차,진행중 추돌,운전자법규위반,부당한 회전,단일로,횡단보도상,자전거,승용차,126.53920520000001,33.50626626
13439,2015,2015-05-22 13:15,주,금,1,1,0,0,서울,성북구,차대사람,횡단중,운전자법규위반,안전운전 의무 불이행,단일로,기타단일로,승합차,보행자,127.0135442,37.61146594
13440,2015,2015-05-22 14:00,주,금,1,1,0,0,경기,포천시,차대사람,기타,운전자법규위반,안전운전 의무 불이행,단일로,기타단일로,승용차,보행자,127.1661173,37.85418283
13441,2015,2015-05-22 17:36,주,금,2,2,0,0,경기,이천시,차대차,측면충돌,운전자법규위반,교차로 통행방법 위반,교차로,교차로내,이륜차,승용차,127.40005,37.30083964
13442,2015,2015-05-22 18:20,야,금,1,1,0,0,충남,아산시,차량단독,도로이탈 추락,운전자법규위반,안전운전 의무 불이행,단일로,기타단일로,농기계,없음,126.90827009999998,36.81113876
13443,2015,2015-05-22 20:40,야,금,1,1,0,0,충남,예산군,차대사람,횡단중,운전자법규위반,안전운전 의무 불이행,교차로,교차로내,승용차,보행자,126.830246,36.703568100000005
13444,2015,2015-05-22 20:11,야,금,1,1,0,0,광주,서구,차대사람,횡단중,운전자법규위반,안전운전 의무 불이행,교차로,교차로부근,승합차,보행자,126.896451,35.15222376
13445,2015,2015-05-23 00:43,야,토,1,1,0,0,울산,남구,차대사람,횡단중,운전자법규위반,안전운전 의무 불이행,교차로,교차로내,승용차,보행자,129.3199734,35.52839656
13446,2015,2015-05-23 06:57,주,토,1,1,0,0,경기,파주시,차대차,기타,운전자법규위반,안전운전 의무 불이행,단일로,기타단일로,건설기계,이륜차,126.79233159999998,37.81327818
13447,2015,2015-05-23 08:52,주,토,1,1,0,0,전북,익산시,차대차,측면충돌,운전자법규위반,안전운전 의무 불이행,단일로,기타단일로,승용차,농기계,126.92869070000002,35.93691312
13448,2015,2015-05-23 10:44,주,토,1,2,1,0,충남,천안시,차대차,진행중 추돌,운전자법규위반,안전운전 의무 불이행,단일로,기타단일로,승용차,승용차,127.1747385,36.96444906
13449,2015,2015-05-23 15:30,주,토,1,1,0,0,경북,경주시,차대차,기타,운전자법규위반,앞지르기 금지위반,교차로,교차로내,이륜차,승용차,129.0358143,35.75758327
13450,2015,2015-05-23 16:05,주,토,1,1,0,0,경북,성주군,차량단독,기타,운전자법규위반,안전운전 의무 불이행,기타/불명,기타/불명,승용차,없음,128.1723048,35.881753700000004
13451,2015,2015-05-23 16:30,주,토,1,1,0,0,인천,계양구,차대사람,차도통행중,운전자법규위반,부당한 회전,단일로,기타단일로,승용차,보행자,126.70911969999999,37.53060916
13452,2015,2015-05-23 17:30,주,토,1,1,0,0,경기,안산시,차량단독,도로이탈 추락,운전자법규위반,안전운전 의무 불이행,교차로,교차로부근,원동기장치자전거,없음,126.8179457,37.34201135
13453,2015,2015-05-23 17:45,주,토,1,3,0,2,경남,진주시,차대차,진행중 추돌,운전자법규위반,과속,교차로,교차로내,승용차,승용차,128.1144768,35.20234845
13454,2015,2015-05-23 20:05,야,토,1,2,1,0,경북,포항시,차대사람,횡단중,운전자법규위반,안전운전 의무 불이행,단일로,기타단일로,승용차,보행자,129.5453879,35.95366597
13455,2015,2015-05-23 21:10,야,토,1,1,0,0,경기,안양시,차대사람,길가장자리구역통행중,운전자법규위반,안전운전 의무 불이행,단일로,기타단일로,승합차,보행자,126.931251,37.40141601
13456,2015,2015-05-23 23:10,야,토,1,1,0,0,강원,양양군,차대사람,횡단중,운전자법규위반,안전운전 의무 불이행,단일로,기타단일로,승용차,보행자,128.6293242,38.08547681
13457,2015,2015-05-24 00:20,야,일,1,1,0,0,부산,부산진구,차대사람,횡단중,운전자법규위반,안전운전 의무 불이행,단일로,기타단일로,승용차,보행자,129.03778459999998,35.15498549
13458,2015,2015-05-24 01:10,야,일,1,2,0,1,서울,노원구,차대차,측면충돌,운전자법규위반,중앙선 침범,교차로,교차로내,승합차,이륜차,127.0525459,37.62610482
13459,2015,2015-05-24 02:57,야,일,1,1,0,0,경기,과천시,차대사람,기타,운전자법규위반,안전운전 의무 불이행,단일로,기타단일로,승용차,보행자,126.9998137,37.42641448
13460,2015,2015-05-24 03:30,야,일,1,1,0,0,전남,순천시,차대사람,기타,운전자법규위반,안전운전 의무 불이행,단일로,기타단일로,화물차,보행자,127.38780590000002,34.84633379
13461,2015,2015-05-24 03:10,야,일,1,3,0,2,대구,달서구,차대사람,차도통행중,운전자법규위반,안전운전 의무 불이행,단일로,기타단일로,승용차,보행자,128.54724679999998,35.82552565
13462,2015,2015-05-24 12:30,주,일,1,2,1,0,경남,진주시,차대차,정면충돌,운전자법규위반,중앙선 침범,단일로,기타단일로,원동기장치자전거,승용차,128.2202334,35.1187374
13463,2015,2015-05-24 14:45,주,일,1,6,5,0,강원,양양군,차대차,진행중 추돌,운전자법규위반,직진 및 우회전차의 통행방해,교차로,교차로내,승용차,승용차,128.45423359999998,38.07736773
13464,2015,2015-05-24 14:55,주,일,1,1,0,0,제주,서귀포시,차량단독,공작물충돌,운전자법규위반,안전운전 의무 불이행,단일로,기타단일로,이륜차,없음,126.6021373,33.32406072
13465,2015,2015-05-24 16:15,주,일,1,5,1,3,광주,북구,차대차,측면충돌,운전자법규위반,신호위반,교차로,교차로내,승용차,승용차,126.8712315,35.21225684
13466,2015,2015-05-24 21:49,야,일,1,3,2,0,경북,영주시,차대차,정면충돌,운전자법규위반,중앙선 침범,단일로,기타단일로,승용차,승용차,128.5666048,36.91207685
13467,2015,2015-05-24 22:25,야,일,1,1,0,0,전남,영암군,차대사람,횡단중,운전자법규위반,안전운전 의무 불이행,단일로,기타단일로,승합차,보행자,126.698651,34.81552135
13468,2015,2015-05-24 23:00,야,일,1,1,0,0,충남,천안시,차량단독,기타,운전자법규위반,기타(운전자법규위반),단일로,기타단일로,승용차,없음,127.23569409999999,36.768586799999994
13469,2015,2015-05-25 00:26,야,월,1,1,0,0,경북,포항시,차대사람,횡단중,운전자법규위반,안전운전 의무 불이행,교차로,교차로내,승용차,보행자,129.3734507,36.25895783
13470,2015,2015-05-25 00:40,야,월,1,2,1,0,대전,서구,차대차,측면충돌,운전자법규위반,안전운전 의무 불이행,단일로,기타단일로,승용차,이륜차,127.38514840000002,36.32247762
13471,2015,2015-05-25 01:17,야,월,1,2,1,0,대전,서구,차대차,측면충돌,운전자법규위반,신호위반,교차로,교차로내,이륜차,승용차,127.39517260000001,36.35770109
13472,2015,2015-05-25 05:33,야,월,1,3,2,0,강원,속초시,차량단독,공작물충돌,운전자법규위반,안전운전 의무 불이행,단일로,기타단일로,이륜차,없음,128.60781229999998,38.16807204
13473,2015,2015-05-25 17:35,주,월,1,3,0,1,경남,함양군,차대차,측면충돌,운전자법규위반,안전운전 의무 불이행,단일로,기타단일로,승용차,승합차,127.6910759,35.48264092
13474,2015,2015-05-25 21:08,야,월,1,2,0,0,서울,마포구,차대차,기타,운전자법규위반,중앙선 침범,단일로,기타단일로,승용차,승용차,126.9350731,37.55423264
13475,2015,2015-05-25 21:30,야,월,1,1,0,0,경북,영천시,차량단독,공작물충돌,운전자법규위반,안전운전 의무 불이행,교차로,교차로부근,화물차,없음,128.7875077,36.04573527
13476,2015,2015-05-25 22:10,야,월,1,1,0,0,전북,전주시,차대사람,차도통행중,운전자법규위반,안전운전 의무 불이행,교차로,교차로부근,승용차,보행자,127.1470392,35.86677045
13477,2015,2015-05-25 23:32,야,월,1,1,0,0,인천,서구,차대사람,횡단중,운전자법규위반,과속,교차로,교차로부근,승합차,보행자,126.67965890000002,37.48206022
13478,2015,2015-05-25 23:00,야,월,2,2,0,0,대전,유성구,차량단독,전도전복,운전자법규위반,안전운전 의무 불이행,단일로,기타단일로,원동기장치자전거,없음,127.3813933,36.37430356
13479,2015,2015-05-26 00:01,야,화,1,1,0,0,충남,천안시,차대차,기타,운전자법규위반,차로위반(진로변경 위반),단일로,기타단일로,승용차,화물차,127.12174109999998,36.78633555
13480,2015,2015-05-26 05:57,야,화,1,1,0,0,충북,증평군,차대차,측면충돌,운전자법규위반,신호위반,교차로,교차로내,승용차,농기계,127.61472020000001,36.8302244
13481,2015,2015-05-26 05:30,야,화,1,1,0,0,경북,김천시,차량단독,전도전복,운전자법규위반,안전운전 의무 불이행,단일로,기타단일로,승용차,없음,128.08395249999998,36.12476941
13482,2015,2015-05-26 06:00,주,화,1,1,0,0,서울,강동구,차대사람,기타,운전자법규위반,안전운전 의무 불이행,단일로,기타단일로,승용차,보행자,127.1699104,37.54544216
13483,2015,2015-05-26 09:10,주,화,1,4,0,3,제주,제주시,차대차,진행중 추돌,운전자법규위반,안전운전 의무 불이행,단일로,기타단일로,화물차,화물차,126.8252538,33.5355373
13484,2015,2015-05-26 10:40,주,화,1,1,0,0,경기,하남시,차대사람,횡단중,운전자법규위반,안전운전 의무 불이행,교차로,교차로내,승용차,보행자,127.2250399,37.53936403
13485,2015,2015-05-26 13:50,주,화,1,2,1,0,부산,중구,차대차,측면충돌,운전자법규위반,안전운전 의무 불이행,단일로,기타단일로,이륜차,건설기계,129.0349059,35.09813009
13486,2015,2015-05-26 13:30,주,화,1,1,0,0,경기,양주시,차대차,측면충돌,운전자법규위반,부당한 회전,단일로,기타단일로,화물차,원동기장치자전거,127.02038780000001,37.78752332
13487,2015,2015-05-26 13:30,주,화,1,2,0,1,경남,창녕군,차대차,정면충돌,운전자법규위반,중앙선 침범,단일로,기타단일로,승용차,승합차,128.5095758,35.45867023
13488,2015,2015-05-26 14:50,주,화,3,4,1,0,전남,순천시,차대차,기타,운전자법규위반,중앙선 침범,단일로,기타단일로,승용차,화물차,127.203023,35.0868971
13489,2015,2015-05-26 17:40,주,화,1,2,0,1,전북,정읍시,차대차,정면충돌,운전자법규위반,중앙선 침범,단일로,기타단일로,이륜차,화물차,126.74927759999999,35.61711822
13490,2015,2015-05-26 18:40,야,화,1,1,0,0,경북,김천시,차량단독,공작물충돌,운전자법규위반,안전운전 의무 불이행,단일로,기타단일로,농기계,없음,128.1221375,36.16650675
13491,2015,2015-05-26 19:05,야,화,1,1,0,0,경기,양주시,차대차,진행중 추돌,운전자법규위반,안전운전 의무 불이행,단일로,기타단일로,승용차,자전거,127.0526338,37.76626191
13492,2015,2015-05-26 20:45,야,화,1,1,0,0,경남,거제시,차대차,진행중 추돌,운전자법규위반,안전거리 미확보,단일로,기타단일로,승용차,승용차,128.61964609999998,34.89110542
13493,2015,2015-05-26 20:10,야,화,1,1,0,0,대구,북구,차대차,진행중 추돌,운전자법규위반,안전운전 의무 불이행,단일로,기타단일로,화물차,자전거,128.5902869,35.91352307
13494,2015,2015-05-26 21:00,야,화,1,1,0,0,전북,익산시,차대차,진행중 추돌,운전자법규위반,안전운전 의무 불이행,단일로,기타단일로,화물차,자전거,127.00641,36.0040385
13495,2015,2015-05-26 22:30,야,화,1,2,0,1,서울,동작구,차대차,측면충돌,운전자법규위반,신호위반,교차로,교차로내,이륜차,이륜차,126.9443813,37.50516219
13496,2015,2015-05-26 22:40,야,화,1,1,0,0,서울,구로구,차대사람,차도통행중,운전자법규위반,안전운전 의무 불이행,단일로,기타단일로,승합차,보행자,126.8926059,37.47886717
13497,2015,2015-05-26 23:35,야,화,1,2,0,1,경기,시흥시,차대차,정면충돌,운전자법규위반,중앙선 침범,단일로,기타단일로,화물차,승합차,126.82306000000001,37.40985973
13498,2015,2015-05-27 00:20,야,수,1,3,1,1,전남,나주시,차대차,정면충돌,운전자법규위반,중앙선 침범,단일로,기타단일로,승용차,승용차,126.6680308,35.01026857
13499,2015,2015-05-27 04:08,야,수,1,2,0,0,대구,북구,차량단독,공작물충돌,운전자법규위반,안전운전 의무 불이행,단일로,기타단일로,이륜차,없음,128.61743159999997,35.89800116
13500,2015,2015-05-27 08:10,주,수,1,1,0,0,전북,무주군,차량단독,전도전복,운전자법규위반,안전운전 의무 불이행,단일로,기타단일로,농기계,없음,127.7129626,36.01991254
13501,2015,2015-05-27 09:25,주,수,1,1,0,0,경남,창녕군,차대사람,차도통행중,운전자법규위반,안전운전 의무 불이행,단일로,기타단일로,승합차,보행자,128.4738784,35.39065546
13502,2015,2015-05-27 10:50,주,수,1,1,0,0,경남,하동군,차량단독,공작물충돌,운전자법규위반,안전운전 의무 불이행,단일로,기타단일로,승용차,없음,127.6347631,35.17580728
13503,2015,2015-05-27 12:50,주,수,2,2,0,0,전남,해남군,차량단독,공작물충돌,운전자법규위반,안전운전 의무 불이행,단일로,기타단일로,승용차,없음,126.6676142,34.4700639
13504,2015,2015-05-27 13:32,주,수,1,1,0,0,서울,양천구,차량단독,전도전복,운전자법규위반,안전운전 의무 불이행,단일로,기타단일로,원동기장치자전거,없음,126.87765729999998,37.51662818
13505,2015,2015-05-27 14:00,주,수,1,1,0,0,경기,평택시,차대차,측면충돌,운전자법규위반,직진 및 우회전차의 통행방해,교차로,교차로내,화물차,이륜차,127.11457879999999,37.00296783
13506,2015,2015-05-27 14:15,주,수,2,5,3,0,충남,태안군,차대차,정면충돌,운전자법규위반,중앙선 침범,교차로,교차로부근,승용차,건설기계,126.28747990000001,36.6935621
13507,2015,2015-05-27 14:55,주,수,1,1,0,0,경남,창원시(통합),차대차,기타,운전자법규위반,중앙선 침범,단일로,기타단일로,원동기장치자전거,화물차,128.70933929999998,35.35146204
13508,2015,2015-05-27 17:20,주,수,1,1,0,0,경기,의정부시,차대차,기타,운전자법규위반,교차로 통행방법 위반,교차로,교차로내,승용차,자전거,127.04146750000001,37.73587152
13509,2015,2015-05-27 18:57,야,수,2,7,5,0,충남,금산군,차대차,정면충돌,운전자법규위반,중앙선 침범,단일로,기타단일로,승합차,화물차,127.4736298,36.12259976
13510,2015,2015-05-27 20:15,야,수,1,1,0,0,경기,여주시,차대사람,횡단중,운전자법규위반,신호위반,단일로,횡단보도부근,화물차,보행자,127.65030279999999,37.24683759
13511,2015,2015-05-27 21:50,야,수,1,1,0,0,경기,평택시,차대사람,기타,운전자법규위반,안전운전 의무 불이행,단일로,기타단일로,승용차,보행자,127.04661329999999,36.93878857
13512,2015,2015-05-27 21:00,야,수,1,1,0,0,경기,양주시,차대차,정면충돌,운전자법규위반,신호위반,교차로,교차로내,승용차,자전거,126.97773079999999,37.89709386
13513,2015,2015-05-27 22:10,야,수,1,1,0,0,충북,진천군,차대사람,횡단중,운전자법규위반,안전운전 의무 불이행,단일로,기타단일로,승용차,보행자,127.4322119,36.86077505
13514,2015,2015-05-28 04:05,야,목,1,1,0,0,대구,달서구,차량단독,공작물충돌,운전자법규위반,안전운전 의무 불이행,단일로,기타단일로,이륜차,없음,128.5375896,35.81928937
13515,2015,2015-05-28 06:45,주,목,1,1,0,0,서울,성북구,차대사람,횡단중,운전자법규위반,안전운전 의무 불이행,단일로,기타단일로,화물차,보행자,127.0136045,37.60220039
13516,2015,2015-05-28 08:35,주,목,1,1,0,0,전북,부안군,차대차,기타,운전자법규위반,안전운전 의무 불이행,단일로,기타단일로,화물차,화물차,126.79207770000001,35.74705732
13517,2015,2015-05-28 09:40,주,목,1,1,0,0,경남,산청군,차대사람,횡단중,운전자법규위반,안전운전 의무 불이행,교차로,교차로내,화물차,보행자,127.84221950000001,35.27583975
13518,2015,2015-05-28 10:00,주,목,1,1,0,0,전북,순창군,차대차,진행중 추돌,운전자법규위반,교차로 통행방법 위반,단일로,기타단일로,이륜차,승용차,127.14241409999998,35.36453068
13519,2015,2015-05-28 13:40,주,목,1,4,0,3,부산,강서구,차대차,주정차중 추돌,운전자법규위반,안전운전 의무 불이행,교차로,교차로내,승용차,화물차,128.87818000000001,35.11248294
13520,2015,2015-05-28 15:04,주,목,1,1,0,0,강원,고성군,차대차,측면충돌,운전자법규위반,교차로 통행방법 위반,교차로,교차로내,원동기장치자전거,승용차,128.44378909999998,38.44130214
13521,2015,2015-05-28 17:00,주,목,1,1,0,0,경기,수원시,차량단독,전도전복,운전자법규위반,안전운전 의무 불이행,단일로,기타단일로,이륜차,없음,127.07179280000001,37.26631397
13522,2015,2015-05-29 00:52,야,금,1,1,0,0,경기,시흥시,차대사람,횡단중,운전자법규위반,안전운전 의무 불이행,교차로,교차로부근,승용차,보행자,126.740503,37.34168374
13523,2015,2015-05-29 01:14,야,금,1,2,0,1,경남,거제시,차대차,주정차중 추돌,운전자법규위반,안전운전 의무 불이행,단일로,기타단일로,승용차,화물차,128.6118063,34.89403577
13524,2015,2015-05-29 02:27,야,금,1,1,0,0,강원,원주시,차량단독,도로이탈 추락,운전자법규위반,안전운전 의무 불이행,단일로,기타단일로,승용차,없음,127.8481518,37.32961088
13525,2015,2015-05-29 03:09,야,금,1,2,1,0,경기,광주시,차대차,측면충돌,운전자법규위반,안전운전 의무 불이행,교차로,교차로내,화물차,이륜차,127.2125365,37.34907261
13526,2015,2015-05-29 04:55,야,금,1,2,1,0,충남,금산군,차량단독,공작물충돌,운전자법규위반,안전운전 의무 불이행,단일로,기타단일로,화물차,없음,127.47544189999999,36.19134491
13527,2015,2015-05-29 06:17,주,금,1,1,0,0,경남,통영시,차대사람,횡단중,운전자법규위반,안전운전 의무 불이행,교차로,교차로내,승용차,보행자,128.4193824,34.84728421
13528,2015,2015-05-29 07:25,주,금,1,1,0,0,경기,의정부시,차대사람,횡단중,운전자법규위반,안전운전 의무 불이행,교차로,교차로내,승용차,보행자,127.04637949999999,37.74366894
13529,2015,2015-05-29 08:50,주,금,1,1,0,0,인천,서구,차대차,측면충돌,운전자법규위반,안전거리 미확보,단일로,기타단일로,화물차,자전거,126.6716375,37.47838084
13530,2015,2015-05-29 14:50,주,금,1,1,0,0,경남,함안군,차대차,진행중 추돌,운전자법규위반,안전운전 의무 불이행,단일로,기타단일로,화물차,화물차,128.5138972,35.28365238
13531,2015,2015-05-29 20:50,야,금,1,1,0,0,부산,부산진구,차대사람,횡단중,운전자법규위반,안전운전 의무 불이행,단일로,횡단보도상,승용차,보행자,129.0580192,35.15911775
13532,2015,2015-05-29 21:24,야,금,1,1,0,0,충남,아산시,차대사람,기타,운전자법규위반,안전운전 의무 불이행,단일로,횡단보도상,승용차,보행자,127.00739479999999,36.80133203
13533,2015,2015-05-29 21:10,야,금,1,1,0,0,경북,포항시,차대사람,기타,운전자법규위반,안전운전 의무 불이행,교차로,교차로부근,승용차,보행자,129.3426712,36.08119714
13534,2015,2015-05-29 23:10,야,금,1,4,1,2,충남,당진시,차량단독,공작물충돌,운전자법규위반,안전운전 의무 불이행,교차로,교차로내,승용차,없음,126.60760020000001,36.84695166
13535,2015,2015-05-29 23:00,야,금,1,1,0,0,전북,남원시,차대사람,기타,운전자법규위반,안전운전 의무 불이행,단일로,기타단일로,화물차,보행자,127.3845969,35.41714906
13536,2015,2015-05-30 00:10,야,토,1,1,0,0,경북,포항시,차대사람,횡단중,운전자법규위반,보행자 보호의무 위반,교차로,교차로내,승용차,보행자,129.3397926,36.02578464
13537,2015,2015-05-30 03:35,야,토,1,1,0,0,울산,북구,차대차,진행중 추돌,운전자법규위반,과속,단일로,기타단일로,화물차,자전거,129.36275030000002,35.58076985
13538,2015,2015-05-30 04:30,야,토,1,1,0,0,울산,울주군,차대차,진행중 추돌,운전자법규위반,안전운전 의무 불이행,교차로,교차로내,승용차,화물차,129.3339338,35.45608155
13539,2015,2015-05-30 07:50,주,토,1,2,0,1,경남,함양군,차대차,측면충돌,운전자법규위반,중앙선 침범,단일로,기타단일로,이륜차,화물차,127.72154579999999,35.51082005
13540,2015,2015-05-30 08:35,주,토,1,3,0,2,경북,영덕군,차대사람,기타,운전자법규위반,중앙선 침범,단일로,기타단일로,화물차,보행자,129.2803071,36.35516487
13541,2015,2015-05-30 12:15,주,토,1,1,0,0,경기,안산시,차대사람,횡단중,운전자법규위반,안전운전 의무 불이행,교차로,교차로부근,승용차,보행자,126.8465455,37.32598407
13542,2015,2015-05-30 14:40,주,토,1,1,0,0,경기,고양시,차대사람,차도통행중,운전자법규위반,안전운전 의무 불이행,단일로,횡단보도부근,승합차,보행자,126.75152609999999,37.67436845
13543,2015,2015-05-30 20:49,야,토,1,1,0,0,강원,동해시,차대사람,횡단중,운전자법규위반,보행자 보호의무 위반,단일로,기타단일로,이륜차,보행자,129.10190690000002,37.54153509
13544,2015,2015-05-30 20:25,야,토,1,1,0,0,경남,의령군,차대사람,차도통행중,운전자법규위반,직진 및 우회전차의 통행방해,교차로,교차로내,승용차,보행자,128.2001932,35.33222121
13545,2015,2015-05-30 21:10,야,토,1,4,0,3,부산,연제구,차대차,측면충돌,운전자법규위반,중앙선 침범,단일로,기타단일로,승용차,이륜차,129.0827159,35.18378095
13546,2015,2015-05-30 22:50,야,토,1,1,0,0,경남,거제시,차대사람,기타,운전자법규위반,신호위반,교차로,교차로내,화물차,보행자,128.7122395,34.86359927
13547,2015,2015-05-30 23:51,야,토,1,1,0,0,경기,안산시,차량단독,공작물충돌,운전자법규위반,안전운전 의무 불이행,단일로,기타단일로,원동기장치자전거,없음,126.8785913,37.2915076
13548,2015,2015-05-31 01:45,야,일,1,2,0,1,경기,남양주시,차량단독,공작물충돌,운전자법규위반,안전운전 의무 불이행,교차로,교차로내,승용차,없음,127.17521609999999,37.69471953
13549,2015,2015-05-31 04:35,야,일,1,1,0,0,전북,군산시,차대사람,횡단중,운전자법규위반,보행자 보호의무 위반,교차로,교차로부근,승용차,보행자,126.6817499,35.97928222
13550,2015,2015-05-31 06:20,주,일,1,2,0,0,서울,중랑구,차대차,주정차중 추돌,운전자법규위반,안전운전 의무 불이행,단일로,기타단일로,이륜차,화물차,127.07174690000001,37.59778377
13551,2015,2015-05-31 06:20,주,일,1,1,0,0,충북,청주시,차대사람,횡단중,운전자법규위반,안전운전 의무 불이행,단일로,기타단일로,승용차,보행자,127.4681486,36.62132937
13552,2015,2015-05-31 08:23,주,일,1,1,0,0,서울,강동구,차대사람,횡단중,운전자법규위반,보행자 보호의무 위반,교차로,교차로부근,승합차,보행자,127.12569350000001,37.54540041
13553,2015,2015-05-31 08:29,주,일,1,2,1,0,경기,화성시,차대차,측면충돌,운전자법규위반,과속,단일로,기타단일로,이륜차,화물차,126.89174879999999,37.24630822
13554,2015,2015-05-31 08:26,주,일,1,1,0,0,경남,김해시,차량단독,공작물충돌,운전자법규위반,안전운전 의무 불이행,단일로,기타단일로,승용차,없음,128.91571059999998,35.24254247
13555,2015,2015-05-31 11:30,주,일,1,1,0,0,전남,보성군,차대차,측면충돌,운전자법규위반,안전운전 의무 불이행,교차로,교차로내,화물차,원동기장치자전거,127.3085574,34.87497407
13556,2015,2015-05-31 11:00,주,일,1,1,0,0,경북,문경시,차대사람,횡단중,운전자법규위반,안전운전 의무 불이행,단일로,기타단일로,승용차,보행자,128.0037384,36.59057366
13557,2015,2015-05-31 13:50,주,일,1,2,0,1,경기,화성시,차대차,측면충돌,운전자법규위반,교차로 통행방법 위반,교차로,교차로내,승용차,승용차,126.86127830000001,37.09431567
13558,2015,2015-05-31 13:07,주,일,1,14,7,6,경북,영덕군,차대차,정면충돌,운전자법규위반,중앙선 침범,단일로,기타단일로,승합차,승용차,129.21493859999998,36.46280335
13559,2015,2015-05-31 15:17,주,일,1,7,3,3,대전,대덕구,차대차,진행중 추돌,운전자법규위반,안전운전 의무 불이행,단일로,기타단일로,승합차,승용차,127.41703490000002,36.42623492
13560,2015,2015-05-31 16:30,주,일,1,3,2,0,경남,산청군,차대차,정면충돌,운전자법규위반,중앙선 침범,단일로,교량위,승용차,화물차,127.96286599999999,35.28203871
13561,2015,2015-05-31 20:20,야,일,1,1,0,0,경남,함안군,차대사람,횡단중,운전자법규위반,안전운전 의무 불이행,단일로,기타단일로,승용차,보행자,128.33951100000002,35.28832458
13562,2015,2015-05-31 21:35,야,일,1,1,0,0,경기,안양시,차대차,측면충돌,운전자법규위반,안전운전 의무 불이행,교차로,교차로내,승합차,원동기장치자전거,126.9629182,37.39702118
13563,2015,2015-05-31 21:40,야,일,1,1,0,0,경남,함안군,차대사람,차도통행중,운전자법규위반,안전운전 의무 불이행,단일로,기타단일로,승용차,보행자,128.5239256,35.30372884
13564,2015,2015-05-31 22:37,야,일,1,1,0,0,경기,양평군,차량단독,기타,운전자법규위반,안전운전 의무 불이행,기타/불명,기타/불명,농기계,없음,127.471658,37.50452757
13565,2015,2015-06-01 01:30,야,월,1,1,0,0,충남,아산시,차대사람,차도통행중,운전자법규위반,안전운전 의무 불이행,단일로,기타단일로,화물차,보행자,126.95204240000001,36.78382687
13566,2015,2015-06-01 07:55,주,월,1,1,0,0,경남,창원시(통합),차대차,측면충돌,운전자법규위반,안전운전 의무 불이행,단일로,횡단보도상,승용차,자전거,128.68770690000002,35.14750882
13567,2015,2015-06-01 08:40,주,월,1,1,0,0,경기,용인시,차대차,진행중 추돌,운전자법규위반,안전운전 의무 불이행,단일로,기타단일로,화물차,농기계,127.3110581,37.13296086
13568,2015,2015-06-01 11:50,주,월,1,1,0,0,전남,고흥군,차량단독,공작물충돌,운전자법규위반,안전운전 의무 불이행,단일로,기타단일로,농기계,없음,127.26141799999999,34.70070424
13569,2015,2015-06-01 12:00,주,월,1,2,1,0,강원,홍천군,차대차,정면충돌,운전자법규위반,중앙선 침범,단일로,기타단일로,화물차,화물차,128.1507434,37.72440368
13570,2015,2015-06-01 17:29,주,월,1,2,0,0,경기,파주시,차량단독,공작물충돌,운전자법규위반,안전운전 의무 불이행,단일로,횡단보도부근,화물차,없음,126.8071973,37.74210017
13571,2015,2015-06-01 17:00,주,월,1,1,0,0,경북,구미시,차대사람,횡단중,운전자법규위반,보행자 보호의무 위반,단일로,기타단일로,승합차,보행자,128.33475049999998,36.11134595
13572,2015,2015-06-01 20:45,야,월,1,2,1,0,경북,김천시,차대차,진행중 추돌,운전자법규위반,안전운전 의무 불이행,단일로,기타단일로,화물차,화물차,128.00002460000002,36.20723427
13573,2015,2015-06-01 21:00,야,월,1,1,0,0,경기,화성시,차대사람,횡단중,운전자법규위반,안전운전 의무 불이행,교차로,교차로내,승용차,보행자,126.9381105,37.18431377
13574,2015,2015-06-02 00:20,야,화,1,2,0,1,경남,밀양시,차대차,주정차중 추돌,운전자법규위반,안전운전 의무 불이행,교차로,교차로부근,화물차,화물차,128.6932004,35.40791976
13575,2015,2015-06-02 10:50,주,화,1,1,0,0,울산,북구,차대사람,기타,운전자법규위반,안전운전 의무 불이행,교차로,교차로부근,건설기계,보행자,129.3530196,35.62634651
13576,2015,2015-06-02 11:15,주,화,1,1,0,0,세종,세종,차대차,측면충돌,운전자법규위반,중앙선 침범,단일로,기타단일로,화물차,농기계,127.28482140000001,36.56608456
13577,2015,2015-06-02 12:10,주,화,1,1,0,0,경북,예천군,차대사람,차도통행중,운전자법규위반,안전운전 의무 불이행,단일로,기타단일로,화물차,보행자,128.5647459,36.70111429