,발생년,발생년월일시분,주야,요일,사망자수,사상자수,중상자수,경상자수,발생지시도,발생지시군구,사고유형_대분류,사고유형,법규위반_대분류,법규위반,도로형태_대분류,도로형태,가해자_당사자종별,피해자_당사자종별,경도,위도
13578,2015,2015-06-02 15:31,주,화,1,2,0,1,충남,홍성군,차대차,측면충돌,운전자법규위반,교차로 통행방법 위반,교차로,교차로내,승용차,이륜차,126.6949909,36.53611975
13579,2015,2015-06-02 16:20,주,화,1,1,0,0,울산,중구,차대사람,횡단중,운전자법규위반,안전운전 의무 불이행,단일로,기타단일로,승용차,보행자,129.3167821,35.55461567
13580,2015,2015-06-02 17:07,주,화,1,1,0,0,충남,천안시,차대차,기타,운전자법규위반,안전거리 미확보,단일로,기타단일로,승용차,건설기계,127.1171381,36.835189299999996
13581,2015,2015-06-02 17:30,주,화,1,1,0,0,전북,남원시,차량단독,전도전복,운전자법규위반,안전운전 의무 불이행,단일로,기타단일로,화물차,없음,127.33950279999999,35.42230025
13582,2015,2015-06-02 18:20,야,화,1,1,0,0,부산,강서구,차량단독,전도전복,운전자법규위반,안전운전 의무 불이행,단일로,기타단일로,화물차,없음,128.89393619999998,35.1652376
13583,2015,2015-06-02 21:03,야,화,1,1,0,0,경기,구리시,차대사람,차도통행중,운전자법규위반,안전운전 의무 불이행,단일로,기타단일로,자전거,보행자,127.14252450000001,37.62166165
13584,2015,2015-06-02 21:35,야,화,1,1,0,0,경남,창원시(통합),차대사람,차도통행중,운전자법규위반,안전운전 의무 불이행,단일로,기타단일로,승용차,보행자,128.734029,35.10945591
13585,2015,2015-06-03 00:10,야,수,1,2,1,0,울산,동구,차대차,측면충돌,운전자법규위반,중앙선 침범,단일로,기타단일로,승용차,이륜차,129.4201262,35.50829033
13586,2015,2015-06-03 01:00,야,수,1,1,0,0,서울,관악구,차대차,기타,운전자법규위반,신호위반,교차로,교차로내,원동기장치자전거,화물차,126.93674229999999,37.47077529
13587,2015,2015-06-03 05:40,야,수,1,1,0,0,전남,영암군,차량단독,도로이탈 추락,운전자법규위반,안전운전 의무 불이행,단일로,기타단일로,화물차,없음,126.57174750000001,34.69303791
13588,2015,2015-06-03 07:10,주,수,1,19,11,7,경남,합천군,차대차,측면충돌,운전자법규위반,신호위반,교차로,교차로내,승합차,화물차,128.26768470000002,35.55718818
13589,2015,2015-06-03 12:00,주,수,1,1,0,0,전남,나주시,차량단독,도로이탈 추락,운전자법규위반,안전운전 의무 불이행,단일로,기타단일로,농기계,없음,126.70838529999999,34.95326141
13590,2015,2015-06-03 16:10,주,수,1,1,0,0,충남,아산시,차대차,측면충돌,운전자법규위반,직진 및 우회전차의 통행방해,교차로,교차로내,화물차,원동기장치자전거,126.877854,36.78899695
13591,2015,2015-06-03 17:45,주,수,1,1,0,0,충북,보은군,차대차,측면충돌,운전자법규위반,안전운전 의무 불이행,교차로,교차로내,승용차,원동기장치자전거,127.7272952,36.49042517
13592,2015,2015-06-03 17:28,주,수,1,1,0,0,인천,옹진군,차대사람,횡단중,운전자법규위반,보행자 보호의무 위반,단일로,횡단보도상,승용차,보행자,126.531042,37.23511753
13593,2015,2015-06-03 20:43,야,수,1,1,0,0,경기,화성시,차대사람,기타,운전자법규위반,안전운전 의무 불이행,단일로,기타단일로,승용차,보행자,126.9460952,37.17546352
13594,2015,2015-06-03 23:20,야,수,1,2,0,1,광주,서구,차대사람,횡단중,운전자법규위반,안전운전 의무 불이행,단일로,횡단보도상,승용차,보행자,126.86160659999999,35.1223791
13595,2015,2015-06-04 02:05,야,목,1,2,0,1,경기,파주시,차대차,정면충돌,운전자법규위반,중앙선 침범,단일로,기타단일로,화물차,화물차,126.81622549999999,37.89305787
13596,2015,2015-06-04 05:08,야,목,1,8,2,5,강원,원주시,차대차,측면충돌,운전자법규위반,신호위반,교차로,교차로내,승용차,승합차,127.95795349999999,37.317437700000006
13597,2015,2015-06-04 12:37,주,목,1,2,0,1,충남,서산시,차대차,측면충돌,운전자법규위반,신호위반,교차로,교차로내,승용차,화물차,126.55686920000001,36.80861861
13598,2015,2015-06-04 12:45,주,목,2,2,0,0,경남,양산시,차대차,측면충돌,운전자법규위반,중앙선 침범,단일로,기타단일로,화물차,승용차,129.0642498,35.33961768
13599,2015,2015-06-04 13:10,주,목,1,1,0,0,광주,광산구,차대차,측면충돌,운전자법규위반,안전운전 의무 불이행,단일로,기타단일로,승용차,승용차,126.7871259,35.15072815
13600,2015,2015-06-04 16:00,주,목,1,1,0,0,전남,순천시,차대사람,횡단중,운전자법규위반,보행자 보호의무 위반,단일로,횡단보도상,화물차,보행자,127.48892509999999,34.96805923
13601,2015,2015-06-04 16:40,주,목,1,3,0,2,대구,북구,차대차,측면충돌,운전자법규위반,안전거리 미확보,단일로,기타단일로,승용차,원동기장치자전거,128.5488512,35.89775426
13602,2015,2015-06-04 17:00,주,목,1,1,0,0,서울,양천구,차대차,측면충돌,운전자법규위반,직진 및 우회전차의 통행방해,교차로,교차로내,자전거,화물차,126.8691601,37.53666514
13603,2015,2015-06-04 17:05,주,목,1,1,0,0,경기,고양시,차대차,측면충돌,운전자법규위반,신호위반,교차로,교차로내,이륜차,승합차,126.7730523,37.6600549
13604,2015,2015-06-04 21:27,야,목,1,1,0,0,경북,안동시,차대사람,보도통행중,운전자법규위반,기타(운전자법규위반),단일로,기타단일로,화물차,보행자,128.7038034,36.57153236
13605,2015,2015-06-04 21:03,야,목,1,1,0,0,경북,영천시,차대사람,길가장자리구역통행중,운전자법규위반,안전운전 의무 불이행,단일로,기타단일로,승용차,보행자,128.8857762,35.93497043
13606,2015,2015-06-04 21:10,야,목,1,1,0,0,인천,연수구,차대차,주정차중 추돌,운전자법규위반,안전운전 의무 불이행,단일로,교량위,화물차,승용차,126.57613880000001,37.40908938
13607,2015,2015-06-04 22:45,야,목,1,1,0,0,경기,평택시,차대차,기타,운전자법규위반,안전운전 의무 불이행,단일로,기타단일로,이륜차,이륜차,127.04500630000001,36.9370787
13608,2015,2015-06-04 23:20,야,목,1,1,0,0,대전,대덕구,차대차,기타,운전자법규위반,교차로 통행방법 위반,단일로,기타단일로,승용차,자전거,127.4106936,36.35249378
13609,2015,2015-06-05 01:20,야,금,1,1,0,0,부산,동래구,차량단독,공작물충돌,운전자법규위반,안전운전 의무 불이행,교차로,교차로내,승용차,없음,129.09208370000002,35.19448634
13610,2015,2015-06-05 08:32,주,금,1,2,0,1,경북,포항시,차량단독,기타,운전자법규위반,안전운전 의무 불이행,단일로,기타단일로,이륜차,없음,129.4093147,35.97695738
13611,2015,2015-06-05 10:12,주,금,1,2,0,0,경남,하동군,차대차,정면충돌,운전자법규위반,안전운전 의무 불이행,단일로,기타단일로,승용차,승용차,127.843632,35.01061364
13612,2015,2015-06-05 11:05,주,금,1,1,0,0,충북,충주시,차대차,기타,운전자법규위반,중앙선 침범,교차로,교차로부근,이륜차,승용차,127.9332736,36.97243337
13613,2015,2015-06-05 12:39,주,금,1,2,1,0,경북,안동시,차대사람,기타,운전자법규위반,안전운전 의무 불이행,교차로,교차로부근,승용차,보행자,128.7240591,36.54989862
13614,2015,2015-06-05 13:56,주,금,1,3,1,1,충북,옥천군,차대차,기타,운전자법규위반,신호위반,교차로,교차로내,원동기장치자전거,승용차,127.5833893,36.30117311
13615,2015,2015-06-05 13:30,주,금,1,1,0,0,전북,남원시,차대차,기타,운전자법규위반,교차로 통행방법 위반,교차로,교차로내,승용차,이륜차,127.3765777,35.4102072
13616,2015,2015-06-05 14:40,주,금,1,3,2,0,강원,동해시,차량단독,전도전복,운전자법규위반,안전운전 의무 불이행,단일로,기타단일로,화물차,없음,129.0097406,37.5124216
13617,2015,2015-06-05 16:20,주,금,1,1,0,0,서울,성북구,차대사람,기타,운전자법규위반,기타(운전자법규위반),단일로,기타단일로,승합차,보행자,127.01941950000001,37.59465293
13618,2015,2015-06-05 17:00,주,금,1,1,0,0,충남,금산군,차대차,측면충돌,운전자법규위반,안전운전 의무 불이행,교차로,교차로내,화물차,자전거,127.4620053,36.10090468
13619,2015,2015-06-05 19:50,야,금,1,1,0,0,경기,용인시,차대사람,횡단중,운전자법규위반,보행자 보호의무 위반,단일로,기타단일로,화물차,보행자,127.20082190000001,37.27656263
13620,2015,2015-06-05 20:13,야,금,1,1,0,0,전북,완주군,차대차,주정차중 추돌,운전자법규위반,안전운전 의무 불이행,교차로,교차로부근,원동기장치자전거,건설기계,127.02823190000001,35.82917134
13621,2015,2015-06-05 20:42,야,금,1,1,0,0,제주,제주시,차량단독,기타,운전자법규위반,안전운전 의무 불이행,단일로,기타단일로,원동기장치자전거,없음,126.2567892,33.41079646
13622,2015,2015-06-05 20:50,야,금,1,1,0,0,대구,북구,차량단독,공작물충돌,운전자법규위반,안전운전 의무 불이행,교차로,교차로부근,승용차,없음,128.5382309,35.93043797
13623,2015,2015-06-05 21:16,야,금,1,1,0,0,경기,수원시,차대사람,기타,운전자법규위반,안전운전 의무 불이행,단일로,기타단일로,승용차,보행자,127.031874,37.29440348
13624,2015,2015-06-06 02:10,야,토,1,1,0,0,대구,달서구,차량단독,공작물충돌,운전자법규위반,안전운전 의무 불이행,단일로,기타단일로,이륜차,없음,128.5227311,35.84924079
13625,2015,2015-06-06 03:45,야,토,1,1,0,0,서울,광진구,차대사람,횡단중,운전자법규위반,안전운전 의무 불이행,단일로,기타단일로,승용차,보행자,127.06716750000001,37.53563702
13626,2015,2015-06-06 03:53,야,토,1,1,0,0,강원,강릉시,차대사람,기타,운전자법규위반,안전운전 의무 불이행,단일로,기타단일로,승용차,보행자,128.9077657,37.75756656
13627,2015,2015-06-06 04:30,야,토,1,2,0,1,경기,이천시,차대차,정면충돌,운전자법규위반,중앙선 침범,단일로,기타단일로,승용차,화물차,127.4581535,37.25227091
13628,2015,2015-06-06 06:40,주,토,1,8,7,0,경북,영천시,차대차,주정차중 추돌,운전자법규위반,안전운전 의무 불이행,단일로,기타단일로,화물차,화물차,129.0693723,36.00353153
13629,2015,2015-06-06 15:43,주,토,1,2,1,0,서울,중랑구,차대차,측면충돌,운전자법규위반,신호위반,교차로,교차로내,이륜차,이륜차,127.0961364,37.6103714
13630,2015,2015-06-06 17:10,주,토,1,3,0,2,전북,익산시,차대차,측면충돌,운전자법규위반,안전운전 의무 불이행,단일로,기타단일로,승용차,화물차,126.9477254,35.96440329
13631,2015,2015-06-06 20:05,야,토,1,1,0,0,광주,서구,차대사람,기타,운전자법규위반,안전운전 의무 불이행,단일로,기타단일로,승용차,보행자,126.90492549999999,35.152542499999996
13632,2015,2015-06-07 02:30,야,일,1,1,0,0,서울,도봉구,차대사람,횡단중,운전자법규위반,안전운전 의무 불이행,단일로,기타단일로,승용차,보행자,127.03961699999999,37.65158097
13633,2015,2015-06-07 02:00,야,일,1,5,0,4,울산,남구,차대차,정면충돌,운전자법규위반,중앙선 침범,단일로,터널안,승용차,승합차,129.2670456,35.53731559
13634,2015,2015-06-07 10:55,주,일,1,2,1,0,충북,청주시,차대차,기타,운전자법규위반,앞지르기 금지위반,교차로,교차로내,이륜차,이륜차,127.65886019999999,36.62431987
13635,2015,2015-06-07 10:17,주,일,1,2,0,1,경남,창원시(통합),차대차,측면충돌,운전자법규위반,신호위반,교차로,교차로내,이륜차,승용차,128.69553390000002,35.28087543
13636,2015,2015-06-07 13:05,주,일,1,1,0,0,경남,고성군,차대차,측면충돌,운전자법규위반,신호위반,교차로,교차로내,이륜차,화물차,128.3195608,34.98148916
13637,2015,2015-06-07 15:00,주,일,2,2,0,0,충남,논산시,차량단독,전도전복,운전자법규위반,안전운전 의무 불이행,단일로,기타단일로,이륜차,없음,127.0348627,36.19765618
13638,2015,2015-06-07 17:45,주,일,1,1,0,0,충남,공주시,차량단독,공작물충돌,운전자법규위반,안전운전 의무 불이행,단일로,기타단일로,화물차,없음,127.1234759,36.51565054
13639,2015,2015-06-07 17:00,주,일,1,1,0,0,경북,구미시,차량단독,공작물충돌,운전자법규위반,안전운전 의무 불이행,단일로,기타단일로,이륜차,없음,128.4103862,36.12627453
13640,2015,2015-06-07 20:30,야,일,1,1,0,0,경북,예천군,차대차,측면충돌,운전자법규위반,안전운전 의무 불이행,단일로,기타단일로,승용차,이륜차,128.4172263,36.59122797
13641,2015,2015-06-07 21:35,야,일,1,1,0,0,경북,경산시,차대사람,횡단중,운전자법규위반,안전운전 의무 불이행,단일로,기타단일로,화물차,보행자,128.7350775,35.83253951
13642,2015,2015-06-07 22:43,야,일,1,1,0,0,부산,남구,차대차,진행중 추돌,운전자법규위반,안전운전 의무 불이행,단일로,기타단일로,원동기장치자전거,불명,129.1124001,35.12371241
13643,2015,2015-06-07 23:10,야,일,1,1,0,0,서울,도봉구,차량단독,공작물충돌,운전자법규위반,안전운전 의무 불이행,교차로,교차로부근,승용차,없음,127.05422649999998,37.64259667
13644,2015,2015-06-08 04:55,야,월,1,1,0,0,서울,동작구,차량단독,공작물충돌,운전자법규위반,안전운전 의무 불이행,단일로,기타단일로,이륜차,없음,126.9458305,37.50502478
13645,2015,2015-06-08 04:56,야,월,1,1,0,0,서울,양천구,차량단독,기타,운전자법규위반,안전운전 의무 불이행,단일로,기타단일로,자전거,없음,126.82579709999999,37.5354701
13646,2015,2015-06-08 10:30,주,월,2,2,0,0,경기,구리시,차대사람,횡단중,운전자법규위반,과속,단일로,기타단일로,화물차,보행자,127.13093719999999,37.59539683
13647,2015,2015-06-08 10:20,주,월,1,1,0,0,강원,철원군,차대차,진행중 추돌,운전자법규위반,안전거리 미확보,단일로,기타단일로,이륜차,건설기계,127.31331850000001,38.1620906
13648,2015,2015-06-08 10:25,주,월,1,1,0,0,전남,목포시,차대사람,횡단중,운전자법규위반,안전운전 의무 불이행,교차로,교차로내,화물차,보행자,126.41788580000001,34.81123824
13649,2015,2015-06-08 11:43,주,월,1,1,0,0,서울,도봉구,차대사람,차도통행중,운전자법규위반,부당한 회전,교차로,교차로내,승용차,보행자,127.04527890000001,37.67118894
13650,2015,2015-06-08 14:00,주,월,1,7,3,3,전남,구례군,차대차,정면충돌,운전자법규위반,중앙선 침범,단일로,기타단일로,승합차,승용차,127.4573554,35.17683957
13651,2015,2015-06-08 14:50,주,월,1,1,0,0,인천,부평구,차대사람,횡단중,운전자법규위반,신호위반,교차로,교차로내,승용차,보행자,126.70959270000002,37.51259452
13652,2015,2015-06-08 18:37,야,월,1,1,0,0,인천,연수구,차대사람,기타,운전자법규위반,안전운전 의무 불이행,교차로,교차로내,승합차,보행자,126.677296,37.42003994
13653,2015,2015-06-08 20:50,야,월,1,1,0,0,충북,청주시,차대사람,횡단중,운전자법규위반,안전운전 의무 불이행,단일로,기타단일로,승용차,보행자,127.4910518,36.63135797
13654,2015,2015-06-08 20:16,야,월,1,1,0,0,경북,경산시,차대사람,차도통행중,운전자법규위반,안전운전 의무 불이행,단일로,기타단일로,승용차,보행자,128.8242378,35.90415666
13655,2015,2015-06-08 22:20,야,월,1,1,0,0,부산,강서구,차대사람,횡단중,운전자법규위반,안전운전 의무 불이행,단일로,횡단보도상,승용차,보행자,128.92712659999998,35.09787806
13656,2015,2015-06-08 23:10,야,월,1,3,1,1,경기,김포시,차대차,측면충돌,운전자법규위반,신호위반,교차로,교차로내,승용차,승용차,126.6753481,37.64961494
13657,2015,2015-06-08 23:00,야,월,1,4,0,3,경기,양평군,차대차,정면충돌,운전자법규위반,중앙선 침범,단일로,기타단일로,승용차,승용차,127.5865996,37.47591685
13658,2015,2015-06-09 04:50,야,화,1,1,0,0,충남,아산시,차량단독,기타,운전자법규위반,안전운전 의무 불이행,기타/불명,기타/불명,농기계,없음,126.9201192,36.857333600000004
13659,2015,2015-06-09 08:42,주,화,1,1,0,0,충북,음성군,차대차,측면충돌,운전자법규위반,안전운전 의무 불이행,단일로,기타단일로,이륜차,승용차,127.64942820000002,37.11781024
13660,2015,2015-06-09 10:30,주,화,1,1,0,0,경기,안산시,차대차,주정차중 추돌,운전자법규위반,안전운전 의무 불이행,단일로,기타단일로,화물차,승용차,126.88983259999999,37.29097117
13661,2015,2015-06-09 11:20,주,화,1,2,0,1,경북,경주시,차대차,기타,운전자법규위반,안전운전 의무 불이행,단일로,기타단일로,화물차,화물차,129.0803712,35.87848486
13662,2015,2015-06-09 13:20,주,화,1,2,1,0,경남,김해시,차대차,진행중 추돌,운전자법규위반,안전운전 의무 불이행,단일로,기타단일로,승합차,화물차,128.7955627,35.207787100000004
13663,2015,2015-06-09 13:02,주,화,1,1,0,0,전북,순창군,차량단독,전도전복,운전자법규위반,안전운전 의무 불이행,기타/불명,기타/불명,이륜차,없음,127.0988763,35.45394845
13664,2015,2015-06-09 15:30,주,화,1,1,0,0,충남,청양군,차대사람,길가장자리구역통행중,운전자법규위반,안전운전 의무 불이행,단일로,기타단일로,승용차,보행자,126.8070558,36.45141543
13665,2015,2015-06-09 17:50,주,화,1,1,0,0,경남,양산시,차대사람,보도통행중,운전자법규위반,기타(운전자법규위반),교차로,교차로내,승용차,보행자,129.0197054,35.32999805
13666,2015,2015-06-09 18:00,야,화,1,1,0,0,부산,북구,차대사람,기타,운전자법규위반,안전운전 의무 불이행,단일로,기타단일로,승용차,보행자,128.9969593,35.20601426
13667,2015,2015-06-09 22:45,야,화,1,2,1,0,전북,고창군,차대차,진행중 추돌,운전자법규위반,안전운전 의무 불이행,단일로,기타단일로,화물차,화물차,126.6746747,35.46825672
13668,2015,2015-06-09 22:05,야,화,1,2,1,0,경북,예천군,차대차,측면충돌,운전자법규위반,안전운전 의무 불이행,단일로,기타단일로,승용차,승용차,128.44019,36.63744749
13669,2015,2015-06-09 23:59,야,화,1,1,0,0,경기,평택시,차량단독,기타,운전자법규위반,안전운전 의무 불이행,단일로,기타단일로,이륜차,없음,127.06496740000001,37.06227277
13670,2015,2015-06-10 01:15,야,수,2,2,0,0,대전,유성구,차대차,진행중 추돌,운전자법규위반,안전운전 의무 불이행,단일로,지하차도(도로)내,승용차,원동기장치자전거,127.32114080000001,36.38375508
13671,2015,2015-06-10 03:10,야,수,1,1,0,0,경기,수원시,차대사람,횡단중,운전자법규위반,과속,단일로,횡단보도상,승용차,보행자,126.9900712,37.2845228
13672,2015,2015-06-10 08:10,주,수,1,1,0,0,강원,고성군,차량단독,도로이탈 추락,운전자법규위반,안전운전 의무 불이행,교차로,교차로내,건설기계,없음,128.5028063,38.27248518
13673,2015,2015-06-10 10:30,주,수,1,1,0,0,전남,순천시,차대차,기타,운전자법규위반,안전운전 의무 불이행,교차로,교차로내,승용차,이륜차,127.48433259999999,34.98136852
13674,2015,2015-06-10 11:30,주,수,1,1,0,0,대전,유성구,차대차,측면충돌,운전자법규위반,부당한 회전,단일로,기타단일로,화물차,이륜차,127.384257,36.44294903
13675,2015,2015-06-10 13:40,주,수,1,1,0,0,세종,세종,차대차,정면충돌,운전자법규위반,중앙선 침범,단일로,기타단일로,이륜차,승용차,127.24581859999999,36.483943100000005
13676,2015,2015-06-10 14:16,주,수,1,2,1,0,경남,창원시(통합),차대사람,기타,운전자법규위반,안전운전 의무 불이행,단일로,기타단일로,승용차,보행자,128.5667463,35.20152589
13677,2015,2015-06-10 16:54,주,수,1,2,0,1,전남,장성군,차대사람,기타,운전자법규위반,안전운전 의무 불이행,단일로,기타단일로,승용차,보행자,126.8167483,35.35221804
13678,2015,2015-06-10 17:00,주,수,1,1,0,0,경남,함안군,차대사람,보도통행중,운전자법규위반,안전운전 의무 불이행,단일로,기타단일로,화물차,보행자,128.4078932,35.27775002
13679,2015,2015-06-10 20:55,야,수,1,2,1,0,경기,파주시,차대차,기타,운전자법규위반,중앙선 침범,교차로,교차로부근,승용차,승용차,126.83836709999999,37.94789255
13680,2015,2015-06-10 20:55,야,수,1,1,0,0,충남,보령시,차대차,기타,운전자법규위반,안전운전 의무 불이행,단일로,기타단일로,이륜차,승합차,126.61242639999999,36.21812288
13681,2015,2015-06-10 23:40,야,수,1,1,0,0,대구,달서구,차대차,측면충돌,운전자법규위반,부당한 회전,교차로,교차로내,이륜차,승용차,128.5072947,35.85190461
13682,2015,2015-06-11 00:29,야,목,1,1,0,0,전남,해남군,차대차,기타,운전자법규위반,안전운전 의무 불이행,단일로,기타단일로,승용차,농기계,126.5789679,34.5811757
13683,2015,2015-06-11 04:05,야,목,1,1,0,0,서울,송파구,차대사람,횡단중,운전자법규위반,과속,단일로,횡단보도상,승용차,보행자,127.1223301,37.51422979
13684,2015,2015-06-11 05:05,야,목,1,1,0,0,서울,양천구,차대차,기타,운전자법규위반,신호위반,단일로,기타단일로,자전거,승용차,126.8640535,37.52994975
13685,2015,2015-06-11 05:15,야,목,1,2,1,0,전남,순천시,차량단독,전도전복,운전자법규위반,안전운전 의무 불이행,단일로,기타단일로,승용차,없음,127.2484591,34.98405769
13686,2015,2015-06-11 09:00,주,목,1,1,0,0,경기,고양시,차대사람,기타,운전자법규위반,안전운전 의무 불이행,단일로,기타단일로,화물차,보행자,126.7292553,37.65350365
13687,2015,2015-06-11 09:15,주,목,1,1,0,0,경남,창원시(통합),차대사람,차도통행중,운전자법규위반,신호위반,교차로,교차로내,건설기계,보행자,128.7040533,35.129666
13688,2015,2015-06-11 12:00,주,목,1,2,1,0,경남,고성군,차대차,측면충돌,운전자법규위반,신호위반,교차로,교차로내,이륜차,승용차,128.3327138,34.97882978
13689,2015,2015-06-11 13:15,주,목,1,1,0,0,전북,임실군,차량단독,공작물충돌,운전자법규위반,안전운전 의무 불이행,단일로,기타단일로,승용차,없음,127.36306809999999,35.56999564
13690,2015,2015-06-11 14:27,주,목,1,1,0,0,인천,중구,차대차,측면충돌,운전자법규위반,중앙선 침범,단일로,기타단일로,승용차,화물차,126.5261865,37.51178357
13691,2015,2015-06-11 15:30,주,목,1,1,0,0,경북,김천시,차량단독,공작물충돌,운전자법규위반,안전운전 의무 불이행,단일로,기타단일로,이륜차,없음,127.9824145,35.97819944
13692,2015,2015-06-11 16:25,주,목,1,1,0,0,부산,해운대구,차대사람,길가장자리구역통행중,운전자법규위반,중앙선 침범,단일로,기타단일로,승용차,보행자,129.13218590000002,35.19240162
13693,2015,2015-06-11 16:53,주,목,1,1,0,0,경남,김해시,차대사람,횡단중,운전자법규위반,보행자 보호의무 위반,단일로,횡단보도상,건설기계,보행자,128.8517452,35.23244541
13694,2015,2015-06-11 18:30,야,목,1,1,0,0,충남,서산시,차대차,주정차중 추돌,운전자법규위반,안전운전 의무 불이행,단일로,기타단일로,이륜차,화물차,126.45941409999999,36.78643281
13695,2015,2015-06-11 21:30,야,목,1,1,0,0,충남,부여군,차량단독,도로이탈 기타,운전자법규위반,안전운전 의무 불이행,기타/불명,기타/불명,화물차,없음,126.83571509999999,36.21749721
13696,2015,2015-06-11 22:55,야,목,1,2,1,0,경남,김해시,차대사람,기타,운전자법규위반,안전운전 의무 불이행,단일로,기타단일로,승용차,보행자,128.8673511,35.27378069
13697,2015,2015-06-12 04:38,야,금,1,1,0,0,서울,영등포구,차대사람,횡단중,운전자법규위반,안전운전 의무 불이행,교차로,교차로부근,승용차,보행자,126.8978058,37.48766398
13698,2015,2015-06-12 04:00,야,금,1,3,2,0,경북,구미시,차대차,기타,운전자법규위반,신호위반,교차로,교차로내,이륜차,승용차,128.3854323,36.11090096
13699,2015,2015-06-12 05:10,야,금,1,1,0,0,경기,김포시,차대사람,횡단중,운전자법규위반,안전운전 의무 불이행,단일로,기타단일로,승용차,보행자,126.65371680000001,37.64184559
13700,2015,2015-06-12 08:13,주,금,1,1,0,0,강원,영월군,차대사람,횡단중,운전자법규위반,안전운전 의무 불이행,단일로,기타단일로,승용차,보행자,128.4771768,37.18010213
13701,2015,2015-06-12 09:53,주,금,1,1,0,0,전북,고창군,차대차,측면충돌,운전자법규위반,직진 및 우회전차의 통행방해,교차로,교차로내,이륜차,화물차,126.59588670000001,35.35111934
13702,2015,2015-06-12 11:38,주,금,1,1,0,0,경북,경주시,차량단독,전도전복,운전자법규위반,안전운전 의무 불이행,단일로,기타단일로,승용차,없음,129.27038000000002,36.04912277
13703,2015,2015-06-12 14:40,주,금,1,3,1,0,경기,고양시,차량단독,공작물충돌,운전자법규위반,안전운전 의무 불이행,단일로,기타단일로,승용차,없음,126.85931979999998,37.57815507
13704,2015,2015-06-12 14:40,주,금,2,3,1,0,충남,태안군,차대차,주정차중 추돌,운전자법규위반,안전운전 의무 불이행,단일로,기타단일로,건설기계,특수차,126.31805020000002,36.60714195
13705,2015,2015-06-12 16:30,주,금,1,1,0,0,충남,금산군,차대차,측면충돌,운전자법규위반,안전운전 의무 불이행,단일로,기타단일로,승용차,자전거,127.4962782,36.10326377
13706,2015,2015-06-12 17:30,주,금,1,1,0,0,전남,고흥군,차량단독,도로이탈 추락,운전자법규위반,안전운전 의무 불이행,단일로,기타단일로,이륜차,없음,127.3386017,34.69675483
13707,2015,2015-06-12 22:50,야,금,1,4,3,0,경남,함안군,차대차,측면충돌,운전자법규위반,안전운전 의무 불이행,단일로,기타단일로,승용차,승용차,128.5026215,35.31092221
13708,2015,2015-06-13 01:10,야,토,1,2,0,0,경기,파주시,차량단독,공작물충돌,운전자법규위반,안전운전 의무 불이행,교차로,교차로내,승용차,없음,126.7797659,37.76769517
13709,2015,2015-06-13 02:23,야,토,1,1,0,0,경기,부천시,차대사람,횡단중,운전자법규위반,안전운전 의무 불이행,단일로,횡단보도상,승용차,보행자,126.78517509999999,37.49508524
13710,2015,2015-06-13 06:11,주,토,1,3,1,1,경기,안산시,차대차,진행중 추돌,운전자법규위반,안전거리 미확보,단일로,기타단일로,승용차,건설기계,126.8190915,37.31762673
13711,2015,2015-06-13 06:18,주,토,1,1,0,0,경남,창원시(통합),차대차,측면충돌,운전자법규위반,부당한 회전,단일로,횡단보도상,자전거,승용차,128.7049697,35.2133842
13712,2015,2015-06-13 08:45,주,토,1,2,1,0,울산,울주군,차량단독,공작물충돌,운전자법규위반,안전운전 의무 불이행,단일로,기타단일로,승용차,없음,129.3295815,35.43758519
13713,2015,2015-06-13 11:10,주,토,1,2,0,1,경기,용인시,차대차,기타,운전자법규위반,안전거리 미확보,단일로,기타단일로,승용차,승합차,127.12140520000001,37.09498074
13714,2015,2015-06-13 14:56,주,토,1,1,0,0,경북,예천군,차대차,진행중 추돌,운전자법규위반,안전운전 의무 불이행,단일로,기타단일로,화물차,원동기장치자전거,128.52896529999998,36.60510863
13715,2015,2015-06-13 15:36,주,토,1,1,0,0,경북,울진군,차대차,기타,운전자법규위반,안전운전 의무 불이행,교차로,교차로내,승용차,이륜차,129.3932649,37.07550421
13716,2015,2015-06-13 16:50,주,토,1,1,0,0,전남,강진군,차량단독,도로이탈 추락,운전자법규위반,안전운전 의무 불이행,단일로,기타단일로,이륜차,없음,126.763405,34.52906971
13717,2015,2015-06-13 16:00,주,토,1,1,0,0,대전,동구,차대사람,차도통행중,운전자법규위반,안전운전 의무 불이행,단일로,기타단일로,승용차,보행자,127.43255359999999,36.35269744
13718,2015,2015-06-13 17:35,주,토,1,1,0,0,충북,보은군,차대차,진행중 추돌,운전자법규위반,안전운전 의무 불이행,교차로,교차로내,화물차,이륜차,127.54185220000001,36.43109402
13719,2015,2015-06-13 17:00,주,토,1,1,0,0,충남,아산시,차대사람,횡단중,운전자법규위반,보행자 보호의무 위반,단일로,기타단일로,화물차,보행자,126.9888362,36.69759358
13720,2015,2015-06-13 21:35,야,토,1,2,1,0,충남,공주시,차대차,정면충돌,운전자법규위반,중앙선 침범,단일로,기타단일로,원동기장치자전거,승용차,127.062699,36.47362208