,발생년,발생년월일시분,주야,요일,사망자수,사상자수,중상자수,경상자수,발생지시도,발생지시군구,사고유형_대분류,사고유형,법규위반_대분류,법규위반,도로형태_대분류,도로형태,가해자_당사자종별,피해자_당사자종별,경도,위도
13721,2015,2015-06-14 03:40,야,일,1,1,0,0,울산,동구,차량단독,기타,운전자법규위반,안전운전 의무 불이행,기타/불명,기타/불명,이륜차,없음,129.4233061,35.483980200000005
13722,2015,2015-06-14 04:40,야,일,1,2,0,1,강원,강릉시,차대사람,기타,운전자법규위반,안전운전 의무 불이행,단일로,기타단일로,승용차,보행자,129.0457407,37.64649741
13723,2015,2015-06-14 05:20,야,일,1,3,2,0,경남,진주시,차대사람,보도통행중,운전자법규위반,안전운전 의무 불이행,단일로,기타단일로,승용차,보행자,128.0755197,35.18960049
13724,2015,2015-06-14 06:52,주,일,1,1,0,0,충남,예산군,차량단독,공작물충돌,운전자법규위반,안전운전 의무 불이행,단일로,기타단일로,승용차,없음,126.8274764,36.68865117
13725,2015,2015-06-14 07:00,주,일,1,2,0,0,강원,영월군,차량단독,도로이탈 기타,운전자법규위반,안전운전 의무 불이행,단일로,기타단일로,화물차,없음,128.2278591,37.26624807
13726,2015,2015-06-14 08:05,주,일,1,1,0,0,경남,창원시(통합),차대사람,횡단중,운전자법규위반,안전운전 의무 불이행,교차로,교차로부근,승합차,보행자,128.820096,35.0964941
13727,2015,2015-06-14 10:30,주,일,1,1,0,0,경기,포천시,차량단독,전도전복,운전자법규위반,안전운전 의무 불이행,단일로,기타단일로,이륜차,없음,127.2170416,38.01487332
13728,2015,2015-06-14 20:25,야,일,1,1,0,0,경기,파주시,차대사람,차도통행중,운전자법규위반,안전운전 의무 불이행,기타/불명,기타/불명,승용차,보행자,126.8245112,37.73903705
13729,2015,2015-06-15 03:50,야,월,1,2,1,0,전남,무안군,차대차,기타,운전자법규위반,과속,단일로,기타단일로,화물차,승용차,126.51372669999999,34.79088933
13730,2015,2015-06-15 10:00,주,월,1,1,0,0,강원,강릉시,차대차,측면충돌,운전자법규위반,안전운전 의무 불이행,단일로,기타단일로,건설기계,이륜차,128.87233329999998,37.74631319
13731,2015,2015-06-15 10:00,주,월,1,4,3,0,충남,서산시,차량단독,도로이탈 기타,운전자법규위반,안전운전 의무 불이행,단일로,기타단일로,화물차,없음,126.3972517,36.66792877
13732,2015,2015-06-15 13:30,주,월,1,1,0,0,서울,중랑구,차대사람,횡단중,운전자법규위반,안전운전 의무 불이행,단일로,기타단일로,화물차,보행자,127.0931751,37.59449755
13733,2015,2015-06-15 15:09,주,월,1,1,0,0,부산,사하구,차대사람,기타,운전자법규위반,안전운전 의무 불이행,단일로,기타단일로,화물차,보행자,128.9770637,35.08991357
13734,2015,2015-06-15 17:43,주,월,1,1,0,0,서울,은평구,차대사람,차도통행중,운전자법규위반,안전운전 의무 불이행,단일로,기타단일로,건설기계,보행자,126.8938223,37.582979200000004
13735,2015,2015-06-15 18:00,야,월,1,1,0,0,경기,평택시,차량단독,공작물충돌,운전자법규위반,안전운전 의무 불이행,단일로,기타단일로,원동기장치자전거,없음,127.03310359999999,37.10782668
13736,2015,2015-06-15 21:55,야,월,1,1,0,0,경기,평택시,차대사람,횡단중,운전자법규위반,신호위반,단일로,기타단일로,승용차,보행자,127.0497395,37.00480386
13737,2015,2015-06-15 21:15,야,월,1,2,0,1,충남,천안시,차대차,주정차중 추돌,운전자법규위반,안전운전 의무 불이행,기타/불명,기타/불명,승용차,승용차,127.1351653,36.79869155
13738,2015,2015-06-15 21:16,야,월,1,1,0,0,경남,창원시(통합),차량단독,전도전복,운전자법규위반,안전운전 의무 불이행,단일로,기타단일로,화물차,없음,128.3711249,35.12866635
13739,2015,2015-06-15 21:50,야,월,1,1,0,0,제주,제주시,차량단독,도로이탈 기타,운전자법규위반,안전운전 의무 불이행,단일로,기타단일로,이륜차,없음,126.2855163,33.37578066
13740,2015,2015-06-16 06:30,주,화,1,1,0,0,전남,영광군,차량단독,도로이탈 추락,운전자법규위반,안전운전 의무 불이행,단일로,기타단일로,화물차,없음,126.4136149,35.22690425
13741,2015,2015-06-16 08:10,주,화,1,5,3,1,충남,서산시,차대차,정면충돌,운전자법규위반,중앙선 침범,단일로,기타단일로,승용차,승합차,126.4095868,36.72393177
13742,2015,2015-06-16 08:05,주,화,1,1,0,0,대전,대덕구,차대차,기타,운전자법규위반,신호위반,교차로,교차로부근,승합차,자전거,127.4195665,36.44859455
13743,2015,2015-06-16 11:35,주,화,1,1,0,0,경북,안동시,차대사람,차도통행중,운전자법규위반,과속,단일로,기타단일로,승용차,보행자,128.647063,36.58812873
13744,2015,2015-06-16 11:37,주,화,1,1,0,0,경남,함안군,차량단독,공작물충돌,운전자법규위반,안전운전 의무 불이행,단일로,기타단일로,화물차,없음,128.3451245,35.29303728
13745,2015,2015-06-16 13:30,주,화,1,1,0,0,경북,칠곡군,차대사람,횡단중,운전자법규위반,안전운전 의무 불이행,단일로,기타단일로,승용차,보행자,128.4923827,35.93485574
13746,2015,2015-06-16 18:03,야,화,1,1,0,0,경기,화성시,차대사람,차도통행중,운전자법규위반,안전운전 의무 불이행,단일로,기타단일로,승용차,보행자,127.12444540000001,37.15155444
13747,2015,2015-06-16 18:30,야,화,1,2,1,0,경기,성남시,차대사람,길가장자리구역통행중,운전자법규위반,안전운전 의무 불이행,기타/불명,기타/불명,승용차,보행자,127.1800031,37.43522405
13748,2015,2015-06-16 19:10,야,화,1,1,0,0,전남,나주시,차대사람,횡단중,운전자법규위반,안전운전 의무 불이행,단일로,기타단일로,승용차,보행자,126.7233126,35.05071598
13749,2015,2015-06-16 20:20,야,화,1,1,0,0,전북,고창군,차대차,기타,운전자법규위반,안전운전 의무 불이행,단일로,기타단일로,원동기장치자전거,화물차,126.67885349999999,35.55105646
13750,2015,2015-06-16 22:30,야,화,1,1,0,0,전남,영암군,차량단독,공작물충돌,운전자법규위반,안전운전 의무 불이행,단일로,기타단일로,화물차,없음,126.7204371,34.83578072
13751,2015,2015-06-17 00:30,야,수,1,1,0,0,충북,충주시,차량단독,전도전복,운전자법규위반,안전운전 의무 불이행,단일로,기타단일로,화물차,없음,127.92783929999999,37.04682412
13752,2015,2015-06-17 01:15,야,수,1,2,1,0,대전,유성구,차대차,기타,운전자법규위반,안전운전 의무 불이행,단일로,기타단일로,화물차,승용차,127.28966080000001,36.26400854
13753,2015,2015-06-17 03:20,야,수,1,1,0,0,경기,김포시,차대차,진행중 추돌,운전자법규위반,안전운전 의무 불이행,단일로,기타단일로,승용차,원동기장치자전거,126.56832079999998,37.70359976
13754,2015,2015-06-17 10:25,주,수,1,2,1,0,서울,은평구,차대차,측면충돌,운전자법규위반,차로위반(진로변경 위반),단일로,기타단일로,이륜차,승합차,126.8864103,37.58771801
13755,2015,2015-06-17 10:55,주,수,1,1,0,0,부산,사하구,차대사람,보도통행중,운전자법규위반,보행자 보호의무 위반,교차로,교차로부근,승용차,보행자,128.9771968,35.10215605
13756,2015,2015-06-17 11:25,주,수,1,4,3,0,경기,포천시,차대차,주정차중 추돌,운전자법규위반,안전운전 의무 불이행,단일로,기타단일로,화물차,화물차,127.3092436,37.95999918
13757,2015,2015-06-17 16:10,주,수,1,1,0,0,전북,군산시,차대차,기타,운전자법규위반,중앙선 침범,교차로,교차로부근,화물차,자전거,126.78541969999999,35.92237858
13758,2015,2015-06-17 16:40,주,수,1,1,0,0,경북,경주시,차대사람,기타,운전자법규위반,안전운전 의무 불이행,기타/불명,기타/불명,승용차,보행자,129.2124264,35.863359499999994
13759,2015,2015-06-17 17:00,주,수,1,1,0,0,경남,진주시,차대차,측면충돌,운전자법규위반,직진 및 우회전차의 통행방해,교차로,교차로내,승용차,원동기장치자전거,128.0805642,35.19462593
13760,2015,2015-06-17 20:33,야,수,1,1,0,0,전북,전주시,차대차,측면충돌,운전자법규위반,안전운전 의무 불이행,교차로,교차로내,승합차,이륜차,127.09525900000001,35.80726308
13761,2015,2015-06-17 20:15,야,수,1,1,0,0,경남,진주시,차대사람,기타,운전자법규위반,안전운전 의무 불이행,단일로,기타단일로,승용차,보행자,128.0924707,35.17636294
13762,2015,2015-06-17 21:25,야,수,1,1,0,0,강원,원주시,차대사람,기타,운전자법규위반,안전운전 의무 불이행,단일로,기타단일로,승용차,보행자,127.9208689,37.35810167
13763,2015,2015-06-17 21:25,야,수,1,1,0,0,강원,삼척시,차대차,진행중 추돌,운전자법규위반,안전운전 의무 불이행,단일로,기타단일로,승용차,자전거,129.3346674,37.23651307
13764,2015,2015-06-17 22:35,야,수,1,1,0,0,울산,북구,차대사람,기타,운전자법규위반,안전운전 의무 불이행,단일로,기타단일로,승용차,보행자,129.3410503,35.65714494
13765,2015,2015-06-17 23:15,야,수,1,2,1,0,충남,아산시,차대차,측면충돌,운전자법규위반,신호위반,교차로,교차로내,이륜차,승용차,127.02731409999998,36.77585629
13766,2015,2015-06-17 23:24,야,수,1,1,0,0,경남,거제시,차대사람,횡단중,운전자법규위반,안전운전 의무 불이행,단일로,기타단일로,승용차,보행자,128.69471950000002,34.86700075
13767,2015,2015-06-17 23:40,야,수,1,1,0,0,경남,김해시,차대차,주정차중 추돌,운전자법규위반,기타(운전자법규위반),교차로,교차로부근,화물차,화물차,128.7755147,35.26328817
13768,2015,2015-06-18 01:30,야,목,1,3,1,1,전북,김제시,차대차,주정차중 추돌,운전자법규위반,과속,단일로,기타단일로,승용차,특수차,126.8961732,35.804201
13769,2015,2015-06-18 05:40,야,목,1,1,0,0,경기,광주시,차대차,진행중 추돌,운전자법규위반,안전운전 의무 불이행,단일로,기타단일로,원동기장치자전거,화물차,127.2174239,37.4036631
13770,2015,2015-06-18 06:45,주,목,1,1,0,0,경남,창녕군,차대차,측면충돌,운전자법규위반,과속,교차로,교차로부근,화물차,이륜차,128.3978812,35.42733713
13771,2015,2015-06-18 11:25,주,목,1,6,0,4,경기,김포시,차대차,기타,운전자법규위반,중앙선 침범,교차로,교차로부근,화물차,승합차,126.6188889,37.65018917
13772,2015,2015-06-18 17:55,주,목,1,1,0,0,경북,칠곡군,차대차,측면충돌,운전자법규위반,신호위반,교차로,교차로내,화물차,이륜차,128.5462084,36.10310475
13773,2015,2015-06-18 18:00,야,목,1,1,0,0,전북,진안군,차량단독,전도전복,운전자법규위반,안전운전 의무 불이행,단일로,기타단일로,화물차,없음,127.48487890000001,35.815535100000005
13774,2015,2015-06-18 18:05,야,목,1,2,1,0,경북,군위군,차대차,정면충돌,운전자법규위반,안전운전 의무 불이행,단일로,기타단일로,화물차,화물차,128.6882706,36.17738092
13775,2015,2015-06-18 20:23,야,목,1,1,0,0,경기,화성시,차대사람,횡단중,운전자법규위반,안전운전 의무 불이행,교차로,교차로부근,승용차,보행자,126.931032,37.16224065
13776,2015,2015-06-18 20:20,야,목,1,1,0,0,강원,춘천시,차대차,진행중 추돌,운전자법규위반,안전운전 의무 불이행,단일로,기타단일로,승용차,농기계,127.7703006,37.84673888
13777,2015,2015-06-18 23:45,야,목,1,1,0,0,울산,북구,차대사람,횡단중,운전자법규위반,과속,단일로,기타단일로,승용차,보행자,129.3532724,35.60572534
13778,2015,2015-06-19 04:30,야,금,1,1,0,0,경기,화성시,차량단독,전도전복,운전자법규위반,안전운전 의무 불이행,단일로,기타단일로,승용차,없음,127.0537405,37.208206200000006
13779,2015,2015-06-19 07:30,주,금,1,1,0,0,경기,동두천시,차대차,진행중 추돌,운전자법규위반,안전운전 의무 불이행,단일로,기타단일로,화물차,원동기장치자전거,127.0441674,37.904183700000004
13780,2015,2015-06-19 11:00,주,금,1,1,0,0,서울,용산구,차대차,측면충돌,운전자법규위반,신호위반,교차로,교차로내,자전거,승용차,126.97201709999999,37.54435358
13781,2015,2015-06-19 11:50,주,금,1,1,0,0,경기,성남시,차량단독,공작물충돌,운전자법규위반,안전운전 의무 불이행,단일로,기타단일로,건설기계,없음,127.07567990000001,37.39546953
13782,2015,2015-06-19 17:45,주,금,2,4,1,1,전남,여수시,차대차,진행중 추돌,운전자법규위반,안전운전 의무 불이행,단일로,기타단일로,화물차,승용차,127.63317350000001,34.80543543
13783,2015,2015-06-19 17:30,주,금,1,1,0,0,전남,강진군,차대차,기타,운전자법규위반,안전운전 의무 불이행,단일로,기타단일로,자전거,화물차,126.76297659999999,34.63444006
13784,2015,2015-06-19 18:05,야,금,1,1,0,0,경기,의정부시,차대차,진행중 추돌,운전자법규위반,안전운전 의무 불이행,단일로,기타단일로,화물차,자전거,127.09088919999999,37.76341756
13785,2015,2015-06-19 22:55,야,금,1,1,0,0,경기,성남시,차대차,측면충돌,운전자법규위반,신호위반,교차로,교차로내,이륜차,승용차,127.1576689,37.43234018
13786,2015,2015-06-20 00:34,야,토,1,2,0,1,전북,전주시,차대차,정면충돌,운전자법규위반,신호위반,교차로,교차로내,원동기장치자전거,승용차,127.09452830000001,35.81817016
13787,2015,2015-06-20 01:35,야,토,1,1,0,0,서울,동작구,차대사람,차도통행중,운전자법규위반,안전운전 의무 불이행,교차로,교차로내,승용차,보행자,126.9462173,37.50473816
13788,2015,2015-06-20 03:17,야,토,1,3,1,1,경기,안산시,차대사람,보도통행중,운전자법규위반,안전운전 의무 불이행,단일로,기타단일로,승용차,보행자,126.87648770000001,37.36589632
13789,2015,2015-06-20 04:40,야,토,1,3,2,0,전남,함평군,차대차,주정차중 추돌,운전자법규위반,안전운전 의무 불이행,단일로,기타단일로,승용차,승용차,126.59245520000002,35.18332959
13790,2015,2015-06-20 04:48,야,토,1,1,0,0,경북,포항시,차량단독,공작물충돌,운전자법규위반,안전운전 의무 불이행,단일로,기타단일로,승용차,없음,129.3430722,36.12784023
13791,2015,2015-06-20 06:48,주,토,1,1,0,0,부산,부산진구,차대사람,기타,운전자법규위반,안전운전 의무 불이행,단일로,기타단일로,승용차,보행자,129.0484119,35.15327229
13792,2015,2015-06-20 08:17,주,토,1,1,0,0,전남,화순군,차량단독,기타,운전자법규위반,안전운전 의무 불이행,단일로,기타단일로,이륜차,없음,126.921603,35.00933422
13793,2015,2015-06-20 12:10,주,토,1,1,0,0,대전,동구,차대차,측면충돌,운전자법규위반,교차로 통행방법 위반,교차로,교차로내,원동기장치자전거,승용차,127.431307,36.32794307
13794,2015,2015-06-20 14:10,주,토,1,1,0,0,경남,사천시,차대차,측면충돌,운전자법규위반,직진 및 우회전차의 통행방해,교차로,교차로내,이륜차,승용차,128.0845808,34.94801393
13795,2015,2015-06-20 16:50,주,토,1,1,0,0,경기,연천군,차량단독,공작물충돌,운전자법규위반,안전운전 의무 불이행,단일로,기타단일로,승용차,없음,127.07069879999999,37.98941949
13796,2015,2015-06-20 19:40,야,토,1,1,0,0,부산,사하구,차대차,정면충돌,운전자법규위반,신호위반,교차로,교차로내,이륜차,승용차,128.9707678,35.05388878
13797,2015,2015-06-20 20:05,야,토,1,1,0,0,경기,안산시,차량단독,공작물충돌,운전자법규위반,안전운전 의무 불이행,단일로,기타단일로,승용차,없음,126.86111580000001,37.35146442
13798,2015,2015-06-20 23:57,야,토,1,3,1,1,경기,하남시,차대차,기타,운전자법규위반,안전운전 의무 불이행,단일로,기타단일로,승용차,승용차,127.14883629999999,37.51070612
13799,2015,2015-06-21 10:45,주,일,1,1,0,0,경남,창원시(통합),차대차,기타,운전자법규위반,안전운전 의무 불이행,단일로,기타단일로,이륜차,승용차,128.54666909999997,35.1486831
13800,2015,2015-06-21 10:30,주,일,1,2,1,0,경남,통영시,차대차,정면충돌,운전자법규위반,중앙선 침범,단일로,기타단일로,승용차,승용차,128.4238205,34.84998281
13801,2015,2015-06-21 11:40,주,일,1,1,0,0,전북,전주시,차대차,측면충돌,운전자법규위반,안전운전 의무 불이행,교차로,교차로부근,승용차,자전거,127.1190674,35.84891429
13802,2015,2015-06-21 11:25,주,일,1,1,0,0,제주,서귀포시,차량단독,전도전복,운전자법규위반,안전운전 의무 불이행,기타/불명,기타/불명,농기계,없음,126.3660588,33.28662129
13803,2015,2015-06-21 12:35,주,일,1,1,0,0,강원,춘천시,차량단독,전도전복,운전자법규위반,안전운전 의무 불이행,단일로,기타단일로,이륜차,없음,127.7673959,37.83868779
13804,2015,2015-06-21 14:45,주,일,1,1,0,0,경기,광주시,차량단독,전도전복,운전자법규위반,안전운전 의무 불이행,단일로,기타단일로,자전거,없음,127.32948119999999,37.35636586
13805,2015,2015-06-21 14:40,주,일,1,3,1,1,경북,경산시,차대차,기타,운전자법규위반,중앙선 침범,단일로,기타단일로,이륜차,승용차,128.8406037,35.79162524
13806,2015,2015-06-21 17:00,주,일,1,1,0,0,전남,구례군,차량단독,전도전복,운전자법규위반,안전운전 의무 불이행,단일로,기타단일로,이륜차,없음,127.4148196,35.27245253
13807,2015,2015-06-21 18:45,야,일,1,3,1,0,경북,경주시,차대차,기타,운전자법규위반,과속,교차로,교차로내,승용차,승용차,129.3174164,35.74254193
13808,2015,2015-06-21 20:55,야,일,1,3,0,2,경기,가평군,차대차,진행중 추돌,운전자법규위반,안전운전 의무 불이행,단일로,기타단일로,화물차,화물차,127.51156110000001,37.85735954
13809,2015,2015-06-21 20:20,야,일,1,1,0,0,전북,부안군,차대차,측면충돌,운전자법규위반,교차로 통행방법 위반,교차로,교차로내,승합차,이륜차,126.7301622,35.71627479
13810,2015,2015-06-21 22:55,야,일,1,3,0,0,경기,광명시,차대차,측면충돌,운전자법규위반,신호위반,교차로,교차로내,이륜차,승용차,126.87609760000001,37.46063682
13811,2015,2015-06-22 02:11,야,월,1,1,0,0,경기,안성시,차대차,기타,운전자법규위반,안전운전 의무 불이행,단일로,기타단일로,화물차,승합차,127.1360274,37.03514466
13812,2015,2015-06-22 03:55,야,월,1,2,0,1,전남,여수시,차대차,주정차중 추돌,운전자법규위반,안전운전 의무 불이행,단일로,기타단일로,승용차,화물차,127.65479920000001,34.79984591
13813,2015,2015-06-22 03:05,야,월,1,1,0,0,경북,구미시,차대사람,기타,운전자법규위반,안전운전 의무 불이행,교차로,교차로부근,승용차,보행자,128.31156370000002,36.32257244
13814,2015,2015-06-22 09:20,주,월,1,1,0,0,경남,창원시(통합),차대사람,길가장자리구역통행중,운전자법규위반,안전운전 의무 불이행,단일로,기타단일로,화물차,보행자,128.70214199999998,35.18030381
13815,2015,2015-06-22 09:19,주,월,1,1,0,0,경남,김해시,차대차,기타,운전자법규위반,안전운전 의무 불이행,단일로,기타단일로,건설기계,자전거,128.741094,35.31075636
13816,2015,2015-06-22 10:05,주,월,1,1,0,0,경남,사천시,차대사람,횡단중,운전자법규위반,안전운전 의무 불이행,교차로,교차로내,화물차,보행자,128.0893237,35.07953476
13817,2015,2015-06-22 11:30,주,월,1,1,0,0,충남,논산시,차대차,측면충돌,운전자법규위반,안전거리 미확보,단일로,기타단일로,자전거,화물차,127.111108,36.13084287
13818,2015,2015-06-22 13:30,주,월,1,1,0,0,충남,서천군,차대차,기타,운전자법규위반,직진 및 우회전차의 통행방해,교차로,교차로내,원동기장치자전거,화물차,126.68746440000001,36.07635617
13819,2015,2015-06-22 14:20,주,월,1,1,0,0,전북,김제시,차대차,측면충돌,운전자법규위반,중앙선 침범,단일로,기타단일로,자전거,화물차,126.8006064,35.8150973
13820,2015,2015-06-22 14:20,주,월,1,1,0,0,제주,제주시,차량단독,기타,운전자법규위반,안전운전 의무 불이행,단일로,기타단일로,화물차,없음,126.4849449,33.46651924
13821,2015,2015-06-22 21:30,야,월,1,1,0,0,경기,가평군,차대사람,횡단중,운전자법규위반,안전운전 의무 불이행,단일로,기타단일로,승용차,보행자,127.42009750000001,37.73916083
13822,2015,2015-06-22 22:20,야,월,1,1,0,0,인천,연수구,차대차,기타,운전자법규위반,안전운전 의무 불이행,단일로,터널안,승용차,이륜차,126.69775849999999,37.42252411
13823,2015,2015-06-22 23:33,야,월,1,1,0,0,서울,동대문구,차대차,정면충돌,운전자법규위반,신호위반,단일로,기타단일로,승용차,이륜차,127.06516809999998,37.562237599999996
13824,2015,2015-06-22 23:37,야,월,1,1,0,0,서울,금천구,차대사람,기타,운전자법규위반,안전운전 의무 불이행,교차로,교차로내,승용차,보행자,126.9051156,37.45880347
13825,2015,2015-06-23 00:20,야,화,2,2,0,0,부산,북구,차량단독,공작물충돌,운전자법규위반,안전운전 의무 불이행,단일로,기타단일로,이륜차,없음,129.02705600000002,35.21176025
13826,2015,2015-06-23 05:48,야,화,1,1,0,0,경기,성남시,차량단독,공작물충돌,운전자법규위반,안전운전 의무 불이행,단일로,기타단일로,승용차,없음,127.1261717,37.44953306
13827,2015,2015-06-23 07:00,주,화,1,2,1,0,부산,강서구,차대차,기타,운전자법규위반,신호위반,교차로,교차로내,승용차,승용차,128.8657584,35.09798089
13828,2015,2015-06-23 07:10,주,화,1,3,2,0,전북,익산시,차대차,측면충돌,운전자법규위반,신호위반,교차로,교차로내,원동기장치자전거,화물차,126.94893190000002,36.05211275
13829,2015,2015-06-23 07:50,주,화,1,1,0,0,대구,수성구,차대사람,기타,운전자법규위반,안전운전 의무 불이행,단일로,기타단일로,승용차,보행자,128.6244959,35.83021905
13830,2015,2015-06-23 11:37,주,화,1,1,0,0,경기,화성시,차량단독,공작물충돌,운전자법규위반,안전운전 의무 불이행,단일로,기타단일로,자전거,없음,126.8106144,37.16801028
13831,2015,2015-06-23 14:55,주,화,1,3,1,1,인천,서구,차대차,정면충돌,운전자법규위반,중앙선 침범,단일로,기타단일로,승용차,승용차,126.7002375,37.59288563
13832,2015,2015-06-23 16:14,주,화,1,1,0,0,경남,창녕군,차대차,기타,운전자법규위반,안전운전 의무 불이행,단일로,기타단일로,승용차,자전거,128.4827442,35.55296723
13833,2015,2015-06-23 17:15,주,화,1,3,0,2,대전,서구,차대차,측면충돌,운전자법규위반,차로위반(진로변경 위반),단일로,기타단일로,화물차,승합차,127.3493683,36.31434201
13834,2015,2015-06-23 20:40,야,화,1,6,3,1,충남,금산군,차대차,기타,운전자법규위반,안전운전 의무 불이행,단일로,기타단일로,화물차,승합차,127.5677476,36.03805117
13835,2015,2015-06-23 20:20,야,화,1,1,0,0,전남,영광군,차대사람,횡단중,운전자법규위반,안전운전 의무 불이행,단일로,횡단보도부근,승용차,보행자,126.4454473,35.39394533
13836,2015,2015-06-23 21:37,야,화,1,1,0,0,충남,논산시,차대사람,길가장자리구역통행중,운전자법규위반,안전운전 의무 불이행,단일로,기타단일로,승용차,보행자,127.0175285,36.16572653
13837,2015,2015-06-23 21:10,야,화,1,1,0,0,전북,부안군,차대사람,길가장자리구역통행중,운전자법규위반,안전운전 의무 불이행,단일로,기타단일로,승용차,보행자,126.61829650000001,35.59518709
13838,2015,2015-06-23 22:29,야,화,1,1,0,0,전남,목포시,차대사람,횡단중,운전자법규위반,안전운전 의무 불이행,기타/불명,기타/불명,승용차,보행자,126.39301270000001,34.79411636
13839,2015,2015-06-23 23:15,야,화,1,2,0,0,부산,기장군,차대사람,횡단중,운전자법규위반,과속,교차로,교차로부근,승용차,보행자,129.21411909999998,35.22535796
13840,2015,2015-06-23 23:18,야,화,1,1,0,0,경북,포항시,차대사람,횡단중,운전자법규위반,보행자 보호의무 위반,단일로,횡단보도상,승용차,보행자,129.4026256,35.97042004
13841,2015,2015-06-24 02:57,야,수,1,1,0,0,서울,서초구,차량단독,기타,운전자법규위반,안전운전 의무 불이행,단일로,기타단일로,승용차,없음,127.0230211,37.49168808
13842,2015,2015-06-24 03:47,야,수,1,1,0,0,인천,부평구,차량단독,기타,운전자법규위반,기타(운전자법규위반),단일로,기타단일로,화물차,없음,126.72303629999999,37.51683891
13843,2015,2015-06-24 06:35,주,수,1,1,0,0,경기,안양시,차대사람,보도통행중,운전자법규위반,기타(운전자법규위반),단일로,기타단일로,화물차,보행자,126.94772009999998,37.40044849
13844,2015,2015-06-24 08:00,주,수,1,2,1,0,경기,화성시,차대차,정면충돌,운전자법규위반,중앙선 침범,단일로,기타단일로,승용차,승용차,126.9673827,37.23521584
13845,2015,2015-06-24 09:10,주,수,1,1,0,0,충북,충주시,차대차,기타,운전자법규위반,기타(운전자법규위반),단일로,기타단일로,화물차,화물차,127.85708500000001,37.02901781
13846,2015,2015-06-24 12:18,주,수,1,1,0,0,부산,수영구,차대차,측면충돌,운전자법규위반,부당한 회전,교차로,교차로부근,자전거,승용차,129.1143525,35.14701087
13847,2015,2015-06-24 12:25,주,수,1,15,3,11,강원,정선군,차대차,정면충돌,운전자법규위반,신호위반,기타/불명,기타/불명,승합차,건설기계,128.8338634,37.21360555
13848,2015,2015-06-24 17:25,주,수,1,3,2,0,충북,증평군,차대차,정면충돌,운전자법규위반,중앙선 침범,단일로,기타단일로,승용차,화물차,127.6194945,36.73455511
13849,2015,2015-06-24 17:55,주,수,1,1,0,0,전남,화순군,차량단독,기타,운전자법규위반,안전운전 의무 불이행,단일로,기타단일로,화물차,없음,126.9952842,35.0683924
13850,2015,2015-06-24 17:10,주,수,1,1,0,0,인천,부평구,차대차,측면충돌,운전자법규위반,안전운전 의무 불이행,교차로,교차로부근,승용차,자전거,126.742731,37.52191521
13851,2015,2015-06-24 20:20,야,수,1,3,0,2,전북,순창군,차량단독,전도전복,운전자법규위반,안전운전 의무 불이행,단일로,기타단일로,화물차,없음,127.00743290000001,35.52097302
13852,2015,2015-06-24 20:15,야,수,1,1,0,0,제주,서귀포시,차량단독,기타,운전자법규위반,안전운전 의무 불이행,단일로,기타단일로,승용차,없음,126.9114215,33.45497295
13853,2015,2015-06-24 22:30,야,수,1,1,0,0,경기,의정부시,차대사람,기타,운전자법규위반,안전운전 의무 불이행,기타/불명,기타/불명,승용차,보행자,127.1007528,37.71951183
13854,2015,2015-06-24 23:42,야,수,1,2,1,0,대전,유성구,차대차,정면충돌,운전자법규위반,중앙선 침범,단일로,기타단일로,승용차,승합차,127.33939199999999,36.35536725
13855,2015,2015-06-25 00:20,야,목,1,2,0,1,경북,김천시,차대차,진행중 추돌,운전자법규위반,안전운전 의무 불이행,단일로,기타단일로,화물차,화물차,128.2615366,36.18435421
13856,2015,2015-06-25 05:08,야,목,1,1,0,0,서울,양천구,차량단독,공작물충돌,운전자법규위반,안전운전 의무 불이행,단일로,기타단일로,화물차,없음,126.87379209999999,37.52959619
13857,2015,2015-06-25 08:20,주,목,1,1,0,0,충남,아산시,차대차,측면충돌,운전자법규위반,직진 및 우회전차의 통행방해,교차로,교차로내,화물차,자전거,126.94356780000001,36.822829799999994
13858,2015,2015-06-25 10:20,주,목,1,1,0,0,전남,여수시,차대사람,횡단중,운전자법규위반,보행자 보호의무 위반,교차로,교차로내,화물차,보행자,127.65508170000001,34.76971725
13859,2015,2015-06-25 11:55,주,목,1,1,0,0,경기,포천시,차량단독,전도전복,운전자법규위반,안전운전 의무 불이행,단일로,기타단일로,이륜차,없음,127.34063229999998,38.00034267
13860,2015,2015-06-25 14:00,주,목,2,2,0,0,경북,성주군,차대차,기타,운전자법규위반,과속,기타/불명,기타/불명,화물차,이륜차,128.2642574,35.99234144
13861,2015,2015-06-25 15:30,주,목,1,1,0,0,서울,강북구,차대차,기타,운전자법규위반,안전운전 의무 불이행,단일로,기타단일로,원동기장치자전거,자전거,127.0333434,37.63581537
13862,2015,2015-06-25 16:05,주,목,1,1,0,0,충북,괴산군,차대사람,기타,운전자법규위반,안전운전 의무 불이행,단일로,기타단일로,화물차,보행자,127.755425,36.68209997
13863,2015,2015-06-25 17:34,주,목,1,1,0,0,전남,강진군,차대차,주정차중 추돌,운전자법규위반,안전운전 의무 불이행,단일로,기타단일로,승용차,승용차,126.7051336,34.69706494