,발생년,발생년월일시분,주야,요일,사망자수,사상자수,중상자수,경상자수,발생지시도,발생지시군구,사고유형_대분류,사고유형,법규위반_대분류,법규위반,도로형태_대분류,도로형태,가해자_당사자종별,피해자_당사자종별,경도,위도
13864,2015,2015-06-25 21:32,야,목,1,2,1,0,경남,창원시(통합),차대차,진행중 추돌,운전자법규위반,안전운전 의무 불이행,단일로,기타단일로,승용차,승용차,128.46201259999998,35.11747436
13865,2015,2015-06-25 22:15,야,목,1,1,0,0,서울,강동구,차대사람,횡단중,운전자법규위반,안전운전 의무 불이행,단일로,기타단일로,승합차,보행자,127.16983130000001,37.54540588
13866,2015,2015-06-25 22:00,야,목,1,1,0,0,전북,전주시,차대사람,보도통행중,운전자법규위반,보행자 보호의무 위반,단일로,기타단일로,승합차,보행자,127.14289850000002,35.82927822
13867,2015,2015-06-25 23:39,야,목,1,1,0,0,서울,영등포구,차대사람,기타,운전자법규위반,안전운전 의무 불이행,교차로,교차로부근,승용차,보행자,126.88972930000001,37.52103568
13868,2015,2015-06-26 01:25,야,금,1,1,0,0,경북,구미시,차대사람,기타,운전자법규위반,신호위반,단일로,횡단보도상,승합차,보행자,128.42727920000002,36.09807096
13869,2015,2015-06-26 02:00,야,금,1,1,0,0,충북,청주시,차대사람,기타,운전자법규위반,안전운전 의무 불이행,단일로,기타단일로,승용차,보행자,127.48862120000001,36.65493191
13870,2015,2015-06-26 02:48,야,금,1,4,2,0,경기,부천시,차대차,측면충돌,운전자법규위반,안전운전 의무 불이행,단일로,기타단일로,화물차,승용차,126.7613247,37.52415112
13871,2015,2015-06-26 05:19,야,금,1,1,0,0,전북,익산시,차량단독,공작물충돌,운전자법규위반,안전운전 의무 불이행,단일로,기타단일로,승용차,없음,126.95280290000001,35.96915807
13872,2015,2015-06-26 07:30,주,금,1,2,1,0,충남,예산군,차대차,기타,운전자법규위반,중앙선 침범,단일로,기타단일로,이륜차,이륜차,126.805497,36.66078666
13873,2015,2015-06-26 08:14,주,금,1,1,0,0,충남,논산시,차대차,측면충돌,운전자법규위반,중앙선 침범,단일로,기타단일로,원동기장치자전거,승용차,127.016847,36.18437702
13874,2015,2015-06-26 09:10,주,금,1,3,1,1,경기,안산시,차대차,기타,운전자법규위반,안전운전 의무 불이행,교차로,교차로내,승용차,승용차,126.825455,37.31277771
13875,2015,2015-06-26 09:30,주,금,1,2,0,1,전남,화순군,차대사람,기타,운전자법규위반,기타(운전자법규위반),기타/불명,기타/불명,화물차,보행자,127.0563663,35.07394235
13876,2015,2015-06-26 11:40,주,금,1,1,0,0,경기,평택시,차대사람,횡단중,운전자법규위반,안전운전 의무 불이행,교차로,교차로내,화물차,보행자,127.0513896,37.07913653
13877,2015,2015-06-26 14:10,주,금,1,2,1,0,경기,양주시,차대차,정면충돌,운전자법규위반,중앙선 침범,단일로,기타단일로,승용차,화물차,126.95476399999998,37.85583641
13878,2015,2015-06-26 14:30,주,금,1,1,0,0,경북,영덕군,차대차,측면충돌,운전자법규위반,안전거리 미확보,단일로,기타단일로,원동기장치자전거,승용차,129.3799199,36.35831695
13879,2015,2015-06-26 16:48,주,금,1,1,0,0,경기,군포시,차대차,기타,운전자법규위반,차로위반(진로변경 위반),단일로,기타단일로,자전거,승용차,126.91773909999998,37.32381394
13880,2015,2015-06-26 17:22,주,금,1,1,0,0,충남,청양군,차량단독,전도전복,운전자법규위반,안전운전 의무 불이행,단일로,기타단일로,원동기장치자전거,없음,126.9548585,36.34442302
13881,2015,2015-06-26 17:40,주,금,1,1,0,0,대구,수성구,차대사람,횡단중,운전자법규위반,안전운전 의무 불이행,교차로,교차로내,승용차,보행자,128.69472679999998,35.83885445
13882,2015,2015-06-26 18:41,야,금,1,1,0,0,전남,여수시,차대사람,차도통행중,운전자법규위반,안전운전 의무 불이행,교차로,교차로내,화물차,보행자,127.6388943,34.77457933
13883,2015,2015-06-26 19:00,야,금,1,1,0,0,전남,완도군,차량단독,전도전복,운전자법규위반,안전운전 의무 불이행,교차로,교차로부근,원동기장치자전거,없음,126.76104550000001,34.30832113
13884,2015,2015-06-26 23:27,야,금,1,1,0,0,경북,경주시,차량단독,공작물충돌,운전자법규위반,안전운전 의무 불이행,단일로,고가도로위,승용차,없음,129.23336740000002,35.99427789
13885,2015,2015-06-27 00:40,야,토,1,1,0,0,경기,파주시,차대사람,기타,운전자법규위반,안전운전 의무 불이행,단일로,기타단일로,승용차,보행자,126.8062388,37.75845333
13886,2015,2015-06-27 01:50,야,토,1,3,0,2,경기,시흥시,차대차,진행중 추돌,운전자법규위반,안전운전 의무 불이행,단일로,기타단일로,이륜차,승용차,126.6497033,37.32357044
13887,2015,2015-06-27 02:30,야,토,1,3,1,1,경남,창원시(통합),차량단독,도로이탈 기타,운전자법규위반,과속,단일로,기타단일로,화물차,없음,128.3811983,35.12235383
13888,2015,2015-06-27 04:05,야,토,1,1,0,0,경기,수원시,차대사람,횡단중,운전자법규위반,안전운전 의무 불이행,단일로,기타단일로,승용차,보행자,126.99437250000001,37.30933844
13889,2015,2015-06-27 04:30,야,토,1,1,0,0,충남,당진시,차대차,주정차중 추돌,운전자법규위반,안전운전 의무 불이행,단일로,기타단일로,화물차,승용차,126.725443,36.90418995
13890,2015,2015-06-27 07:30,주,토,1,1,0,0,부산,해운대구,차대차,진행중 추돌,운전자법규위반,안전운전 의무 불이행,단일로,교량위,승용차,화물차,129.1108414,35.13539088
13891,2015,2015-06-27 07:30,주,토,1,1,0,0,경북,영천시,차대차,측면충돌,운전자법규위반,안전운전 의무 불이행,교차로,교차로내,화물차,원동기장치자전거,128.97344089999999,35.93930826
13892,2015,2015-06-27 12:45,주,토,1,1,0,0,인천,부평구,차대사람,횡단중,운전자법규위반,보행자 보호의무 위반,단일로,횡단보도상,화물차,보행자,126.7034255,37.47110023
13893,2015,2015-06-27 12:20,주,토,1,1,0,0,울산,남구,차대차,기타,운전자법규위반,중앙선 침범,단일로,기타단일로,자전거,승합차,129.3118203,35.54100536
13894,2015,2015-06-27 14:28,주,토,1,4,1,2,충남,예산군,차대차,측면충돌,운전자법규위반,신호위반,교차로,교차로내,승용차,승용차,126.75070179999999,36.6655749
13895,2015,2015-06-27 14:05,주,토,1,1,0,0,충남,천안시,차대사람,횡단중,운전자법규위반,안전운전 의무 불이행,교차로,교차로부근,승용차,보행자,127.1264419,36.73451565
13896,2015,2015-06-27 21:30,야,토,1,2,1,0,부산,사상구,차대차,측면충돌,운전자법규위반,신호위반,단일로,기타단일로,승용차,이륜차,128.9839855,35.17398639
13897,2015,2015-06-27 22:25,야,토,1,1,0,0,경기,수원시,차대사람,차도통행중,운전자법규위반,안전운전 의무 불이행,단일로,기타단일로,승용차,보행자,127.00657079999999,37.27831904
13898,2015,2015-06-28 00:53,야,일,1,1,0,0,전북,무주군,차량단독,공작물충돌,운전자법규위반,안전운전 의무 불이행,단일로,기타단일로,승용차,없음,127.69010779999999,36.01834611
13899,2015,2015-06-28 00:05,야,일,2,4,1,1,인천,남동구,차대차,측면충돌,운전자법규위반,안전거리 미확보,단일로,기타단일로,승용차,이륜차,126.7128692,37.44944999
13900,2015,2015-06-28 02:31,야,일,2,2,0,0,부산,수영구,차대차,정면충돌,운전자법규위반,중앙선 침범,단일로,기타단일로,원동기장치자전거,승용차,129.1114162,35.14617541
13901,2015,2015-06-28 02:55,야,일,1,1,0,0,경남,창원시(통합),차량단독,도로이탈 추락,운전자법규위반,안전운전 의무 불이행,교차로,교차로내,승용차,없음,128.7035118,35.18382467
13902,2015,2015-06-28 04:00,야,일,1,1,0,0,강원,원주시,차량단독,전도전복,운전자법규위반,안전운전 의무 불이행,단일로,기타단일로,승용차,없음,127.92450829999999,37.33063252
13903,2015,2015-06-28 04:27,야,일,1,1,0,0,전북,김제시,차량단독,공작물충돌,운전자법규위반,안전운전 의무 불이행,단일로,기타단일로,승용차,없음,126.85725929999998,35.79311687
13904,2015,2015-06-28 07:00,주,일,1,1,0,0,전남,함평군,차량단독,전도전복,운전자법규위반,안전운전 의무 불이행,단일로,기타단일로,이륜차,없음,126.5945278,35.15984731
13905,2015,2015-06-28 08:10,주,일,1,3,1,1,경북,고령군,차대차,측면충돌,운전자법규위반,직진 및 우회전차의 통행방해,교차로,교차로내,농기계,화물차,128.26651529999998,35.7883343
13906,2015,2015-06-28 10:00,주,일,1,1,0,0,전남,화순군,차량단독,전도전복,운전자법규위반,안전운전 의무 불이행,교차로,교차로부근,원동기장치자전거,없음,126.8974987,34.99340068
13907,2015,2015-06-28 10:20,주,일,1,1,0,0,대구,서구,차대차,측면충돌,운전자법규위반,안전운전 의무 불이행,교차로,교차로부근,승용차,자전거,128.55657539999999,35.85780133
13908,2015,2015-06-28 16:00,주,일,1,4,1,1,경북,경주시,차대차,기타,운전자법규위반,중앙선 침범,단일로,기타단일로,승용차,승합차,129.3155056,35.78983565
13909,2015,2015-06-28 17:35,주,일,1,1,0,0,경남,함안군,차대차,정면충돌,운전자법규위반,중앙선 침범,단일로,기타단일로,이륜차,승용차,128.4518745,35.36404293
13910,2015,2015-06-28 20:18,야,일,1,1,0,0,전북,순창군,차대사람,보도통행중,운전자법규위반,안전운전 의무 불이행,단일로,기타단일로,승용차,보행자,126.9171338,35.4514946
13911,2015,2015-06-28 21:50,야,일,2,3,1,0,경기,광주시,차대차,정면충돌,운전자법규위반,중앙선 침범,단일로,기타단일로,승용차,승용차,127.22040940000001,37.40297614
13912,2015,2015-06-28 21:00,야,일,1,1,0,0,경남,김해시,차대사람,차도통행중,운전자법규위반,안전운전 의무 불이행,단일로,기타단일로,승용차,보행자,128.8367103,35.27716163
13913,2015,2015-06-29 02:45,야,월,1,1,0,0,제주,제주시,차량단독,공작물충돌,운전자법규위반,과속,단일로,기타단일로,승용차,없음,126.5515232,33.45536486
13914,2015,2015-06-29 04:35,야,월,1,2,1,0,서울,은평구,차대차,측면충돌,운전자법규위반,신호위반,교차로,교차로내,이륜차,화물차,126.88704990000001,37.58707236
13915,2015,2015-06-29 06:05,주,월,1,1,0,0,강원,횡성군,차량단독,도로이탈 추락,운전자법규위반,안전운전 의무 불이행,교차로,교차로부근,화물차,없음,128.1544845,37.41600728
13916,2015,2015-06-29 09:24,주,월,1,1,0,0,충북,영동군,차량단독,전도전복,운전자법규위반,안전운전 의무 불이행,단일로,기타단일로,특수차,없음,127.8322395,36.06610001
13917,2015,2015-06-29 09:35,주,월,1,1,0,0,경북,김천시,차대사람,횡단중,운전자법규위반,안전운전 의무 불이행,단일로,기타단일로,승용차,보행자,128.1700841,36.12507407
13918,2015,2015-06-29 10:30,주,월,1,1,0,0,제주,서귀포시,차대사람,횡단중,운전자법규위반,보행자 보호의무 위반,단일로,횡단보도상,승용차,보행자,126.4885773,33.25046459
13919,2015,2015-06-29 12:40,주,월,1,1,0,0,경기,양주시,차대사람,횡단중,운전자법규위반,신호위반,교차로,교차로내,승합차,보행자,127.0861963,37.79263993
13920,2015,2015-06-29 15:30,주,월,1,1,0,0,충남,아산시,차대차,기타,운전자법규위반,앞지르기 금지위반,교차로,교차로내,화물차,농기계,126.8851105,36.86824548
13921,2015,2015-06-29 15:00,주,월,1,1,0,0,전남,순천시,차량단독,전도전복,운전자법규위반,안전운전 의무 불이행,단일로,기타단일로,이륜차,없음,127.4400582,34.86134007
13922,2015,2015-06-29 17:50,주,월,1,2,0,0,전남,영암군,차량단독,공작물충돌,운전자법규위반,안전운전 의무 불이행,단일로,기타단일로,화물차,없음,126.46220259999998,34.76893672
13923,2015,2015-06-29 21:00,야,월,1,1,0,0,경기,안산시,차대사람,기타,운전자법규위반,신호위반,교차로,교차로내,승용차,보행자,126.8211635,37.30810205
13924,2015,2015-06-29 23:50,야,월,1,1,0,0,서울,송파구,차대사람,횡단중,운전자법규위반,안전운전 의무 불이행,단일로,횡단보도상,승합차,보행자,127.12244960000001,37.48599953
13925,2015,2015-06-29 23:27,야,월,1,1,0,0,경기,시흥시,차대사람,횡단중,운전자법규위반,안전운전 의무 불이행,교차로,교차로부근,승용차,보행자,126.7867074,37.43979647
13926,2015,2015-06-29 23:30,야,월,1,1,0,0,경남,창원시(통합),차대차,정면충돌,운전자법규위반,과속,단일로,기타단일로,승용차,원동기장치자전거,128.54281840000002,35.25458062
13927,2015,2015-06-30 00:37,야,화,1,2,1,0,충남,천안시,차대차,주정차중 추돌,운전자법규위반,안전운전 의무 불이행,단일로,기타단일로,화물차,화물차,127.18284540000002,36.95453706
13928,2015,2015-06-30 03:15,야,화,1,1,0,0,경기,화성시,차량단독,공작물충돌,운전자법규위반,안전운전 의무 불이행,단일로,기타단일로,승용차,없음,127.02152679999999,37.20542132
13929,2015,2015-06-30 04:00,야,화,1,1,0,0,경북,영천시,차대차,진행중 추돌,운전자법규위반,안전운전 의무 불이행,단일로,기타단일로,승용차,특수차,128.9669903,36.05377897
13930,2015,2015-06-30 08:30,주,화,1,1,0,0,전북,고창군,차량단독,도로이탈 추락,운전자법규위반,안전운전 의무 불이행,단일로,기타단일로,원동기장치자전거,없음,126.63555259999998,35.35505225
13931,2015,2015-06-30 09:30,주,화,1,1,0,0,전북,전주시,차대차,기타,운전자법규위반,안전운전 의무 불이행,교차로,교차로내,화물차,이륜차,127.146111,35.82888199
13932,2015,2015-06-30 09:30,주,화,1,1,0,0,전남,여수시,차량단독,공작물충돌,운전자법규위반,안전운전 의무 불이행,단일로,기타단일로,승용차,없음,127.69596829999999,34.78081327
13933,2015,2015-06-30 11:30,주,화,3,4,1,0,경북,안동시,차량단독,도로이탈 추락,운전자법규위반,안전운전 의무 불이행,단일로,기타단일로,승용차,없음,128.7982034,36.53802658
13934,2015,2015-06-30 15:25,주,화,1,1,0,0,경북,영주시,차대사람,횡단중,운전자법규위반,중앙선 침범,단일로,기타단일로,화물차,보행자,128.5014398,36.76839755
13935,2015,2015-06-30 18:15,야,화,1,2,1,0,경남,창녕군,차량단독,도로이탈 기타,운전자법규위반,안전운전 의무 불이행,단일로,기타단일로,화물차,없음,128.5127799,35.48042671
13936,2015,2015-06-30 19:10,야,화,1,1,0,0,경기,김포시,차대차,기타,운전자법규위반,중앙선 침범,단일로,기타단일로,원동기장치자전거,승용차,126.6341865,37.71996486
13937,2015,2015-06-30 20:24,야,화,1,7,5,1,경남,함안군,차량단독,도로이탈 추락,운전자법규위반,안전운전 의무 불이행,단일로,기타단일로,승합차,없음,128.3375203,35.29150324
13938,2015,2015-06-30 21:25,야,화,1,1,0,0,경기,부천시,차대차,측면충돌,운전자법규위반,직진 및 우회전차의 통행방해,교차로,교차로내,승용차,이륜차,126.8095567,37.52667828
13939,2015,2015-06-30 21:20,야,화,1,2,1,0,충북,옥천군,차대차,진행중 추돌,운전자법규위반,안전운전 의무 불이행,단일로,기타단일로,화물차,농기계,127.79812140000001,36.34057951
13940,2015,2015-06-30 21:45,야,화,1,1,0,0,충남,당진시,차대사람,길가장자리구역통행중,운전자법규위반,보행자 보호의무 위반,교차로,교차로내,승합차,보행자,126.6253321,36.89229033
13941,2015,2015-06-30 23:30,야,화,1,1,0,0,인천,남구,차대사람,길가장자리구역통행중,운전자법규위반,안전운전 의무 불이행,단일로,기타단일로,승용차,보행자,126.6706102,37.43807436
13942,2015,2015-07-01 02:00,야,수,1,1,0,0,경기,용인시,차대사람,횡단중,운전자법규위반,안전운전 의무 불이행,단일로,기타단일로,승용차,보행자,127.1811871,37.23827399
13943,2015,2015-07-01 02:00,야,수,1,4,2,1,광주,서구,차대차,측면충돌,운전자법규위반,기타(운전자법규위반),단일로,기타단일로,승용차,승용차,126.83219129999999,35.14019155
13944,2015,2015-07-01 06:20,주,수,1,2,0,1,경북,경산시,차대차,기타,운전자법규위반,신호위반,교차로,교차로내,원동기장치자전거,승용차,128.8328945,35.81037297
13945,2015,2015-07-01 06:45,주,수,1,1,0,0,울산,울주군,차량단독,전도전복,운전자법규위반,안전운전 의무 불이행,교차로,교차로부근,이륜차,없음,129.2558008,35.5319986
13946,2015,2015-07-01 13:29,주,수,1,1,0,0,전남,장성군,차대차,측면충돌,운전자법규위반,신호위반,교차로,교차로내,승용차,특수차,126.65443629999999,35.24535384
13947,2015,2015-07-01 15:40,주,수,1,1,0,0,광주,서구,차대차,진행중 추돌,운전자법규위반,안전운전 의무 불이행,단일로,기타단일로,승합차,자전거,126.83753870000001,35.11154669
13948,2015,2015-07-01 19:50,야,수,1,1,0,0,광주,서구,차대사람,길가장자리구역통행중,운전자법규위반,안전운전 의무 불이행,교차로,교차로부근,이륜차,보행자,126.8587345,35.15023562
13949,2015,2015-07-01 19:40,야,수,1,1,0,0,울산,북구,차대차,기타,운전자법규위반,신호위반,교차로,교차로내,이륜차,승용차,129.36133619999998,35.56162574
13950,2015,2015-07-02 00:01,야,목,1,1,0,0,경북,경주시,차대사람,기타,운전자법규위반,안전운전 의무 불이행,기타/불명,기타/불명,승용차,보행자,129.31758689999998,35.74225989
13951,2015,2015-07-02 03:05,야,목,1,1,0,0,충북,영동군,차대차,진행중 추돌,운전자법규위반,안전운전 의무 불이행,단일로,기타단일로,특수차,농기계,127.8000788,36.17076727
13952,2015,2015-07-02 06:09,주,목,1,1,0,0,경기,이천시,차량단독,도로이탈 추락,운전자법규위반,안전운전 의무 불이행,단일로,기타단일로,자전거,없음,127.4300653,37.22655856
13953,2015,2015-07-02 08:53,주,목,1,1,0,0,경기,남양주시,차대사람,횡단중,운전자법규위반,보행자 보호의무 위반,단일로,횡단보도상,화물차,보행자,127.2064133,37.63324892
13954,2015,2015-07-02 08:40,주,목,1,1,0,0,세종,세종,차량단독,전도전복,운전자법규위반,안전운전 의무 불이행,단일로,기타단일로,농기계,없음,127.2096625,36.59943408
13955,2015,2015-07-02 09:55,주,목,1,1,0,0,전북,남원시,차대차,기타,운전자법규위반,안전운전 의무 불이행,단일로,기타단일로,화물차,이륜차,127.35603329999999,35.49253452
13956,2015,2015-07-02 10:17,주,목,1,1,0,0,충남,당진시,차량단독,전도전복,운전자법규위반,안전운전 의무 불이행,단일로,기타단일로,이륜차,없음,126.6925344,36.8347134
13957,2015,2015-07-02 14:50,주,목,1,1,0,0,서울,서초구,차대사람,기타,운전자법규위반,보행자 보호의무 위반,교차로,교차로부근,화물차,보행자,127.0209369,37.49034563
13958,2015,2015-07-02 14:45,주,목,1,1,0,0,충남,서천군,차대차,측면충돌,운전자법규위반,신호위반,교차로,교차로내,이륜차,승용차,126.67233600000002,36.03311315
13959,2015,2015-07-02 14:48,주,목,1,1,0,0,전북,고창군,차대사람,기타,운전자법규위반,안전운전 의무 불이행,기타/불명,기타/불명,화물차,보행자,126.69053670000001,35.52256266
13960,2015,2015-07-02 17:40,주,목,1,1,0,0,대전,서구,차대사람,횡단중,운전자법규위반,보행자 보호의무 위반,단일로,기타단일로,화물차,보행자,127.3835081,36.33919066
13961,2015,2015-07-02 21:15,야,목,1,1,0,0,경남,거제시,차대차,기타,운전자법규위반,안전운전 의무 불이행,단일로,기타단일로,승용차,승용차,128.6975584,34.86586374
13962,2015,2015-07-02 23:05,야,목,1,1,0,0,강원,동해시,차대사람,횡단중,운전자법규위반,보행자 보호의무 위반,교차로,교차로부근,승용차,보행자,129.1169002,37.52773056
13963,2015,2015-07-03 01:40,야,금,1,1,0,0,충남,아산시,차량단독,전도전복,운전자법규위반,안전운전 의무 불이행,기타/불명,기타/불명,승용차,없음,126.9561824,36.81965192
13964,2015,2015-07-03 04:55,야,금,1,1,0,0,부산,강서구,차대사람,횡단중,운전자법규위반,안전운전 의무 불이행,교차로,교차로부근,화물차,보행자,128.9120144,35.08673047
13965,2015,2015-07-03 06:10,주,금,1,1,0,0,충남,부여군,차대차,기타,운전자법규위반,안전운전 의무 불이행,단일로,기타단일로,화물차,이륜차,126.87003500000002,36.26227306
13966,2015,2015-07-03 09:10,주,금,1,1,0,0,경기,평택시,차대차,측면충돌,운전자법규위반,안전운전 의무 불이행,단일로,기타단일로,원동기장치자전거,승용차,127.0556531,37.05278228
13967,2015,2015-07-03 10:30,주,금,1,1,0,0,대구,동구,차대차,측면충돌,운전자법규위반,신호위반,단일로,횡단보도상,승용차,이륜차,128.6966117,35.87366272
13968,2015,2015-07-03 16:03,주,금,1,3,1,1,강원,강릉시,차대차,측면충돌,운전자법규위반,신호위반,교차로,교차로내,승용차,승합차,128.87036080000001,37.75813368
13969,2015,2015-07-03 18:19,야,금,1,1,0,0,경북,구미시,차량단독,전도전복,운전자법규위반,안전운전 의무 불이행,단일로,기타단일로,자전거,없음,128.3031111,36.32722728
13970,2015,2015-07-03 21:05,야,금,1,4,2,1,서울,은평구,차대차,진행중 추돌,운전자법규위반,안전운전 의무 불이행,교차로,교차로내,승용차,승용차,126.8823845,37.59104999
13971,2015,2015-07-03 21:00,야,금,1,1,0,0,경기,수원시,차대사람,기타,운전자법규위반,안전운전 의무 불이행,단일로,기타단일로,승용차,보행자,127.0351494,37.24612872
13972,2015,2015-07-03 21:05,야,금,1,1,0,0,경남,창원시(통합),차대차,측면충돌,운전자법규위반,안전운전 의무 불이행,단일로,기타단일로,승용차,자전거,128.5863325,35.2138848
13973,2015,2015-07-03 23:10,야,금,1,2,1,0,전남,진도군,차량단독,공작물충돌,운전자법규위반,안전운전 의무 불이행,기타/불명,기타/불명,승용차,없음,126.3115375,34.50041282
13974,2015,2015-07-04 00:16,야,토,1,1,0,0,서울,동대문구,차대사람,기타,운전자법규위반,안전운전 의무 불이행,단일로,기타단일로,승용차,보행자,127.0640423,37.56305367
13975,2015,2015-07-04 00:10,야,토,1,1,0,0,부산,해운대구,차대사람,기타,운전자법규위반,안전운전 의무 불이행,단일로,교량위,승용차,보행자,129.1269519,35.16619961
13976,2015,2015-07-04 02:05,야,토,1,2,0,1,전남,나주시,차대차,주정차중 추돌,운전자법규위반,안전운전 의무 불이행,단일로,기타단일로,승용차,화물차,126.73905500000001,35.03572111
13977,2015,2015-07-04 05:30,야,토,1,1,0,0,서울,송파구,차대차,기타,운전자법규위반,안전운전 의무 불이행,단일로,기타단일로,화물차,자전거,127.0973,37.50580953
13978,2015,2015-07-04 07:37,주,토,1,1,0,0,경기,양주시,차대차,정면충돌,운전자법규위반,안전운전 의무 불이행,교차로,교차로내,승용차,이륜차,126.9797745,37.721104100000005
13979,2015,2015-07-04 08:25,주,토,1,1,0,0,경기,하남시,차대차,기타,운전자법규위반,안전운전 의무 불이행,단일로,기타단일로,승용차,자전거,127.26911570000001,37.52898463
13980,2015,2015-07-04 17:53,주,토,1,1,0,0,충남,당진시,차대차,측면충돌,운전자법규위반,교차로 통행방법 위반,교차로,교차로내,화물차,원동기장치자전거,126.7984466,36.81476939
13981,2015,2015-07-04 17:40,주,토,1,1,0,0,경북,포항시,차대사람,길가장자리구역통행중,운전자법규위반,안전운전 의무 불이행,단일로,기타단일로,승용차,보행자,129.403855,35.95788849
13982,2015,2015-07-04 23:15,야,토,1,1,0,0,경기,부천시,차량단독,공작물충돌,운전자법규위반,안전운전 의무 불이행,교차로,교차로부근,자전거,없음,126.7861825,37.50333867
13983,2015,2015-07-05 09:15,주,일,1,3,2,0,충북,음성군,차량단독,공작물충돌,운전자법규위반,안전운전 의무 불이행,단일로,기타단일로,승용차,없음,127.61471170000002,37.07923176
13984,2015,2015-07-05 10:50,주,일,1,1,0,0,경남,양산시,차량단독,전도전복,운전자법규위반,안전운전 의무 불이행,단일로,기타단일로,이륜차,없음,128.9644418,35.45170039
13985,2015,2015-07-05 14:20,주,일,1,1,0,0,경북,봉화군,차량단독,도로이탈 기타,운전자법규위반,안전운전 의무 불이행,단일로,기타단일로,농기계,없음,128.8835822,36.86524375
13986,2015,2015-07-05 15:00,주,일,1,2,0,1,강원,홍천군,차량단독,공작물충돌,운전자법규위반,안전운전 의무 불이행,단일로,기타단일로,화물차,없음,128.06062250000002,37.74696707
13987,2015,2015-07-05 15:35,주,일,1,6,0,5,충북,청주시,차대차,측면충돌,운전자법규위반,신호위반,교차로,교차로내,승용차,이륜차,127.47728909999998,36.61011679
13988,2015,2015-07-05 15:05,주,일,1,1,0,0,경북,영덕군,차대차,측면충돌,운전자법규위반,안전운전 의무 불이행,교차로,교차로내,승용차,이륜차,129.37860700000002,36.41538666
13989,2015,2015-07-05 17:30,주,일,1,5,4,0,강원,강릉시,차량단독,공작물충돌,운전자법규위반,안전운전 의무 불이행,단일로,기타단일로,승용차,없음,129.0139798,37.59258639
13990,2015,2015-07-05 17:15,주,일,1,1,0,0,전남,여수시,차대차,측면충돌,운전자법규위반,안전운전 의무 불이행,교차로,교차로내,원동기장치자전거,승용차,127.66803529999999,34.78234296
13991,2015,2015-07-05 18:10,야,일,2,2,0,0,경남,창녕군,차량단독,공작물충돌,운전자법규위반,안전운전 의무 불이행,단일로,기타단일로,원동기장치자전거,없음,128.5349644,35.49381692
13992,2015,2015-07-05 20:15,야,일,1,1,0,0,충남,부여군,차량단독,기타,운전자법규위반,안전운전 의무 불이행,단일로,기타단일로,이륜차,없음,126.7491738,36.19940549
13993,2015,2015-07-06 00:10,야,월,1,1,0,0,부산,해운대구,차대사람,횡단중,운전자법규위반,과속,단일로,기타단일로,승용차,보행자,129.1453709,35.22261567
13994,2015,2015-07-06 01:06,야,월,1,2,0,1,경북,경주시,차량단독,기타,운전자법규위반,안전운전 의무 불이행,단일로,기타단일로,원동기장치자전거,없음,128.9769175,35.81437819
13995,2015,2015-07-06 04:28,야,월,1,1,0,0,부산,강서구,차량단독,공작물충돌,운전자법규위반,안전운전 의무 불이행,단일로,기타단일로,화물차,없음,128.9349456,35.21896409
13996,2015,2015-07-06 04:20,야,월,1,2,1,0,대구,달성군,차대차,기타,운전자법규위반,안전운전 의무 불이행,단일로,기타단일로,승용차,승용차,128.4375791,35.66304433
13997,2015,2015-07-06 06:10,주,월,1,1,0,0,충남,홍성군,차대사람,기타,운전자법규위반,안전운전 의무 불이행,단일로,기타단일로,화물차,보행자,126.68428519999999,36.58962211
13998,2015,2015-07-06 06:08,주,월,1,1,0,0,경북,안동시,차대사람,기타,운전자법규위반,안전운전 의무 불이행,단일로,기타단일로,승용차,보행자,128.7310874,36.55952135
13999,2015,2015-07-06 08:00,주,월,1,1,0,0,대구,달서구,차대차,기타,운전자법규위반,안전운전 의무 불이행,단일로,기타단일로,화물차,자전거,128.5286403,35.83691093
14000,2015,2015-07-06 09:30,주,월,1,2,1,0,경기,양주시,차대차,진행중 추돌,운전자법규위반,안전운전 의무 불이행,단일로,기타단일로,이륜차,건설기계,126.9992828,37.73247314
14001,2015,2015-07-06 11:10,주,월,1,2,1,0,충북,충주시,차량단독,전도전복,운전자법규위반,안전운전 의무 불이행,단일로,기타단일로,승용차,없음,127.77318899999999,37.13584344
14002,2015,2015-07-06 18:35,야,월,1,1,0,0,대구,달성군,차량단독,기타,운전자법규위반,기타(운전자법규위반),교차로,교차로부근,화물차,없음,128.4394912,35.70176229
14003,2015,2015-07-06 21:02,야,월,1,1,0,0,전북,부안군,차대차,기타,운전자법규위반,기타(운전자법규위반),교차로,교차로부근,자전거,화물차,126.73656840000001,35.72734229
14004,2015,2015-07-06 23:50,야,월,1,2,1,0,경북,안동시,차대차,기타,운전자법규위반,신호위반,교차로,교차로내,이륜차,승용차,128.756268,36.55599091
14005,2015,2015-07-07 00:02,야,화,1,1,0,0,서울,성북구,차대차,측면충돌,운전자법규위반,중앙선 침범,단일로,기타단일로,불명,승용차,127.0043996,37.58772257
14006,2015,2015-07-07 00:00,야,화,1,1,0,0,경북,경주시,차대차,측면충돌,운전자법규위반,안전운전 의무 불이행,교차로,교차로내,화물차,승용차,129.31697309999998,35.74444175