,발생년,발생년월일시분,주야,요일,사망자수,사상자수,중상자수,경상자수,발생지시도,발생지시군구,사고유형_대분류,사고유형,법규위반_대분류,법규위반,도로형태_대분류,도로형태,가해자_당사자종별,피해자_당사자종별,경도,위도
14293,2015,2015-08-01 17:10,주,토,1,12,2,9,인천,남동구,차대차,측면충돌,운전자법규위반,중앙선 침범,단일로,기타단일로,건설기계,승용차,126.70158049999999,37.45317796
14294,2015,2015-08-01 19:13,야,토,1,7,5,0,경기,포천시,차대차,정면충돌,운전자법규위반,중앙선 침범,단일로,기타단일로,승용차,승용차,127.2042634,38.06493507
14295,2015,2015-08-01 19:00,야,토,1,1,0,0,전남,영암군,차대차,진행중 추돌,운전자법규위반,안전운전 의무 불이행,단일로,기타단일로,화물차,이륜차,126.6101347,34.83245389
14296,2015,2015-08-01 20:15,야,토,1,1,0,0,전북,완주군,차대차,진행중 추돌,운전자법규위반,안전운전 의무 불이행,단일로,기타단일로,승용차,농기계,127.12498659999999,35.92292768
14297,2015,2015-08-01 22:25,야,토,1,1,0,0,제주,제주시,차량단독,공작물충돌,운전자법규위반,안전운전 의무 불이행,단일로,기타단일로,이륜차,없음,126.91039369999999,33.48917002
14298,2015,2015-08-02 03:30,야,일,1,1,0,0,경북,경주시,차량단독,공작물충돌,운전자법규위반,안전운전 의무 불이행,교차로,교차로내,승용차,없음,129.4903874,35.78548053
14299,2015,2015-08-02 04:05,야,일,1,1,0,0,경기,고양시,차량단독,공작물충돌,운전자법규위반,중앙선 침범,단일로,기타단일로,승용차,없음,126.8660966,37.67371495
14300,2015,2015-08-02 04:25,야,일,1,1,0,0,전남,목포시,차대사람,기타,운전자법규위반,안전운전 의무 불이행,단일로,기타단일로,승용차,보행자,126.4302861,34.80852552
14301,2015,2015-08-02 04:40,야,일,2,3,1,0,대구,남구,차대차,측면충돌,운전자법규위반,중앙선 침범,단일로,기타단일로,자전거,이륜차,128.5697175,35.84869551
14302,2015,2015-08-02 05:10,야,일,1,2,1,0,경북,영천시,차대차,진행중 추돌,운전자법규위반,안전운전 의무 불이행,단일로,기타단일로,승용차,이륜차,128.9359103,35.94024096
14303,2015,2015-08-02 07:14,주,일,1,1,0,0,울산,울주군,차량단독,기타,운전자법규위반,안전운전 의무 불이행,단일로,기타단일로,이륜차,없음,129.3227016,35.43438969
14304,2015,2015-08-02 09:00,주,일,1,1,0,0,강원,홍천군,차량단독,전도전복,운전자법규위반,안전운전 의무 불이행,단일로,기타단일로,농기계,없음,128.0670955,37.65653325
14305,2015,2015-08-02 11:00,주,일,1,1,0,0,강원,춘천시,차량단독,공작물충돌,운전자법규위반,안전운전 의무 불이행,단일로,기타단일로,승용차,없음,127.78090870000001,37.82396493
14306,2015,2015-08-02 18:00,야,일,1,1,0,0,세종,세종,차대차,측면충돌,운전자법규위반,신호위반,교차로,교차로내,승용차,원동기장치자전거,127.2951098,36.52969971
14307,2015,2015-08-02 19:00,야,일,1,8,6,1,충남,서천군,차대차,기타,운전자법규위반,중앙선 침범,단일로,기타단일로,승용차,승합차,126.6406013,36.10871947
14308,2015,2015-08-03 03:35,야,월,1,1,0,0,강원,원주시,차대사람,기타,운전자법규위반,안전운전 의무 불이행,단일로,기타단일로,화물차,보행자,127.9584662,37.40919619
14309,2015,2015-08-03 05:24,야,월,1,1,0,0,경남,창원시(통합),차대사람,횡단중,운전자법규위반,안전운전 의무 불이행,단일로,기타단일로,승용차,보행자,128.5786888,35.23321254
14310,2015,2015-08-03 08:55,주,월,1,1,0,0,경북,포항시,차대차,기타,운전자법규위반,안전운전 의무 불이행,교차로,교차로내,자전거,승용차,129.3706917,36.03348253
14311,2015,2015-08-03 09:26,주,월,1,1,0,0,인천,중구,차대사람,차도통행중,운전자법규위반,안전운전 의무 불이행,교차로,교차로내,승용차,보행자,126.3740172,37.44601323
14312,2015,2015-08-03 09:55,주,월,1,1,0,0,인천,옹진군,차대사람,횡단중,운전자법규위반,안전운전 의무 불이행,교차로,교차로내,승용차,보행자,124.65964720000001,37.92392947
14313,2015,2015-08-03 10:30,주,월,1,4,0,3,경기,양평군,차대차,측면충돌,운전자법규위반,교차로 통행방법 위반,교차로,교차로내,승용차,승용차,127.500328,37.48288913
14314,2015,2015-08-03 12:05,주,월,1,2,0,1,충남,논산시,차대차,기타,운전자법규위반,교차로 통행방법 위반,교차로,교차로내,화물차,화물차,127.0343756,36.23481629
14315,2015,2015-08-03 12:05,주,월,1,1,0,0,전남,나주시,차대차,진행중 추돌,운전자법규위반,중앙선 침범,단일로,기타단일로,이륜차,화물차,126.6043645,35.05162737
14316,2015,2015-08-03 13:05,주,월,1,2,1,0,전남,고흥군,차대차,주정차중 추돌,운전자법규위반,안전운전 의무 불이행,단일로,기타단일로,승합차,화물차,127.2512811,34.74944333
14317,2015,2015-08-03 17:23,주,월,1,1,0,0,경기,파주시,차대차,기타,운전자법규위반,안전운전 의무 불이행,단일로,기타단일로,원동기장치자전거,화물차,126.80581880000001,37.73414247
14318,2015,2015-08-03 17:05,주,월,1,1,0,0,강원,강릉시,차량단독,공작물충돌,운전자법규위반,안전운전 의무 불이행,단일로,기타단일로,승용차,없음,128.8937639,37.75003624
14319,2015,2015-08-03 17:13,주,월,1,1,0,0,충북,제천시,차대차,측면충돌,운전자법규위반,과속,단일로,기타단일로,승용차,원동기장치자전거,128.1873364,37.13039854
14320,2015,2015-08-03 19:55,야,월,1,1,0,0,충남,당진시,차대차,정면충돌,운전자법규위반,중앙선 침범,단일로,기타단일로,이륜차,승용차,126.58941100000001,36.9854617
14321,2015,2015-08-03 21:30,야,월,1,1,0,0,경기,남양주시,차대사람,횡단중,운전자법규위반,안전운전 의무 불이행,단일로,기타단일로,승용차,보행자,127.12530120000001,37.69814977
14322,2015,2015-08-04 01:16,야,화,1,1,0,0,부산,금정구,차량단독,기타,운전자법규위반,안전운전 의무 불이행,단일로,기타단일로,이륜차,없음,129.0879173,35.23941343
14323,2015,2015-08-04 03:40,야,화,1,5,3,1,충남,태안군,차대차,정면충돌,운전자법규위반,중앙선 침범,교차로,교차로부근,승용차,화물차,126.3004291,36.74335301
14324,2015,2015-08-04 04:50,야,화,1,1,0,0,경남,창원시(통합),차대차,측면충돌,운전자법규위반,신호위반,교차로,교차로부근,자전거,승용차,128.6888103,35.22254239
14325,2015,2015-08-04 05:35,야,화,1,3,2,0,경기,파주시,차대차,정면충돌,운전자법규위반,중앙선 침범,단일로,기타단일로,승용차,승용차,126.71865109999999,37.80082521
14326,2015,2015-08-04 05:50,야,화,1,1,0,0,강원,속초시,차량단독,공작물충돌,운전자법규위반,안전운전 의무 불이행,단일로,기타단일로,이륜차,없음,128.5782311,38.188742100000006
14327,2015,2015-08-04 06:40,주,화,1,1,0,0,충남,부여군,차량단독,공작물충돌,운전자법규위반,안전운전 의무 불이행,교차로,교차로내,승용차,없음,126.7538875,36.2043664
14328,2015,2015-08-04 08:50,주,화,1,1,0,0,전북,전주시,차대사람,횡단중,운전자법규위반,안전운전 의무 불이행,단일로,기타단일로,화물차,보행자,127.16168529999999,35.84790581
14329,2015,2015-08-04 16:25,주,화,1,4,3,0,광주,북구,차대차,측면충돌,운전자법규위반,안전운전 의무 불이행,단일로,기타단일로,승용차,승용차,126.86908249999999,35.2201986
14330,2015,2015-08-04 18:29,야,화,1,1,0,0,부산,금정구,차대사람,보도통행중,운전자법규위반,보행자 보호의무 위반,교차로,교차로부근,승합차,보행자,129.0904529,35.25332773
14331,2015,2015-08-04 19:50,야,화,1,1,0,0,서울,용산구,차대사람,기타,운전자법규위반,안전운전 의무 불이행,단일로,횡단보도상,승용차,보행자,126.9715794,37.54943433
14332,2015,2015-08-04 19:54,야,화,1,1,0,0,경북,포항시,차대사람,기타,운전자법규위반,중앙선 침범,단일로,기타단일로,승용차,보행자,129.35171770000002,36.01042071
14333,2015,2015-08-04 20:05,야,화,1,2,0,1,전북,고창군,차대차,진행중 추돌,운전자법규위반,안전운전 의무 불이행,단일로,기타단일로,원동기장치자전거,농기계,126.6740996,35.52080124
14334,2015,2015-08-04 23:00,야,화,1,1,0,0,경기,남양주시,차대사람,횡단중,운전자법규위반,안전운전 의무 불이행,교차로,교차로부근,화물차,보행자,127.1912733,37.62735154
14335,2015,2015-08-04 23:40,야,화,1,1,0,0,강원,태백시,차대사람,보도통행중,운전자법규위반,보행자 보호의무 위반,단일로,기타단일로,화물차,보행자,128.96131929999999,37.19820289
14336,2015,2015-08-05 00:39,야,수,1,1,0,0,경기,수원시,차대사람,횡단중,운전자법규위반,안전운전 의무 불이행,교차로,교차로부근,승용차,보행자,126.9734186,37.27507543
14337,2015,2015-08-05 03:34,야,수,1,1,0,0,인천,남구,차대사람,횡단중,운전자법규위반,안전운전 의무 불이행,단일로,기타단일로,승용차,보행자,126.6788652,37.45847187
14338,2015,2015-08-05 04:30,야,수,1,1,0,0,경기,양평군,차대차,진행중 추돌,운전자법규위반,안전운전 의무 불이행,단일로,기타단일로,승용차,원동기장치자전거,127.6086142,37.41730032
14339,2015,2015-08-05 05:59,야,수,1,1,0,0,경기,화성시,차량단독,공작물충돌,운전자법규위반,안전운전 의무 불이행,단일로,기타단일로,승용차,없음,127.0825879,37.21692878
14340,2015,2015-08-05 09:35,주,수,1,1,0,0,경남,양산시,차대사람,기타,운전자법규위반,안전운전 의무 불이행,기타/불명,기타/불명,승용차,보행자,129.04004579999997,35.34439137
14341,2015,2015-08-05 10:10,주,수,1,4,0,3,전남,무안군,차대차,측면충돌,운전자법규위반,신호위반,교차로,교차로내,승용차,승용차,126.34969790000001,34.96177421
14342,2015,2015-08-05 11:00,주,수,1,1,0,0,전남,광양시,차대차,주정차중 추돌,운전자법규위반,안전운전 의무 불이행,단일로,기타단일로,승용차,농기계,127.61155330000001,34.96307594
14343,2015,2015-08-05 11:45,주,수,1,1,0,0,경남,김해시,차대차,기타,운전자법규위반,중앙선 침범,단일로,기타단일로,승용차,승용차,128.8024497,35.17401002
14344,2015,2015-08-05 15:28,주,수,1,3,2,0,충남,논산시,차대차,주정차중 추돌,운전자법규위반,안전운전 의무 불이행,교차로,교차로부근,화물차,승용차,127.08462549999999,36.1959189
14345,2015,2015-08-05 15:40,주,수,1,1,0,0,충남,예산군,차량단독,기타,운전자법규위반,안전운전 의무 불이행,단일로,기타단일로,원동기장치자전거,없음,126.8192841,36.720246200000005
14346,2015,2015-08-05 15:25,주,수,1,1,0,0,광주,서구,차대차,측면충돌,운전자법규위반,신호위반,교차로,교차로내,이륜차,승용차,126.85581040000001,35.15878628
14347,2015,2015-08-05 17:35,주,수,3,9,5,1,전북,고창군,차대차,정면충돌,운전자법규위반,중앙선 침범,단일로,기타단일로,승용차,승합차,126.5037723,35.45128858
14348,2015,2015-08-05 17:00,주,수,1,1,0,0,경북,경주시,차량단독,공작물충돌,운전자법규위반,안전운전 의무 불이행,단일로,기타단일로,이륜차,없음,129.0007257,35.79439395
14349,2015,2015-08-05 18:20,야,수,1,1,0,0,서울,강동구,차대차,측면충돌,운전자법규위반,신호위반,교차로,교차로내,화물차,이륜차,127.17358329999999,37.54685848
14350,2015,2015-08-05 18:55,야,수,1,1,0,0,경기,고양시,차대차,진행중 추돌,운전자법규위반,신호위반,교차로,교차로내,승용차,이륜차,126.8818893,37.63036369
14351,2015,2015-08-05 21:00,야,수,1,1,0,0,전북,정읍시,차량단독,공작물충돌,운전자법규위반,안전운전 의무 불이행,단일로,기타단일로,원동기장치자전거,없음,126.7198414,35.61240505
14352,2015,2015-08-05 22:50,야,수,1,1,0,0,충북,증평군,차량단독,도로이탈 추락,운전자법규위반,안전운전 의무 불이행,단일로,기타단일로,화물차,없음,127.6130272,36.82281594
14353,2015,2015-08-06 04:24,야,목,1,1,0,0,경남,밀양시,차대사람,횡단중,운전자법규위반,보행자 보호의무 위반,교차로,교차로내,화물차,보행자,128.7617773,35.4686402
14354,2015,2015-08-06 05:20,야,목,1,1,0,0,충남,아산시,차대사람,횡단중,운전자법규위반,보행자 보호의무 위반,단일로,횡단보도상,승용차,보행자,127.0072476,36.79071126
14355,2015,2015-08-06 06:35,주,목,1,1,0,0,충북,음성군,차대차,측면충돌,운전자법규위반,신호위반,교차로,교차로내,이륜차,승용차,127.6979361,36.92876173
14356,2015,2015-08-06 07:30,주,목,1,1,0,0,경기,안성시,차량단독,도로이탈 추락,운전자법규위반,안전운전 의무 불이행,단일로,기타단일로,특수차,없음,127.31845929999999,36.94221955
14357,2015,2015-08-06 07:15,주,목,1,1,0,0,경북,경주시,차량단독,전도전복,운전자법규위반,안전운전 의무 불이행,단일로,기타단일로,이륜차,없음,129.1207939,35.8546874
14358,2015,2015-08-06 09:40,주,목,1,1,0,0,경기,안성시,차대차,진행중 추돌,운전자법규위반,안전운전 의무 불이행,단일로,기타단일로,이륜차,승용차,127.2483566,37.07583824
14359,2015,2015-08-06 09:00,주,목,1,2,0,1,충북,청주시,차대사람,횡단중,운전자법규위반,안전운전 의무 불이행,단일로,기타단일로,승합차,보행자,127.42712279999999,36.62539514
14360,2015,2015-08-06 10:43,주,목,1,4,1,2,경기,안성시,차대차,측면충돌,운전자법규위반,직진 및 우회전차의 통행방해,교차로,교차로내,승합차,화물차,127.4179668,37.07305702
14361,2015,2015-08-06 11:15,주,목,1,1,0,0,강원,춘천시,차량단독,전도전복,운전자법규위반,안전운전 의무 불이행,단일로,기타단일로,원동기장치자전거,없음,128.0003399,37.91717985
14362,2015,2015-08-06 12:55,주,목,1,3,1,1,서울,금천구,차대사람,기타,운전자법규위반,기타(운전자법규위반),기타/불명,기타/불명,승용차,보행자,126.8853558,37.45956766
14363,2015,2015-08-06 12:55,주,목,1,3,1,1,경기,광명시,차대사람,기타,운전자법규위반,기타(운전자법규위반),단일로,기타단일로,승용차,보행자,126.8853568,37.45944147
14364,2015,2015-08-06 12:21,주,목,1,2,1,0,경남,합천군,차대차,정면충돌,운전자법규위반,중앙선 침범,단일로,기타단일로,화물차,화물차,128.1162578,35.38969099
14365,2015,2015-08-06 16:56,주,목,1,1,0,0,경기,시흥시,차대사람,길가장자리구역통행중,운전자법규위반,안전운전 의무 불이행,교차로,교차로부근,화물차,보행자,126.81545259999999,37.41139331
14366,2015,2015-08-06 17:05,주,목,1,1,0,0,경기,안산시,차대차,기타,운전자법규위반,안전거리 미확보,단일로,기타단일로,자전거,화물차,126.78061969999999,37.30205766
14367,2015,2015-08-06 18:30,야,목,1,1,0,0,서울,성동구,차량단독,공작물충돌,운전자법규위반,안전운전 의무 불이행,단일로,지하차도(도로)내,이륜차,없음,127.04626200000001,37.57107178
14368,2015,2015-08-06 18:40,야,목,2,6,1,3,전북,완주군,차대차,진행중 추돌,운전자법규위반,과속,단일로,기타단일로,승용차,승합차,127.0860743,35.94060096
14369,2015,2015-08-06 22:40,야,목,1,2,1,0,부산,사상구,차대차,측면충돌,운전자법규위반,신호위반,교차로,교차로내,승용차,원동기장치자전거,128.984072,35.19383888
14370,2015,2015-08-06 22:40,야,목,1,1,0,0,경기,가평군,차량단독,기타,운전자법규위반,신호위반,교차로,교차로부근,이륜차,없음,127.48008840000001,37.79657364
14371,2015,2015-08-07 02:20,야,금,1,4,3,0,경기,양주시,차량단독,공작물충돌,운전자법규위반,과속,단일로,기타단일로,승용차,없음,127.07710800000001,37.79099431
14372,2015,2015-08-07 03:05,야,금,1,1,0,0,충북,충주시,차량단독,공작물충돌,운전자법규위반,안전운전 의무 불이행,단일로,기타단일로,승용차,없음,127.81984990000001,36.97430121
14373,2015,2015-08-07 06:00,주,금,1,2,0,1,경기,고양시,차대차,측면충돌,운전자법규위반,신호위반,교차로,교차로내,승용차,화물차,126.8424506,37.69459534
14374,2015,2015-08-07 09:40,주,금,1,4,3,0,강원,춘천시,차대차,주정차중 추돌,운전자법규위반,안전운전 의무 불이행,단일로,기타단일로,화물차,승용차,127.78332759999998,37.76976917
14375,2015,2015-08-07 09:20,주,금,1,1,0,0,경북,경주시,차대사람,기타,운전자법규위반,보행자 보호의무 위반,교차로,교차로부근,화물차,보행자,129.2100592,35.85008725
14376,2015,2015-08-07 09:20,주,금,1,2,0,1,경북,포항시,차대차,진행중 추돌,운전자법규위반,안전운전 의무 불이행,교차로,교차로부근,특수차,건설기계,129.3425808,36.01208491
14377,2015,2015-08-07 10:50,주,금,1,2,0,1,광주,광산구,차대차,측면충돌,운전자법규위반,중앙선 침범,단일로,기타단일로,승용차,화물차,126.69729879999998,35.16307855
14378,2015,2015-08-07 12:15,주,금,1,1,0,0,전남,여수시,차대사람,횡단중,운전자법규위반,안전운전 의무 불이행,교차로,교차로부근,화물차,보행자,127.63811570000001,34.77297506
14379,2015,2015-08-07 13:20,주,금,2,6,4,0,경기,남양주시,차대차,측면충돌,운전자법규위반,안전운전 의무 불이행,단일로,기타단일로,승용차,승용차,127.27245079999999,37.61207792
14380,2015,2015-08-07 14:05,주,금,1,1,0,0,대전,대덕구,차대사람,기타,운전자법규위반,안전운전 의무 불이행,단일로,횡단보도상,화물차,보행자,127.42874259999999,36.45211273
14381,2015,2015-08-07 16:15,주,금,1,1,0,0,충북,충주시,차량단독,도로이탈 기타,운전자법규위반,안전운전 의무 불이행,단일로,기타단일로,화물차,없음,127.70297790000001,37.04303824
14382,2015,2015-08-07 18:49,야,금,1,2,1,0,경남,양산시,차량단독,공작물충돌,운전자법규위반,안전운전 의무 불이행,교차로,교차로내,원동기장치자전거,없음,129.1624794,35.39843161
14383,2015,2015-08-07 21:20,야,금,1,1,0,0,경북,포항시,차대사람,횡단중,운전자법규위반,안전운전 의무 불이행,단일로,횡단보도상,승용차,보행자,129.35610970000002,36.0103528
14384,2015,2015-08-07 22:35,야,금,1,2,0,1,광주,남구,차대사람,차도통행중,운전자법규위반,안전운전 의무 불이행,단일로,횡단보도부근,승용차,보행자,126.902029,35.14011446
14385,2015,2015-08-08 00:28,야,토,1,1,0,0,전남,목포시,차대사람,횡단중,운전자법규위반,안전운전 의무 불이행,기타/불명,기타/불명,승용차,보행자,126.39731770000002,34.79342505
14386,2015,2015-08-08 11:00,주,토,2,5,2,1,전남,고흥군,차대차,정면충돌,운전자법규위반,중앙선 침범,단일로,기타단일로,화물차,승용차,127.42221869999999,34.53018401
14387,2015,2015-08-08 11:09,주,토,1,1,0,0,대전,동구,차대차,측면충돌,운전자법규위반,안전운전 의무 불이행,교차로,교차로내,원동기장치자전거,승용차,127.43721780000001,36.35425063
14388,2015,2015-08-08 14:58,주,토,1,1,0,0,경북,영천시,차대차,기타,운전자법규위반,안전운전 의무 불이행,단일로,기타단일로,화물차,특수차,128.93849170000001,35.91690586
14389,2015,2015-08-08 15:10,주,토,1,1,0,0,충남,천안시,차량단독,공작물충돌,운전자법규위반,안전운전 의무 불이행,단일로,기타단일로,화물차,없음,127.25731709999998,36.91501272
14390,2015,2015-08-08 15:00,주,토,1,1,0,0,전북,임실군,차량단독,전도전복,운전자법규위반,안전운전 의무 불이행,단일로,교량위,자전거,없음,127.1511129,35.49417182
14391,2015,2015-08-08 17:50,주,토,1,2,1,0,경북,포항시,차량단독,공작물충돌,운전자법규위반,안전운전 의무 불이행,단일로,기타단일로,원동기장치자전거,없음,129.32441709999998,36.24197611
14392,2015,2015-08-08 18:17,야,토,1,1,0,0,경기,안양시,차대사람,기타,운전자법규위반,안전운전 의무 불이행,교차로,교차로부근,승용차,보행자,126.93355009999999,37.41869727
14393,2015,2015-08-08 19:58,야,토,1,1,0,0,경북,경주시,차대사람,기타,운전자법규위반,보행자 보호의무 위반,교차로,교차로내,승용차,보행자,129.31272090000002,35.7719652
14394,2015,2015-08-08 20:55,야,토,1,1,0,0,충북,청주시,차대사람,횡단중,운전자법규위반,안전운전 의무 불이행,단일로,횡단보도상,화물차,보행자,127.61630009999999,36.59912697
14395,2015,2015-08-09 01:25,야,일,1,1,0,0,충남,홍성군,차량단독,공작물충돌,운전자법규위반,안전운전 의무 불이행,단일로,기타단일로,승용차,없음,126.6319577,36.58557448
14396,2015,2015-08-09 03:35,야,일,1,1,0,0,경기,남양주시,차량단독,공작물충돌,운전자법규위반,안전운전 의무 불이행,단일로,기타단일로,이륜차,없음,127.120181,37.665631299999994
14397,2015,2015-08-09 05:15,야,일,1,1,0,0,전북,군산시,차대사람,보도통행중,운전자법규위반,안전운전 의무 불이행,교차로,교차로부근,승용차,보행자,126.7201209,35.98007871
14398,2015,2015-08-09 05:14,야,일,1,1,0,0,경남,사천시,차대차,진행중 추돌,운전자법규위반,안전운전 의무 불이행,단일로,기타단일로,화물차,농기계,127.92487009999999,35.10633628
14399,2015,2015-08-09 05:10,야,일,2,2,0,0,제주,서귀포시,차대차,진행중 추돌,운전자법규위반,안전운전 의무 불이행,단일로,기타단일로,승합차,농기계,126.62467079999999,33.26345697
14400,2015,2015-08-09 12:00,주,일,1,1,0,0,강원,춘천시,차량단독,공작물충돌,운전자법규위반,안전운전 의무 불이행,단일로,기타단일로,이륜차,없음,127.86825259999998,37.84633812
14401,2015,2015-08-09 15:25,주,일,1,1,0,0,경북,영주시,차대차,측면충돌,운전자법규위반,안전운전 의무 불이행,단일로,기타단일로,이륜차,승용차,128.6192025,36.82099174
14402,2015,2015-08-09 18:30,야,일,1,1,0,0,경북,영천시,차대차,진행중 추돌,운전자법규위반,안전운전 의무 불이행,단일로,기타단일로,승용차,자전거,128.9161239,36.105911299999995
14403,2015,2015-08-09 19:20,야,일,1,1,0,0,경기,동두천시,차대차,진행중 추돌,운전자법규위반,안전운전 의무 불이행,단일로,기타단일로,승용차,자전거,127.0598524,37.9444682
14404,2015,2015-08-09 20:22,야,일,1,1,0,0,강원,원주시,차대사람,차도통행중,운전자법규위반,안전운전 의무 불이행,단일로,기타단일로,승용차,보행자,127.9769725,37.43549707
14405,2015,2015-08-09 21:50,야,일,1,1,0,0,경기,고양시,차대사람,횡단중,운전자법규위반,안전운전 의무 불이행,단일로,기타단일로,승용차,보행자,126.77341159999999,37.68367175
14406,2015,2015-08-09 21:15,야,일,1,1,0,0,경남,창원시(통합),차대차,측면충돌,운전자법규위반,안전운전 의무 불이행,교차로,교차로내,승합차,원동기장치자전거,128.52299820000002,35.26061059
14407,2015,2015-08-09 21:54,야,일,1,1,0,0,인천,남구,차대차,측면충돌,운전자법규위반,안전운전 의무 불이행,단일로,기타단일로,승용차,이륜차,126.68566270000001,37.45097821
14408,2015,2015-08-09 22:18,야,일,1,2,1,0,충남,청양군,차대차,진행중 추돌,운전자법규위반,안전운전 의무 불이행,단일로,기타단일로,화물차,농기계,126.9656186,36.40543282
14409,2015,2015-08-09 22:30,야,일,1,1,0,0,대전,중구,차대차,기타,운전자법규위반,안전운전 의무 불이행,단일로,기타단일로,승용차,자전거,127.39031229999999,36.31045584
14410,2015,2015-08-10 04:55,야,월,1,1,0,0,경기,부천시,차대차,기타,운전자법규위반,중앙선 침범,단일로,횡단보도부근,자전거,승용차,126.75117659999998,37.48872743
14411,2015,2015-08-10 08:20,주,월,1,1,0,0,경남,함양군,차량단독,전도전복,운전자법규위반,안전운전 의무 불이행,단일로,기타단일로,이륜차,없음,127.77177379999999,35.5688023
14412,2015,2015-08-10 08:40,주,월,1,1,0,0,인천,동구,차대차,측면충돌,운전자법규위반,안전운전 의무 불이행,단일로,기타단일로,자전거,화물차,126.6407922,37.48240588
14413,2015,2015-08-10 09:15,주,월,1,1,0,0,부산,사하구,차대차,측면충돌,운전자법규위반,부당한 회전,교차로,교차로내,승용차,원동기장치자전거,128.9588884,35.09613851
14414,2015,2015-08-10 10:50,주,월,1,1,0,0,서울,성동구,차량단독,공작물충돌,운전자법규위반,안전운전 의무 불이행,단일로,기타단일로,이륜차,없음,127.04856799999999,37.56988183
14415,2015,2015-08-10 14:00,주,월,1,1,0,0,경기,평택시,차대차,측면충돌,운전자법규위반,안전운전 의무 불이행,교차로,교차로내,화물차,원동기장치자전거,127.07138529999999,36.99509441
14416,2015,2015-08-10 14:25,주,월,1,2,1,0,경기,안산시,차대차,정면충돌,운전자법규위반,중앙선 침범,단일로,기타단일로,승용차,승용차,126.5722915,37.28566328
14417,2015,2015-08-10 14:00,주,월,1,1,0,0,제주,제주시,차대사람,횡단중,운전자법규위반,안전운전 의무 불이행,단일로,기타단일로,화물차,보행자,126.502039,33.50452938
14418,2015,2015-08-10 18:10,야,월,1,1,0,0,경기,수원시,차대차,측면충돌,운전자법규위반,신호위반,교차로,교차로내,승용차,이륜차,126.99164499999999,37.31049856
14419,2015,2015-08-10 18:14,야,월,1,1,0,0,경기,의왕시,차량단독,공작물충돌,운전자법규위반,안전운전 의무 불이행,단일로,기타단일로,화물차,없음,127.0184649,37.39425886
14420,2015,2015-08-10 19:17,야,월,1,1,0,0,경기,광명시,차대사람,횡단중,운전자법규위반,신호위반,교차로,교차로부근,승합차,보행자,126.866951,37.47124222
14421,2015,2015-08-10 20:15,야,월,1,1,0,0,전북,정읍시,차대사람,기타,운전자법규위반,안전운전 의무 불이행,교차로,교차로부근,승용차,보행자,126.89633970000001,35.68548596
14422,2015,2015-08-11 00:00,야,화,1,1,0,0,경기,안산시,차대차,기타,운전자법규위반,안전운전 의무 불이행,단일로,기타단일로,승용차,이륜차,126.8539722,37.30754657
14423,2015,2015-08-11 05:00,야,화,1,1,0,0,경남,함안군,차대차,주정차중 추돌,운전자법규위반,안전운전 의무 불이행,단일로,기타단일로,화물차,화물차,128.4046536,35.28700734
14424,2015,2015-08-11 08:32,주,화,1,3,0,2,전남,영광군,차대차,측면충돌,운전자법규위반,중앙선 침범,단일로,기타단일로,화물차,화물차,126.39273940000001,35.22347814
14425,2015,2015-08-11 13:50,주,화,1,1,0,0,경북,의성군,차대차,측면충돌,운전자법규위반,안전운전 의무 불이행,단일로,기타단일로,이륜차,승용차,128.4227661,36.51281082
14426,2015,2015-08-11 15:50,주,화,1,1,0,0,강원,삼척시,차대사람,횡단중,운전자법규위반,안전운전 의무 불이행,교차로,교차로내,건설기계,보행자,129.1795784,37.43058209
14427,2015,2015-08-11 16:40,주,화,1,1,0,0,경기,파주시,차대사람,횡단중,운전자법규위반,보행자 보호의무 위반,교차로,교차로내,건설기계,보행자,126.7977595,37.73792531
14428,2015,2015-08-11 18:35,야,화,1,1,0,0,경북,성주군,차대사람,기타,운전자법규위반,안전운전 의무 불이행,교차로,교차로내,승용차,보행자,128.2900227,35.91935437
14429,2015,2015-08-11 19:30,야,화,1,1,0,0,경남,창원시(통합),차대사람,횡단중,운전자법규위반,안전운전 의무 불이행,단일로,기타단일로,승합차,보행자,128.711758,35.32918568
14430,2015,2015-08-12 00:16,야,수,1,1,0,0,경남,창원시(통합),차대사람,길가장자리구역통행중,운전자법규위반,보행자 보호의무 위반,교차로,교차로내,화물차,보행자,128.5045056,35.23459033
14431,2015,2015-08-12 03:10,야,수,1,1,0,0,전북,김제시,차량단독,도로이탈 추락,운전자법규위반,안전운전 의무 불이행,단일로,기타단일로,원동기장치자전거,없음,126.83318229999999,35.87476989
14432,2015,2015-08-12 07:01,주,수,1,1,0,0,전남,광양시,차량단독,전도전복,운전자법규위반,안전운전 의무 불이행,단일로,기타단일로,승용차,없음,127.7081666,34.94180275
14433,2015,2015-08-12 11:40,주,수,1,1,0,0,경기,군포시,차대사람,횡단중,운전자법규위반,안전운전 의무 불이행,교차로,교차로내,화물차,보행자,126.9446524,37.35068727
14434,2015,2015-08-12 15:13,주,수,1,1,0,0,경남,고성군,차대사람,길가장자리구역통행중,운전자법규위반,안전운전 의무 불이행,단일로,기타단일로,승용차,보행자,128.45984040000002,35.04449086