,발생년,발생년월일시분,주야,요일,사망자수,사상자수,중상자수,경상자수,발생지시도,발생지시군구,사고유형_대분류,사고유형,법규위반_대분류,법규위반,도로형태_대분류,도로형태,가해자_당사자종별,피해자_당사자종별,경도,위도
14721,2015,2015-09-04 10:15,주,금,1,1,0,0,경남,거제시,차대차,기타,운전자법규위반,안전운전 의무 불이행,단일로,기타단일로,승용차,승용차,128.5818547,34.91087034
14722,2015,2015-09-04 14:30,주,금,1,2,1,0,강원,평창군,차대차,정면충돌,운전자법규위반,중앙선 침범,단일로,기타단일로,승용차,화물차,128.5297,37.58520891
14723,2015,2015-09-04 16:42,주,금,1,1,0,0,경기,연천군,차대차,진행중 추돌,운전자법규위반,안전운전 의무 불이행,단일로,기타단일로,화물차,원동기장치자전거,127.0681209,38.01150052
14724,2015,2015-09-04 16:40,주,금,1,3,0,2,경기,안성시,차대차,측면충돌,운전자법규위반,안전거리 미확보,단일로,기타단일로,특수차,승합차,127.1384017,37.03951485
14725,2015,2015-09-04 18:58,야,금,1,1,0,0,경기,부천시,차대사람,기타,운전자법규위반,안전운전 의무 불이행,교차로,교차로내,화물차,보행자,126.79880779999999,37.51068817
14726,2015,2015-09-04 18:00,야,금,1,1,0,0,충북,제천시,차대차,측면충돌,운전자법규위반,중앙선 침범,단일로,기타단일로,자전거,승용차,128.1706598,37.15716571
14727,2015,2015-09-04 18:00,야,금,1,1,0,0,전북,남원시,차량단독,전도전복,운전자법규위반,안전운전 의무 불이행,단일로,기타단일로,농기계,없음,127.45637020000001,35.48213329
14728,2015,2015-09-04 19:50,야,금,1,1,0,0,강원,홍천군,차대사람,횡단중,운전자법규위반,안전운전 의무 불이행,단일로,기타단일로,승용차,보행자,127.8320121,37.65970053
14729,2015,2015-09-04 20:38,야,금,1,1,0,0,경기,포천시,차대사람,횡단중,운전자법규위반,안전운전 의무 불이행,교차로,교차로내,승용차,보행자,127.2263892,37.76739731
14730,2015,2015-09-04 20:30,야,금,1,1,0,0,경기,수원시,차대차,측면충돌,운전자법규위반,차로위반(진로변경 위반),단일로,기타단일로,승용차,원동기장치자전거,126.99377779999999,37.26841281
14731,2015,2015-09-04 22:20,야,금,1,1,0,0,충남,홍성군,차대차,주정차중 추돌,운전자법규위반,안전운전 의무 불이행,교차로,교차로부근,이륜차,화물차,126.6621456,36.59530109
14732,2015,2015-09-05 00:15,야,토,1,1,0,0,서울,중구,차대사람,횡단중,운전자법규위반,안전운전 의무 불이행,교차로,교차로부근,승용차,보행자,126.9861422,37.56612938
14733,2015,2015-09-05 08:20,주,토,1,1,0,0,충남,예산군,차대차,진행중 추돌,운전자법규위반,안전운전 의무 불이행,교차로,교차로내,화물차,원동기장치자전거,126.69833159999999,36.74226387
14734,2015,2015-09-05 12:08,주,토,1,1,0,0,전남,해남군,차대차,측면충돌,운전자법규위반,안전운전 의무 불이행,단일로,기타단일로,이륜차,승합차,126.51750929999999,34.36835567
14735,2015,2015-09-05 14:35,주,토,1,1,0,0,서울,성북구,차량단독,전도전복,운전자법규위반,안전운전 의무 불이행,단일로,기타단일로,자전거,없음,127.07078359999998,37.61362589
14736,2015,2015-09-05 17:30,주,토,1,2,0,1,전북,진안군,차대차,측면충돌,운전자법규위반,과속,교차로,교차로부근,화물차,승용차,127.4088355,35.78190696
14737,2015,2015-09-05 18:45,야,토,1,1,0,0,충남,천안시,차대차,정면충돌,운전자법규위반,중앙선 침범,단일로,기타단일로,승용차,승합차,127.19208300000001,36.91149913
14738,2015,2015-09-05 18:25,야,토,1,1,0,0,경북,예천군,차량단독,공작물충돌,운전자법규위반,안전운전 의무 불이행,단일로,기타단일로,원동기장치자전거,없음,128.41204059999998,36.63597158
14739,2015,2015-09-05 21:45,야,토,1,1,0,0,경남,합천군,차량단독,도로이탈 기타,운전자법규위반,안전운전 의무 불이행,단일로,기타단일로,승용차,없음,128.01092749999998,35.52749676
14740,2015,2015-09-05 23:10,야,토,1,1,0,0,대구,달서구,차대사람,횡단중,운전자법규위반,안전운전 의무 불이행,교차로,교차로부근,승용차,보행자,128.5666859,35.84698334
14741,2015,2015-09-06 00:15,야,일,1,5,3,1,부산,부산진구,차대차,기타,운전자법규위반,신호위반,교차로,교차로내,승용차,승용차,129.0320322,35.15382317
14742,2015,2015-09-06 02:15,야,일,1,3,1,1,서울,마포구,차대사람,횡단중,운전자법규위반,안전운전 의무 불이행,단일로,기타단일로,원동기장치자전거,보행자,126.9622982,37.55152953
14743,2015,2015-09-06 10:25,주,일,1,1,0,0,서울,광진구,차대차,기타,운전자법규위반,신호위반,교차로,교차로내,승용차,원동기장치자전거,127.0869237,37.56346044
14744,2015,2015-09-06 10:20,주,일,1,2,0,1,충남,서천군,차대차,정면충돌,운전자법규위반,중앙선 침범,단일로,기타단일로,이륜차,승용차,126.65879450000001,36.09672276
14745,2015,2015-09-06 14:50,주,일,1,2,0,1,전북,완주군,차대차,진행중 추돌,운전자법규위반,안전운전 의무 불이행,단일로,기타단일로,이륜차,화물차,127.23691090000001,35.71380612
14746,2015,2015-09-06 16:10,주,일,1,1,0,0,경기,평택시,차량단독,공작물충돌,운전자법규위반,기타(운전자법규위반),단일로,기타단일로,원동기장치자전거,없음,127.05859209999998,37.05604741
14747,2015,2015-09-06 16:17,주,일,1,4,3,0,강원,양구군,차량단독,공작물충돌,운전자법규위반,안전운전 의무 불이행,단일로,기타단일로,화물차,없음,127.9878683,38.06469119
14748,2015,2015-09-06 21:10,야,일,1,2,0,1,경기,양주시,차대차,측면충돌,운전자법규위반,부당한 회전,단일로,기타단일로,승용차,이륜차,127.0545632,37.84958656
14749,2015,2015-09-06 22:20,야,일,1,2,1,0,인천,서구,차대차,정면충돌,운전자법규위반,신호위반,단일로,기타단일로,원동기장치자전거,승합차,126.6742305,37.48611451
14750,2015,2015-09-06 23:27,야,일,1,1,0,0,대전,서구,차량단독,전도전복,운전자법규위반,안전운전 의무 불이행,교차로,교차로부근,이륜차,없음,127.3949496,36.35771892
14751,2015,2015-09-07 03:50,야,월,1,13,3,9,경북,경주시,차대차,진행중 추돌,운전자법규위반,안전운전 의무 불이행,단일로,기타단일로,승합차,화물차,129.19166040000002,35.78352879
14752,2015,2015-09-07 05:20,야,월,1,1,0,0,강원,강릉시,차대사람,보도통행중,운전자법규위반,안전운전 의무 불이행,단일로,기타단일로,화물차,보행자,128.9061812,37.75841463
14753,2015,2015-09-07 05:30,야,월,1,1,0,0,전북,전주시,차대사람,횡단중,운전자법규위반,과속,단일로,기타단일로,승용차,보행자,127.1571881,35.85587233
14754,2015,2015-09-07 05:05,야,월,1,1,0,0,경북,경산시,차대사람,차도통행중,운전자법규위반,안전운전 의무 불이행,단일로,기타단일로,화물차,보행자,128.7297055,35.78873567
14755,2015,2015-09-07 12:50,주,월,1,1,0,0,경기,포천시,차대차,기타,운전자법규위반,서행 및 일시정지위반,교차로,교차로내,화물차,원동기장치자전거,127.2791773,37.88459789
14756,2015,2015-09-07 12:15,주,월,1,1,0,0,울산,동구,차대차,측면충돌,운전자법규위반,안전운전 의무 불이행,교차로,교차로내,승용차,자전거,129.424747,35.50325841
14757,2015,2015-09-07 13:44,주,월,1,4,1,2,경기,용인시,차대차,기타,운전자법규위반,안전거리 미확보,단일로,기타단일로,화물차,승용차,127.1364307,37.04960125
14758,2015,2015-09-07 13:17,주,월,1,2,1,0,충북,음성군,차량단독,공작물충돌,운전자법규위반,안전운전 의무 불이행,단일로,기타단일로,승합차,없음,127.64727590000001,36.94771174
14759,2015,2015-09-07 16:55,주,월,1,1,0,0,강원,영월군,차대사람,횡단중,운전자법규위반,보행자 보호의무 위반,단일로,횡단보도상,승용차,보행자,128.4668571,37.18356697
14760,2015,2015-09-07 16:53,주,월,1,1,0,0,대구,달서구,차대사람,횡단중,운전자법규위반,안전운전 의무 불이행,교차로,교차로내,화물차,보행자,128.5501286,35.80645926
14761,2015,2015-09-07 19:20,야,월,1,1,0,0,경북,김천시,차대차,진행중 추돌,운전자법규위반,안전운전 의무 불이행,단일로,기타단일로,화물차,이륜차,128.2156601,36.15720319
14762,2015,2015-09-07 21:24,야,월,1,1,0,0,제주,제주시,차대사람,횡단중,운전자법규위반,안전운전 의무 불이행,단일로,기타단일로,승합차,보행자,126.5703027,33.51910151
14763,2015,2015-09-08 00:05,야,화,1,1,0,0,전북,완주군,차대사람,차도통행중,운전자법규위반,안전운전 의무 불이행,단일로,기타단일로,승용차,보행자,127.003192,35.81970272
14764,2015,2015-09-08 04:25,야,화,1,1,0,0,서울,성북구,차량단독,공작물충돌,운전자법규위반,안전운전 의무 불이행,단일로,기타단일로,승합차,없음,127.00235420000001,37.60741732
14765,2015,2015-09-08 05:43,야,화,1,1,0,0,경기,안양시,차대차,측면충돌,운전자법규위반,신호위반,교차로,교차로내,원동기장치자전거,화물차,126.94455719999999,37.39882923
14766,2015,2015-09-08 06:45,주,화,2,3,0,1,경기,부천시,차대사람,차도통행중,운전자법규위반,안전운전 의무 불이행,교차로,교차로부근,승용차,보행자,126.7566437,37.48835635
14767,2015,2015-09-08 09:40,주,화,1,2,1,0,경북,구미시,차대차,기타,운전자법규위반,안전운전 의무 불이행,단일로,기타단일로,화물차,화물차,128.4227252,36.16456755
14768,2015,2015-09-08 10:05,주,화,1,1,0,0,경남,함안군,차대차,진행중 추돌,운전자법규위반,안전운전 의무 불이행,단일로,터널안,화물차,이륜차,128.5234928,35.32524585
14769,2015,2015-09-08 13:45,주,화,1,2,1,0,경남,창녕군,차량단독,전도전복,운전자법규위반,안전운전 의무 불이행,단일로,기타단일로,농기계,없음,128.4218803,35.47043495
14770,2015,2015-09-08 15:00,주,화,1,1,0,0,경남,합천군,차대차,주정차중 추돌,운전자법규위반,안전운전 의무 불이행,단일로,기타단일로,이륜차,화물차,128.3210906,35.62881306
14771,2015,2015-09-08 17:50,주,화,1,1,0,0,대전,서구,차대차,측면충돌,운전자법규위반,신호위반,교차로,교차로내,승용차,자전거,127.40186580000001,36.35319005
14772,2015,2015-09-08 18:20,야,화,1,1,0,0,강원,횡성군,차량단독,전도전복,운전자법규위반,안전운전 의무 불이행,단일로,기타단일로,화물차,없음,128.1348954,37.50634907
14773,2015,2015-09-08 19:35,야,화,1,1,0,0,부산,강서구,차대차,정면충돌,운전자법규위반,안전운전 의무 불이행,교차로,교차로내,승합차,이륜차,128.89956659999999,35.08429611
14774,2015,2015-09-08 19:30,야,화,1,1,0,0,경북,상주시,차대차,진행중 추돌,운전자법규위반,안전운전 의무 불이행,교차로,교차로내,원동기장치자전거,승용차,128.0913957,36.2804647
14775,2015,2015-09-08 22:25,야,화,1,2,1,0,경남,함안군,차대차,진행중 추돌,운전자법규위반,안전운전 의무 불이행,단일로,기타단일로,승용차,원동기장치자전거,128.5326737,35.29191496
14776,2015,2015-09-09 02:15,야,수,1,3,1,0,경북,칠곡군,차대차,주정차중 추돌,운전자법규위반,안전운전 의무 불이행,단일로,기타단일로,화물차,화물차,128.4276173,35.99060345
14777,2015,2015-09-09 04:06,야,수,2,3,1,0,광주,서구,차대차,정면충돌,운전자법규위반,중앙선 침범,단일로,기타단일로,승합차,승용차,126.8573236,35.12832576
14778,2015,2015-09-09 08:55,주,수,1,1,0,0,경남,고성군,차량단독,공작물충돌,운전자법규위반,안전운전 의무 불이행,단일로,기타단일로,원동기장치자전거,없음,128.3879922,34.96842009
14779,2015,2015-09-09 09:45,주,수,1,3,2,0,충북,단양군,차대사람,길가장자리구역통행중,정비불량,정비불량 제차의 운전금지위반,단일로,기타단일로,화물차,보행자,128.26512730000002,37.08915956
14780,2015,2015-09-09 10:25,주,수,1,1,0,0,경기,김포시,차대차,진행중 추돌,운전자법규위반,안전운전 의무 불이행,단일로,기타단일로,원동기장치자전거,화물차,126.62027920000001,37.65725685
14781,2015,2015-09-09 10:02,주,수,1,2,1,0,전남,나주시,차대차,정면충돌,운전자법규위반,중앙선 침범,단일로,기타단일로,승용차,승용차,126.72666740000001,35.03564279
14782,2015,2015-09-09 12:35,주,수,1,1,0,0,전남,구례군,차량단독,전도전복,운전자법규위반,안전운전 의무 불이행,단일로,기타단일로,승용차,없음,127.43967169999999,35.328039200000006
14783,2015,2015-09-09 16:27,주,수,1,1,0,0,전북,고창군,차량단독,도로이탈 추락,운전자법규위반,안전운전 의무 불이행,단일로,기타단일로,이륜차,없음,126.64105759999998,35.43481553
14784,2015,2015-09-09 18:27,야,수,1,1,0,0,경기,화성시,차대차,진행중 추돌,운전자법규위반,안전운전 의무 불이행,교차로,교차로내,자전거,승용차,126.89407790000001,37.12281919
14785,2015,2015-09-09 19:00,야,수,1,1,0,0,경기,용인시,차대사람,횡단중,운전자법규위반,신호위반,교차로,교차로내,승용차,보행자,127.15035479999999,37.29379421
14786,2015,2015-09-09 20:00,야,수,1,1,0,0,경남,창원시(통합),차량단독,기타,운전자법규위반,안전운전 의무 불이행,교차로,교차로내,자전거,없음,128.6223111,35.26394081
14787,2015,2015-09-09 22:20,야,수,1,1,0,0,경기,김포시,차대사람,횡단중,운전자법규위반,안전운전 의무 불이행,단일로,기타단일로,승용차,보행자,126.5921667,37.65327634
14788,2015,2015-09-10 08:45,주,목,1,1,0,0,경기,화성시,차량단독,공작물충돌,운전자법규위반,안전운전 의무 불이행,교차로,교차로내,승용차,없음,126.7008551,37.22748862
14789,2015,2015-09-10 10:37,주,목,1,1,0,0,경기,광주시,차대차,진행중 추돌,운전자법규위반,안전운전 의무 불이행,단일로,기타단일로,승용차,자전거,127.27895490000002,37.47007222
14790,2015,2015-09-10 10:30,주,목,1,1,0,0,경북,군위군,차대사람,길가장자리구역통행중,운전자법규위반,안전운전 의무 불이행,단일로,기타단일로,승용차,보행자,128.4956795,36.27499623
14791,2015,2015-09-10 13:40,주,목,1,1,0,0,경기,안성시,차대차,측면충돌,운전자법규위반,안전거리 미확보,단일로,기타단일로,자전거,승용차,127.24890239999999,37.01262184
14792,2015,2015-09-10 13:40,주,목,1,1,0,0,경북,안동시,차대차,기타,운전자법규위반,중앙선 침범,단일로,기타단일로,불명,이륜차,128.69488529999998,36.61722631
14793,2015,2015-09-10 13:30,주,목,1,3,0,1,광주,광산구,차대차,진행중 추돌,운전자법규위반,과속,단일로,기타단일로,승용차,승용차,126.7429604,35.15413916
14794,2015,2015-09-10 14:02,주,목,1,3,2,0,전남,여수시,차대사람,보도통행중,운전자법규위반,안전운전 의무 불이행,단일로,기타단일로,승용차,보행자,127.7409341,34.74366054
14795,2015,2015-09-10 15:00,주,목,1,1,0,0,서울,노원구,차대차,기타,운전자법규위반,안전운전 의무 불이행,교차로,교차로내,자전거,승용차,127.0716119,37.65882206
14796,2015,2015-09-10 15:20,주,목,1,4,1,2,충북,옥천군,차대차,기타,운전자법규위반,중앙선 침범,단일로,기타단일로,이륜차,승용차,127.6578613,36.28114668
14797,2015,2015-09-10 17:20,주,목,1,1,0,0,경북,상주시,차대사람,횡단중,운전자법규위반,안전운전 의무 불이행,단일로,기타단일로,특수차,보행자,127.99133400000001,36.44642049
14798,2015,2015-09-10 19:52,야,목,1,1,0,0,울산,울주군,차대차,진행중 추돌,운전자법규위반,중앙선 침범,단일로,기타단일로,특수차,화물차,129.2670268,35.43073689
14799,2015,2015-09-10 22:34,야,목,1,2,1,0,전북,임실군,차대차,정면충돌,운전자법규위반,중앙선 침범,단일로,기타단일로,승용차,승용차,127.31795109999999,35.59559707
14800,2015,2015-09-11 01:11,야,금,1,1,0,0,충북,단양군,차량단독,공작물충돌,운전자법규위반,안전운전 의무 불이행,단일로,기타단일로,화물차,없음,128.3296575,36.94243512
14801,2015,2015-09-11 05:36,야,금,1,1,0,0,대구,동구,차대차,측면충돌,운전자법규위반,안전운전 의무 불이행,교차로,교차로내,자전거,승용차,128.6965271,35.86729861
14802,2015,2015-09-11 06:50,주,금,1,1,0,0,부산,부산진구,차대차,정면충돌,운전자법규위반,신호위반,교차로,교차로내,화물차,원동기장치자전거,129.0654314,35.16321465
14803,2015,2015-09-11 10:40,주,금,1,1,0,0,경남,산청군,차대사람,길가장자리구역통행중,운전자법규위반,안전운전 의무 불이행,단일로,기타단일로,화물차,보행자,127.84321570000002,35.35292257
14804,2015,2015-09-11 12:50,주,금,1,1,0,0,충북,충주시,차대차,기타,운전자법규위반,안전운전 의무 불이행,교차로,교차로내,화물차,자전거,127.7184855,37.05102444
14805,2015,2015-09-11 12:35,주,금,1,1,0,0,전북,남원시,차대사람,횡단중,운전자법규위반,안전운전 의무 불이행,단일로,기타단일로,승용차,보행자,127.39045390000001,35.4193456
14806,2015,2015-09-11 12:20,주,금,1,1,0,0,경남,산청군,차량단독,공작물충돌,운전자법규위반,안전운전 의무 불이행,단일로,기타단일로,이륜차,없음,127.84895520000002,35.4333991
14807,2015,2015-09-11 13:20,주,금,1,1,0,0,경남,고성군,차대차,기타,운전자법규위반,안전운전 의무 불이행,단일로,기타단일로,자전거,승용차,128.3272608,34.98892117
14808,2015,2015-09-11 15:20,주,금,1,2,1,0,경기,안성시,차대차,정면충돌,운전자법규위반,중앙선 침범,단일로,기타단일로,화물차,화물차,127.17503570000001,37.06093969
14809,2015,2015-09-11 16:30,주,금,1,1,0,0,경기,하남시,차대차,측면충돌,운전자법규위반,교차로 통행방법 위반,교차로,교차로내,원동기장치자전거,화물차,127.20414270000002,37.50824365
14810,2015,2015-09-11 18:10,야,금,1,1,0,0,경남,진주시,차대차,측면충돌,운전자법규위반,신호위반,교차로,교차로부근,자전거,승용차,128.0713706,35.17744716
14811,2015,2015-09-11 19:40,야,금,1,1,0,0,제주,제주시,차대차,진행중 추돌,운전자법규위반,안전운전 의무 불이행,단일로,기타단일로,승용차,농기계,126.3940686,33.45372837
14812,2015,2015-09-11 21:20,야,금,1,1,0,0,인천,부평구,차대사람,기타,운전자법규위반,안전운전 의무 불이행,단일로,횡단보도상,승용차,보행자,126.7226347,37.51192395
14813,2015,2015-09-11 22:20,야,금,1,1,0,0,경기,용인시,차대차,기타,운전자법규위반,안전운전 의무 불이행,단일로,기타단일로,승용차,승용차,127.07798000000001,37.26712942
14814,2015,2015-09-11 23:40,야,금,1,2,0,1,서울,도봉구,차대사람,횡단중,운전자법규위반,안전운전 의무 불이행,단일로,횡단보도상,원동기장치자전거,보행자,127.0441231,37.67291503
14815,2015,2015-09-12 02:18,야,토,1,2,1,0,충남,홍성군,차대차,정면충돌,운전자법규위반,과속,단일로,기타단일로,승용차,승용차,126.6377236,36.57972969
14816,2015,2015-09-12 03:20,야,토,1,6,2,3,서울,강북구,차대차,측면충돌,운전자법규위반,신호위반,교차로,교차로내,승용차,승용차,127.02991509999998,37.61707553
14817,2015,2015-09-12 05:50,야,토,1,1,0,0,대구,수성구,차대사람,횡단중,운전자법규위반,안전운전 의무 불이행,단일로,횡단보도상,승용차,보행자,128.6102652,35.8410259
14818,2015,2015-09-12 06:35,주,토,1,1,0,0,경남,사천시,차대사람,횡단중,운전자법규위반,안전운전 의무 불이행,단일로,기타단일로,승용차,보행자,128.0676441,34.92972586
14819,2015,2015-09-12 07:50,주,토,2,4,1,1,경북,안동시,차대차,정면충돌,운전자법규위반,중앙선 침범,단일로,기타단일로,화물차,화물차,128.9250528,36.56991289
14820,2015,2015-09-12 08:40,주,토,1,3,1,1,전북,정읍시,차량단독,공작물충돌,운전자법규위반,안전운전 의무 불이행,단일로,기타단일로,승용차,없음,126.8287433,35.56330869
14821,2015,2015-09-12 10:45,주,토,1,2,1,0,경기,시흥시,차대차,주정차중 추돌,운전자법규위반,안전운전 의무 불이행,단일로,기타단일로,승용차,승용차,126.79538559999999,37.39794425
14822,2015,2015-09-12 11:00,주,토,1,1,0,0,충남,당진시,차량단독,기타,운전자법규위반,안전운전 의무 불이행,교차로,교차로내,원동기장치자전거,없음,126.5857255,36.98733536
14823,2015,2015-09-12 12:20,주,토,1,1,0,0,경기,안산시,차대차,기타,운전자법규위반,중앙선 침범,단일로,기타단일로,원동기장치자전거,승용차,126.57368410000001,37.25763257
14824,2015,2015-09-12 14:34,주,토,1,1,0,0,경남,창원시(통합),차대사람,횡단중,운전자법규위반,안전운전 의무 불이행,교차로,교차로내,승합차,보행자,128.6610111,35.14609049
14825,2015,2015-09-12 18:48,야,토,1,1,0,0,서울,노원구,차량단독,전도전복,운전자법규위반,안전운전 의무 불이행,단일로,기타단일로,자전거,없음,127.0636687,37.63287949
14826,2015,2015-09-12 19:30,야,토,1,1,0,0,경남,고성군,차대사람,기타,운전자법규위반,안전운전 의무 불이행,단일로,기타단일로,승용차,보행자,128.3659515,35.05046329
14827,2015,2015-09-12 20:45,야,토,1,1,0,0,서울,강동구,차대사람,기타,운전자법규위반,과속,단일로,기타단일로,승용차,보행자,127.11870890000002,37.5409434
14828,2015,2015-09-12 20:40,야,토,1,2,0,1,인천,계양구,차대차,측면충돌,운전자법규위반,앞지르기 방법위반,단일로,기타단일로,승용차,승용차,126.77638329999999,37.57610747
14829,2015,2015-09-12 22:45,야,토,1,1,0,0,경기,동두천시,차대사람,횡단중,운전자법규위반,안전운전 의무 불이행,교차로,교차로부근,승용차,보행자,127.057993,37.91477259
14830,2015,2015-09-12 22:05,야,토,1,2,1,0,충북,충주시,차대차,기타,운전자법규위반,신호위반,교차로,교차로내,원동기장치자전거,승용차,127.9186394,36.97125089
14831,2015,2015-09-12 22:15,야,토,1,2,0,0,충남,서산시,차대사람,횡단중,운전자법규위반,과속,단일로,기타단일로,승용차,보행자,126.4521882,36.77059429
14832,2015,2015-09-12 22:10,야,토,1,1,0,0,전북,군산시,차대사람,횡단중,운전자법규위반,안전운전 의무 불이행,교차로,교차로부근,승용차,보행자,126.65744540000001,35.95961307
14833,2015,2015-09-12 22:55,야,토,1,3,2,0,전북,완주군,차량단독,공작물충돌,운전자법규위반,안전운전 의무 불이행,단일로,기타단일로,승용차,없음,127.04166000000001,35.82366938
14834,2015,2015-09-12 23:20,야,토,1,1,0,0,경남,밀양시,차량단독,공작물충돌,운전자법규위반,안전운전 의무 불이행,단일로,기타단일로,승용차,없음,128.99125859999998,35.58452443
14835,2015,2015-09-13 02:00,야,일,2,2,0,0,경기,가평군,차량단독,공작물충돌,운전자법규위반,안전운전 의무 불이행,단일로,기타단일로,이륜차,없음,127.42004820000001,37.75332969
14836,2015,2015-09-13 04:27,야,일,1,1,0,0,서울,용산구,차량단독,전도전복,운전자법규위반,안전운전 의무 불이행,단일로,터널안,원동기장치자전거,없음,126.99367240000002,37.55439031
14837,2015,2015-09-13 05:25,야,일,1,1,0,0,경남,통영시,차대사람,횡단중,운전자법규위반,보행자 보호의무 위반,교차로,교차로부근,승용차,보행자,128.4315983,34.8500407
14838,2015,2015-09-13 06:10,주,일,1,1,0,0,경기,광주시,차대차,측면충돌,운전자법규위반,신호위반,교차로,교차로내,이륜차,승합차,127.24914979999998,37.39396371
14839,2015,2015-09-13 09:16,주,일,1,2,0,1,강원,삼척시,차대차,주정차중 추돌,운전자법규위반,안전운전 의무 불이행,단일로,기타단일로,승용차,자전거,129.1053665,37.41080285
14840,2015,2015-09-13 13:00,주,일,1,1,0,0,경기,평택시,차대사람,차도통행중,운전자법규위반,안전운전 의무 불이행,단일로,기타단일로,화물차,보행자,127.0496858,37.07292467
14841,2015,2015-09-13 13:15,주,일,1,1,0,0,경북,상주시,차량단독,공작물충돌,운전자법규위반,안전운전 의무 불이행,단일로,기타단일로,이륜차,없음,127.904147,36.47545184
14842,2015,2015-09-13 14:50,주,일,2,2,0,0,경남,합천군,차대사람,길가장자리구역통행중,운전자법규위반,안전운전 의무 불이행,단일로,기타단일로,승용차,보행자,128.16542890000002,35.61114577
14843,2015,2015-09-13 15:55,주,일,1,2,0,1,경기,안성시,차대차,측면충돌,운전자법규위반,중앙선 침범,단일로,기타단일로,원동기장치자전거,승용차,127.47163470000001,37.08565695
14844,2015,2015-09-13 17:50,주,일,1,1,0,0,서울,중랑구,차대차,측면충돌,운전자법규위반,교차로 통행방법 위반,교차로,교차로내,원동기장치자전거,화물차,127.0878747,37.61895967
14845,2015,2015-09-13 17:10,주,일,1,1,0,0,경기,평택시,차대사람,기타,운전자법규위반,안전운전 의무 불이행,단일로,기타단일로,화물차,보행자,126.92254709999999,36.92224959
14846,2015,2015-09-13 18:20,야,일,1,1,0,0,경기,화성시,차대사람,횡단중,운전자법규위반,안전운전 의무 불이행,단일로,기타단일로,이륜차,보행자,126.91188989999999,37.1310937
14847,2015,2015-09-13 20:35,야,일,1,1,0,0,전북,군산시,차대차,기타,운전자법규위반,안전운전 의무 불이행,단일로,기타단일로,승용차,불명,126.7023226,35.97409247
14848,2015,2015-09-13 22:10,야,일,1,1,0,0,광주,남구,차대사람,횡단중,운전자법규위반,기타(운전자법규위반),단일로,기타단일로,승용차,보행자,126.89834029999999,35.12956516
14849,2015,2015-09-14 00:30,야,월,1,1,0,0,울산,동구,차량단독,공작물충돌,운전자법규위반,안전운전 의무 불이행,단일로,기타단일로,승용차,없음,129.4518091,35.56002325
14850,2015,2015-09-14 02:45,야,월,1,1,0,0,제주,제주시,차대차,진행중 추돌,운전자법규위반,안전거리 미확보,단일로,횡단보도부근,이륜차,화물차,126.5220058,33.49971186
14851,2015,2015-09-14 08:37,주,월,1,2,0,1,경남,진주시,차대차,진행중 추돌,운전자법규위반,안전운전 의무 불이행,단일로,기타단일로,화물차,화물차,128.1248888,35.22068973
14852,2015,2015-09-14 10:20,주,월,1,1,0,0,경북,안동시,차대차,기타,운전자법규위반,안전운전 의무 불이행,단일로,기타단일로,화물차,농기계,128.6068715,36.59166388
14853,2015,2015-09-14 12:12,주,월,1,1,0,0,경기,부천시,차대차,측면충돌,운전자법규위반,안전운전 의무 불이행,교차로,교차로내,승용차,원동기장치자전거,126.7766804,37.50083821
14854,2015,2015-09-14 13:10,주,월,1,1,0,0,경기,평택시,차대사람,기타,운전자법규위반,안전운전 의무 불이행,교차로,교차로부근,승용차,보행자,127.0535395,37.08336871
14855,2015,2015-09-14 14:20,주,월,1,1,0,0,충북,증평군,차대사람,횡단중,운전자법규위반,안전운전 의무 불이행,교차로,교차로내,승용차,보행자,127.5902213,36.78574886
14856,2015,2015-09-14 19:45,야,월,1,1,0,0,충북,청주시,차대차,측면충돌,운전자법규위반,안전운전 의무 불이행,단일로,횡단보도상,승용차,자전거,127.3953787,36.61925932
14857,2015,2015-09-14 19:08,야,월,1,1,0,0,경남,양산시,차대사람,횡단중,운전자법규위반,보행자 보호의무 위반,단일로,기타단일로,승합차,보행자,129.0153191,35.32251583
14858,2015,2015-09-15 01:28,야,화,1,7,1,5,충남,공주시,차대차,진행중 추돌,운전자법규위반,안전운전 의무 불이행,단일로,기타단일로,승용차,화물차,127.08027040000002,36.42771671
14859,2015,2015-09-15 02:06,야,화,1,3,1,0,부산,수영구,차대차,정면충돌,운전자법규위반,중앙선 침범,단일로,터널안,이륜차,승용차,129.0999376,35.15362151
14860,2015,2015-09-15 02:30,야,화,1,3,2,0,경기,파주시,차량단독,공작물충돌,운전자법규위반,안전운전 의무 불이행,교차로,교차로내,승용차,없음,126.8308246,37.77147523
14861,2015,2015-09-15 07:40,주,화,1,1,0,0,경기,고양시,차대차,기타,운전자법규위반,안전거리 미확보,단일로,기타단일로,승합차,화물차,126.71853859999999,37.65926469
14862,2015,2015-09-15 07:15,주,화,1,1,0,0,광주,광산구,차대사람,횡단중,운전자법규위반,보행자 보호의무 위반,교차로,교차로내,승합차,보행자,126.81556370000001,35.19488591
14863,2015,2015-09-15 08:10,주,화,1,2,1,0,경기,이천시,차대차,측면충돌,운전자법규위반,과속,교차로,교차로내,승용차,농기계,127.42808090000001,37.21517258