,발생년,발생년월일시분,주야,요일,사망자수,사상자수,중상자수,경상자수,발생지시도,발생지시군구,사고유형_대분류,사고유형,법규위반_대분류,법규위반,도로형태_대분류,도로형태,가해자_당사자종별,피해자_당사자종별,경도,위도
15006,2015,2015-09-27 04:30,야,일,1,2,1,0,경남,김해시,차대차,측면충돌,운전자법규위반,신호위반,교차로,교차로내,승용차,승용차,128.86716040000002,35.26046594
15007,2015,2015-09-27 05:50,야,일,1,1,0,0,경기,수원시,차대사람,횡단중,운전자법규위반,안전운전 의무 불이행,단일로,기타단일로,승합차,보행자,127.0001777,37.26767382
15008,2015,2015-09-27 06:27,주,일,1,1,0,0,경기,수원시,차대차,기타,운전자법규위반,안전운전 의무 불이행,단일로,기타단일로,승용차,승용차,126.9578733,37.29265445
15009,2015,2015-09-27 07:30,주,일,1,1,0,0,충남,아산시,차량단독,전도전복,운전자법규위반,안전운전 의무 불이행,단일로,기타단일로,원동기장치자전거,없음,126.84071599999999,36.77272389
15010,2015,2015-09-27 07:35,주,일,1,1,0,0,전남,무안군,차대사람,횡단중,운전자법규위반,안전운전 의무 불이행,단일로,기타단일로,화물차,보행자,126.5062372,34.83841239
15011,2015,2015-09-27 10:02,주,일,1,1,0,0,제주,서귀포시,차량단독,기타,운전자법규위반,안전운전 의무 불이행,단일로,기타단일로,원동기장치자전거,없음,126.45410030000001,33.25296639
15012,2015,2015-09-27 11:00,주,일,2,9,7,0,경북,고령군,차대차,주정차중 추돌,운전자법규위반,안전운전 의무 불이행,단일로,기타단일로,승용차,승용차,128.3431876,35.74926965
15013,2015,2015-09-27 17:27,주,일,1,1,0,0,전남,순천시,차대사람,기타,운전자법규위반,과속,단일로,기타단일로,승용차,보행자,127.3339854,34.90281269
15014,2015,2015-09-27 19:20,야,일,1,1,0,0,강원,횡성군,차대사람,횡단중,운전자법규위반,안전운전 의무 불이행,단일로,기타단일로,승용차,보행자,128.2135299,37.51710397
15015,2015,2015-09-27 22:12,야,일,1,1,0,0,울산,중구,차대사람,횡단중,운전자법규위반,안전운전 의무 불이행,단일로,기타단일로,이륜차,보행자,129.3136246,35.55891837
15016,2015,2015-09-28 01:45,야,월,1,2,0,1,충북,청주시,차량단독,공작물충돌,운전자법규위반,안전운전 의무 불이행,교차로,교차로부근,승용차,없음,127.51143379999999,36.572742
15017,2015,2015-09-28 06:00,주,월,1,1,0,0,충북,옥천군,차량단독,도로이탈 추락,운전자법규위반,안전운전 의무 불이행,단일로,기타단일로,승합차,없음,127.59124609999999,36.34712544
15018,2015,2015-09-28 06:50,주,월,1,3,0,2,경북,구미시,차대차,정면충돌,운전자법규위반,중앙선 침범,교차로,교차로부근,승용차,승합차,128.35225400000002,36.12098646
15019,2015,2015-09-28 09:53,주,월,1,1,0,0,경남,진주시,차대차,주정차중 추돌,운전자법규위반,안전운전 의무 불이행,교차로,교차로부근,화물차,승용차,128.0744748,35.20499746
15020,2015,2015-09-28 16:04,주,월,1,1,0,0,서울,강남구,차대사람,횡단중,운전자법규위반,보행자 보호의무 위반,교차로,교차로내,승합차,보행자,127.10569479999998,37.48868494
15021,2015,2015-09-28 21:30,야,월,1,1,0,0,충남,서산시,차대사람,차도통행중,운전자법규위반,안전운전 의무 불이행,단일로,기타단일로,승용차,보행자,126.56922209999999,36.8096354
15022,2015,2015-09-28 22:20,야,월,1,1,0,0,경기,용인시,차대사람,기타,운전자법규위반,안전운전 의무 불이행,교차로,교차로부근,승용차,보행자,127.1053577,37.27918537
15023,2015,2015-09-29 04:53,야,화,1,1,0,0,서울,중랑구,차대사람,횡단중,운전자법규위반,안전운전 의무 불이행,단일로,기타단일로,승합차,보행자,127.0902699,37.59752504
15024,2015,2015-09-29 11:55,주,화,1,1,0,0,경북,김천시,차량단독,도로이탈 추락,운전자법규위반,안전운전 의무 불이행,단일로,기타단일로,이륜차,없음,128.22249979999998,36.20955991
15025,2015,2015-09-29 12:30,주,화,1,1,0,0,대구,달성군,차량단독,도로이탈 기타,운전자법규위반,안전운전 의무 불이행,단일로,기타단일로,농기계,없음,128.4026407,35.67051515
15026,2015,2015-09-29 14:10,주,화,1,1,0,0,전북,부안군,차량단독,공작물충돌,운전자법규위반,안전운전 의무 불이행,단일로,기타단일로,화물차,없음,126.54081599999999,35.69031894
15027,2015,2015-09-29 15:50,주,화,1,1,0,0,경기,용인시,차량단독,공작물충돌,운전자법규위반,안전운전 의무 불이행,단일로,기타단일로,원동기장치자전거,없음,127.24229609999999,37.33007681
15028,2015,2015-09-29 15:35,주,화,1,1,0,0,강원,화천군,차량단독,도로이탈 기타,운전자법규위반,안전운전 의무 불이행,단일로,교량위,이륜차,없음,127.7468481,38.16489064
15029,2015,2015-09-29 18:08,야,화,1,1,0,0,충북,괴산군,차량단독,도로이탈 추락,운전자법규위반,안전운전 의무 불이행,단일로,기타단일로,농기계,없음,127.8581175,36.87027011
15030,2015,2015-09-29 18:45,야,화,1,1,0,0,인천,남동구,차대차,측면충돌,운전자법규위반,신호위반,교차로,교차로내,원동기장치자전거,승용차,126.71986559999999,37.4049694
15031,2015,2015-09-29 20:46,야,화,1,1,0,0,경기,수원시,차대차,기타,운전자법규위반,과속,교차로,교차로내,승용차,자전거,126.98323400000001,37.301150799999995
15032,2015,2015-09-29 22:17,야,화,1,1,0,0,대구,달서구,차대차,진행중 추돌,운전자법규위반,신호위반,교차로,교차로내,이륜차,승합차,128.5368871,35.84187083
15033,2015,2015-09-30 00:10,야,수,2,2,0,0,경남,밀양시,차대차,주정차중 추돌,운전자법규위반,안전운전 의무 불이행,단일로,기타단일로,승합차,승용차,128.7880457,35.49936861
15034,2015,2015-09-30 07:50,주,수,1,1,0,0,전북,고창군,차대차,진행중 추돌,운전자법규위반,과속,단일로,기타단일로,화물차,원동기장치자전거,126.6965439,35.45093128
15035,2015,2015-09-30 08:50,주,수,1,1,0,0,서울,중랑구,차대사람,길가장자리구역통행중,운전자법규위반,보행자 보호의무 위반,교차로,교차로내,화물차,보행자,127.0998837,37.61303411
15036,2015,2015-09-30 08:40,주,수,1,1,0,0,충북,영동군,차대차,측면충돌,운전자법규위반,안전운전 의무 불이행,교차로,교차로내,승용차,원동기장치자전거,127.78201499999999,36.18772453
15037,2015,2015-09-30 09:20,주,수,1,1,0,0,경기,의정부시,차대사람,기타,운전자법규위반,안전운전 의무 불이행,기타/불명,기타/불명,승용차,보행자,127.05612409999999,37.72556239
15038,2015,2015-09-30 09:30,주,수,1,1,0,0,전북,김제시,차량단독,공작물충돌,운전자법규위반,안전운전 의무 불이행,단일로,기타단일로,승용차,없음,126.9673072,35.75270337
15039,2015,2015-09-30 10:20,주,수,1,1,0,0,경남,사천시,차대사람,길가장자리구역통행중,운전자법규위반,안전운전 의무 불이행,단일로,기타단일로,승용차,보행자,128.0426297,34.94371792
15040,2015,2015-09-30 19:40,야,수,1,2,0,1,충북,영동군,차대차,진행중 추돌,운전자법규위반,안전운전 의무 불이행,단일로,기타단일로,승용차,농기계,127.9312057,36.20870108
15041,2015,2015-09-30 20:48,야,수,1,1,0,0,강원,삼척시,차대사람,횡단중,운전자법규위반,과속,단일로,기타단일로,승합차,보행자,129.0477937,37.24168374
15042,2015,2015-09-30 21:00,야,수,1,1,0,0,부산,사하구,차대차,측면충돌,운전자법규위반,신호위반,단일로,기타단일로,승용차,이륜차,128.9681105,35.10692786
15043,2015,2015-09-30 21:20,야,수,1,3,0,1,경북,경산시,차대차,진행중 추돌,운전자법규위반,과속,단일로,기타단일로,화물차,농기계,128.7655208,35.84994901
15044,2015,2015-09-30 23:05,야,수,1,1,0,0,충북,청주시,차대사람,기타,운전자법규위반,안전운전 의무 불이행,단일로,기타단일로,승용차,보행자,127.4878767,36.62169361
15045,2015,2015-10-01 05:00,야,목,1,1,0,0,충남,천안시,차대사람,횡단중,운전자법규위반,안전운전 의무 불이행,교차로,교차로부근,화물차,보행자,127.15901869999999,36.80126841
15046,2015,2015-10-01 10:40,주,목,2,4,2,0,경남,진주시,차대차,정면충돌,운전자법규위반,중앙선 침범,단일로,기타단일로,승합차,화물차,128.2582558,35.18344557
15047,2015,2015-10-01 16:50,주,목,1,1,0,0,강원,횡성군,차량단독,공작물충돌,운전자법규위반,안전운전 의무 불이행,단일로,터널안,화물차,없음,128.31154990000002,37.54731041
15048,2015,2015-10-01 18:55,야,목,1,1,0,0,전남,순천시,차대사람,횡단중,운전자법규위반,안전운전 의무 불이행,단일로,기타단일로,화물차,보행자,127.5351969,34.94303105
15049,2015,2015-10-01 18:10,야,목,1,2,0,1,전남,광양시,차대차,정면충돌,운전자법규위반,중앙선 침범,단일로,기타단일로,승용차,승용차,127.746447,34.97338247
15050,2015,2015-10-01 19:30,야,목,1,2,0,0,제주,서귀포시,차량단독,기타,운전자법규위반,안전운전 의무 불이행,단일로,기타단일로,화물차,없음,126.31462890000002,33.23748271
15051,2015,2015-10-01 20:45,야,목,1,1,0,0,충북,음성군,차대사람,기타,운전자법규위반,안전운전 의무 불이행,단일로,기타단일로,승용차,보행자,127.5203035,36.93753379
15052,2015,2015-10-01 22:35,야,목,1,1,0,0,강원,원주시,차대사람,횡단중,운전자법규위반,안전운전 의무 불이행,기타/불명,기타/불명,승용차,보행자,127.9309982,37.3621124
15053,2015,2015-10-02 00:15,야,금,1,1,0,0,경기,양평군,차대사람,기타,운전자법규위반,안전운전 의무 불이행,단일로,기타단일로,화물차,보행자,127.46026450000001,37.50485779
15054,2015,2015-10-02 05:30,야,금,1,1,0,0,대전,중구,차대사람,기타,운전자법규위반,안전운전 의무 불이행,단일로,횡단보도부근,화물차,보행자,127.4100794,36.32446434
15055,2015,2015-10-02 06:00,주,금,1,1,0,0,전남,여수시,차대사람,횡단중,운전자법규위반,안전운전 의무 불이행,교차로,교차로부근,승용차,보행자,127.65615840000001,34.766938399999994
15056,2015,2015-10-02 08:35,주,금,1,1,0,0,경북,영천시,차대차,측면충돌,운전자법규위반,중앙선 침범,단일로,기타단일로,화물차,이륜차,128.9246375,35.99834252
15057,2015,2015-10-02 09:30,주,금,1,1,0,0,충남,공주시,차대차,측면충돌,운전자법규위반,안전운전 의무 불이행,교차로,교차로부근,승용차,이륜차,127.1050001,36.49869647
15058,2015,2015-10-02 09:00,주,금,1,1,0,0,전남,담양군,차대차,기타,운전자법규위반,안전운전 의무 불이행,교차로,교차로내,승합차,자전거,126.9645838,35.22288584
15059,2015,2015-10-02 10:30,주,금,1,4,3,0,전북,김제시,차대차,주정차중 추돌,운전자법규위반,안전운전 의무 불이행,단일로,기타단일로,화물차,화물차,126.91882859999998,35.88472664
15060,2015,2015-10-02 10:29,주,금,1,1,0,0,경남,창원시(통합),차대차,측면충돌,운전자법규위반,신호위반,교차로,교차로내,이륜차,승합차,128.5898907,35.24581648
15061,2015,2015-10-02 12:00,주,금,1,1,0,0,인천,계양구,차대차,측면충돌,운전자법규위반,차로위반(진로변경 위반),교차로,교차로내,원동기장치자전거,승용차,126.7371418,37.54291653
15062,2015,2015-10-02 13:30,주,금,1,1,0,0,경남,김해시,차대차,측면충돌,운전자법규위반,안전운전 의무 불이행,교차로,교차로내,화물차,원동기장치자전거,128.9665156,35.23876375
15063,2015,2015-10-02 14:15,주,금,1,1,0,0,경북,칠곡군,차대사람,횡단중,운전자법규위반,안전운전 의무 불이행,단일로,기타단일로,승용차,보행자,128.3990662,35.99290344
15064,2015,2015-10-02 15:32,주,금,1,3,1,1,경기,남양주시,차대차,진행중 추돌,운전자법규위반,신호위반,교차로,교차로내,화물차,화물차,127.1755122,37.69444994
15065,2015,2015-10-02 15:05,주,금,1,2,1,0,경북,상주시,차대차,측면충돌,운전자법규위반,중앙선 침범,교차로,교차로내,원동기장치자전거,화물차,128.1473586,36.3760523
15066,2015,2015-10-02 15:00,주,금,1,1,0,0,경북,포항시,차대차,측면충돌,운전자법규위반,안전운전 의무 불이행,단일로,기타단일로,승용차,자전거,129.3732635,36.01648627
15067,2015,2015-10-02 20:15,야,금,1,1,0,0,제주,제주시,차대사람,기타,운전자법규위반,안전운전 의무 불이행,기타/불명,기타/불명,승용차,보행자,126.664732,33.53838277
15068,2015,2015-10-02 21:40,야,금,1,1,0,0,경북,칠곡군,차대차,기타,운전자법규위반,과속,단일로,기타단일로,승용차,원동기장치자전거,128.3732732,35.97280878
15069,2015,2015-10-03 00:50,야,토,1,1,0,0,전북,익산시,차대사람,차도통행중,운전자법규위반,안전운전 의무 불이행,교차로,교차로부근,승용차,보행자,126.9602747,35.96315128
15070,2015,2015-10-03 08:05,주,토,1,2,1,0,제주,서귀포시,차대차,정면충돌,운전자법규위반,중앙선 침범,단일로,기타단일로,승용차,화물차,126.68424209999999,33.39885743
15071,2015,2015-10-03 09:25,주,토,1,1,0,0,충북,음성군,차량단독,기타,운전자법규위반,안전운전 의무 불이행,단일로,기타단일로,이륜차,없음,127.6063331,37.07337125
15072,2015,2015-10-03 10:50,주,토,1,1,0,0,강원,춘천시,차대차,측면충돌,운전자법규위반,안전운전 의무 불이행,단일로,기타단일로,승용차,자전거,127.75251270000001,37.90676935
15073,2015,2015-10-03 10:08,주,토,1,1,0,0,충북,진천군,차대차,기타,운전자법규위반,안전운전 의무 불이행,단일로,기타단일로,원동기장치자전거,건설기계,127.50159270000002,36.84542439
15074,2015,2015-10-03 11:55,주,토,1,1,0,0,제주,제주시,차량단독,공작물충돌,운전자법규위반,안전운전 의무 불이행,단일로,기타단일로,이륜차,없음,126.6903637,33.46686767
15075,2015,2015-10-03 12:50,주,토,1,2,0,1,충남,예산군,차대차,측면충돌,운전자법규위반,직진 및 우회전차의 통행방해,교차로,교차로내,승용차,이륜차,126.8322544,36.68623507
15076,2015,2015-10-03 12:45,주,토,1,1,0,0,전남,담양군,차량단독,기타,운전자법규위반,안전운전 의무 불이행,단일로,기타단일로,자전거,없음,126.9741035,35.39057799
15077,2015,2015-10-03 15:30,주,토,1,1,0,0,전북,무주군,차량단독,기타,운전자법규위반,안전운전 의무 불이행,단일로,기타단일로,농기계,없음,127.71642630000001,35.91465386
15078,2015,2015-10-03 16:40,주,토,1,1,0,0,충북,청주시,차량단독,기타,운전자법규위반,안전운전 의무 불이행,단일로,기타단일로,화물차,없음,127.63287450000001,36.61497608
15079,2015,2015-10-03 17:45,주,토,1,5,0,4,경기,이천시,차대차,측면충돌,운전자법규위반,안전운전 의무 불이행,단일로,기타단일로,승용차,승용차,127.39630700000001,37.3149703
15080,2015,2015-10-03 17:50,주,토,1,1,0,0,전북,김제시,차대사람,기타,운전자법규위반,안전운전 의무 불이행,교차로,교차로부근,승용차,보행자,126.88217150000001,35.80716828
15081,2015,2015-10-03 17:30,주,토,1,1,0,0,전남,구례군,차량단독,공작물충돌,운전자법규위반,안전운전 의무 불이행,단일로,기타단일로,화물차,없음,127.43969890000001,35.35059958
15082,2015,2015-10-03 17:35,주,토,1,1,0,0,경남,양산시,차대차,기타,운전자법규위반,안전거리 미확보,단일로,기타단일로,승용차,원동기장치자전거,128.9884423,35.31221093
15083,2015,2015-10-03 18:40,야,토,1,1,0,0,경기,양평군,차대차,진행중 추돌,운전자법규위반,안전거리 미확보,단일로,기타단일로,승용차,건설기계,127.5690994,37.48400465
15084,2015,2015-10-03 18:35,야,토,1,1,0,0,경남,고성군,차대사람,횡단중,운전자법규위반,보행자 보호의무 위반,단일로,기타단일로,승용차,보행자,128.3265246,34.97889912
15085,2015,2015-10-03 19:20,야,토,1,1,0,0,충남,논산시,차대사람,횡단중,운전자법규위반,과속,단일로,기타단일로,화물차,보행자,127.0804544,36.20843599
15086,2015,2015-10-03 19:59,야,토,1,1,0,0,경북,김천시,차대사람,기타,운전자법규위반,안전운전 의무 불이행,단일로,기타단일로,승용차,보행자,128.02532150000002,36.15058934
15087,2015,2015-10-03 19:38,야,토,1,1,0,0,경남,진주시,차대사람,기타,운전자법규위반,안전운전 의무 불이행,단일로,기타단일로,승용차,보행자,128.0994653,35.198654600000005
15088,2015,2015-10-03 19:48,야,토,1,1,0,0,경남,함양군,차량단독,전도전복,운전자법규위반,안전운전 의무 불이행,단일로,기타단일로,이륜차,없음,127.6421935,35.46855216
15089,2015,2015-10-04 00:35,야,일,1,1,0,0,경북,포항시,차대사람,횡단중,운전자법규위반,과속,단일로,기타단일로,승용차,보행자,129.3788944,36.06014495
15090,2015,2015-10-04 03:10,야,일,1,1,0,0,광주,광산구,차대사람,횡단중,운전자법규위반,안전운전 의무 불이행,교차로,교차로내,승용차,보행자,126.84600859999999,35.2177597
15091,2015,2015-10-04 06:15,주,일,1,2,1,0,광주,광산구,차대차,정면충돌,운전자법규위반,기타(운전자법규위반),단일로,기타단일로,승용차,승용차,126.8557517,35.19268082
15092,2015,2015-10-04 07:00,주,일,1,1,0,0,강원,평창군,차량단독,전도전복,운전자법규위반,안전운전 의무 불이행,단일로,기타단일로,승용차,없음,128.5544353,37.58357546
15093,2015,2015-10-04 08:20,주,일,1,1,0,0,경북,경주시,차량단독,도로이탈 추락,운전자법규위반,안전운전 의무 불이행,단일로,기타단일로,농기계,없음,129.4879195,35.79610443
15094,2015,2015-10-04 08:57,주,일,1,1,0,0,대전,동구,차대차,진행중 추돌,운전자법규위반,안전거리 미확보,단일로,기타단일로,원동기장치자전거,승용차,127.4553614,36.31710617
15095,2015,2015-10-04 11:30,주,일,1,4,1,2,경기,가평군,차대차,정면충돌,운전자법규위반,중앙선 침범,단일로,기타단일로,이륜차,이륜차,127.48599890000001,37.59427847
15096,2015,2015-10-04 12:10,주,일,1,1,0,0,충북,청주시,차대사람,길가장자리구역통행중,운전자법규위반,중앙선 침범,단일로,기타단일로,승용차,보행자,127.70855800000001,36.67651189
15097,2015,2015-10-04 16:24,주,일,1,1,0,0,경기,평택시,차량단독,공작물충돌,운전자법규위반,안전운전 의무 불이행,단일로,기타단일로,농기계,없음,126.9079623,36.974551299999995
15098,2015,2015-10-04 16:20,주,일,1,1,0,0,인천,서구,차량단독,전도전복,운전자법규위반,기타(운전자법규위반),단일로,기타단일로,이륜차,없음,126.68613629999999,37.52407152
15099,2015,2015-10-04 18:50,야,일,1,1,0,0,전남,목포시,차대사람,차도통행중,운전자법규위반,안전운전 의무 불이행,단일로,기타단일로,승용차,보행자,126.38320790000002,34.78682208
15100,2015,2015-10-04 19:45,야,일,1,1,0,0,경기,포천시,차대사람,차도통행중,운전자법규위반,안전운전 의무 불이행,단일로,기타단일로,승용차,보행자,127.2263531,37.78027712
15101,2015,2015-10-04 20:53,야,일,1,1,0,0,서울,용산구,차대사람,횡단중,운전자법규위반,안전운전 의무 불이행,단일로,기타단일로,승용차,보행자,126.9692935,37.55170539
15102,2015,2015-10-04 20:50,야,일,1,1,0,0,경북,구미시,차대사람,차도통행중,운전자법규위반,안전운전 의무 불이행,단일로,기타단일로,승합차,보행자,128.3458077,36.12604474
15103,2015,2015-10-04 21:54,야,일,1,1,0,0,전남,여수시,차대사람,횡단중,운전자법규위반,안전운전 의무 불이행,단일로,횡단보도상,승합차,보행자,127.7295305,34.74036401
15104,2015,2015-10-05 01:25,야,월,1,1,0,0,울산,북구,차량단독,공작물충돌,운전자법규위반,안전운전 의무 불이행,단일로,기타단일로,화물차,없음,129.3488285,35.62415718
15105,2015,2015-10-05 06:20,주,월,1,1,0,0,전북,완주군,차대차,진행중 추돌,운전자법규위반,안전운전 의무 불이행,교차로,교차로부근,승용차,자전거,127.15555649999999,35.93598428
15106,2015,2015-10-05 07:15,주,월,1,1,0,0,경기,고양시,차대사람,횡단중,운전자법규위반,신호위반,기타/불명,기타/불명,승용차,보행자,126.80079380000001,37.70852442
15107,2015,2015-10-05 10:52,주,월,1,1,0,0,대구,달서구,차대차,기타,운전자법규위반,신호위반,단일로,횡단보도상,승용차,원동기장치자전거,128.5369722,35.83479275
15108,2015,2015-10-05 13:30,주,월,1,1,0,0,충북,충주시,차량단독,전도전복,운전자법규위반,안전운전 의무 불이행,단일로,기타단일로,승용차,없음,127.90570840000001,36.9655536
15109,2015,2015-10-05 16:15,주,월,1,3,2,0,경북,예천군,차량단독,도로이탈 기타,운전자법규위반,안전운전 의무 불이행,단일로,기타단일로,승용차,없음,128.41209070000002,36.57184965
15110,2015,2015-10-05 16:00,주,월,1,1,0,0,인천,남동구,차대사람,횡단중,운전자법규위반,안전운전 의무 불이행,교차로,교차로부근,승합차,보행자,126.7360856,37.44774555
15111,2015,2015-10-05 18:56,야,월,1,1,0,0,서울,강남구,차량단독,공작물충돌,운전자법규위반,안전운전 의무 불이행,단일로,기타단일로,승용차,없음,127.050836,37.48629879999999
15112,2015,2015-10-05 18:45,야,월,1,1,0,0,전북,임실군,차대차,측면충돌,운전자법규위반,중앙선 침범,단일로,기타단일로,승합차,이륜차,127.17188870000001,35.5202972
15113,2015,2015-10-05 18:00,야,월,1,1,0,0,제주,서귀포시,차대사람,횡단중,운전자법규위반,보행자 보호의무 위반,단일로,횡단보도상,승용차,보행자,126.28284,33.24976649
15114,2015,2015-10-05 19:40,야,월,1,1,0,0,전북,정읍시,차대사람,길가장자리구역통행중,운전자법규위반,안전운전 의무 불이행,기타/불명,기타/불명,승용차,보행자,127.02216999999999,35.57077646
15115,2015,2015-10-05 19:10,야,월,1,1,0,0,전남,화순군,차대차,진행중 추돌,운전자법규위반,안전운전 의무 불이행,단일로,기타단일로,승용차,화물차,126.95029309999998,35.01463445
15116,2015,2015-10-05 21:10,야,월,1,1,0,0,서울,양천구,차대사람,횡단중,운전자법규위반,신호위반,단일로,기타단일로,승용차,보행자,126.87787549999999,37.52033387
15117,2015,2015-10-05 21:03,야,월,1,1,0,0,울산,울주군,차량단독,기타,운전자법규위반,안전운전 의무 불이행,교차로,교차로부근,원동기장치자전거,없음,129.3357873,35.46879188
15118,2015,2015-10-05 23:10,야,월,1,2,0,1,전북,전주시,차대차,진행중 추돌,운전자법규위반,안전운전 의무 불이행,단일로,기타단일로,화물차,화물차,127.11503300000001,35.75095867
15119,2015,2015-10-06 02:07,야,화,1,1,0,0,부산,해운대구,차대사람,횡단중,운전자법규위반,안전운전 의무 불이행,교차로,교차로내,승용차,보행자,129.1652203,35.16214525
15120,2015,2015-10-06 03:05,야,화,1,3,2,0,서울,중랑구,차대차,측면충돌,운전자법규위반,신호위반,교차로,교차로내,이륜차,승용차,127.09738770000001,37.59052804
15121,2015,2015-10-06 03:25,야,화,1,1,0,0,전남,무안군,차대차,진행중 추돌,운전자법규위반,안전운전 의무 불이행,단일로,기타단일로,승용차,화물차,126.4401331,34.83865687
15122,2015,2015-10-06 07:20,주,화,1,1,0,0,충북,청주시,차대사람,횡단중,운전자법규위반,안전운전 의무 불이행,단일로,기타단일로,승용차,보행자,127.4820648,36.65424597
15123,2015,2015-10-06 09:50,주,화,1,1,0,0,경북,영덕군,차대사람,차도통행중,운전자법규위반,안전운전 의무 불이행,단일로,기타단일로,화물차,보행자,129.3694381,36.38832663
15124,2015,2015-10-06 10:50,주,화,1,1,0,0,전북,무주군,차대차,측면충돌,운전자법규위반,중앙선 침범,단일로,기타단일로,승합차,이륜차,127.78325770000001,35.98254944
15125,2015,2015-10-06 11:12,주,화,1,1,0,0,경북,울진군,차대차,진행중 추돌,운전자법규위반,안전운전 의무 불이행,교차로,교차로내,이륜차,화물차,129.4439021,36.70955384
15126,2015,2015-10-06 12:55,주,화,1,3,0,2,경기,남양주시,차대차,기타,운전자법규위반,안전운전 의무 불이행,단일로,기타단일로,원동기장치자전거,승용차,127.1946212,37.5984631
15127,2015,2015-10-06 12:10,주,화,1,1,0,0,대구,중구,차대차,측면충돌,운전자법규위반,중앙선 침범,단일로,기타단일로,자전거,승용차,128.6011969,35.87306075
15128,2015,2015-10-06 14:50,주,화,1,4,2,1,부산,기장군,차대차,측면충돌,운전자법규위반,신호위반,단일로,기타단일로,승용차,화물차,129.1848978,35.31689027
15129,2015,2015-10-06 14:15,주,화,2,3,1,0,경남,의령군,차대차,기타,운전자법규위반,안전운전 의무 불이행,단일로,기타단일로,승용차,승용차,128.2858624,35.32647403
15130,2015,2015-10-06 15:19,주,화,1,1,0,0,충북,옥천군,차량단독,도로이탈 추락,운전자법규위반,안전운전 의무 불이행,단일로,기타단일로,이륜차,없음,127.6050199,36.23527955
15131,2015,2015-10-06 16:10,주,화,1,1,0,0,대구,달서구,차대사람,횡단중,운전자법규위반,안전운전 의무 불이행,단일로,기타단일로,이륜차,보행자,128.5675888,35.85569348
15132,2015,2015-10-06 17:17,주,화,1,1,0,0,전남,해남군,차대차,기타,운전자법규위반,안전운전 의무 불이행,단일로,기타단일로,화물차,원동기장치자전거,126.55172379999999,34.42034314
15133,2015,2015-10-06 17:20,주,화,1,1,0,0,경남,진주시,차대차,측면충돌,운전자법규위반,안전운전 의무 불이행,교차로,교차로부근,승용차,자전거,128.0657533,35.17825801
15134,2015,2015-10-06 19:00,야,화,1,1,0,0,경남,진주시,차대차,정면충돌,운전자법규위반,안전운전 의무 불이행,교차로,교차로내,화물차,이륜차,128.16137220000002,35.23595989
15135,2015,2015-10-06 20:34,야,화,1,1,0,0,충남,태안군,차대사람,차도통행중,운전자법규위반,안전운전 의무 불이행,단일로,기타단일로,승용차,보행자,126.306427,36.74950696
15136,2015,2015-10-06 20:29,야,화,1,2,1,0,대구,북구,차대차,진행중 추돌,운전자법규위반,안전운전 의무 불이행,교차로,교차로부근,승용차,자전거,128.5888492,35.90080613
15137,2015,2015-10-07 01:25,야,수,1,1,0,0,경남,창원시(통합),차대사람,차도통행중,운전자법규위반,안전운전 의무 불이행,단일로,기타단일로,승용차,보행자,128.6070403,35.31152606
15138,2015,2015-10-07 02:00,야,수,1,1,0,0,경남,밀양시,차대차,진행중 추돌,운전자법규위반,안전운전 의무 불이행,단일로,교량위,화물차,승용차,128.77437079999999,35.47400763
15139,2015,2015-10-07 04:40,야,수,1,1,0,0,전북,전주시,차대사람,보도통행중,운전자법규위반,보행자 보호의무 위반,교차로,교차로내,화물차,보행자,127.1111645,35.82991906
15140,2015,2015-10-07 05:14,야,수,1,1,0,0,부산,기장군,차대사람,횡단중,운전자법규위반,신호위반,단일로,기타단일로,승합차,보행자,129.1795317,35.32229321
15141,2015,2015-10-07 07:30,주,수,1,4,2,1,충남,부여군,차대차,측면충돌,운전자법규위반,신호위반,교차로,교차로내,승용차,화물차,126.9954145,36.247054600000006
15142,2015,2015-10-07 12:30,주,수,1,1,0,0,대구,달성군,차대차,기타,운전자법규위반,안전운전 의무 불이행,단일로,기타단일로,화물차,농기계,128.4519626,35.6610922
15143,2015,2015-10-07 15:00,주,수,1,1,0,0,전남,담양군,차대차,기타,운전자법규위반,안전운전 의무 불이행,단일로,기타단일로,승합차,자전거,126.9809058,35.30531119
15144,2015,2015-10-07 18:00,야,수,1,1,0,0,경기,의정부시,차대차,기타,운전자법규위반,신호위반,교차로,교차로내,이륜차,화물차,127.04757930000001,37.73861713
15145,2015,2015-10-07 18:32,야,수,1,1,0,0,경남,사천시,차대사람,기타,운전자법규위반,안전운전 의무 불이행,단일로,기타단일로,승용차,보행자,127.96706110000001,35.11796652
15146,2015,2015-10-07 19:05,야,수,1,1,0,0,강원,강릉시,차대사람,차도통행중,운전자법규위반,안전운전 의무 불이행,단일로,기타단일로,승용차,보행자,128.8859487,37.74484702
15147,2015,2015-10-07 19:20,야,수,1,1,0,0,충남,보령시,차대사람,길가장자리구역통행중,운전자법규위반,안전운전 의무 불이행,단일로,기타단일로,승용차,보행자,126.64558490000002,36.38114249
15148,2015,2015-10-07 20:05,야,수,1,1,0,0,부산,중구,차대사람,횡단중,운전자법규위반,안전운전 의무 불이행,단일로,횡단보도상,승용차,보행자,129.03756090000002,35.11040353