,발생년,발생년월일시분,주야,요일,사망자수,사상자수,중상자수,경상자수,발생지시도,발생지시군구,사고유형_대분류,사고유형,법규위반_대분류,법규위반,도로형태_대분류,도로형태,가해자_당사자종별,피해자_당사자종별,경도,위도
15291,2015,2015-10-18 00:20,야,일,1,1,0,0,광주,북구,차대사람,횡단중,운전자법규위반,안전운전 의무 불이행,단일로,기타단일로,승용차,보행자,126.90243319999999,35.15540036
15292,2015,2015-10-18 04:30,야,일,1,1,0,0,전북,김제시,차대사람,기타,운전자법규위반,안전운전 의무 불이행,단일로,기타단일로,화물차,보행자,126.95629109999999,35.90359218
15293,2015,2015-10-18 09:51,주,일,1,1,0,0,경북,경주시,차대사람,차도통행중,운전자법규위반,안전운전 의무 불이행,단일로,기타단일로,화물차,보행자,129.4624085,35.70578244
15294,2015,2015-10-18 09:15,주,일,1,1,0,0,경북,안동시,차대사람,횡단중,운전자법규위반,안전운전 의무 불이행,교차로,교차로내,건설기계,보행자,128.5614811,36.58320643
15295,2015,2015-10-18 09:25,주,일,1,1,0,0,경남,창원시(통합),차량단독,공작물충돌,운전자법규위반,안전운전 의무 불이행,단일로,기타단일로,화물차,없음,128.709284,35.34332091
15296,2015,2015-10-18 13:03,주,일,1,1,0,0,인천,옹진군,차량단독,전도전복,운전자법규위반,안전운전 의무 불이행,단일로,기타단일로,원동기장치자전거,없음,126.435135,37.51983973
15297,2015,2015-10-18 19:20,야,일,1,1,0,0,충남,논산시,차대사람,횡단중,운전자법규위반,안전운전 의무 불이행,단일로,기타단일로,승용차,보행자,127.109778,36.21087022
15298,2015,2015-10-18 19:25,야,일,1,2,1,0,전남,담양군,차대차,진행중 추돌,운전자법규위반,안전운전 의무 불이행,단일로,기타단일로,승용차,자전거,126.97983719999999,35.22438604
15299,2015,2015-10-18 19:05,야,일,1,1,0,0,광주,광산구,차대사람,횡단중,운전자법규위반,과속,단일로,기타단일로,특수차,보행자,126.7883108,35.14955389
15300,2015,2015-10-18 21:27,야,일,1,1,0,0,전남,광양시,차대차,기타,운전자법규위반,안전운전 의무 불이행,교차로,교차로부근,승합차,이륜차,127.5756594,34.96482594
15301,2015,2015-10-18 21:00,야,일,1,1,0,0,경남,김해시,차대사람,기타,운전자법규위반,안전운전 의무 불이행,기타/불명,기타/불명,승합차,보행자,128.7154588,35.27798998
15302,2015,2015-10-18 23:50,야,일,1,1,0,0,경기,양평군,차대사람,길가장자리구역통행중,운전자법규위반,안전운전 의무 불이행,교차로,교차로내,화물차,보행자,127.40103710000001,37.51145707
15303,2015,2015-10-18 23:17,야,일,2,3,0,0,경기,화성시,차량단독,전도전복,운전자법규위반,안전운전 의무 불이행,단일로,기타단일로,승용차,없음,126.84496299999999,37.1647167
15304,2015,2015-10-18 23:00,야,일,1,1,0,0,인천,부평구,차량단독,기타,운전자법규위반,안전운전 의무 불이행,교차로,교차로부근,이륜차,없음,126.71036219999999,37.49003001
15305,2015,2015-10-19 01:30,야,월,1,1,0,0,경북,상주시,차량단독,전도전복,운전자법규위반,안전운전 의무 불이행,단일로,기타단일로,이륜차,없음,128.15122069999998,36.41405732
15306,2015,2015-10-19 02:57,야,월,1,5,3,1,경기,평택시,차대차,기타,운전자법규위반,신호위반,교차로,교차로내,승용차,승합차,127.088141,37.00350103
15307,2015,2015-10-19 09:40,주,월,1,1,0,0,경기,용인시,차대사람,횡단중,운전자법규위반,신호위반,교차로,교차로내,승합차,보행자,127.2072186,37.23552883
15308,2015,2015-10-19 10:51,주,월,1,2,1,0,경남,의령군,차대차,진행중 추돌,운전자법규위반,안전운전 의무 불이행,단일로,기타단일로,원동기장치자전거,화물차,128.26386509999998,35.47317049
15309,2015,2015-10-19 13:45,주,월,1,4,3,0,강원,인제군,차대차,측면충돌,운전자법규위반,안전운전 의무 불이행,단일로,기타단일로,승용차,화물차,128.1854936,38.07683618
15310,2015,2015-10-19 14:00,주,월,1,1,0,0,경남,함안군,차대차,진행중 추돌,운전자법규위반,안전운전 의무 불이행,단일로,기타단일로,화물차,화물차,128.3743586,35.29121549
15311,2015,2015-10-19 14:05,주,월,1,1,0,0,대전,중구,차대사람,기타,운전자법규위반,기타(운전자법규위반),교차로,교차로부근,승용차,보행자,127.4082614,36.33571423
15312,2015,2015-10-19 16:45,주,월,1,1,0,0,전남,강진군,차대사람,횡단중,운전자법규위반,안전운전 의무 불이행,단일로,기타단일로,건설기계,보행자,126.7197135,34.56265126
15313,2015,2015-10-19 17:59,주,월,1,1,0,0,충북,청주시,차대차,측면충돌,운전자법규위반,중앙선 침범,단일로,기타단일로,화물차,원동기장치자전거,127.3570885,36.60124181
15314,2015,2015-10-19 18:15,야,월,1,2,0,1,강원,춘천시,차대차,측면충돌,운전자법규위반,직진 및 우회전차의 통행방해,교차로,교차로내,승용차,이륜차,127.72629340000002,37.89226662
15315,2015,2015-10-19 18:15,야,월,1,1,0,0,충북,음성군,차대사람,차도통행중,운전자법규위반,안전운전 의무 불이행,교차로,교차로내,승용차,보행자,127.4985947,37.02154128
15316,2015,2015-10-19 18:00,야,월,1,1,0,0,충남,논산시,차대사람,횡단중,운전자법규위반,안전운전 의무 불이행,단일로,기타단일로,승용차,보행자,127.10919579999998,36.12650912
15317,2015,2015-10-19 18:25,야,월,2,2,0,0,전북,군산시,차대차,기타,운전자법규위반,중앙선 침범,교차로,교차로내,승용차,이륜차,126.65767690000001,35.95034655
15318,2015,2015-10-19 18:55,야,월,2,3,1,0,전북,순창군,차대차,기타,운전자법규위반,안전운전 의무 불이행,단일로,기타단일로,화물차,농기계,127.2560748,35.46114901
15319,2015,2015-10-19 18:08,야,월,1,1,0,0,경북,영천시,차대사람,길가장자리구역통행중,운전자법규위반,안전운전 의무 불이행,단일로,기타단일로,승용차,보행자,129.0002164,36.05194335
15320,2015,2015-10-19 19:30,야,월,1,1,0,0,경기,안산시,차대사람,기타,운전자법규위반,안전운전 의무 불이행,단일로,기타단일로,승용차,보행자,126.86593290000002,37.28613131
15321,2015,2015-10-19 20:30,야,월,1,1,0,0,전북,고창군,차량단독,공작물충돌,운전자법규위반,안전운전 의무 불이행,교차로,교차로내,화물차,없음,126.6734804,35.39921924
15322,2015,2015-10-19 23:50,야,월,1,1,0,0,경기,성남시,차대사람,횡단중,운전자법규위반,안전운전 의무 불이행,단일로,기타단일로,승용차,보행자,127.1415919,37.43787202
15323,2015,2015-10-20 01:00,야,화,1,1,0,0,울산,울주군,차대차,주정차중 추돌,운전자법규위반,안전운전 의무 불이행,단일로,기타단일로,승용차,화물차,129.12131609999997,35.55953995
15324,2015,2015-10-20 02:52,야,화,1,1,0,0,충북,청주시,차대사람,기타,운전자법규위반,안전운전 의무 불이행,단일로,기타단일로,화물차,보행자,127.47011859999999,36.61720101
15325,2015,2015-10-20 08:50,주,화,1,2,1,0,경기,양주시,차대차,측면충돌,운전자법규위반,안전운전 의무 불이행,교차로,교차로내,화물차,승용차,127.01455120000001,37.86924898
15326,2015,2015-10-20 08:45,주,화,1,1,0,0,충남,천안시,차대차,기타,운전자법규위반,안전거리 미확보,교차로,교차로부근,화물차,이륜차,127.13504440000001,36.91850414
15327,2015,2015-10-20 09:40,주,화,1,1,0,0,충남,아산시,차대차,기타,운전자법규위반,안전운전 의무 불이행,교차로,교차로내,승용차,원동기장치자전거,126.9353311,36.8648979
15328,2015,2015-10-20 10:30,주,화,1,1,0,0,서울,강북구,차대차,기타,운전자법규위반,안전운전 의무 불이행,단일로,기타단일로,승용차,자전거,127.0240007,37.64365934
15329,2015,2015-10-20 10:10,주,화,1,1,0,0,경북,구미시,차대사람,기타,운전자법규위반,안전운전 의무 불이행,교차로,교차로내,화물차,보행자,128.3597036,36.11936454
15330,2015,2015-10-20 13:50,주,화,1,1,0,0,대전,동구,차대차,주정차중 추돌,운전자법규위반,안전운전 의무 불이행,단일로,기타단일로,승용차,화물차,127.47493659999999,36.34598834
15331,2015,2015-10-20 13:35,주,화,1,1,0,0,전북,전주시,차대차,측면충돌,운전자법규위반,안전운전 의무 불이행,단일로,횡단보도상,승용차,자전거,127.14818899999999,35.82463247
15332,2015,2015-10-20 14:20,주,화,1,2,1,0,경기,파주시,차대차,정면충돌,운전자법규위반,중앙선 침범,단일로,기타단일로,승용차,화물차,126.95225249999999,37.97847264
15333,2015,2015-10-20 15:05,주,화,1,1,0,0,경기,안성시,차대차,측면충돌,운전자법규위반,직진 및 우회전차의 통행방해,교차로,교차로내,건설기계,이륜차,127.1434188,37.06312047
15334,2015,2015-10-20 18:55,야,화,1,1,0,0,경북,구미시,차대사람,기타,운전자법규위반,안전운전 의무 불이행,단일로,기타단일로,화물차,보행자,128.1792337,36.26459984
15335,2015,2015-10-20 18:50,야,화,1,1,0,0,경남,창원시(통합),차대사람,기타,운전자법규위반,안전운전 의무 불이행,단일로,기타단일로,화물차,보행자,128.58864540000002,35.23652263
15336,2015,2015-10-20 19:47,야,화,1,1,0,0,광주,광산구,차대차,측면충돌,운전자법규위반,신호위반,교차로,교차로내,승용차,원동기장치자전거,126.8290351,35.21305827
15337,2015,2015-10-20 23:20,야,화,1,1,0,0,충남,천안시,차대차,측면충돌,운전자법규위반,안전운전 의무 불이행,교차로,교차로내,승용차,승용차,127.1345817,36.94018255
15338,2015,2015-10-20 23:40,야,화,1,1,0,0,경북,포항시,차대사람,기타,운전자법규위반,안전운전 의무 불이행,단일로,기타단일로,승합차,보행자,129.3491612,35.99074549
15339,2015,2015-10-21 01:15,야,수,1,1,0,0,경기,의정부시,차량단독,공작물충돌,운전자법규위반,안전운전 의무 불이행,단일로,기타단일로,이륜차,없음,127.0875152,37.74127834
15340,2015,2015-10-21 01:56,야,수,1,1,0,0,전남,무안군,차대사람,기타,운전자법규위반,안전운전 의무 불이행,단일로,기타단일로,승용차,보행자,126.4684331,34.99470591
15341,2015,2015-10-21 03:40,야,수,1,1,0,0,경기,파주시,차량단독,공작물충돌,운전자법규위반,안전운전 의무 불이행,단일로,기타단일로,이륜차,없음,126.81272479999998,37.76418762
15342,2015,2015-10-21 05:25,야,수,1,1,0,0,경북,영주시,차대사람,길가장자리구역통행중,운전자법규위반,안전운전 의무 불이행,단일로,기타단일로,승용차,보행자,128.526933,36.8667876
15343,2015,2015-10-21 05:30,야,수,1,2,1,0,경남,진주시,차대차,정면충돌,운전자법규위반,중앙선 침범,단일로,기타단일로,승용차,승용차,128.0707734,35.15641322
15344,2015,2015-10-21 06:10,주,수,1,1,0,0,충북,청주시,차대사람,횡단중,운전자법규위반,보행자 보호의무 위반,교차로,교차로내,승용차,보행자,127.48989070000002,36.61533822
15345,2015,2015-10-21 06:10,주,수,1,1,0,0,경남,하동군,차대사람,횡단중,운전자법규위반,안전운전 의무 불이행,교차로,교차로부근,승용차,보행자,127.81711809999999,34.95622961
15346,2015,2015-10-21 07:20,주,수,1,1,0,0,경북,경주시,차대차,기타,운전자법규위반,안전운전 의무 불이행,단일로,기타단일로,승용차,농기계,129.2345671,35.74541506
15347,2015,2015-10-21 07:50,주,수,1,5,2,2,경남,사천시,차대사람,기타,운전자법규위반,중앙선 침범,단일로,기타단일로,승용차,보행자,128.1145893,34.94524176
15348,2015,2015-10-21 08:50,주,수,1,1,0,0,충남,당진시,차대차,진행중 추돌,운전자법규위반,안전운전 의무 불이행,단일로,교량위,승용차,승용차,126.8185635,36.94321585
15349,2015,2015-10-21 09:00,주,수,1,1,0,0,경기,고양시,차대사람,기타,운전자법규위반,안전운전 의무 불이행,단일로,기타단일로,승용차,보행자,126.81789920000001,37.60721641
15350,2015,2015-10-21 09:30,주,수,1,1,0,0,경남,하동군,차량단독,도로이탈 추락,운전자법규위반,안전운전 의무 불이행,단일로,기타단일로,이륜차,없음,127.84897360000001,35.02189715
15351,2015,2015-10-21 10:50,주,수,1,1,0,0,강원,원주시,차대차,진행중 추돌,운전자법규위반,안전거리 미확보,단일로,기타단일로,이륜차,승용차,127.93714240000001,37.33892432
15352,2015,2015-10-21 10:20,주,수,1,1,0,0,충남,보령시,차대차,측면충돌,운전자법규위반,부당한 회전,단일로,기타단일로,이륜차,승용차,126.58863600000001,36.42892473
15353,2015,2015-10-21 11:45,주,수,1,1,0,0,경기,평택시,차대차,기타,운전자법규위반,안전거리 미확보,단일로,기타단일로,승용차,원동기장치자전거,127.05367150000001,37.07620289
15354,2015,2015-10-21 11:30,주,수,1,1,0,0,경남,김해시,차대차,주정차중 추돌,운전자법규위반,안전운전 의무 불이행,교차로,교차로부근,화물차,화물차,128.802582,35.17404466
15355,2015,2015-10-21 13:20,주,수,1,5,2,2,충북,보은군,차대차,측면충돌,운전자법규위반,신호위반,교차로,교차로내,승용차,승합차,127.70643359999998,36.47993334
15356,2015,2015-10-21 17:40,주,수,1,2,0,1,강원,양구군,차대차,정면충돌,운전자법규위반,중앙선 침범,단일로,기타단일로,승용차,승용차,127.99311180000001,38.12065606
15357,2015,2015-10-21 18:25,야,수,1,1,0,0,경북,상주시,차대사람,횡단중,운전자법규위반,과속,단일로,기타단일로,화물차,보행자,128.0977233,36.56468124
15358,2015,2015-10-21 19:25,야,수,1,1,0,0,전남,해남군,차량단독,공작물충돌,운전자법규위반,안전운전 의무 불이행,단일로,기타단일로,화물차,없음,126.4649487,34.59412189
15359,2015,2015-10-22 00:07,야,목,1,1,0,0,경남,창원시(통합),차대사람,기타,운전자법규위반,안전운전 의무 불이행,단일로,기타단일로,승용차,보행자,128.4713493,35.11545226
15360,2015,2015-10-22 01:10,야,목,1,1,0,0,서울,강남구,차대차,측면충돌,운전자법규위반,중앙선 침범,단일로,기타단일로,원동기장치자전거,승용차,127.0213061,37.51066465
15361,2015,2015-10-22 14:30,주,목,1,1,0,0,서울,영등포구,차대사람,횡단중,운전자법규위반,안전운전 의무 불이행,단일로,기타단일로,승용차,보행자,126.90845049999999,37.496190500000004
15362,2015,2015-10-22 14:14,주,목,1,1,0,0,경기,평택시,차량단독,전도전복,운전자법규위반,안전운전 의무 불이행,교차로,교차로내,화물차,없음,127.04325559999998,37.12277567
15363,2015,2015-10-22 14:35,주,목,1,1,0,0,전북,익산시,차량단독,공작물충돌,운전자법규위반,안전운전 의무 불이행,단일로,기타단일로,원동기장치자전거,없음,126.9440946,36.01529709
15364,2015,2015-10-22 18:25,야,목,1,1,0,0,제주,제주시,차대사람,횡단중,운전자법규위반,안전운전 의무 불이행,교차로,교차로부근,화물차,보행자,126.1869957,33.35435872
15365,2015,2015-10-22 20:05,야,목,1,1,0,0,서울,동대문구,차대차,기타,운전자법규위반,안전운전 의무 불이행,단일로,기타단일로,이륜차,승용차,127.0501246,37.58406597
15366,2015,2015-10-22 20:45,야,목,1,1,0,0,강원,영월군,차대사람,길가장자리구역통행중,운전자법규위반,안전운전 의무 불이행,단일로,기타단일로,승용차,보행자,128.2604508,37.26154531
15367,2015,2015-10-22 20:10,야,목,1,1,0,0,충북,청주시,차대사람,횡단중,운전자법규위반,신호위반,교차로,교차로내,승용차,보행자,127.4470477,36.61725609
15368,2015,2015-10-22 20:31,야,목,1,1,0,0,인천,남동구,차대차,측면충돌,운전자법규위반,안전운전 의무 불이행,단일로,기타단일로,자전거,승용차,126.71299040000001,37.39900191
15369,2015,2015-10-22 22:12,야,목,1,1,0,0,경기,안성시,차대사람,기타,운전자법규위반,안전운전 의무 불이행,단일로,기타단일로,승용차,보행자,127.48041880000001,37.09870241
15370,2015,2015-10-22 23:59,야,목,1,2,1,0,충남,부여군,차대차,주정차중 추돌,운전자법규위반,안전운전 의무 불이행,교차로,교차로부근,승용차,화물차,126.90779669999999,36.26650489
15371,2015,2015-10-23 00:45,야,금,1,3,1,1,경기,성남시,차대차,측면충돌,운전자법규위반,신호위반,교차로,교차로내,승용차,승용차,127.1733771,37.42268585
15372,2015,2015-10-23 00:10,야,금,1,1,0,0,경남,창녕군,차량단독,공작물충돌,운전자법규위반,안전운전 의무 불이행,단일로,기타단일로,화물차,없음,128.3729423,35.55382124
15373,2015,2015-10-23 02:05,야,금,1,1,0,0,경기,하남시,차대사람,길가장자리구역통행중,운전자법규위반,안전운전 의무 불이행,교차로,교차로내,화물차,보행자,127.1969377,37.51883441
15374,2015,2015-10-23 04:45,야,금,1,1,0,0,전남,강진군,차대차,진행중 추돌,운전자법규위반,과속,단일로,기타단일로,승용차,원동기장치자전거,126.80916640000001,34.64407988
15375,2015,2015-10-23 04:00,야,금,1,2,0,1,경북,경주시,차량단독,전도전복,운전자법규위반,안전운전 의무 불이행,단일로,교량위,화물차,없음,129.1872423,35.81213237
15376,2015,2015-10-23 05:25,야,금,1,1,0,0,충북,충주시,차대차,기타,운전자법규위반,안전운전 의무 불이행,교차로,교차로부근,승용차,특수차,127.94238700000001,37.07357649
15377,2015,2015-10-23 05:45,야,금,1,1,0,0,울산,동구,차대사람,횡단중,운전자법규위반,안전운전 의무 불이행,교차로,교차로내,이륜차,보행자,129.4170744,35.50003603
15378,2015,2015-10-23 06:20,주,금,1,1,0,0,경북,상주시,차대차,주정차중 추돌,운전자법규위반,안전운전 의무 불이행,단일로,기타단일로,승용차,건설기계,128.19530559999998,36.41840647
15379,2015,2015-10-23 08:10,주,금,1,1,0,0,대전,대덕구,차대차,측면충돌,운전자법규위반,안전거리 미확보,단일로,기타단일로,승용차,이륜차,127.4101189,36.35801077
15380,2015,2015-10-23 10:00,주,금,1,1,0,0,서울,중구,차대사람,기타,운전자법규위반,안전운전 의무 불이행,기타/불명,기타/불명,승합차,보행자,126.9780186,37.56032512
15381,2015,2015-10-23 11:15,주,금,1,1,0,0,충북,청주시,차대사람,횡단중,운전자법규위반,안전운전 의무 불이행,단일로,기타단일로,승용차,보행자,127.4987229,36.61733276
15382,2015,2015-10-23 13:25,주,금,1,1,0,0,충남,당진시,차대차,측면충돌,운전자법규위반,안전운전 의무 불이행,단일로,기타단일로,건설기계,이륜차,126.7450932,36.88523302
15383,2015,2015-10-23 14:00,주,금,1,1,0,0,서울,마포구,차대사람,기타,운전자법규위반,보행자 보호의무 위반,단일로,횡단보도상,화물차,보행자,126.91294640000001,37.54902307
15384,2015,2015-10-23 14:17,주,금,1,1,0,0,경남,고성군,차대사람,횡단중,운전자법규위반,과속,교차로,교차로내,승용차,보행자,128.3967203,35.01542507
15385,2015,2015-10-23 18:50,야,금,1,1,0,0,전남,영암군,차대사람,횡단중,운전자법규위반,안전운전 의무 불이행,단일로,기타단일로,화물차,보행자,126.67929099999999,34.80300239
15386,2015,2015-10-23 18:00,야,금,1,4,1,2,경북,의성군,차대차,주정차중 추돌,운전자법규위반,안전운전 의무 불이행,단일로,교량위,화물차,화물차,128.691356,36.35580123
15387,2015,2015-10-23 18:30,야,금,1,2,0,1,경북,청도군,차대차,진행중 추돌,운전자법규위반,안전운전 의무 불이행,단일로,기타단일로,승용차,농기계,128.7052543,35.65313435
15388,2015,2015-10-23 18:00,야,금,1,1,0,0,대전,대덕구,차대차,측면충돌,운전자법규위반,안전운전 의무 불이행,교차로,교차로내,화물차,자전거,127.3951097,36.34638669
15389,2015,2015-10-23 18:10,야,금,1,1,0,0,울산,울주군,차대차,측면충돌,운전자법규위반,안전운전 의무 불이행,교차로,교차로내,자전거,승합차,129.1951308,35.70044211
15390,2015,2015-10-23 19:50,야,금,1,1,0,0,서울,관악구,차대사람,횡단중,운전자법규위반,보행자 보호의무 위반,단일로,횡단보도상,승용차,보행자,126.95673889999999,37.49059155
15391,2015,2015-10-23 21:33,야,금,1,2,1,0,강원,강릉시,차대차,주정차중 추돌,운전자법규위반,안전운전 의무 불이행,단일로,기타단일로,승용차,건설기계,128.8340073,37.78440809
15392,2015,2015-10-23 22:55,야,금,1,1,0,0,서울,중구,차대사람,횡단중,운전자법규위반,안전운전 의무 불이행,단일로,횡단보도상,승합차,보행자,126.9687703,37.56799039
15393,2015,2015-10-23 22:00,야,금,1,1,0,0,인천,계양구,차대사람,횡단중,운전자법규위반,안전운전 의무 불이행,교차로,교차로부근,화물차,보행자,126.7279299,37.53061646
15394,2015,2015-10-24 00:47,야,토,1,1,0,0,경기,과천시,차대사람,횡단중,운전자법규위반,과속,단일로,기타단일로,승용차,보행자,126.98871670000001,37.45771651
15395,2015,2015-10-24 01:20,야,토,1,1,0,0,전남,여수시,차대사람,길가장자리구역통행중,운전자법규위반,안전운전 의무 불이행,단일로,기타단일로,승용차,보행자,127.584658,34.87404926
15396,2015,2015-10-24 02:44,야,토,1,1,0,0,경북,울진군,차대사람,기타,운전자법규위반,안전운전 의무 불이행,단일로,기타단일로,승용차,보행자,129.4143817,37.0532727
15397,2015,2015-10-24 04:05,야,토,1,3,0,2,광주,남구,차대차,정면충돌,운전자법규위반,중앙선 침범,단일로,교량위,승용차,화물차,126.89985520000002,35.13432377
15398,2015,2015-10-24 05:40,야,토,1,2,1,0,서울,강서구,차량단독,공작물충돌,운전자법규위반,안전운전 의무 불이행,단일로,기타단일로,이륜차,없음,126.8612188,37.53215177
15399,2015,2015-10-24 06:04,주,토,1,1,0,0,경기,남양주시,차대사람,차도통행중,운전자법규위반,안전운전 의무 불이행,단일로,기타단일로,승용차,보행자,127.3023996,37.6710527
15400,2015,2015-10-24 06:55,주,토,1,1,0,0,강원,춘천시,차대사람,횡단중,운전자법규위반,안전운전 의무 불이행,교차로,교차로부근,승합차,보행자,127.72814380000001,37.8800774
15401,2015,2015-10-24 06:30,주,토,1,1,0,0,강원,태백시,차대차,측면충돌,운전자법규위반,신호위반,교차로,교차로내,건설기계,원동기장치자전거,129.0164448,37.09702018
15402,2015,2015-10-24 06:45,주,토,1,1,0,0,충북,청주시,차대사람,횡단중,운전자법규위반,보행자 보호의무 위반,단일로,횡단보도상,승용차,보행자,127.47225700000001,36.64150594
15403,2015,2015-10-24 09:45,주,토,1,1,0,0,경기,파주시,차대차,측면충돌,운전자법규위반,안전운전 의무 불이행,단일로,기타단일로,원동기장치자전거,승합차,126.74401809999999,37.72474019
15404,2015,2015-10-24 13:00,주,토,1,1,0,0,경북,경주시,차대차,정면충돌,운전자법규위반,중앙선 침범,단일로,기타단일로,건설기계,화물차,129.2424809,36.05703174
15405,2015,2015-10-24 18:30,야,토,1,1,0,0,경북,군위군,차대차,주정차중 추돌,운전자법규위반,안전운전 의무 불이행,단일로,기타단일로,이륜차,화물차,128.7462838,36.16419699
15406,2015,2015-10-24 18:17,야,토,1,1,0,0,경남,창원시(통합),차대차,기타,운전자법규위반,안전운전 의무 불이행,단일로,횡단보도상,승용차,승용차,128.6554593,35.24014994
15407,2015,2015-10-24 19:00,야,토,1,1,0,0,전남,보성군,차량단독,기타,운전자법규위반,안전운전 의무 불이행,단일로,기타단일로,농기계,없음,127.23032990000002,34.80537183
15408,2015,2015-10-24 20:03,야,토,1,1,0,0,경기,부천시,차대사람,기타,운전자법규위반,안전운전 의무 불이행,단일로,기타단일로,승합차,보행자,126.8129801,37.47915207
15409,2015,2015-10-24 20:25,야,토,1,1,0,0,충남,논산시,차대사람,횡단중,운전자법규위반,안전운전 의무 불이행,단일로,기타단일로,승용차,보행자,127.04841850000001,36.1710941
15410,2015,2015-10-24 20:45,야,토,1,1,0,0,대구,달서구,차대차,측면충돌,운전자법규위반,안전운전 의무 불이행,단일로,횡단보도상,승용차,자전거,128.511987,35.83596142
15411,2015,2015-10-25 00:20,야,일,1,2,0,1,경북,칠곡군,차대사람,차도통행중,운전자법규위반,안전운전 의무 불이행,단일로,교량위,승용차,보행자,128.5552059,35.9815703
15412,2015,2015-10-25 01:39,야,일,1,1,0,0,경기,부천시,차량단독,기타,운전자법규위반,안전운전 의무 불이행,단일로,기타단일로,원동기장치자전거,없음,126.7941919,37.48658564
15413,2015,2015-10-25 01:30,야,일,1,1,0,0,광주,광산구,차대사람,횡단중,운전자법규위반,안전운전 의무 불이행,단일로,기타단일로,화물차,보행자,126.81008030000001,35.16134779
15414,2015,2015-10-25 02:10,야,일,1,1,0,0,경기,성남시,차대사람,횡단중,운전자법규위반,안전운전 의무 불이행,단일로,기타단일로,승용차,보행자,127.17284340000002,37.45703566
15415,2015,2015-10-25 03:52,야,일,1,1,0,0,경북,경산시,철길건널목,차단기돌파,운전자법규위반,철길건널목 통과방법위반,철길건널목,철길건널목,화물차,열차,128.8362114,35.91967458
15416,2015,2015-10-25 05:17,야,일,1,1,0,0,서울,중랑구,차대차,측면충돌,운전자법규위반,신호위반,교차로,교차로부근,승용차,이륜차,127.0884876,37.57557103
15417,2015,2015-10-25 05:10,야,일,1,1,0,0,경남,진주시,차대사람,길가장자리구역통행중,운전자법규위반,안전운전 의무 불이행,교차로,교차로부근,승합차,보행자,128.08297240000002,35.28560416
15418,2015,2015-10-25 07:50,주,일,1,4,2,1,강원,원주시,차대사람,보도통행중,운전자법규위반,안전거리 미확보,단일로,기타단일로,화물차,보행자,128.0505553,37.43958492
15419,2015,2015-10-25 13:52,주,일,1,1,0,0,부산,동래구,차대차,진행중 추돌,운전자법규위반,안전운전 의무 불이행,단일로,기타단일로,자전거,승용차,129.0688857,35.2064198
15420,2015,2015-10-25 15:30,주,일,1,1,0,0,충남,보령시,차량단독,전도전복,운전자법규위반,안전운전 의무 불이행,단일로,기타단일로,농기계,없음,126.66642150000001,36.18436106
15421,2015,2015-10-25 16:42,주,일,1,1,0,0,경남,함양군,차량단독,전도전복,운전자법규위반,안전운전 의무 불이행,단일로,기타단일로,이륜차,없음,127.6889862,35.68670682
15422,2015,2015-10-25 19:05,야,일,1,1,0,0,경기,화성시,차대사람,기타,운전자법규위반,안전운전 의무 불이행,교차로,교차로내,승용차,보행자,126.912985,37.1379859
15423,2015,2015-10-25 19:10,야,일,1,1,0,0,충남,예산군,차대사람,차도통행중,운전자법규위반,안전운전 의무 불이행,단일로,기타단일로,승용차,보행자,126.8505452,36.60744774
15424,2015,2015-10-25 21:04,야,일,1,1,0,0,서울,강북구,차대사람,횡단중,운전자법규위반,안전운전 의무 불이행,단일로,기타단일로,승용차,보행자,127.0394081,37.63216535
15425,2015,2015-10-25 23:55,야,일,1,1,0,0,경기,양평군,차대사람,기타,운전자법규위반,안전운전 의무 불이행,단일로,기타단일로,승용차,보행자,127.6568506,37.51646005
15426,2015,2015-10-26 06:35,주,월,1,1,0,0,경북,포항시,차량단독,공작물충돌,운전자법규위반,안전운전 의무 불이행,단일로,기타단일로,이륜차,없음,129.35970790000002,36.03740344
15427,2015,2015-10-26 10:45,주,월,1,5,4,0,충북,충주시,차대차,진행중 추돌,운전자법규위반,안전운전 의무 불이행,단일로,기타단일로,화물차,화물차,127.8629065,36.93148227
15428,2015,2015-10-26 11:25,주,월,1,1,0,0,대전,유성구,차대차,측면충돌,운전자법규위반,신호위반,교차로,교차로내,승용차,원동기장치자전거,127.3234503,36.36681233
15429,2015,2015-10-26 12:08,주,월,1,21,3,15,경북,상주시,차대차,기타,운전자법규위반,안전운전 의무 불이행,단일로,터널안,화물차,화물차,128.2217804,36.30990223
15430,2015,2015-10-26 13:40,주,월,1,1,0,0,경남,고성군,차대차,주정차중 추돌,운전자법규위반,안전운전 의무 불이행,단일로,기타단일로,원동기장치자전거,화물차,128.3414995,34.98198833
15431,2015,2015-10-26 15:30,주,월,1,1,0,0,경북,안동시,차대사람,기타,운전자법규위반,안전운전 의무 불이행,단일로,기타단일로,화물차,보행자,128.6885962,36.6132868
15432,2015,2015-10-26 16:25,주,월,1,1,0,0,전북,전주시,차대차,측면충돌,운전자법규위반,안전운전 의무 불이행,단일로,횡단보도상,화물차,자전거,127.1528429,35.83640306