,발생년,발생년월일시분,주야,요일,사망자수,사상자수,중상자수,경상자수,발생지시도,발생지시군구,사고유형_대분류,사고유형,법규위반_대분류,법규위반,도로형태_대분류,도로형태,가해자_당사자종별,피해자_당사자종별,경도,위도
15433,2015,2015-10-26 17:10,주,월,1,1,0,0,전남,장성군,차대사람,기타,운전자법규위반,안전운전 의무 불이행,교차로,교차로내,건설기계,보행자,126.7767857,35.44106063
15434,2015,2015-10-26 18:55,야,월,1,9,2,6,경기,하남시,차대차,정면충돌,운전자법규위반,안전운전 의무 불이행,교차로,교차로부근,승용차,승합차,127.16676840000001,37.54430664
15435,2015,2015-10-26 18:10,야,월,1,3,0,2,충남,서산시,차대차,정면충돌,운전자법규위반,중앙선 침범,단일로,기타단일로,이륜차,승용차,126.5551621,36.73948246
15436,2015,2015-10-26 18:20,야,월,1,1,0,0,전남,보성군,차대사람,기타,운전자법규위반,안전운전 의무 불이행,교차로,교차로내,화물차,보행자,127.18563,34.90485505
15437,2015,2015-10-26 19:24,야,월,1,1,0,0,경기,구리시,차대사람,횡단중,운전자법규위반,안전운전 의무 불이행,단일로,기타단일로,화물차,보행자,127.1428815,37.6157409
15438,2015,2015-10-26 21:55,야,월,1,1,0,0,경기,부천시,차대차,측면충돌,운전자법규위반,신호위반,교차로,교차로내,이륜차,승용차,126.76893829999999,37.51050707
15439,2015,2015-10-27 02:35,야,화,1,1,0,0,충남,천안시,차대사람,기타,운전자법규위반,안전운전 의무 불이행,단일로,기타단일로,화물차,보행자,127.13638970000001,36.82185398
15440,2015,2015-10-27 04:37,야,화,1,1,0,0,서울,구로구,차대사람,횡단중,운전자법규위반,안전운전 의무 불이행,교차로,교차로내,승용차,보행자,126.90286440000001,37.484525899999994
15441,2015,2015-10-27 04:55,야,화,1,1,0,0,서울,관악구,차대사람,횡단중,운전자법규위반,안전운전 의무 불이행,교차로,교차로부근,승용차,보행자,126.95653590000002,37.49067084
15442,2015,2015-10-27 04:50,야,화,1,1,0,0,경기,시흥시,차대사람,기타,운전자법규위반,안전운전 의무 불이행,단일로,기타단일로,화물차,보행자,126.8135378,37.42804839
15443,2015,2015-10-27 05:30,야,화,1,1,0,0,대전,동구,차대사람,기타,운전자법규위반,안전운전 의무 불이행,단일로,기타단일로,승용차,보행자,127.44093079999999,36.2783423
15444,2015,2015-10-27 10:50,주,화,1,2,1,0,경북,영덕군,차량단독,도로이탈 기타,운전자법규위반,안전운전 의무 불이행,단일로,기타단일로,화물차,없음,129.3752267,36.26992717
15445,2015,2015-10-27 12:00,주,화,1,1,0,0,전남,고흥군,차대사람,길가장자리구역통행중,운전자법규위반,안전운전 의무 불이행,교차로,교차로내,화물차,보행자,127.23001070000001,34.57401775
15446,2015,2015-10-27 15:30,주,화,1,1,0,0,인천,강화군,차대사람,횡단중,운전자법규위반,안전운전 의무 불이행,단일로,기타단일로,승합차,보행자,126.4883041,37.74004671
15447,2015,2015-10-27 16:29,주,화,1,1,0,0,충남,보령시,차대사람,횡단중,운전자법규위반,안전운전 의무 불이행,단일로,기타단일로,승용차,보행자,126.6004226,36.35387392
15448,2015,2015-10-27 18:55,야,화,1,1,0,0,대구,달성군,차대사람,횡단중,운전자법규위반,안전운전 의무 불이행,교차로,교차로부근,승용차,보행자,128.6270348,35.79601686
15449,2015,2015-10-27 20:30,야,화,1,1,0,0,전남,여수시,차대사람,횡단중,운전자법규위반,안전운전 의무 불이행,단일로,기타단일로,승용차,보행자,127.67685929999999,34.76407129
15450,2015,2015-10-27 21:55,야,화,1,1,0,0,경북,포항시,차대사람,횡단중,운전자법규위반,안전운전 의무 불이행,단일로,기타단일로,승용차,보행자,129.36122690000002,36.0175301
15451,2015,2015-10-28 00:30,야,수,1,1,0,0,인천,남동구,차대사람,기타,운전자법규위반,중앙선 침범,단일로,기타단일로,승용차,보행자,126.71826180000001,37.42990838
15452,2015,2015-10-28 12:35,주,수,1,3,0,2,경기,용인시,차대차,정면충돌,운전자법규위반,중앙선 침범,단일로,기타단일로,원동기장치자전거,화물차,127.1043077,37.26211844
15453,2015,2015-10-28 12:30,주,수,1,1,0,0,경북,예천군,차량단독,공작물충돌,운전자법규위반,안전운전 의무 불이행,교차로,교차로부근,화물차,없음,128.4456277,36.70249871
15454,2015,2015-10-28 12:45,주,수,1,1,0,0,경남,김해시,차대사람,횡단중,운전자법규위반,안전운전 의무 불이행,단일로,기타단일로,화물차,보행자,128.81346000000002,35.20039921
15455,2015,2015-10-28 13:50,주,수,1,2,1,0,충남,공주시,차대차,진행중 추돌,운전자법규위반,안전운전 의무 불이행,단일로,기타단일로,승용차,승합차,127.0266845,36.32909648
15456,2015,2015-10-28 13:15,주,수,1,1,0,0,경남,김해시,차대차,정면충돌,운전자법규위반,안전운전 의무 불이행,교차로,교차로내,건설기계,화물차,128.8778097,35.29796051
15457,2015,2015-10-28 15:30,주,수,1,1,0,0,전북,정읍시,차대사람,기타,운전자법규위반,안전운전 의무 불이행,교차로,교차로부근,화물차,보행자,126.81226000000001,35.66106085
15458,2015,2015-10-28 17:30,주,수,1,6,0,5,경기,포천시,차대차,정면충돌,운전자법규위반,중앙선 침범,단일로,기타단일로,화물차,화물차,127.3215232,38.05536569
15459,2015,2015-10-28 18:07,야,수,1,1,0,0,광주,동구,차대사람,횡단중,운전자법규위반,안전운전 의무 불이행,기타/불명,기타/불명,이륜차,보행자,126.9298722,35.12996918
15460,2015,2015-10-28 19:14,야,수,1,1,0,0,경기,성남시,차대사람,기타,운전자법규위반,안전운전 의무 불이행,단일로,기타단일로,화물차,보행자,127.16683700000002,37.46011959
15461,2015,2015-10-28 22:37,야,수,1,1,0,0,경남,사천시,차대차,기타,운전자법규위반,교차로 통행방법 위반,교차로,교차로내,자전거,화물차,128.0962213,34.93123015
15462,2015,2015-10-28 23:45,야,수,1,1,0,0,강원,원주시,차량단독,공작물충돌,운전자법규위반,안전운전 의무 불이행,교차로,교차로내,승용차,없음,127.8594902,37.38284876
15463,2015,2015-10-29 06:28,주,목,1,1,0,0,전북,군산시,차대사람,차도통행중,운전자법규위반,안전운전 의무 불이행,단일로,기타단일로,승용차,보행자,126.7280531,35.97311578
15464,2015,2015-10-29 08:10,주,목,1,1,0,0,경기,부천시,차대사람,횡단중,운전자법규위반,보행자 보호의무 위반,교차로,교차로부근,승합차,보행자,126.8174466,37.48921001
15465,2015,2015-10-29 09:45,주,목,1,1,0,0,강원,양구군,차대차,측면충돌,운전자법규위반,안전운전 의무 불이행,교차로,교차로내,화물차,원동기장치자전거,128.0148871,38.14614043
15466,2015,2015-10-29 09:40,주,목,1,3,0,2,전남,영광군,차대차,측면충돌,운전자법규위반,중앙선 침범,단일로,기타단일로,승용차,승용차,126.517147,35.27621747
15467,2015,2015-10-29 09:56,주,목,1,1,0,0,인천,남동구,차대차,기타,운전자법규위반,안전운전 의무 불이행,단일로,기타단일로,승합차,승합차,126.71587849999999,37.44936724
15468,2015,2015-10-29 10:45,주,목,1,1,0,0,경기,안성시,차대차,주정차중 추돌,운전자법규위반,안전운전 의무 불이행,단일로,기타단일로,승용차,승합차,127.1287746,37.079093900000004
15469,2015,2015-10-29 10:00,주,목,1,1,0,0,인천,남동구,차대사람,차도통행중,운전자법규위반,안전운전 의무 불이행,교차로,교차로내,화물차,보행자,126.70815490000001,37.46338042
15470,2015,2015-10-29 12:10,주,목,1,6,2,3,서울,서초구,차대차,측면충돌,운전자법규위반,안전운전 의무 불이행,단일로,기타단일로,승합차,승합차,127.0664371,37.43372001
15471,2015,2015-10-29 13:05,주,목,1,1,0,0,충남,청양군,차량단독,도로이탈 추락,운전자법규위반,안전운전 의무 불이행,단일로,기타단일로,농기계,없음,126.7697008,36.51980585
15472,2015,2015-10-29 17:10,주,목,1,1,0,0,서울,노원구,차대사람,횡단중,운전자법규위반,안전운전 의무 불이행,단일로,기타단일로,승합차,보행자,127.0554219,37.68165603
15473,2015,2015-10-29 17:30,주,목,1,1,0,0,충남,논산시,차량단독,도로이탈 추락,운전자법규위반,안전운전 의무 불이행,단일로,기타단일로,농기계,없음,127.0937288,36.07856615
15474,2015,2015-10-29 18:40,야,목,1,1,0,0,충북,단양군,차대사람,길가장자리구역통행중,운전자법규위반,과속,단일로,기타단일로,승용차,보행자,128.2943344,37.00473058
15475,2015,2015-10-29 19:10,야,목,1,1,0,0,서울,강동구,차대사람,기타,운전자법규위반,안전운전 의무 불이행,교차로,교차로부근,승용차,보행자,127.1313886,37.53829762
15476,2015,2015-10-29 19:58,야,목,1,1,0,0,경남,거제시,차대차,측면충돌,운전자법규위반,과속,교차로,교차로부근,승용차,이륜차,128.69801370000002,34.86557973
15477,2015,2015-10-29 20:30,야,목,1,1,0,0,충남,천안시,차대사람,기타,운전자법규위반,안전운전 의무 불이행,단일로,기타단일로,승용차,보행자,127.08873600000001,36.9305314
15478,2015,2015-10-29 22:04,야,목,1,1,0,0,경북,경주시,차대사람,기타,운전자법규위반,안전운전 의무 불이행,단일로,기타단일로,승용차,보행자,129.20694709999998,35.852123799999994
15479,2015,2015-10-29 23:40,야,목,1,1,0,0,경기,군포시,차대차,진행중 추돌,운전자법규위반,안전운전 의무 불이행,단일로,기타단일로,화물차,화물차,126.9391148,37.32859537
15480,2015,2015-10-30 05:50,야,금,1,1,0,0,경기,파주시,차대사람,길가장자리구역통행중,운전자법규위반,안전운전 의무 불이행,단일로,기타단일로,승합차,보행자,126.80839040000001,37.85159767
15481,2015,2015-10-30 05:28,야,금,1,1,0,0,전남,장성군,차량단독,전도전복,운전자법규위반,안전운전 의무 불이행,단일로,기타단일로,승용차,없음,126.78523340000001,35.28905393
15482,2015,2015-10-30 06:15,주,금,1,1,0,0,전남,진도군,차대사람,기타,운전자법규위반,안전운전 의무 불이행,단일로,기타단일로,화물차,보행자,126.2498338,34.58570523
15483,2015,2015-10-30 08:48,주,금,1,1,0,0,서울,용산구,차대차,기타,운전자법규위반,안전운전 의무 불이행,단일로,기타단일로,승용차,이륜차,126.9697659,37.53135503
15484,2015,2015-10-30 08:00,주,금,1,1,0,0,경남,하동군,차량단독,공작물충돌,운전자법규위반,안전운전 의무 불이행,단일로,기타단일로,화물차,없음,127.803673,35.15898217
15485,2015,2015-10-30 09:10,주,금,1,1,0,0,부산,영도구,차대사람,횡단중,운전자법규위반,보행자 보호의무 위반,단일로,횡단보도상,승용차,보행자,129.0439221,35.08757485
15486,2015,2015-10-30 09:40,주,금,1,1,0,0,부산,강서구,차대사람,기타,운전자법규위반,신호위반,단일로,기타단일로,승용차,보행자,128.980753,35.213667
15487,2015,2015-10-30 11:15,주,금,1,1,0,0,서울,은평구,차대사람,길가장자리구역통행중,운전자법규위반,안전운전 의무 불이행,교차로,교차로내,승용차,보행자,126.9198648,37.58972591
15488,2015,2015-10-30 15:20,주,금,1,1,0,0,경기,이천시,차대차,측면충돌,운전자법규위반,안전거리 미확보,교차로,교차로내,승용차,승용차,127.59251100000002,37.11364965
15489,2015,2015-10-30 15:32,주,금,1,1,0,0,울산,북구,차대차,측면충돌,운전자법규위반,신호위반,교차로,교차로내,승용차,이륜차,129.36086310000002,35.57074725
15490,2015,2015-10-30 18:47,야,금,1,1,0,0,대구,달성군,차대사람,횡단중,운전자법규위반,안전운전 의무 불이행,교차로,교차로내,승용차,보행자,128.4106727,35.74431389
15491,2015,2015-10-30 19:15,야,금,1,1,0,0,강원,원주시,차대사람,횡단중,운전자법규위반,안전운전 의무 불이행,단일로,기타단일로,승용차,보행자,127.94637069999999,37.37980354
15492,2015,2015-10-30 21:26,야,금,1,1,0,0,서울,마포구,차대차,측면충돌,운전자법규위반,안전운전 의무 불이행,단일로,기타단일로,승용차,이륜차,126.9509362,37.55710165
15493,2015,2015-10-31 00:01,야,토,1,3,1,1,충남,논산시,차대차,기타,운전자법규위반,안전운전 의무 불이행,단일로,기타단일로,승용차,화물차,127.1457288,36.13222689
15494,2015,2015-10-31 09:50,주,토,1,4,3,0,경기,파주시,차대차,정면충돌,운전자법규위반,중앙선 침범,단일로,기타단일로,승용차,건설기계,126.98809840000001,37.99301859
15495,2015,2015-10-31 13:20,주,토,1,1,0,0,충북,단양군,차대사람,횡단중,운전자법규위반,안전운전 의무 불이행,단일로,기타단일로,승용차,보행자,128.36359050000002,36.92112692
15496,2015,2015-10-31 15:20,주,토,1,1,0,0,대구,수성구,차대차,측면충돌,운전자법규위반,안전운전 의무 불이행,단일로,기타단일로,건설기계,자전거,128.6595101,35.85281298
15497,2015,2015-10-31 17:48,주,토,1,1,0,0,전북,익산시,차대사람,횡단중,운전자법규위반,안전운전 의무 불이행,단일로,기타단일로,승합차,보행자,126.94425790000001,36.00309947
15498,2015,2015-10-31 18:10,야,토,1,1,0,0,충북,진천군,차대사람,횡단중,운전자법규위반,신호위반,교차로,교차로내,승용차,보행자,127.5115721,36.86920447
15499,2015,2015-10-31 22:20,야,토,1,1,0,0,경기,군포시,차대사람,기타,운전자법규위반,안전운전 의무 불이행,단일로,기타단일로,승용차,보행자,126.94784709999999,37.34459989
15500,2015,2015-11-01 01:40,야,일,1,1,0,0,서울,구로구,차대사람,횡단중,운전자법규위반,보행자 보호의무 위반,단일로,횡단보도상,승용차,보행자,126.8923175,37.49911012
15501,2015,2015-11-01 01:15,야,일,1,2,1,0,경기,화성시,차량단독,공작물충돌,운전자법규위반,안전운전 의무 불이행,교차로,교차로내,승용차,없음,126.920429,37.12596166
15502,2015,2015-11-01 03:00,야,일,1,1,0,0,대전,서구,차량단독,공작물충돌,운전자법규위반,안전운전 의무 불이행,단일로,기타단일로,원동기장치자전거,없음,127.3506622,36.34851213
15503,2015,2015-11-01 07:15,주,일,1,1,0,0,전남,함평군,차량단독,공작물충돌,운전자법규위반,안전운전 의무 불이행,단일로,기타단일로,이륜차,없음,126.4834297,35.062324
15504,2015,2015-11-01 07:50,주,일,1,1,0,0,경남,창원시(통합),차량단독,전도전복,운전자법규위반,안전운전 의무 불이행,단일로,기타단일로,농기계,없음,128.37186100000002,35.15961597
15505,2015,2015-11-01 10:55,주,일,1,1,0,0,충남,서산시,차대사람,횡단중,운전자법규위반,과속,교차로,교차로부근,승용차,보행자,126.57940729999999,36.68536896
15506,2015,2015-11-01 11:10,주,일,1,2,0,0,강원,원주시,차대사람,횡단중,운전자법규위반,보행자 보호의무 위반,교차로,교차로부근,이륜차,보행자,127.95062240000001,37.38247353
15507,2015,2015-11-01 13:05,주,일,1,1,0,0,경북,안동시,차대차,기타,운전자법규위반,안전운전 의무 불이행,단일로,기타단일로,승합차,자전거,128.5748311,36.57864259
15508,2015,2015-11-01 17:30,주,일,1,6,3,2,경기,양평군,차대차,정면충돌,운전자법규위반,중앙선 침범,기타/불명,기타/불명,승용차,승용차,127.3608571,37.60262491
15509,2015,2015-11-01 17:20,주,일,1,1,0,0,전남,담양군,차대사람,기타,운전자법규위반,안전운전 의무 불이행,교차로,교차로내,화물차,보행자,126.9865548,35.30572033
15510,2015,2015-11-01 18:10,야,일,1,1,0,0,경북,예천군,차대사람,횡단중,운전자법규위반,안전운전 의무 불이행,단일로,기타단일로,승용차,보행자,128.4181581,36.61986047
15511,2015,2015-11-01 18:32,야,일,1,1,0,0,경남,양산시,차대사람,기타,운전자법규위반,안전운전 의무 불이행,단일로,기타단일로,승용차,보행자,129.14709109999998,35.367809
15512,2015,2015-11-02 09:10,주,월,1,1,0,0,전남,영암군,차대차,기타,운전자법규위반,안전운전 의무 불이행,단일로,기타단일로,화물차,이륜차,126.66700149999998,34.79013221
15513,2015,2015-11-02 17:36,주,월,1,4,1,2,전남,영광군,차대차,기타,운전자법규위반,안전운전 의무 불이행,교차로,교차로내,화물차,승용차,126.3657067,35.26547006
15514,2015,2015-11-02 18:40,야,월,1,1,0,0,경기,광주시,차대사람,기타,운전자법규위반,안전운전 의무 불이행,교차로,교차로내,승합차,보행자,127.2350503,37.43253895
15515,2015,2015-11-02 18:20,야,월,1,1,0,0,경기,가평군,차량단독,공작물충돌,운전자법규위반,안전운전 의무 불이행,단일로,기타단일로,승용차,없음,127.3474193,37.80265957
15516,2015,2015-11-02 18:02,야,월,1,1,0,0,경기,동두천시,차대사람,보도통행중,운전자법규위반,보행자 보호의무 위반,단일로,횡단보도상,화물차,보행자,127.0806915,37.89435111
15517,2015,2015-11-02 18:30,야,월,1,2,0,1,경북,구미시,차대차,진행중 추돌,운전자법규위반,안전운전 의무 불이행,단일로,기타단일로,화물차,농기계,128.3505653,36.23623294
15518,2015,2015-11-02 21:58,야,월,1,1,0,0,충남,태안군,차량단독,전도전복,운전자법규위반,안전운전 의무 불이행,단일로,기타단일로,승용차,없음,126.2698374,36.78909417
15519,2015,2015-11-03 00:45,야,화,1,1,0,0,경기,김포시,차량단독,공작물충돌,운전자법규위반,안전운전 의무 불이행,단일로,기타단일로,승용차,없음,126.6348967,37.63833815
15520,2015,2015-11-03 03:30,야,화,1,1,0,0,경기,고양시,차량단독,공작물충돌,운전자법규위반,안전운전 의무 불이행,단일로,기타단일로,승용차,없음,126.85780890000001,37.7024674
15521,2015,2015-11-03 06:15,주,화,1,1,0,0,경남,합천군,차대사람,차도통행중,운전자법규위반,안전운전 의무 불이행,기타/불명,기타/불명,화물차,보행자,128.0902667,35.45540791
15522,2015,2015-11-03 11:30,주,화,1,1,0,0,충남,부여군,차대차,정면충돌,운전자법규위반,안전운전 의무 불이행,단일로,기타단일로,이륜차,화물차,126.9480433,36.17918412
15523,2015,2015-11-03 13:13,주,화,1,1,0,0,서울,강동구,차대사람,횡단중,운전자법규위반,신호위반,교차로,교차로내,승합차,보행자,127.15416940000001,37.54912871
15524,2015,2015-11-03 13:35,주,화,1,1,0,0,충북,제천시,차량단독,기타,운전자법규위반,안전운전 의무 불이행,단일로,기타단일로,이륜차,없음,128.2306929,37.11572487
15525,2015,2015-11-03 13:15,주,화,1,1,0,0,광주,서구,차대사람,차도통행중,운전자법규위반,안전운전 의무 불이행,단일로,기타단일로,화물차,보행자,126.86901670000002,35.161939600000004
15526,2015,2015-11-03 14:10,주,화,1,1,0,0,전남,여수시,차량단독,전도전복,운전자법규위반,안전운전 의무 불이행,교차로,교차로내,농기계,없음,127.7740628,34.65577466
15527,2015,2015-11-03 16:22,주,화,1,1,0,0,부산,강서구,차대사람,횡단중,운전자법규위반,안전운전 의무 불이행,단일로,횡단보도부근,화물차,보행자,128.8863443,35.11446359
15528,2015,2015-11-03 17:00,주,화,1,1,0,0,경기,성남시,차대차,측면충돌,운전자법규위반,안전운전 의무 불이행,단일로,기타단일로,승합차,이륜차,127.17064340000002,37.42239884
15529,2015,2015-11-03 18:15,야,화,1,1,0,0,충남,서산시,차대사람,길가장자리구역통행중,운전자법규위반,안전운전 의무 불이행,단일로,기타단일로,승용차,보행자,126.5344165,36.79953222
15530,2015,2015-11-03 18:00,야,화,1,1,0,0,경북,의성군,차대차,진행중 추돌,운전자법규위반,안전운전 의무 불이행,단일로,기타단일로,승용차,농기계,128.7643812,36.31468254
15531,2015,2015-11-04 00:15,야,수,1,3,1,1,경기,의왕시,차대차,진행중 추돌,운전자법규위반,안전운전 의무 불이행,단일로,기타단일로,승합차,화물차,127.00803570000001,37.38932147
15532,2015,2015-11-04 04:25,야,수,1,1,0,0,경기,성남시,차대차,기타,운전자법규위반,안전운전 의무 불이행,단일로,기타단일로,화물차,승용차,127.0986658,37.40697021
15533,2015,2015-11-04 06:51,주,수,1,1,0,0,경기,성남시,차량단독,공작물충돌,운전자법규위반,안전운전 의무 불이행,단일로,기타단일로,승용차,없음,127.17225659999998,37.46194649
15534,2015,2015-11-04 07:40,주,수,1,5,2,2,경기,화성시,차대차,측면충돌,운전자법규위반,안전운전 의무 불이행,단일로,기타단일로,승용차,승합차,126.87196399999999,37.15206294
15535,2015,2015-11-04 07:03,주,수,1,2,1,0,전북,고창군,차대차,측면충돌,운전자법규위반,신호위반,교차로,교차로내,화물차,승합차,126.6926524,35.44117653
15536,2015,2015-11-04 08:00,주,수,1,1,0,0,경북,영주시,차대차,진행중 추돌,운전자법규위반,안전운전 의무 불이행,단일로,기타단일로,승용차,농기계,128.5478174,36.89514421
15537,2015,2015-11-04 08:20,주,수,1,1,0,0,경북,영양군,차대차,측면충돌,운전자법규위반,교차로 통행방법 위반,교차로,교차로내,이륜차,승용차,129.11508590000003,36.66365946
15538,2015,2015-11-04 09:15,주,수,1,1,0,0,대구,수성구,차대차,측면충돌,운전자법규위반,신호위반,교차로,교차로부근,자전거,승용차,128.6993187,35.84233379
15539,2015,2015-11-04 10:15,주,수,1,1,0,0,서울,강남구,차대차,측면충돌,운전자법규위반,안전운전 의무 불이행,교차로,교차로부근,승용차,자전거,127.10795290000002,37.46350832
15540,2015,2015-11-04 10:50,주,수,1,2,1,0,전북,김제시,차대차,측면충돌,운전자법규위반,신호위반,교차로,교차로내,원동기장치자전거,승용차,126.88626119999999,35.81076861
15541,2015,2015-11-04 12:32,주,수,1,1,0,0,서울,노원구,차대사람,길가장자리구역통행중,운전자법규위반,안전운전 의무 불이행,단일로,기타단일로,건설기계,보행자,127.0669102,37.65629917
15542,2015,2015-11-04 13:40,주,수,1,1,0,0,충북,제천시,차량단독,기타,운전자법규위반,기타(운전자법규위반),단일로,기타단일로,원동기장치자전거,없음,128.1942603,37.16232553
15543,2015,2015-11-04 17:30,주,수,1,1,0,0,경남,창녕군,차대차,진행중 추돌,운전자법규위반,안전운전 의무 불이행,단일로,기타단일로,화물차,농기계,128.51535159999997,35.450885799999995
15544,2015,2015-11-04 19:00,야,수,1,1,0,0,경기,평택시,차대사람,횡단중,운전자법규위반,안전운전 의무 불이행,교차로,교차로부근,승합차,보행자,126.82502959999998,37.00584803
15545,2015,2015-11-04 19:50,야,수,1,1,0,0,경북,청송군,차대사람,횡단중,운전자법규위반,안전운전 의무 불이행,단일로,기타단일로,화물차,보행자,129.0695265,36.39841446
15546,2015,2015-11-04 22:30,야,수,1,1,0,0,경기,양주시,차대사람,횡단중,운전자법규위반,안전운전 의무 불이행,단일로,기타단일로,승용차,보행자,126.97907450000001,37.7189829
15547,2015,2015-11-05 00:02,야,목,1,1,0,0,경기,남양주시,차대사람,횡단중,운전자법규위반,안전운전 의무 불이행,단일로,횡단보도상,승용차,보행자,127.2343708,37.64668208
15548,2015,2015-11-05 04:35,야,목,1,1,0,0,경기,안양시,차대사람,기타,운전자법규위반,안전운전 의무 불이행,단일로,기타단일로,승용차,보행자,126.9202528,37.396170700000006
15549,2015,2015-11-05 05:40,야,목,1,2,0,1,전남,순천시,차대차,측면충돌,운전자법규위반,직진 및 우회전차의 통행방해,교차로,교차로내,승용차,승용차,127.5346169,34.94403216
15550,2015,2015-11-05 09:45,주,목,1,1,0,0,서울,영등포구,차대사람,기타,운전자법규위반,안전운전 의무 불이행,단일로,기타단일로,승용차,보행자,126.8988761,37.53757728
15551,2015,2015-11-05 13:12,주,목,1,1,0,0,충북,영동군,차대사람,길가장자리구역통행중,운전자법규위반,안전운전 의무 불이행,단일로,기타단일로,승용차,보행자,127.71798429999998,36.23889557
15552,2015,2015-11-05 14:15,주,목,1,1,0,0,전북,군산시,차대차,측면충돌,운전자법규위반,안전운전 의무 불이행,교차로,교차로내,이륜차,화물차,126.8042868,35.94875251
15553,2015,2015-11-05 16:07,주,목,1,1,0,0,서울,양천구,차대사람,기타,운전자법규위반,안전운전 의무 불이행,단일로,기타단일로,승용차,보행자,126.82286909999999,37.535083799999995
15554,2015,2015-11-05 16:20,주,목,1,1,0,0,강원,화천군,차량단독,공작물충돌,운전자법규위반,안전운전 의무 불이행,단일로,기타단일로,승용차,없음,127.6925028,38.10548156
15555,2015,2015-11-05 17:20,주,목,1,1,0,0,경기,시흥시,차대차,측면충돌,운전자법규위반,교차로 통행방법 위반,교차로,교차로내,화물차,이륜차,126.6982388,37.33711434
15556,2015,2015-11-05 17:55,주,목,1,1,0,0,경기,양주시,차대차,측면충돌,운전자법규위반,교차로 통행방법 위반,교차로,교차로내,건설기계,원동기장치자전거,127.05444569999999,37.82188891
15557,2015,2015-11-05 18:22,야,목,1,1,0,0,전북,군산시,차대사람,길가장자리구역통행중,운전자법규위반,안전운전 의무 불이행,단일로,기타단일로,승용차,보행자,126.80254040000001,35.94939151
15558,2015,2015-11-05 19:11,야,목,1,2,0,1,경북,청도군,차대차,진행중 추돌,운전자법규위반,안전운전 의무 불이행,단일로,기타단일로,화물차,농기계,128.7279592,35.67723855
15559,2015,2015-11-06 04:00,야,금,2,2,0,0,대전,서구,차량단독,공작물충돌,운전자법규위반,안전운전 의무 불이행,교차로,교차로내,이륜차,없음,127.40189860000001,36.34482378
15560,2015,2015-11-06 06:05,주,금,1,1,0,0,대구,북구,차대사람,기타,운전자법규위반,과속,교차로,교차로부근,승용차,보행자,128.5636322,35.88944708
15561,2015,2015-11-06 06:35,주,금,1,1,0,0,인천,남구,차대사람,횡단중,운전자법규위반,안전운전 의무 불이행,교차로,교차로부근,승용차,보행자,126.67868689999999,37.44271864
15562,2015,2015-11-06 07:55,주,금,1,1,0,0,서울,강동구,차대사람,기타,운전자법규위반,신호위반,교차로,교차로부근,승용차,보행자,127.170324,37.56204626
15563,2015,2015-11-06 09:06,주,금,1,2,0,1,경기,양주시,차대차,정면충돌,운전자법규위반,중앙선 침범,단일로,기타단일로,승용차,승용차,127.03999809999999,37.78439283
15564,2015,2015-11-06 12:37,주,금,1,1,0,0,서울,관악구,차대사람,길가장자리구역통행중,운전자법규위반,안전운전 의무 불이행,단일로,기타단일로,승용차,보행자,126.9799835,37.47628252
15565,2015,2015-11-06 12:05,주,금,1,1,0,0,부산,사하구,차대차,측면충돌,운전자법규위반,안전운전 의무 불이행,교차로,교차로부근,승용차,자전거,128.9571888,35.08076811
15566,2015,2015-11-06 14:35,주,금,1,2,1,0,전북,남원시,차량단독,도로이탈 추락,운전자법규위반,안전운전 의무 불이행,단일로,기타단일로,승용차,없음,127.47030409999999,35.38632688
15567,2015,2015-11-06 18:40,야,금,1,1,0,0,충북,진천군,차대사람,횡단중,운전자법규위반,안전운전 의무 불이행,교차로,교차로부근,승용차,보행자,127.3765718,36.88273498
15568,2015,2015-11-06 18:30,야,금,1,1,0,0,충남,아산시,차대차,기타,운전자법규위반,안전운전 의무 불이행,단일로,기타단일로,승용차,농기계,126.933696,36.77624978
15569,2015,2015-11-06 18:20,야,금,1,1,0,0,울산,북구,차량단독,공작물충돌,운전자법규위반,안전운전 의무 불이행,단일로,기타단일로,화물차,없음,129.4308351,35.60821219
15570,2015,2015-11-06 19:15,야,금,1,1,0,0,제주,제주시,차대사람,횡단중,운전자법규위반,안전운전 의무 불이행,단일로,기타단일로,승용차,보행자,126.2722449,33.4075773
15571,2015,2015-11-06 21:14,야,금,1,1,0,0,경기,가평군,차대사람,횡단중,운전자법규위반,안전운전 의무 불이행,교차로,교차로내,승합차,보행자,127.42230929999998,37.74054135
15572,2015,2015-11-06 21:10,야,금,1,2,1,0,경북,성주군,차대차,정면충돌,운전자법규위반,중앙선 침범,단일로,기타단일로,승용차,승용차,128.2431727,35.91236872
15573,2015,2015-11-06 22:50,야,금,1,1,0,0,전북,전주시,차대사람,횡단중,운전자법규위반,과속,단일로,기타단일로,승합차,보행자,127.11380449999999,35.80603477
15574,2015,2015-11-07 02:26,야,토,1,1,0,0,서울,양천구,차량단독,공작물충돌,운전자법규위반,안전운전 의무 불이행,단일로,기타단일로,승용차,없음,126.88636640000001,37.53094211
15575,2015,2015-11-07 02:40,야,토,1,1,0,0,경남,함안군,차대사람,기타,운전자법규위반,안전운전 의무 불이행,단일로,기타단일로,승용차,보행자,128.3700178,35.29253617