,발생년,발생년월일시분,주야,요일,사망자수,사상자수,중상자수,경상자수,발생지시도,발생지시군구,사고유형_대분류,사고유형,법규위반_대분류,법규위반,도로형태_대분류,도로형태,가해자_당사자종별,피해자_당사자종별,경도,위도
15576,2015,2015-11-07 03:30,야,토,1,1,0,0,충남,천안시,차대사람,횡단중,운전자법규위반,안전운전 의무 불이행,단일로,기타단일로,승용차,보행자,127.13474070000001,36.81491666
15577,2015,2015-11-07 03:45,야,토,1,1,0,0,대구,동구,차대사람,기타,운전자법규위반,안전운전 의무 불이행,교차로,교차로부근,화물차,보행자,128.62675420000002,35.88498574
15578,2015,2015-11-07 05:00,야,토,1,1,0,0,서울,광진구,차대사람,기타,운전자법규위반,안전운전 의무 불이행,단일로,기타단일로,승용차,보행자,127.09341599999999,37.54811492
15579,2015,2015-11-07 05:02,야,토,1,1,0,0,서울,구로구,차대사람,기타,운전자법규위반,안전운전 의무 불이행,교차로,교차로내,승용차,보행자,126.84649009999998,37.50144335
15580,2015,2015-11-07 05:50,야,토,1,1,0,0,대구,남구,차대사람,기타,운전자법규위반,안전운전 의무 불이행,단일로,횡단보도상,승용차,보행자,128.6020656,35.84459946
15581,2015,2015-11-07 08:15,주,토,1,1,0,0,제주,제주시,차대사람,기타,운전자법규위반,보행자 보호의무 위반,교차로,교차로내,화물차,보행자,126.4422412,33.49329066
15582,2015,2015-11-07 09:45,주,토,1,1,0,0,부산,동구,차대차,측면충돌,운전자법규위반,신호위반,교차로,교차로내,원동기장치자전거,특수차,129.05481880000002,35.12651158
15583,2015,2015-11-07 13:20,주,토,1,1,0,0,경기,시흥시,차대사람,횡단중,운전자법규위반,안전운전 의무 불이행,단일로,횡단보도부근,승용차,보행자,126.81716270000001,37.41844284
15584,2015,2015-11-07 14:40,주,토,1,5,2,2,전남,나주시,차량단독,공작물충돌,운전자법규위반,안전운전 의무 불이행,단일로,기타단일로,화물차,없음,126.76381370000001,35.07780248
15585,2015,2015-11-07 14:55,주,토,1,7,6,0,전남,고흥군,차대차,측면충돌,운전자법규위반,안전운전 의무 불이행,단일로,기타단일로,승용차,승용차,127.1209757,34.48736185
15586,2015,2015-11-07 17:52,주,토,1,1,0,0,서울,양천구,차대사람,횡단중,운전자법규위반,안전운전 의무 불이행,교차로,교차로내,원동기장치자전거,보행자,126.8309006,37.53941096
15587,2015,2015-11-07 17:32,주,토,1,10,4,5,경북,영덕군,차대차,진행중 추돌,운전자법규위반,안전운전 의무 불이행,단일로,기타단일로,승합차,승용차,129.4063195,36.50830292
15588,2015,2015-11-07 18:50,야,토,1,1,0,0,서울,동대문구,차대사람,횡단중,운전자법규위반,안전운전 의무 불이행,단일로,기타단일로,승용차,보행자,127.05326509999999,37.59112642
15589,2015,2015-11-07 18:00,야,토,1,1,0,0,충남,부여군,차대사람,횡단중,운전자법규위반,안전운전 의무 불이행,단일로,기타단일로,승용차,보행자,126.91693799999999,36.27562289
15590,2015,2015-11-07 18:05,야,토,1,2,0,1,전북,군산시,차대차,진행중 추돌,운전자법규위반,안전운전 의무 불이행,단일로,기타단일로,승용차,승용차,126.7447125,35.98240883
15591,2015,2015-11-07 18:05,야,토,1,1,0,0,경북,의성군,차대사람,기타,운전자법규위반,안전운전 의무 불이행,단일로,기타단일로,화물차,보행자,128.80158659999998,36.414463500000004
15592,2015,2015-11-07 19:20,야,토,1,1,0,0,경기,안산시,차대차,진행중 추돌,운전자법규위반,안전운전 의무 불이행,단일로,기타단일로,승용차,화물차,126.8730168,37.35414209
15593,2015,2015-11-07 19:20,야,토,1,1,0,0,대전,동구,차대사람,횡단중,운전자법규위반,안전운전 의무 불이행,단일로,기타단일로,화물차,보행자,127.4735611,36.32704661
15594,2015,2015-11-07 22:35,야,토,1,1,0,0,대전,대덕구,차대사람,횡단중,운전자법규위반,안전운전 의무 불이행,단일로,기타단일로,승용차,보행자,127.42930849999999,36.44838435
15595,2015,2015-11-07 23:58,야,토,1,2,0,1,서울,노원구,차대차,주정차중 추돌,운전자법규위반,안전운전 의무 불이행,교차로,교차로내,승용차,원동기장치자전거,127.0566777,37.62877036
15596,2015,2015-11-07 23:40,야,토,1,1,0,0,강원,춘천시,차대사람,차도통행중,운전자법규위반,안전운전 의무 불이행,단일로,기타단일로,승용차,보행자,127.7816876,37.92981247
15597,2015,2015-11-08 00:35,야,일,1,1,0,0,경기,용인시,차대사람,횡단중,운전자법규위반,안전운전 의무 불이행,교차로,교차로내,승용차,보행자,127.1096697,37.29607375
15598,2015,2015-11-08 00:50,야,일,1,1,0,0,충남,공주시,차대차,기타,운전자법규위반,과속,단일로,기타단일로,승용차,승합차,127.1197285,36.61491219
15599,2015,2015-11-08 00:15,야,일,1,1,0,0,경북,안동시,차대사람,횡단중,운전자법규위반,안전운전 의무 불이행,단일로,기타단일로,승용차,보행자,128.74744040000002,36.56151933
15600,2015,2015-11-08 01:19,야,일,1,1,0,0,서울,마포구,차대사람,기타,운전자법규위반,안전운전 의무 불이행,단일로,기타단일로,승용차,보행자,126.90605190000001,37.56046272
15601,2015,2015-11-08 01:24,야,일,1,1,0,0,서울,은평구,차대사람,횡단중,운전자법규위반,과속,교차로,교차로부근,승용차,보행자,126.9246705,37.61579814
15602,2015,2015-11-08 01:22,야,일,1,1,0,0,경기,양주시,차대사람,횡단중,운전자법규위반,과속,단일로,기타단일로,승용차,보행자,127.0782517,37.79559512
15603,2015,2015-11-08 03:19,야,일,1,1,0,0,대구,수성구,차대사람,기타,운전자법규위반,안전운전 의무 불이행,단일로,기타단일로,승용차,보행자,128.616493,35.84612514
15604,2015,2015-11-08 04:45,야,일,1,1,0,0,경기,성남시,차대사람,기타,운전자법규위반,안전운전 의무 불이행,단일로,기타단일로,승용차,보행자,127.136924,37.43538802
15605,2015,2015-11-08 06:55,주,일,1,1,0,0,경기,부천시,차대사람,횡단중,운전자법규위반,안전운전 의무 불이행,단일로,기타단일로,화물차,보행자,126.76726409999998,37.52435036
15606,2015,2015-11-08 06:40,주,일,1,1,0,0,광주,북구,차대사람,횡단중,운전자법규위반,보행자 보호의무 위반,단일로,기타단일로,승용차,보행자,126.90674399999999,35.17258998
15607,2015,2015-11-08 08:55,주,일,1,2,1,0,부산,동구,차량단독,전도전복,운전자법규위반,안전운전 의무 불이행,단일로,기타단일로,승용차,없음,129.0462092,35.11807444
15608,2015,2015-11-08 09:30,주,일,1,1,0,0,부산,해운대구,차대차,주정차중 추돌,운전자법규위반,안전운전 의무 불이행,단일로,기타단일로,승용차,건설기계,129.12168390000002,35.21107045
15609,2015,2015-11-08 09:35,주,일,1,1,0,0,경기,남양주시,차량단독,공작물충돌,운전자법규위반,안전운전 의무 불이행,교차로,교차로부근,승용차,없음,127.1723274,37.68096619
15610,2015,2015-11-08 10:40,주,일,1,1,0,0,전남,담양군,차량단독,기타,운전자법규위반,안전운전 의무 불이행,단일로,기타단일로,승용차,없음,127.0744855,35.26798319
15611,2015,2015-11-08 10:40,주,일,1,4,2,1,경남,밀양시,차량단독,도로이탈 추락,운전자법규위반,안전운전 의무 불이행,단일로,기타단일로,승용차,없음,128.89121709999998,35.59633236
15612,2015,2015-11-08 13:35,주,일,1,1,0,0,부산,영도구,차대사람,길가장자리구역통행중,운전자법규위반,안전운전 의무 불이행,단일로,기타단일로,승용차,보행자,129.0484802,35.09021255
15613,2015,2015-11-08 17:45,주,일,1,1,0,0,충남,홍성군,차대사람,횡단중,운전자법규위반,보행자 보호의무 위반,단일로,기타단일로,화물차,보행자,126.668691,36.60105327
15614,2015,2015-11-08 17:01,주,일,1,2,1,0,전남,영암군,차대차,정면충돌,운전자법규위반,중앙선 침범,단일로,기타단일로,화물차,승용차,126.792524,34.81870042
15615,2015,2015-11-08 18:48,야,일,1,1,0,0,전북,정읍시,차대사람,횡단중,운전자법규위반,안전운전 의무 불이행,단일로,기타단일로,승용차,보행자,126.84995740000001,35.58174626
15616,2015,2015-11-08 19:50,야,일,1,1,0,0,경북,영천시,차대사람,횡단중,운전자법규위반,안전운전 의무 불이행,단일로,기타단일로,승합차,보행자,128.9082977,35.95412697
15617,2015,2015-11-08 20:30,야,일,1,1,0,0,경북,김천시,차대사람,차도통행중,운전자법규위반,안전운전 의무 불이행,단일로,기타단일로,승합차,보행자,128.02574170000003,36.14525927
15618,2015,2015-11-08 20:02,야,일,1,1,0,0,대전,유성구,차대사람,횡단중,운전자법규위반,안전운전 의무 불이행,교차로,교차로부근,승용차,보행자,127.3311814,36.34851324
15619,2015,2015-11-08 21:40,야,일,1,1,0,0,대구,서구,차대사람,횡단중,운전자법규위반,안전운전 의무 불이행,단일로,기타단일로,승용차,보행자,128.5739384,35.88552373
15620,2015,2015-11-08 22:32,야,일,1,2,0,1,부산,영도구,차대차,정면충돌,운전자법규위반,중앙선 침범,단일로,기타단일로,원동기장치자전거,승용차,129.0713987,35.07667291
15621,2015,2015-11-08 22:55,야,일,1,1,0,0,경기,용인시,차대사람,차도통행중,운전자법규위반,안전운전 의무 불이행,교차로,교차로내,승용차,보행자,127.3359378,37.18070094
15622,2015,2015-11-09 02:50,야,월,1,2,1,0,강원,춘천시,차대차,주정차중 추돌,운전자법규위반,안전운전 의무 불이행,교차로,교차로부근,승용차,화물차,127.7369527,37.86822583
15623,2015,2015-11-09 03:50,야,월,1,1,0,0,경기,이천시,차량단독,공작물충돌,운전자법규위반,중앙선 침범,단일로,기타단일로,승용차,없음,127.4615905,37.30118208
15624,2015,2015-11-09 03:20,야,월,1,2,1,0,대구,서구,차대차,주정차중 추돌,운전자법규위반,안전운전 의무 불이행,단일로,기타단일로,승용차,승합차,128.55671529999998,35.87918524
15625,2015,2015-11-09 05:50,야,월,1,1,0,0,전남,해남군,차대차,진행중 추돌,운전자법규위반,안전운전 의무 불이행,단일로,기타단일로,특수차,농기계,126.3140659,34.60936767
15626,2015,2015-11-09 09:15,주,월,1,1,0,0,경기,안양시,차대사람,횡단중,운전자법규위반,안전운전 의무 불이행,교차로,교차로부근,이륜차,보행자,126.91451459999999,37.39603426
15627,2015,2015-11-09 11:56,주,월,1,1,0,0,서울,마포구,차대차,측면충돌,운전자법규위반,신호위반,교차로,교차로내,이륜차,승합차,126.9543693,37.5489874
15628,2015,2015-11-09 11:48,주,월,1,1,0,0,광주,광산구,차대사람,횡단중,운전자법규위반,보행자 보호의무 위반,교차로,교차로내,승용차,보행자,126.7625338,35.07766035
15629,2015,2015-11-09 13:55,주,월,1,1,0,0,충남,천안시,차대차,측면충돌,운전자법규위반,안전운전 의무 불이행,단일로,기타단일로,화물차,원동기장치자전거,127.2021706,36.87510603
15630,2015,2015-11-09 14:25,주,월,1,1,0,0,경남,창원시(통합),차대차,측면충돌,운전자법규위반,신호위반,교차로,교차로부근,자전거,승용차,128.6143023,35.26192302
15631,2015,2015-11-09 16:52,주,월,1,1,0,0,경기,안양시,차대사람,기타,운전자법규위반,안전운전 의무 불이행,단일로,기타단일로,건설기계,보행자,126.9191015,37.40334897
15632,2015,2015-11-09 17:43,주,월,1,1,0,0,강원,속초시,차대사람,기타,운전자법규위반,안전운전 의무 불이행,교차로,교차로내,화물차,보행자,128.5790912,38.19208674
15633,2015,2015-11-09 17:55,주,월,1,3,0,2,충북,괴산군,차대차,주정차중 추돌,운전자법규위반,안전운전 의무 불이행,단일로,기타단일로,승용차,화물차,127.95401389999999,36.85133642
15634,2015,2015-11-09 18:20,야,월,1,1,0,0,충남,당진시,차대사람,횡단중,운전자법규위반,안전운전 의무 불이행,단일로,기타단일로,화물차,보행자,126.59101270000001,36.84021846
15635,2015,2015-11-09 21:57,야,월,1,1,0,0,충남,서천군,차대사람,차도통행중,운전자법규위반,안전운전 의무 불이행,단일로,기타단일로,화물차,보행자,126.5292117,36.16094198
15636,2015,2015-11-09 22:15,야,월,1,1,0,0,경북,경주시,차대사람,차도통행중,운전자법규위반,안전운전 의무 불이행,단일로,기타단일로,화물차,보행자,129.1574015,35.82639468
15637,2015,2015-11-10 00:45,야,화,1,1,0,0,충남,예산군,차대사람,기타,운전자법규위반,안전운전 의무 불이행,교차로,교차로부근,화물차,보행자,126.6347341,36.68522497
15638,2015,2015-11-10 00:50,야,화,1,1,0,0,경북,경주시,차대사람,횡단중,운전자법규위반,안전운전 의무 불이행,단일로,기타단일로,화물차,보행자,129.3207505,35.72919455
15639,2015,2015-11-10 01:40,야,화,1,1,0,0,경기,용인시,차대사람,횡단중,운전자법규위반,안전운전 의무 불이행,교차로,교차로내,승용차,보행자,127.11128319999999,37.280710299999996
15640,2015,2015-11-10 01:28,야,화,1,1,0,0,경기,구리시,차량단독,전도전복,운전자법규위반,안전운전 의무 불이행,단일로,기타단일로,이륜차,없음,127.11483229999999,37.56177011
15641,2015,2015-11-10 04:35,야,화,1,1,0,0,전북,정읍시,차량단독,공작물충돌,운전자법규위반,안전운전 의무 불이행,단일로,기타단일로,화물차,없음,126.94745719999999,35.72009238
15642,2015,2015-11-10 06:09,주,화,1,1,0,0,경기,성남시,차대차,측면충돌,운전자법규위반,신호위반,교차로,교차로내,승용차,자전거,127.10831740000002,37.35013454
15643,2015,2015-11-10 10:10,주,화,1,1,0,0,전북,정읍시,차대사람,횡단중,운전자법규위반,안전운전 의무 불이행,교차로,교차로부근,화물차,보행자,126.9554623,35.61266342
15644,2015,2015-11-10 11:20,주,화,1,1,0,0,전남,순천시,차대사람,횡단중,운전자법규위반,안전운전 의무 불이행,단일로,기타단일로,승용차,보행자,127.48818119999999,34.96038527
15645,2015,2015-11-10 12:54,주,화,1,1,0,0,전남,장흥군,차대차,진행중 추돌,운전자법규위반,안전운전 의무 불이행,단일로,기타단일로,승용차,농기계,126.8885383,34.49933366
15646,2015,2015-11-10 15:50,주,화,1,1,0,0,충남,아산시,차대차,측면충돌,운전자법규위반,안전운전 의무 불이행,교차로,교차로내,건설기계,이륜차,127.02796629999999,36.86495033
15647,2015,2015-11-10 17:10,주,화,1,1,0,0,전남,보성군,차대차,기타,운전자법규위반,안전운전 의무 불이행,교차로,교차로내,화물차,자전거,127.34008270000001,34.86303519
15648,2015,2015-11-10 17:35,주,화,1,1,0,0,대구,북구,차대차,기타,운전자법규위반,안전거리 미확보,단일로,기타단일로,건설기계,자전거,128.6240126,35.89950845
15649,2015,2015-11-10 18:08,야,화,1,1,0,0,충남,예산군,차대차,기타,운전자법규위반,안전운전 의무 불이행,단일로,기타단일로,승용차,농기계,126.7675896,36.68659408
15650,2015,2015-11-10 18:10,야,화,1,1,0,0,전북,군산시,차대사람,길가장자리구역통행중,운전자법규위반,안전운전 의무 불이행,단일로,기타단일로,화물차,보행자,126.6756287,35.92043073
15651,2015,2015-11-10 18:22,야,화,1,3,0,1,경북,경주시,차대차,진행중 추돌,운전자법규위반,안전운전 의무 불이행,단일로,기타단일로,승용차,농기계,128.9841797,35.76090013
15652,2015,2015-11-10 20:53,야,화,1,1,0,0,전남,순천시,차대차,주정차중 추돌,운전자법규위반,안전운전 의무 불이행,단일로,기타단일로,이륜차,화물차,127.4883375,34.94024917
15653,2015,2015-11-10 22:33,야,화,1,1,0,0,경남,거창군,차대차,주정차중 추돌,운전자법규위반,안전운전 의무 불이행,단일로,기타단일로,원동기장치자전거,화물차,127.91959150000001,35.69705175
15654,2015,2015-11-11 06:32,주,수,1,2,0,0,경남,남해군,차대차,진행중 추돌,운전자법규위반,과속,단일로,기타단일로,화물차,농기계,127.8668966,34.77349251
15655,2015,2015-11-11 13:59,주,수,1,1,0,0,대구,북구,차대사람,횡단중,운전자법규위반,안전운전 의무 불이행,단일로,기타단일로,화물차,보행자,128.5444486,35.93035698
15656,2015,2015-11-11 17:35,주,수,1,1,0,0,부산,강서구,차대사람,횡단중,운전자법규위반,보행자 보호의무 위반,단일로,기타단일로,화물차,보행자,128.95281540000002,35.2167854
15657,2015,2015-11-11 18:20,야,수,1,1,0,0,전남,광양시,차대사람,횡단중,운전자법규위반,안전운전 의무 불이행,단일로,기타단일로,승용차,보행자,127.55224479999998,34.99015032
15658,2015,2015-11-11 18:33,야,수,1,1,0,0,광주,광산구,차대차,측면충돌,운전자법규위반,안전운전 의무 불이행,교차로,교차로내,화물차,자전거,126.7595461,35.12059931
15659,2015,2015-11-11 19:05,야,수,1,1,0,0,경남,김해시,차량단독,공작물충돌,운전자법규위반,안전운전 의무 불이행,단일로,기타단일로,승용차,없음,128.91828610000002,35.22445294
15660,2015,2015-11-11 19:41,야,수,1,1,0,0,충남,천안시,차대차,측면충돌,운전자법규위반,안전운전 의무 불이행,단일로,기타단일로,승용차,자전거,127.1246858,36.78463208
15661,2015,2015-11-11 20:30,야,수,1,1,0,0,충북,음성군,차대차,측면충돌,운전자법규위반,안전운전 의무 불이행,교차로,교차로내,승용차,승용차,127.49685249999999,37.01493369
15662,2015,2015-11-11 20:50,야,수,1,1,0,0,대전,유성구,차대차,진행중 추돌,운전자법규위반,안전운전 의무 불이행,교차로,교차로부근,승용차,원동기장치자전거,127.3383263,36.36409271
15663,2015,2015-11-12 05:55,야,목,1,1,0,0,서울,구로구,차대사람,횡단중,운전자법규위반,안전운전 의무 불이행,교차로,교차로내,승용차,보행자,126.89240259999998,37.50675403
15664,2015,2015-11-12 06:40,주,목,1,2,0,1,경기,김포시,차대차,정면충돌,운전자법규위반,안전거리 미확보,단일로,교량위,화물차,건설기계,126.6414973,37.67144668
15665,2015,2015-11-12 06:32,주,목,1,1,0,0,경기,화성시,차대사람,차도통행중,운전자법규위반,안전운전 의무 불이행,단일로,기타단일로,승용차,보행자,126.98497830000001,37.10282286
15666,2015,2015-11-12 09:45,주,목,1,1,0,0,서울,금천구,차대사람,횡단중,운전자법규위반,보행자 보호의무 위반,교차로,교차로내,승용차,보행자,126.90034969999999,37.45100966
15667,2015,2015-11-12 09:10,주,목,1,1,0,0,경기,평택시,차량단독,도로이탈 기타,운전자법규위반,안전운전 의무 불이행,기타/불명,기타/불명,승용차,없음,127.04038229999999,37.11207376
15668,2015,2015-11-12 13:50,주,목,1,1,0,0,강원,횡성군,차대차,측면충돌,운전자법규위반,신호위반,교차로,교차로내,원동기장치자전거,화물차,127.9630753,37.53547723
15669,2015,2015-11-12 17:20,주,목,1,2,1,0,경남,창녕군,차대차,기타,운전자법규위반,안전운전 의무 불이행,단일로,기타단일로,화물차,화물차,128.4725256,35.57379631
15670,2015,2015-11-12 18:10,야,목,1,1,0,0,경북,고령군,차대사람,횡단중,운전자법규위반,보행자 보호의무 위반,단일로,횡단보도상,승용차,보행자,128.28616359999998,35.71481683
15671,2015,2015-11-12 19:15,야,목,1,2,1,0,충북,청주시,차대사람,횡단중,운전자법규위반,보행자 보호의무 위반,단일로,기타단일로,이륜차,보행자,127.43974509999998,36.62864849
15672,2015,2015-11-12 19:00,야,목,1,1,0,0,전남,여수시,차대사람,횡단중,운전자법규위반,안전운전 의무 불이행,교차로,교차로부근,승합차,보행자,127.6251815,34.74029051
15673,2015,2015-11-12 19:35,야,목,1,1,0,0,경북,청도군,차대차,진행중 추돌,운전자법규위반,안전운전 의무 불이행,단일로,기타단일로,승용차,농기계,128.7590193,35.59059153
15674,2015,2015-11-12 20:29,야,목,1,1,0,0,전남,목포시,차대사람,횡단중,운전자법규위반,안전운전 의무 불이행,단일로,기타단일로,승용차,보행자,126.3973403,34.80485901
15675,2015,2015-11-12 22:25,야,목,1,2,0,1,대전,중구,차대차,진행중 추돌,운전자법규위반,차로위반(진로변경 위반),단일로,기타단일로,승용차,원동기장치자전거,127.4065521,36.32079235
15676,2015,2015-11-13 01:40,야,금,1,1,0,0,부산,동래구,차대차,측면충돌,운전자법규위반,신호위반,교차로,교차로내,원동기장치자전거,화물차,129.1092752,35.19517868
15677,2015,2015-11-13 01:45,야,금,1,1,0,0,대전,서구,차대차,측면충돌,운전자법규위반,신호위반,교차로,교차로내,승용차,원동기장치자전거,127.36890919999999,36.35318549
15678,2015,2015-11-13 04:43,야,금,1,1,0,0,전북,부안군,차대사람,기타,운전자법규위반,안전운전 의무 불이행,단일로,기타단일로,화물차,보행자,126.69972299999999,35.76411374
15679,2015,2015-11-13 05:20,야,금,1,1,0,0,경기,수원시,차대사람,횡단중,운전자법규위반,안전운전 의무 불이행,단일로,기타단일로,승용차,보행자,127.00187700000001,37.26480554
15680,2015,2015-11-13 11:35,주,금,1,1,0,0,전북,익산시,차대사람,차도통행중,운전자법규위반,안전운전 의무 불이행,교차로,교차로부근,승용차,보행자,126.97992420000001,35.96855741
15681,2015,2015-11-13 12:55,주,금,1,1,0,0,제주,서귀포시,차대사람,기타,운전자법규위반,안전운전 의무 불이행,단일로,기타단일로,승합차,보행자,126.5103301,33.25863987
15682,2015,2015-11-13 17:00,주,금,1,1,0,0,전북,김제시,차량단독,기타,운전자법규위반,안전운전 의무 불이행,단일로,기타단일로,승합차,없음,126.8494788,35.819014200000005
15683,2015,2015-11-13 18:45,야,금,1,1,0,0,충남,예산군,차대사람,길가장자리구역통행중,운전자법규위반,안전운전 의무 불이행,교차로,교차로내,승용차,보행자,126.82641770000001,36.73556664
15684,2015,2015-11-13 18:00,야,금,1,1,0,0,전남,완도군,차대사람,기타,운전자법규위반,안전운전 의무 불이행,단일로,기타단일로,화물차,보행자,126.6230415,34.20114992
15685,2015,2015-11-13 18:25,야,금,1,1,0,0,경남,사천시,차대사람,횡단중,운전자법규위반,안전운전 의무 불이행,교차로,교차로내,승용차,보행자,128.07807590000002,34.95119212
15686,2015,2015-11-13 22:00,야,금,1,1,0,0,충남,아산시,차대사람,횡단중,운전자법규위반,신호위반,교차로,교차로부근,승용차,보행자,127.07491110000001,36.83785837
15687,2015,2015-11-14 00:06,야,토,1,1,0,0,광주,광산구,차대사람,횡단중,운전자법규위반,과속,단일로,기타단일로,승용차,보행자,126.8045872,35.17718624
15688,2015,2015-11-14 03:30,야,토,1,1,0,0,서울,광진구,차대차,주정차중 추돌,운전자법규위반,안전거리 미확보,단일로,기타단일로,불명,승용차,127.0696291,37.55241119
15689,2015,2015-11-14 03:05,야,토,1,1,0,0,서울,서초구,차대사람,횡단중,운전자법규위반,과속,단일로,기타단일로,화물차,보행자,126.9816491,37.47911109
15690,2015,2015-11-14 06:05,주,토,1,1,0,0,제주,제주시,차대사람,횡단중,운전자법규위반,보행자 보호의무 위반,단일로,횡단보도상,승용차,보행자,126.5301946,33.5129604
15691,2015,2015-11-14 09:45,주,토,1,1,0,0,경북,울진군,차량단독,전도전복,운전자법규위반,안전운전 의무 불이행,단일로,기타단일로,농기계,없음,129.40954250000001,36.93181879
15692,2015,2015-11-14 15:03,주,토,1,1,0,0,부산,북구,차량단독,전도전복,운전자법규위반,안전운전 의무 불이행,단일로,기타단일로,원동기장치자전거,없음,129.0095883,35.22657635
15693,2015,2015-11-14 15:00,주,토,1,1,0,0,충남,천안시,차량단독,기타,운전자법규위반,안전운전 의무 불이행,교차로,교차로부근,농기계,없음,127.1716423,36.90847861
15694,2015,2015-11-14 15:20,주,토,1,1,0,0,경북,구미시,차대차,측면충돌,운전자법규위반,신호위반,교차로,교차로내,이륜차,특수차,128.4257627,36.09947106
15695,2015,2015-11-14 16:55,주,토,1,1,0,0,경북,안동시,차대사람,기타,운전자법규위반,안전운전 의무 불이행,단일로,기타단일로,승용차,보행자,128.7249331,36.55996786
15696,2015,2015-11-14 17:20,주,토,1,1,0,0,경북,상주시,차량단독,전도전복,운전자법규위반,안전운전 의무 불이행,단일로,기타단일로,이륜차,없음,128.1477612,36.37755566
15697,2015,2015-11-14 17:50,주,토,1,1,0,0,경북,구미시,차대사람,횡단중,운전자법규위반,안전운전 의무 불이행,단일로,기타단일로,승용차,보행자,128.30637520000002,36.25252308
15698,2015,2015-11-14 18:13,야,토,1,1,0,0,대전,서구,차대차,진행중 추돌,운전자법규위반,안전운전 의무 불이행,단일로,기타단일로,승용차,농기계,127.3654872,36.30805942
15699,2015,2015-11-15 01:20,야,일,1,1,0,0,광주,서구,차대사람,차도통행중,운전자법규위반,신호위반,교차로,교차로내,승용차,보행자,126.8579723,35.13237785
15700,2015,2015-11-15 02:45,야,일,1,1,0,0,전북,부안군,차량단독,공작물충돌,운전자법규위반,안전운전 의무 불이행,단일로,기타단일로,승용차,없음,126.7981963,35.72408402
15701,2015,2015-11-15 13:40,주,일,1,1,0,0,경북,문경시,차대차,기타,운전자법규위반,안전운전 의무 불이행,교차로,교차로내,화물차,이륜차,128.11404579999999,36.72050964
15702,2015,2015-11-15 13:15,주,일,1,1,0,0,대전,동구,차대사람,차도통행중,운전자법규위반,안전운전 의무 불이행,단일로,기타단일로,승용차,보행자,127.5042351,36.35159848
15703,2015,2015-11-15 14:25,주,일,1,4,2,0,경기,포천시,차대차,기타,운전자법규위반,안전거리 미확보,단일로,기타단일로,화물차,승용차,127.24221659999999,37.80014193
15704,2015,2015-11-15 14:45,주,일,1,1,0,0,전남,신안군,차량단독,기타,운전자법규위반,안전운전 의무 불이행,단일로,기타단일로,화물차,없음,126.4231462,34.96543142
15705,2015,2015-11-15 17:55,주,일,1,1,0,0,전남,나주시,차대차,주정차중 추돌,운전자법규위반,안전운전 의무 불이행,단일로,기타단일로,화물차,승용차,126.82120640000001,34.99408014
15706,2015,2015-11-15 17:55,주,일,1,1,0,0,경남,사천시,차대사람,횡단중,운전자법규위반,안전운전 의무 불이행,단일로,횡단보도부근,승용차,보행자,128.1009828,34.94154059
15707,2015,2015-11-15 19:35,야,일,1,1,0,0,서울,구로구,차대사람,기타,운전자법규위반,안전운전 의무 불이행,단일로,기타단일로,승용차,보행자,126.88929990000001,37.49456976
15708,2015,2015-11-16 05:55,야,월,1,1,0,0,부산,해운대구,차대차,진행중 추돌,운전자법규위반,안전운전 의무 불이행,단일로,교량위,승용차,자전거,129.1338811,35.1624188
15709,2015,2015-11-16 05:40,야,월,1,1,0,0,인천,남구,차대차,측면충돌,운전자법규위반,중앙선 침범,교차로,교차로내,자전거,승합차,126.68016599999999,37.45842141
15710,2015,2015-11-16 07:13,주,월,1,1,0,0,울산,북구,차량단독,공작물충돌,운전자법규위반,안전운전 의무 불이행,단일로,기타단일로,이륜차,없음,129.3310358,35.6258714
15711,2015,2015-11-16 12:10,주,월,1,3,2,0,강원,인제군,차대차,정면충돌,운전자법규위반,안전운전 의무 불이행,교차로,교차로내,화물차,승용차,128.292724,37.92650613
15712,2015,2015-11-16 13:10,주,월,1,1,0,0,충북,보은군,차대차,정면충돌,운전자법규위반,중앙선 침범,단일로,기타단일로,자전거,화물차,127.72141459999999,36.49158116
15713,2015,2015-11-16 13:00,주,월,1,1,0,0,인천,남동구,차대차,진행중 추돌,운전자법규위반,신호위반,교차로,교차로내,승용차,이륜차,126.7164723,37.4020536
15714,2015,2015-11-16 16:55,주,월,1,3,0,2,경북,영덕군,차대차,정면충돌,운전자법규위반,중앙선 침범,단일로,기타단일로,화물차,승합차,129.27549380000002,36.4463505
15715,2015,2015-11-16 17:45,주,월,1,1,0,0,인천,계양구,차대사람,횡단중,운전자법규위반,안전운전 의무 불이행,교차로,교차로내,승용차,보행자,126.716573,37.52677407
15716,2015,2015-11-16 19:15,야,월,2,2,0,0,강원,홍천군,차량단독,전도전복,운전자법규위반,안전운전 의무 불이행,단일로,기타단일로,화물차,없음,127.8357903,37.72319779
15717,2015,2015-11-16 19:50,야,월,1,14,6,7,경북,영주시,차대차,주정차중 추돌,운전자법규위반,안전운전 의무 불이행,교차로,교차로부근,화물차,승합차,128.71693670000002,36.71952326