,발생년,발생년월일시분,주야,요일,사망자수,사상자수,중상자수,경상자수,발생지시도,발생지시군구,사고유형_대분류,사고유형,법규위반_대분류,법규위반,도로형태_대분류,도로형태,가해자_당사자종별,피해자_당사자종별,경도,위도
16003,2015,2015-12-09 06:45,주,수,1,1,0,0,서울,은평구,차대사람,횡단중,운전자법규위반,신호위반,단일로,횡단보도부근,승용차,보행자,126.91897720000001,37.61646427
16004,2015,2015-12-09 06:45,주,수,1,1,0,0,인천,남구,차대사람,횡단중,운전자법규위반,안전운전 의무 불이행,단일로,기타단일로,승합차,보행자,126.67863020000001,37.45865591
16005,2015,2015-12-09 08:53,주,수,1,1,0,0,경기,광주시,차량단독,공작물충돌,운전자법규위반,안전운전 의무 불이행,교차로,교차로부근,승용차,없음,127.2817997,37.47959596
16006,2015,2015-12-09 10:30,주,수,1,1,0,0,경남,합천군,차량단독,전도전복,운전자법규위반,안전운전 의무 불이행,기타/불명,기타/불명,농기계,없음,128.12796559999998,35.41565279
16007,2015,2015-12-09 11:35,주,수,1,1,0,0,충북,음성군,차대차,정면충돌,운전자법규위반,과속,단일로,기타단일로,화물차,이륜차,127.65787659999998,36.88101479
16008,2015,2015-12-09 15:00,주,수,1,1,0,0,경기,고양시,차대사람,횡단중,운전자법규위반,안전운전 의무 불이행,단일로,기타단일로,화물차,보행자,126.83264150000001,37.65634211
16009,2015,2015-12-09 17:54,주,수,1,1,0,0,경기,광주시,차대사람,횡단중,운전자법규위반,안전운전 의무 불이행,교차로,교차로부근,화물차,보행자,127.351174,37.34434358
16010,2015,2015-12-09 17:58,주,수,1,1,0,0,대전,동구,차대사람,횡단중,운전자법규위반,안전운전 의무 불이행,단일로,기타단일로,승용차,보행자,127.42207079999999,36.34340518
16011,2015,2015-12-09 18:10,야,수,1,1,0,0,충남,논산시,차대사람,횡단중,운전자법규위반,안전운전 의무 불이행,교차로,교차로내,승용차,보행자,127.011328,36.14722841
16012,2015,2015-12-09 18:59,야,수,1,1,0,0,전북,김제시,차대차,정면충돌,운전자법규위반,신호위반,교차로,교차로내,원동기장치자전거,화물차,126.90901770000002,35.80193868
16013,2015,2015-12-09 19:44,야,수,1,1,0,0,서울,영등포구,차대사람,횡단중,운전자법규위반,안전운전 의무 불이행,기타/불명,기타/불명,승합차,보행자,126.9182525,37.51448257
16014,2015,2015-12-09 19:10,야,수,1,1,0,0,경북,김천시,차대차,측면충돌,운전자법규위반,안전운전 의무 불이행,단일로,기타단일로,이륜차,승용차,128.1198207,36.14480031
16015,2015,2015-12-09 21:00,야,수,1,2,0,1,충북,청주시,차대차,진행중 추돌,운전자법규위반,안전거리 미확보,단일로,기타단일로,화물차,화물차,127.4254939,36.69086067
16016,2015,2015-12-09 22:19,야,수,1,3,2,0,충남,논산시,차대차,정면충돌,운전자법규위반,중앙선 침범,단일로,기타단일로,승용차,승용차,127.09841599999999,36.11539047
16017,2015,2015-12-10 02:40,야,목,1,2,1,0,광주,광산구,차량단독,공작물충돌,운전자법규위반,안전운전 의무 불이행,단일로,기타단일로,승용차,없음,126.78686529999999,35.16046495
16018,2015,2015-12-10 06:20,주,목,1,1,0,0,경기,남양주시,차대사람,횡단중,운전자법규위반,안전운전 의무 불이행,단일로,기타단일로,승용차,보행자,127.24069679999998,37.65627741
16019,2015,2015-12-10 07:50,주,목,1,3,0,2,경기,화성시,차대차,정면충돌,운전자법규위반,중앙선 침범,단일로,기타단일로,승용차,화물차,126.9388186,37.0747686
16020,2015,2015-12-10 07:12,주,목,1,1,0,0,충남,예산군,차대사람,횡단중,운전자법규위반,안전운전 의무 불이행,교차로,교차로내,승합차,보행자,126.84839109999999,36.72909024
16021,2015,2015-12-10 08:08,주,목,1,1,0,0,경북,문경시,차대차,측면충돌,운전자법규위반,안전운전 의무 불이행,단일로,기타단일로,승용차,자전거,128.1967156,36.59213503
16022,2015,2015-12-10 10:20,주,목,1,1,0,0,경기,연천군,차대사람,횡단중,운전자법규위반,안전운전 의무 불이행,교차로,교차로부근,승합차,보행자,127.06783659999999,38.02693841
16023,2015,2015-12-10 18:30,야,목,1,1,0,0,충남,논산시,차대사람,횡단중,운전자법규위반,과속,교차로,교차로내,승용차,보행자,127.1036615,36.14638852
16024,2015,2015-12-10 20:17,야,목,1,1,0,0,부산,사상구,차대사람,횡단중,운전자법규위반,안전운전 의무 불이행,단일로,기타단일로,승용차,보행자,128.9773685,35.14205081
16025,2015,2015-12-10 22:56,야,목,1,3,2,0,대구,북구,차대사람,횡단중,운전자법규위반,안전운전 의무 불이행,단일로,횡단보도상,승용차,보행자,128.60637549999998,35.88382286
16026,2015,2015-12-11 00:29,야,금,1,1,0,0,서울,중구,차대사람,횡단중,운전자법규위반,안전운전 의무 불이행,단일로,기타단일로,승용차,보행자,126.9822471,37.56447191
16027,2015,2015-12-11 02:50,야,금,1,1,0,0,경북,경주시,차대사람,기타,운전자법규위반,안전운전 의무 불이행,단일로,기타단일로,승용차,보행자,129.27375800000002,35.98640351
16028,2015,2015-12-11 07:55,주,금,1,1,0,0,경기,광주시,차대사람,기타,운전자법규위반,안전운전 의무 불이행,교차로,교차로부근,승용차,보행자,127.24730859999998,37.42080284
16029,2015,2015-12-11 07:00,주,금,1,1,0,0,전남,함평군,차대차,진행중 추돌,운전자법규위반,과속,단일로,기타단일로,화물차,원동기장치자전거,126.62729540000001,35.20464889
16030,2015,2015-12-11 07:00,주,금,1,1,0,0,경북,안동시,차대사람,횡단중,운전자법규위반,안전운전 의무 불이행,단일로,기타단일로,승용차,보행자,128.7577713,36.55498347
16031,2015,2015-12-11 08:50,주,금,1,1,0,0,광주,동구,차대차,정면충돌,운전자법규위반,안전운전 의무 불이행,교차로,교차로내,승용차,이륜차,126.9190632,35.15745598
16032,2015,2015-12-11 13:30,주,금,1,1,0,0,제주,제주시,차대사람,횡단중,운전자법규위반,안전운전 의무 불이행,기타/불명,기타/불명,화물차,보행자,126.3080503,33.4487915
16033,2015,2015-12-11 16:57,주,금,1,1,0,0,부산,수영구,차대사람,길가장자리구역통행중,운전자법규위반,안전운전 의무 불이행,교차로,교차로부근,화물차,보행자,129.1070797,35.17125242
16034,2015,2015-12-11 18:20,야,금,1,1,0,0,전남,무안군,차대사람,횡단중,운전자법규위반,안전운전 의무 불이행,단일로,기타단일로,승용차,보행자,126.29308190000002,35.11034202
16035,2015,2015-12-11 19:09,야,금,1,1,0,0,전북,완주군,차대차,기타,운전자법규위반,안전운전 의무 불이행,단일로,기타단일로,승용차,승합차,127.23670030000001,35.85489176
16036,2015,2015-12-11 20:51,야,금,1,2,0,1,전북,장수군,차대사람,기타,운전자법규위반,안전운전 의무 불이행,교차로,교차로내,승용차,보행자,127.49926049999999,35.58016296
16037,2015,2015-12-11 22:09,야,금,1,1,0,0,경북,구미시,차대사람,횡단중,운전자법규위반,안전운전 의무 불이행,교차로,교차로부근,승용차,보행자,128.3160763,36.21672059
16038,2015,2015-12-12 00:27,야,토,4,7,3,0,경기,고양시,차대차,정면충돌,운전자법규위반,중앙선 침범,단일로,기타단일로,승용차,승용차,126.841587,37.60745911
16039,2015,2015-12-12 00:13,야,토,1,1,0,0,제주,제주시,차대사람,기타,운전자법규위반,안전운전 의무 불이행,단일로,기타단일로,화물차,보행자,126.2646864,33.41129023
16040,2015,2015-12-12 06:55,주,토,1,1,0,0,울산,울주군,차대사람,보도통행중,운전자법규위반,신호위반,단일로,횡단보도상,승합차,보행자,129.2520476,35.55921615
16041,2015,2015-12-12 07:05,주,토,1,1,0,0,서울,동대문구,차대사람,횡단중,운전자법규위반,안전운전 의무 불이행,기타/불명,기타/불명,승합차,보행자,127.03736299999998,37.57810381
16042,2015,2015-12-12 08:40,주,토,1,1,0,0,서울,강동구,차대차,측면충돌,운전자법규위반,안전거리 미확보,단일로,기타단일로,이륜차,승용차,127.1548097,37.55512459
16043,2015,2015-12-12 09:15,주,토,1,1,0,0,경남,진주시,차대사람,횡단중,운전자법규위반,안전운전 의무 불이행,단일로,기타단일로,승용차,보행자,128.0579376,35.17076504
16044,2015,2015-12-12 11:20,주,토,1,1,0,0,전남,광양시,차대사람,횡단중,운전자법규위반,안전운전 의무 불이행,단일로,기타단일로,승합차,보행자,127.58334860000001,34.97512789
16045,2015,2015-12-12 12:15,주,토,1,1,0,0,충남,천안시,차대차,측면충돌,운전자법규위반,안전운전 의무 불이행,교차로,교차로부근,승용차,자전거,127.22221359999999,36.91453918
16046,2015,2015-12-12 17:04,주,토,1,34,13,16,경기,성남시,차대차,주정차중 추돌,운전자법규위반,안전운전 의무 불이행,단일로,기타단일로,승합차,승합차,127.0979017,37.40658724
16047,2015,2015-12-12 17:30,주,토,1,1,0,0,강원,평창군,차대사람,횡단중,운전자법규위반,안전운전 의무 불이행,단일로,기타단일로,승용차,보행자,128.44762859999997,37.47310394
16048,2015,2015-12-12 17:39,주,토,1,1,0,0,경북,문경시,차대사람,횡단중,운전자법규위반,보행자 보호의무 위반,단일로,횡단보도상,승용차,보행자,128.1676626,36.61831818
16049,2015,2015-12-12 18:10,야,토,1,1,0,0,서울,서대문구,차대차,기타,운전자법규위반,중앙선 침범,단일로,기타단일로,이륜차,원동기장치자전거,126.9478462,37.59378998
16050,2015,2015-12-12 18:38,야,토,1,1,0,0,경기,안성시,차대사람,길가장자리구역통행중,운전자법규위반,안전운전 의무 불이행,단일로,기타단일로,화물차,보행자,127.35178549999999,37.03210373
16051,2015,2015-12-12 18:22,야,토,1,1,0,0,경북,군위군,차대사람,기타,운전자법규위반,안전운전 의무 불이행,단일로,기타단일로,승용차,보행자,128.746612,36.16386001
16052,2015,2015-12-12 19:50,야,토,1,1,0,0,인천,연수구,차대사람,횡단중,운전자법규위반,신호위반,단일로,횡단보도상,승합차,보행자,126.66967240000001,37.4257553
16053,2015,2015-12-12 20:25,야,토,1,1,0,0,경남,밀양시,차대사람,기타,운전자법규위반,안전운전 의무 불이행,단일로,기타단일로,승용차,보행자,128.939414,35.52929369
16054,2015,2015-12-13 01:00,야,일,1,5,1,3,경기,동두천시,차대차,측면충돌,운전자법규위반,과속,교차로,교차로내,승용차,승용차,127.05312990000002,37.90247856
16055,2015,2015-12-13 03:47,야,일,1,1,0,0,경북,경산시,차대사람,횡단중,운전자법규위반,안전운전 의무 불이행,단일로,기타단일로,승용차,보행자,128.8189513,35.87271519
16056,2015,2015-12-13 04:30,야,일,1,1,0,0,경남,남해군,차량단독,전도전복,운전자법규위반,안전운전 의무 불이행,단일로,기타단일로,승용차,없음,128.0188396,34.89777885
16057,2015,2015-12-13 05:30,야,일,1,1,0,0,제주,제주시,차대사람,횡단중,운전자법규위반,과속,교차로,교차로내,화물차,보행자,126.82654029999999,33.53907989
16058,2015,2015-12-13 06:27,주,일,1,1,0,0,제주,서귀포시,차대사람,횡단중,운전자법규위반,안전운전 의무 불이행,교차로,교차로내,승용차,보행자,126.25256540000001,33.22588133
16059,2015,2015-12-13 08:20,주,일,1,1,0,0,서울,용산구,차대차,기타,운전자법규위반,안전거리 미확보,단일로,교량위,승용차,이륜차,126.9582814,37.51680915
16060,2015,2015-12-13 08:35,주,일,1,1,0,0,경기,남양주시,차대사람,기타,운전자법규위반,안전운전 의무 불이행,단일로,터널안,승합차,보행자,127.1063811,37.67009273
16061,2015,2015-12-13 15:50,주,일,1,1,0,0,경기,김포시,차대차,정면충돌,운전자법규위반,안전운전 의무 불이행,교차로,교차로부근,화물차,원동기장치자전거,126.6307068,37.61953285
16062,2015,2015-12-13 19:00,야,일,1,1,0,0,경기,파주시,차대사람,횡단중,운전자법규위반,안전운전 의무 불이행,교차로,교차로부근,승용차,보행자,126.78873670000002,37.77706016
16063,2015,2015-12-13 19:49,야,일,1,1,0,0,충북,보은군,차대사람,횡단중,운전자법규위반,안전운전 의무 불이행,단일로,기타단일로,승용차,보행자,127.7995254,36.45305099
16064,2015,2015-12-13 20:20,야,일,1,6,0,4,강원,평창군,차대차,주정차중 추돌,운전자법규위반,안전운전 의무 불이행,단일로,기타단일로,승용차,승용차,128.54906640000002,37.647398200000005
16065,2015,2015-12-13 20:44,야,일,1,3,1,1,인천,부평구,차대차,진행중 추돌,운전자법규위반,신호위반,교차로,교차로내,이륜차,이륜차,126.70344509999998,37.50866844
16066,2015,2015-12-14 01:50,야,월,1,1,0,0,서울,강남구,차대차,측면충돌,운전자법규위반,안전운전 의무 불이행,교차로,교차로내,이륜차,승용차,127.0631018,37.50885176
16067,2015,2015-12-14 07:14,주,월,1,2,0,1,전북,전주시,차대차,정면충돌,운전자법규위반,중앙선 침범,단일로,기타단일로,원동기장치자전거,승용차,127.1487362,35.81352616
16068,2015,2015-12-14 15:30,주,월,1,2,0,1,강원,평창군,차대차,정면충돌,운전자법규위반,중앙선 침범,단일로,기타단일로,승용차,건설기계,128.4225918,37.43916825
16069,2015,2015-12-14 18:45,야,월,1,1,0,0,대구,서구,차대사람,기타,운전자법규위반,안전운전 의무 불이행,단일로,기타단일로,승용차,보행자,128.55671759999998,35.8843602
16070,2015,2015-12-14 22:15,야,월,1,1,0,0,경북,영주시,차대사람,기타,운전자법규위반,안전운전 의무 불이행,단일로,기타단일로,승용차,보행자,128.6191115,36.81012145
16071,2015,2015-12-14 23:35,야,월,1,2,0,1,경기,부천시,차대사람,횡단중,운전자법규위반,안전운전 의무 불이행,단일로,횡단보도부근,승합차,보행자,126.7958501,37.48225102
16072,2015,2015-12-15 00:45,야,화,1,1,0,0,경기,화성시,차량단독,전도전복,운전자법규위반,안전운전 의무 불이행,교차로,교차로내,승용차,없음,127.03910249999998,37.20241722
16073,2015,2015-12-15 00:35,야,화,1,1,0,0,전남,영암군,차량단독,전도전복,운전자법규위반,안전운전 의무 불이행,단일로,기타단일로,이륜차,없음,126.48870600000001,34.74170206
16074,2015,2015-12-15 04:10,야,화,1,1,0,0,서울,서초구,차대차,기타,운전자법규위반,안전운전 의무 불이행,단일로,기타단일로,이륜차,건설기계,126.98361829999999,37.47071002
16075,2015,2015-12-15 10:40,주,화,1,2,1,0,제주,서귀포시,차대차,기타,운전자법규위반,중앙선 침범,단일로,기타단일로,승용차,화물차,126.3532616,33.32737894
16076,2015,2015-12-15 11:52,주,화,1,1,0,0,인천,중구,차대사람,기타,운전자법규위반,안전운전 의무 불이행,단일로,기타단일로,승용차,보행자,126.62102620000002,37.44916312
16077,2015,2015-12-15 12:17,주,화,1,2,0,1,경기,화성시,차대차,주정차중 추돌,운전자법규위반,안전운전 의무 불이행,교차로,교차로부근,화물차,화물차,126.8025031,37.08966677
16078,2015,2015-12-15 13:25,주,화,1,1,0,0,서울,영등포구,차대사람,횡단중,운전자법규위반,보행자 보호의무 위반,교차로,교차로부근,승용차,보행자,126.8919678,37.53245831
16079,2015,2015-12-15 13:10,주,화,1,1,0,0,충남,천안시,차대사람,횡단중,운전자법규위반,안전운전 의무 불이행,단일로,기타단일로,승합차,보행자,127.1397973,36.77899953
16080,2015,2015-12-15 13:00,주,화,1,2,0,1,경북,문경시,차대차,진행중 추돌,운전자법규위반,안전운전 의무 불이행,단일로,터널안,화물차,화물차,128.1327695,36.66323109
16081,2015,2015-12-15 13:50,주,화,1,2,0,1,인천,부평구,차대차,진행중 추돌,운전자법규위반,안전운전 의무 불이행,단일로,기타단일로,화물차,화물차,126.7545145,37.46813466
16082,2015,2015-12-15 14:54,주,화,2,2,0,0,서울,성북구,차량단독,공작물충돌,운전자법규위반,안전운전 의무 불이행,단일로,기타단일로,승용차,없음,127.0626013,37.61390231
16083,2015,2015-12-15 16:25,주,화,1,1,0,0,경남,남해군,차대차,정면충돌,운전자법규위반,안전운전 의무 불이행,교차로,교차로부근,원동기장치자전거,건설기계,127.9468712,34.80780794
16084,2015,2015-12-15 18:00,야,화,1,1,0,0,경기,동두천시,차대사람,횡단중,운전자법규위반,안전운전 의무 불이행,단일로,기타단일로,승용차,보행자,127.0310379,37.90820598
16085,2015,2015-12-16 07:25,주,수,1,1,0,0,제주,제주시,차대차,기타,운전자법규위반,안전운전 의무 불이행,교차로,교차로내,화물차,화물차,126.30545690000001,33.44624124
16086,2015,2015-12-16 09:25,주,수,1,1,0,0,충북,청주시,차대사람,횡단중,운전자법규위반,보행자 보호의무 위반,교차로,교차로내,화물차,보행자,127.4835835,36.66801201
16087,2015,2015-12-16 12:50,주,수,1,1,0,0,전북,정읍시,차대차,측면충돌,운전자법규위반,직진 및 우회전차의 통행방해,교차로,교차로내,승용차,승용차,126.9902903,35.60868627
16088,2015,2015-12-16 15:15,주,수,1,2,0,1,전남,화순군,차대차,정면충돌,운전자법규위반,중앙선 침범,단일로,기타단일로,화물차,건설기계,127.01609750000001,35.02807089
16089,2015,2015-12-16 16:00,주,수,1,1,0,0,경기,안산시,차대사람,기타,운전자법규위반,안전운전 의무 불이행,단일로,기타단일로,건설기계,보행자,126.8668778,37.28646086
16090,2015,2015-12-16 17:45,주,수,1,3,2,0,강원,홍천군,차대차,주정차중 추돌,운전자법규위반,안전운전 의무 불이행,단일로,기타단일로,화물차,화물차,127.8885413,37.6944636
16091,2015,2015-12-16 18:23,야,수,1,1,0,0,충남,논산시,차대사람,횡단중,운전자법규위반,안전운전 의무 불이행,교차로,교차로부근,화물차,보행자,127.1036386,36.14651467
16092,2015,2015-12-16 18:40,야,수,1,1,0,0,경남,함안군,차대사람,횡단중,운전자법규위반,안전운전 의무 불이행,교차로,교차로내,승용차,보행자,128.4407896,35.34405899
16093,2015,2015-12-16 18:25,야,수,1,1,0,0,제주,제주시,차대사람,횡단중,운전자법규위반,안전운전 의무 불이행,기타/불명,기타/불명,화물차,보행자,126.2556272,33.34442313
16094,2015,2015-12-16 22:35,야,수,1,1,0,0,전남,여수시,차대차,정면충돌,운전자법규위반,안전운전 의무 불이행,교차로,교차로내,승용차,화물차,127.6334841,34.76070702
16095,2015,2015-12-17 00:40,야,목,1,1,0,0,충남,아산시,차량단독,공작물충돌,운전자법규위반,안전운전 의무 불이행,단일로,기타단일로,승용차,없음,126.99019059999999,36.78736796
16096,2015,2015-12-17 06:35,주,목,1,1,0,0,서울,서초구,차대사람,횡단중,운전자법규위반,보행자 보호의무 위반,교차로,교차로부근,화물차,보행자,126.9895885,37.49246775
16097,2015,2015-12-17 06:29,주,목,1,1,0,0,경기,남양주시,차대차,진행중 추돌,운전자법규위반,안전운전 의무 불이행,단일로,기타단일로,이륜차,화물차,127.15001720000001,37.60424308
16098,2015,2015-12-17 06:25,주,목,1,1,0,0,경기,광명시,차대차,정면충돌,운전자법규위반,안전운전 의무 불이행,단일로,기타단일로,이륜차,건설기계,126.88678780000001,37.46144992
16099,2015,2015-12-17 06:16,주,목,1,1,0,0,인천,남동구,차대차,측면충돌,운전자법규위반,중앙선 침범,단일로,기타단일로,이륜차,승합차,126.7250482,37.46013037
16100,2015,2015-12-17 10:33,주,목,1,1,0,0,서울,구로구,차대사람,횡단중,운전자법규위반,안전운전 의무 불이행,단일로,횡단보도상,승합차,보행자,126.8919726,37.49699918
16101,2015,2015-12-17 11:45,주,목,1,2,0,1,전북,임실군,차대차,정면충돌,운전자법규위반,중앙선 침범,단일로,기타단일로,승용차,승용차,127.31481509999999,35.53842718
16102,2015,2015-12-17 17:55,주,목,1,1,0,0,경북,영천시,차대차,측면충돌,운전자법규위반,안전운전 의무 불이행,교차로,교차로내,화물차,승용차,128.7937307,36.03256021
16103,2015,2015-12-17 19:35,야,목,1,1,0,0,충북,음성군,차대사람,횡단중,운전자법규위반,안전운전 의무 불이행,교차로,교차로내,승용차,보행자,127.59643870000001,36.98874371
16104,2015,2015-12-17 19:30,야,목,1,2,0,1,울산,중구,차량단독,전도전복,운전자법규위반,안전운전 의무 불이행,단일로,기타단일로,승용차,없음,129.2662076,35.57000803
16105,2015,2015-12-17 22:40,야,목,1,1,0,0,울산,동구,차량단독,전도전복,운전자법규위반,안전운전 의무 불이행,단일로,기타단일로,이륜차,없음,129.41249109999998,35.53268008
16106,2015,2015-12-18 01:03,야,금,1,5,2,2,서울,관악구,차대사람,횡단중,운전자법규위반,보행자 보호의무 위반,교차로,교차로내,승용차,보행자,126.92961890000001,37.484000099999996
16107,2015,2015-12-18 01:30,야,금,1,1,0,0,경기,용인시,차대사람,횡단중,운전자법규위반,안전운전 의무 불이행,교차로,교차로내,화물차,보행자,127.20067900000001,37.23287137
16108,2015,2015-12-18 01:20,야,금,2,3,1,0,충북,음성군,차대차,주정차중 추돌,운전자법규위반,안전운전 의무 불이행,단일로,기타단일로,승합차,이륜차,127.6835572,36.94951819
16109,2015,2015-12-18 04:30,야,금,1,4,3,0,경북,상주시,차량단독,전도전복,운전자법규위반,안전운전 의무 불이행,단일로,기타단일로,승용차,없음,128.08962069999998,36.25468943
16110,2015,2015-12-18 06:32,주,금,2,5,2,1,부산,강서구,차대차,측면충돌,운전자법규위반,중앙선 침범,단일로,기타단일로,화물차,건설기계,128.9179702,35.12154519
16111,2015,2015-12-18 08:50,주,금,1,1,0,0,전남,순천시,차대사람,횡단중,운전자법규위반,안전운전 의무 불이행,단일로,기타단일로,승용차,보행자,127.49079040000001,34.95065471
16112,2015,2015-12-18 10:50,주,금,1,3,1,1,경기,양주시,차대차,정면충돌,운전자법규위반,중앙선 침범,단일로,기타단일로,승용차,승용차,127.0193633,37.89297202
16113,2015,2015-12-18 10:36,주,금,1,2,0,0,충남,아산시,차대차,정면충돌,운전자법규위반,중앙선 침범,단일로,기타단일로,건설기계,건설기계,126.939926,36.8640272
16114,2015,2015-12-18 10:10,주,금,1,1,0,0,전남,신안군,차량단독,전도전복,운전자법규위반,안전운전 의무 불이행,단일로,기타단일로,이륜차,없음,125.9979946,34.76182216
16115,2015,2015-12-18 10:15,주,금,1,1,0,0,울산,울주군,차대사람,기타,운전자법규위반,안전운전 의무 불이행,단일로,기타단일로,승용차,보행자,129.1108567,35.53526631
16116,2015,2015-12-18 12:55,주,금,1,1,0,0,경북,의성군,차대차,진행중 추돌,운전자법규위반,안전운전 의무 불이행,단일로,기타단일로,화물차,이륜차,128.5795691,36.28212042
16117,2015,2015-12-18 12:50,주,금,1,1,0,0,경남,사천시,차대차,정면충돌,운전자법규위반,안전운전 의무 불이행,단일로,기타단일로,농기계,이륜차,128.05328329999998,35.05902811
16118,2015,2015-12-18 14:50,주,금,1,1,0,0,전북,임실군,차량단독,전도전복,운전자법규위반,안전운전 의무 불이행,단일로,기타단일로,이륜차,없음,127.2640504,35.60176107
16119,2015,2015-12-18 18:45,야,금,1,1,0,0,충남,천안시,차대차,기타,운전자법규위반,안전운전 의무 불이행,단일로,기타단일로,화물차,자전거,127.153049,36.82497775
16120,2015,2015-12-18 18:30,야,금,1,1,0,0,제주,제주시,차대사람,횡단중,운전자법규위반,안전운전 의무 불이행,교차로,교차로부근,승용차,보행자,126.471246,33.4939272
16121,2015,2015-12-18 20:25,야,금,1,2,0,1,충북,청주시,차대차,정면충돌,운전자법규위반,안전운전 의무 불이행,단일로,기타단일로,승용차,건설기계,127.5142101,36.65796063
16122,2015,2015-12-18 23:30,야,금,1,1,0,0,대구,중구,차대사람,횡단중,운전자법규위반,과속,단일로,기타단일로,승용차,보행자,128.5998689,35.86674396
16123,2015,2015-12-19 01:30,야,토,1,4,0,0,경기,용인시,차대차,주정차중 추돌,운전자법규위반,안전운전 의무 불이행,단일로,기타단일로,승용차,특수차,127.1036575,37.29149272
16124,2015,2015-12-19 06:40,주,토,1,2,0,1,대구,달성군,차대차,주정차중 추돌,운전자법규위반,안전운전 의무 불이행,단일로,기타단일로,화물차,화물차,128.42296100000002,35.76837393
16125,2015,2015-12-19 07:05,주,토,1,1,0,0,서울,마포구,차대차,진행중 추돌,운전자법규위반,안전운전 의무 불이행,단일로,기타단일로,승용차,자전거,126.9011559,37.57519299
16126,2015,2015-12-19 08:05,주,토,1,1,0,0,서울,서초구,차대차,주정차중 추돌,운전자법규위반,과로,단일로,기타단일로,승용차,승합차,127.09003770000001,37.46330511
16127,2015,2015-12-19 08:35,주,토,2,11,4,5,전남,담양군,차대차,기타,운전자법규위반,과속,단일로,기타단일로,승용차,승용차,126.95665009999999,35.22619578
16128,2015,2015-12-19 10:50,주,토,1,1,0,0,광주,북구,차대사람,횡단중,운전자법규위반,안전운전 의무 불이행,단일로,기타단일로,승용차,보행자,126.90108659999999,35.19680885
16129,2015,2015-12-19 15:10,주,토,1,1,0,0,경기,파주시,차대차,기타,운전자법규위반,안전운전 의무 불이행,단일로,기타단일로,승용차,자전거,126.7709764,37.86490039
16130,2015,2015-12-19 15:37,주,토,1,1,0,0,제주,서귀포시,차대차,기타,운전자법규위반,안전운전 의무 불이행,교차로,교차로내,승용차,건설기계,126.39227659999999,33.31347359
16131,2015,2015-12-19 18:00,야,토,1,10,6,3,경기,용인시,차대차,기타,운전자법규위반,안전운전 의무 불이행,단일로,기타단일로,승합차,승용차,127.0951885,37.12831879
16132,2015,2015-12-19 22:20,야,토,1,1,0,0,경기,이천시,차대사람,횡단중,운전자법규위반,안전운전 의무 불이행,교차로,교차로부근,승용차,보행자,127.45513159999999,37.27105504
16133,2015,2015-12-20 00:40,야,일,1,1,0,0,충남,아산시,차대사람,횡단중,운전자법규위반,안전운전 의무 불이행,단일로,기타단일로,화물차,보행자,127.0079196,36.78061853
16134,2015,2015-12-20 01:35,야,일,1,1,0,0,서울,중구,차대사람,차도통행중,운전자법규위반,안전운전 의무 불이행,단일로,횡단보도부근,승용차,보행자,126.99243909999998,37.56096486
16135,2015,2015-12-20 01:15,야,일,1,1,0,0,경기,안성시,차량단독,전도전복,운전자법규위반,안전운전 의무 불이행,단일로,기타단일로,승용차,없음,127.23606840000001,37.02800857
16136,2015,2015-12-20 04:27,야,일,1,2,0,0,경남,창원시(통합),차대차,진행중 추돌,운전자법규위반,안전운전 의무 불이행,단일로,교량위,승용차,화물차,128.7184358,35.19330503
16137,2015,2015-12-20 05:47,야,일,1,1,0,0,인천,계양구,차대사람,횡단중,운전자법규위반,안전운전 의무 불이행,단일로,기타단일로,승용차,보행자,126.72573870000001,37.54332002
16138,2015,2015-12-20 08:05,주,일,1,2,0,1,경기,여주시,차대차,기타,운전자법규위반,안전운전 의무 불이행,단일로,기타단일로,승용차,승용차,127.5444439,37.23967733
16139,2015,2015-12-20 09:30,주,일,1,4,2,1,강원,정선군,차대차,진행중 추돌,운전자법규위반,중앙선 침범,단일로,기타단일로,건설기계,화물차,128.8230826,37.4987704
16140,2015,2015-12-20 14:10,주,일,1,1,0,0,경기,파주시,차대사람,횡단중,운전자법규위반,안전운전 의무 불이행,교차로,교차로부근,화물차,보행자,126.8730874,37.849265
16141,2015,2015-12-20 19:30,야,일,1,4,0,3,전북,정읍시,차대차,주정차중 추돌,운전자법규위반,안전운전 의무 불이행,단일로,기타단일로,승용차,건설기계,126.9501685,35.66175146
16142,2015,2015-12-21 04:50,야,월,1,1,0,0,강원,강릉시,차량단독,전도전복,운전자법규위반,안전운전 의무 불이행,단일로,기타단일로,승용차,없음,128.9173327,37.71160473
16143,2015,2015-12-21 05:40,야,월,1,1,0,0,충남,천안시,차대차,진행중 추돌,운전자법규위반,안전운전 의무 불이행,단일로,기타단일로,승용차,승용차,127.103408,36.82494875
16144,2015,2015-12-21 06:00,주,월,1,1,0,0,경기,부천시,차대사람,횡단중,운전자법규위반,안전운전 의무 불이행,단일로,기타단일로,승용차,보행자,126.7667878,37.48396707
16145,2015,2015-12-21 06:50,주,월,1,2,1,0,경북,상주시,차량단독,전도전복,운전자법규위반,안전운전 의무 불이행,단일로,교량위,화물차,없음,128.2225838,36.41301575