,발생년,발생년월일시분,주야,요일,사망자수,사상자수,중상자수,경상자수,발생지시도,발생지시군구,사고유형_대분류,사고유형,법규위반_대분류,법규위반,도로형태_대분류,도로형태,가해자_당사자종별,피해자_당사자종별,경도,위도
16146,2015,2015-12-21 07:15,주,월,1,1,0,0,경기,김포시,차대사람,횡단중,운전자법규위반,안전운전 의무 불이행,교차로,교차로내,승용차,보행자,126.5980781,37.69219526
16147,2015,2015-12-21 08:05,주,월,1,1,0,0,전남,여수시,차대사람,길가장자리구역통행중,운전자법규위반,안전운전 의무 불이행,교차로,교차로부근,화물차,보행자,127.65026399999999,34.74044251
16148,2015,2015-12-21 11:30,주,월,1,4,0,2,경기,용인시,차대차,정면충돌,운전자법규위반,중앙선 침범,단일로,기타단일로,승합차,승합차,127.21676599999999,37.26904813
16149,2015,2015-12-21 12:25,주,월,1,2,0,1,대구,달서구,차대차,정면충돌,운전자법규위반,신호위반,교차로,교차로내,이륜차,승용차,128.5579156,35.83780176
16150,2015,2015-12-21 13:18,주,월,1,1,0,0,충남,부여군,차대차,진행중 추돌,운전자법규위반,안전운전 의무 불이행,단일로,기타단일로,화물차,승용차,127.0631314,36.27876701
16151,2015,2015-12-21 18:15,야,월,1,1,0,0,강원,속초시,차대사람,횡단중,운전자법규위반,안전운전 의무 불이행,단일로,기타단일로,승용차,보행자,128.5959325,38.18661353
16152,2015,2015-12-21 18:10,야,월,1,1,0,0,경북,칠곡군,차대사람,기타,운전자법규위반,안전운전 의무 불이행,단일로,기타단일로,승용차,보행자,128.4707682,36.04915135
16153,2015,2015-12-21 18:33,야,월,1,2,1,0,경북,봉화군,차대차,정면충돌,운전자법규위반,중앙선 침범,단일로,기타단일로,화물차,승용차,128.7534282,36.82754881
16154,2015,2015-12-21 18:35,야,월,1,1,0,0,인천,강화군,차대사람,횡단중,운전자법규위반,안전운전 의무 불이행,단일로,기타단일로,건설기계,보행자,126.51463400000002,37.7377155
16155,2015,2015-12-21 19:00,야,월,1,1,0,0,경기,안성시,차대사람,횡단중,운전자법규위반,안전운전 의무 불이행,단일로,기타단일로,승합차,보행자,127.12987700000001,37.03974998
16156,2015,2015-12-21 21:25,야,월,1,1,0,0,경남,산청군,차대차,진행중 추돌,운전자법규위반,안전운전 의무 불이행,단일로,기타단일로,화물차,화물차,127.9467088,35.29543548
16157,2015,2015-12-21 23:48,야,월,1,1,0,0,경기,용인시,차대차,정면충돌,운전자법규위반,신호위반,교차로,교차로내,원동기장치자전거,승용차,127.1100399,37.29430824
16158,2015,2015-12-21 23:15,야,월,1,1,0,0,경북,경주시,차량단독,도로이탈 추락,운전자법규위반,안전운전 의무 불이행,단일로,기타단일로,이륜차,없음,129.20128259999998,35.99462013
16159,2015,2015-12-21 23:40,야,월,1,1,0,0,경남,고성군,차대사람,횡단중,운전자법규위반,안전운전 의무 불이행,단일로,횡단보도부근,승용차,보행자,128.37915690000003,34.96679817
16160,2015,2015-12-22 05:50,야,화,1,1,0,0,대구,서구,차대사람,횡단중,운전자법규위반,안전운전 의무 불이행,단일로,기타단일로,화물차,보행자,128.5610861,35.87133916
16161,2015,2015-12-22 05:35,야,화,1,2,1,0,인천,연수구,차량단독,전도전복,운전자법규위반,안전운전 의무 불이행,단일로,기타단일로,승용차,없음,126.64246999999999,37.4315731
16162,2015,2015-12-22 05:35,야,화,1,1,0,0,인천,계양구,차대차,정면충돌,운전자법규위반,안전운전 의무 불이행,단일로,교량위,승용차,화물차,126.754427,37.57472699
16163,2015,2015-12-22 06:40,주,화,1,3,2,0,경북,칠곡군,차대차,정면충돌,운전자법규위반,중앙선 침범,단일로,기타단일로,승용차,화물차,128.5852946,35.98529573
16164,2015,2015-12-22 07:00,주,화,1,1,0,0,충북,진천군,차량단독,전도전복,운전자법규위반,안전운전 의무 불이행,단일로,기타단일로,승합차,없음,127.4348429,36.966075599999996
16165,2015,2015-12-22 10:20,주,화,1,1,0,0,경남,거제시,차대차,진행중 추돌,운전자법규위반,안전운전 의무 불이행,단일로,기타단일로,이륜차,승용차,128.7139915,34.86594423
16166,2015,2015-12-22 11:40,주,화,1,1,0,0,경기,수원시,차대사람,횡단중,운전자법규위반,안전운전 의무 불이행,단일로,횡단보도부근,건설기계,보행자,127.0065209,37.26867394
16167,2015,2015-12-22 13:55,주,화,2,3,1,0,전북,김제시,차대차,측면충돌,운전자법규위반,직진 및 우회전차의 통행방해,교차로,교차로내,건설기계,화물차,126.83716840000001,35.89759322
16168,2015,2015-12-22 17:33,주,화,1,1,0,0,강원,양양군,차량단독,전도전복,운전자법규위반,안전운전 의무 불이행,단일로,교량위,승용차,없음,128.61119720000002,38.06082052
16169,2015,2015-12-22 19:45,야,화,1,1,0,0,경기,용인시,차대차,진행중 추돌,운전자법규위반,중앙선 침범,단일로,기타단일로,승용차,승용차,127.2623777,37.18995996
16170,2015,2015-12-22 21:43,야,화,1,1,0,0,서울,종로구,차량단독,기타,운전자법규위반,안전운전 의무 불이행,단일로,기타단일로,이륜차,없음,126.96148190000001,37.57230816
16171,2015,2015-12-23 00:13,야,수,1,1,0,0,전남,완도군,차대사람,기타,운전자법규위반,안전운전 의무 불이행,교차로,교차로내,승용차,보행자,126.5737861,34.17642072
16172,2015,2015-12-23 05:15,야,수,1,1,0,0,경기,고양시,차대사람,횡단중,운전자법규위반,안전운전 의무 불이행,교차로,교차로부근,화물차,보행자,126.8508462,37.71518295
16173,2015,2015-12-23 08:00,주,수,1,1,0,0,경기,안산시,차대차,정면충돌,운전자법규위반,신호위반,교차로,교차로부근,이륜차,승용차,126.74000649999999,37.31364788
16174,2015,2015-12-23 15:05,주,수,1,1,0,0,경기,군포시,차대사람,횡단중,운전자법규위반,신호위반,교차로,교차로부근,승합차,보행자,126.9456385,37.35324279
16175,2015,2015-12-23 18:00,야,수,1,1,0,0,경기,양평군,차대사람,횡단중,운전자법규위반,안전운전 의무 불이행,교차로,교차로부근,승합차,보행자,127.53534509999999,37.45568948
16176,2015,2015-12-23 18:35,야,수,1,1,0,0,전남,신안군,차대사람,횡단중,운전자법규위반,보행자 보호의무 위반,단일로,횡단보도상,승용차,보행자,126.23170220000002,35.05997997
16177,2015,2015-12-23 19:30,야,수,1,3,1,1,충북,옥천군,차대차,기타,운전자법규위반,안전운전 의무 불이행,단일로,기타단일로,화물차,화물차,127.60011170000001,36.29591326
16178,2015,2015-12-23 21:11,야,수,1,1,0,0,인천,계양구,차대사람,차도통행중,운전자법규위반,안전운전 의무 불이행,단일로,기타단일로,승합차,보행자,126.72638329999998,37.54337833
16179,2015,2015-12-23 21:10,야,수,1,1,0,0,울산,울주군,차대사람,길가장자리구역통행중,운전자법규위반,안전운전 의무 불이행,단일로,기타단일로,승합차,보행자,129.1744377,35.44900583
16180,2015,2015-12-23 22:05,야,수,1,1,0,0,대구,동구,차대사람,기타,운전자법규위반,안전운전 의무 불이행,교차로,교차로부근,승용차,보행자,128.6501782,35.88141893
16181,2015,2015-12-23 23:30,야,수,1,1,0,0,경기,이천시,차대사람,횡단중,운전자법규위반,안전운전 의무 불이행,교차로,교차로부근,승용차,보행자,127.4415142,37.27549301
16182,2015,2015-12-23 23:30,야,수,1,1,0,0,충남,서천군,차대사람,기타,운전자법규위반,안전운전 의무 불이행,단일로,기타단일로,승용차,보행자,126.69385120000001,36.12519128
16183,2015,2015-12-23 23:15,야,수,1,1,0,0,경북,성주군,차량단독,공작물충돌,운전자법규위반,안전운전 의무 불이행,단일로,기타단일로,승용차,없음,128.3608146,35.86511556
16184,2015,2015-12-24 00:05,야,목,1,1,0,0,대구,달성군,차대사람,횡단중,운전자법규위반,안전운전 의무 불이행,단일로,기타단일로,승용차,보행자,128.3964086,35.87452919
16185,2015,2015-12-24 05:05,야,목,1,1,0,0,서울,동대문구,차대사람,횡단중,운전자법규위반,안전운전 의무 불이행,단일로,횡단보도부근,화물차,보행자,127.03734709999999,37.58799152
16186,2015,2015-12-24 08:30,주,목,1,1,0,0,경남,거창군,차량단독,전도전복,운전자법규위반,안전운전 의무 불이행,단일로,기타단일로,승용차,없음,127.9484982,35.74291249
16187,2015,2015-12-24 11:46,주,목,1,1,0,0,전남,나주시,차대사람,횡단중,운전자법규위반,신호위반,단일로,횡단보도상,원동기장치자전거,보행자,126.7523341,35.03542495
16188,2015,2015-12-24 11:00,주,목,1,1,0,0,경남,남해군,차량단독,전도전복,운전자법규위반,안전운전 의무 불이행,단일로,기타단일로,이륜차,없음,127.87148529999999,34.78051241
16189,2015,2015-12-24 13:41,주,목,1,1,0,0,서울,용산구,차량단독,공작물충돌,운전자법규위반,안전운전 의무 불이행,단일로,지하차도(도로)내,이륜차,없음,126.9927862,37.51976558
16190,2015,2015-12-24 17:40,주,목,1,1,0,0,강원,홍천군,차대사람,차도통행중,운전자법규위반,안전운전 의무 불이행,단일로,기타단일로,승용차,보행자,127.9696524,37.75526023
16191,2015,2015-12-24 17:30,주,목,1,1,0,0,전남,담양군,차대차,측면충돌,운전자법규위반,안전운전 의무 불이행,단일로,기타단일로,이륜차,화물차,126.95547090000001,35.26944472
16192,2015,2015-12-24 18:23,야,목,1,1,0,0,서울,영등포구,차대사람,횡단중,운전자법규위반,안전운전 의무 불이행,단일로,기타단일로,승합차,보행자,126.90217050000001,37.51481689
16193,2015,2015-12-24 18:35,야,목,1,1,0,0,충남,금산군,차대차,진행중 추돌,운전자법규위반,과속,단일로,기타단일로,승용차,자전거,127.48464809999999,36.20710579
16194,2015,2015-12-24 21:35,야,목,1,1,0,0,경기,용인시,차대사람,횡단중,운전자법규위반,안전운전 의무 불이행,교차로,교차로내,건설기계,보행자,127.2218558,37.28049895
16195,2015,2015-12-24 21:48,야,목,1,1,0,0,경기,연천군,차대사람,횡단중,운전자법규위반,안전운전 의무 불이행,교차로,교차로내,승용차,보행자,127.0970629,38.1514266
16196,2015,2015-12-24 23:40,야,목,1,1,0,0,경북,김천시,차대사람,횡단중,운전자법규위반,보행자 보호의무 위반,교차로,교차로부근,승용차,보행자,128.2297054,36.19124193
16197,2015,2015-12-25 01:53,야,금,1,1,0,0,경기,안산시,차대사람,차도통행중,운전자법규위반,안전운전 의무 불이행,단일로,기타단일로,승용차,보행자,126.85182250000001,37.31214989
16198,2015,2015-12-25 02:30,야,금,1,1,0,0,서울,성북구,차대사람,횡단중,운전자법규위반,안전운전 의무 불이행,단일로,횡단보도상,승용차,보행자,127.0585912,37.6118233
16199,2015,2015-12-25 05:10,야,금,1,3,0,2,경북,김천시,차대차,진행중 추돌,운전자법규위반,안전운전 의무 불이행,단일로,기타단일로,화물차,화물차,128.00192320000002,36.19794934
16200,2015,2015-12-25 06:40,주,금,1,1,0,0,대구,달성군,차대사람,횡단중,운전자법규위반,신호위반,교차로,교차로내,승용차,보행자,128.4591616,35.86254942
16201,2015,2015-12-25 09:38,주,금,1,1,0,0,경기,고양시,차대사람,기타,운전자법규위반,안전운전 의무 불이행,단일로,기타단일로,승합차,보행자,126.8361732,37.6200114
16202,2015,2015-12-25 14:50,주,금,1,1,0,0,충남,서산시,차량단독,공작물충돌,운전자법규위반,안전운전 의무 불이행,단일로,기타단일로,화물차,없음,126.4216818,36.95548208
16203,2015,2015-12-25 15:00,주,금,1,1,0,0,대구,달서구,차대사람,횡단중,운전자법규위반,안전운전 의무 불이행,기타/불명,기타/불명,승용차,보행자,128.5205828,35.85269404
16204,2015,2015-12-25 17:55,주,금,1,3,2,0,경남,함안군,차대차,정면충돌,운전자법규위반,안전운전 의무 불이행,단일로,기타단일로,승합차,농기계,128.3984171,35.29684589
16205,2015,2015-12-25 18:25,야,금,1,1,0,0,전남,나주시,차대사람,횡단중,운전자법규위반,안전운전 의무 불이행,단일로,기타단일로,승합차,보행자,126.8550916,35.03265121
16206,2015,2015-12-25 18:30,야,금,1,3,1,1,경북,청송군,차대차,정면충돌,운전자법규위반,교차로 통행방법 위반,교차로,교차로내,승용차,승용차,129.0613961,36.53353648
16207,2015,2015-12-25 20:00,야,금,1,2,0,1,경남,양산시,차대차,정면충돌,운전자법규위반,안전운전 의무 불이행,교차로,교차로내,승용차,승용차,129.1572817,35.37957027
16208,2015,2015-12-26 02:25,야,토,1,1,0,0,경기,용인시,차량단독,전도전복,운전자법규위반,안전운전 의무 불이행,단일로,기타단일로,승용차,없음,127.2363205,37.30548268
16209,2015,2015-12-26 06:22,주,토,1,6,4,0,경기,안성시,차대차,진행중 추돌,운전자법규위반,안전운전 의무 불이행,단일로,기타단일로,승합차,승용차,127.27097450000001,36.96928006
16210,2015,2015-12-26 07:30,주,토,1,1,0,0,충남,서산시,차량단독,공작물충돌,운전자법규위반,안전운전 의무 불이행,단일로,기타단일로,화물차,없음,126.3829923,36.64571046
16211,2015,2015-12-26 10:24,주,토,1,1,0,0,광주,광산구,차대사람,횡단중,운전자법규위반,부당한 회전,단일로,기타단일로,화물차,보행자,126.80769679999999,35.15755608
16212,2015,2015-12-26 12:20,주,토,1,2,0,1,경기,포천시,차량단독,전도전복,운전자법규위반,안전운전 의무 불이행,단일로,기타단일로,승용차,없음,127.21554750000001,37.82329846
16213,2015,2015-12-26 12:00,주,토,1,1,0,0,전남,진도군,차량단독,전도전복,운전자법규위반,안전운전 의무 불이행,기타/불명,기타/불명,승용차,없음,126.2981152,34.50974983
16214,2015,2015-12-26 13:10,주,토,1,2,1,0,경기,이천시,차대차,기타,운전자법규위반,안전운전 의무 불이행,교차로,교차로내,승용차,화물차,127.56592109999998,37.10920535
16215,2015,2015-12-26 13:02,주,토,1,2,1,0,경기,이천시,차대차,정면충돌,운전자법규위반,안전운전 의무 불이행,교차로,교차로내,승용차,화물차,127.5656955,37.10870068
16216,2015,2015-12-26 14:30,주,토,1,1,0,0,광주,광산구,차대사람,횡단중,운전자법규위반,안전운전 의무 불이행,단일로,기타단일로,승용차,보행자,126.74742340000002,35.11775643
16217,2015,2015-12-26 15:37,주,토,1,2,0,1,경북,경산시,차대사람,횡단중,운전자법규위반,안전운전 의무 불이행,단일로,기타단일로,승용차,보행자,128.8389015,35.90370555
16218,2015,2015-12-26 17:50,주,토,1,3,1,0,경기,안성시,차대차,기타,운전자법규위반,안전운전 의무 불이행,단일로,기타단일로,화물차,승합차,127.15487399999999,36.99254501
16219,2015,2015-12-26 18:10,야,토,1,1,0,0,부산,동구,차대사람,횡단중,운전자법규위반,안전운전 의무 불이행,단일로,기타단일로,승용차,보행자,129.03969009999997,35.11510097
16220,2015,2015-12-26 18:45,야,토,1,1,0,0,경기,남양주시,차대사람,횡단중,운전자법규위반,안전운전 의무 불이행,단일로,기타단일로,승용차,보행자,127.20099840000002,37.63258635
16221,2015,2015-12-26 18:43,야,토,1,1,0,0,충남,부여군,차대사람,횡단중,운전자법규위반,안전운전 의무 불이행,교차로,교차로부근,승용차,보행자,126.7655324,36.21764599
16222,2015,2015-12-26 19:15,야,토,1,5,1,2,서울,성동구,차대차,기타,운전자법규위반,안전거리 미확보,단일로,기타단일로,승용차,승합차,127.06024840000002,37.54392194
16223,2015,2015-12-26 22:02,야,토,1,1,0,0,경기,포천시,차대사람,횡단중,운전자법규위반,안전운전 의무 불이행,단일로,횡단보도상,승용차,보행자,127.2050848,37.905463
16224,2015,2015-12-26 23:37,야,토,1,1,0,0,전남,순천시,차대사람,기타,운전자법규위반,과속,단일로,기타단일로,승합차,보행자,127.51642849999999,34.95208863
16225,2015,2015-12-27 05:50,야,일,1,1,0,0,경남,창원시(통합),차대차,정면충돌,운전자법규위반,안전운전 의무 불이행,단일로,기타단일로,화물차,화물차,128.7981893,35.11735139
16226,2015,2015-12-27 07:17,주,일,1,1,0,0,전남,해남군,차량단독,전도전복,운전자법규위반,안전운전 의무 불이행,단일로,기타단일로,승용차,없음,126.6035636,34.55895891
16227,2015,2015-12-27 08:45,주,일,1,1,0,0,부산,연제구,차대차,측면충돌,운전자법규위반,안전운전 의무 불이행,단일로,기타단일로,건설기계,자전거,129.0878826,35.19081791
16228,2015,2015-12-27 09:10,주,일,1,1,0,0,경기,안양시,차대사람,횡단중,운전자법규위반,안전운전 의무 불이행,교차로,교차로내,승용차,보행자,126.9146554,37.4069866
16229,2015,2015-12-27 12:50,주,일,1,1,0,0,경기,안산시,차대사람,횡단중,운전자법규위반,안전운전 의무 불이행,단일로,기타단일로,승합차,보행자,126.8774528,37.36253027
16230,2015,2015-12-27 18:45,야,일,1,1,0,0,전남,영광군,차량단독,전도전복,운전자법규위반,안전운전 의무 불이행,단일로,기타단일로,원동기장치자전거,없음,126.47602320000001,35.39758953
16231,2015,2015-12-27 20:45,야,일,1,1,0,0,전북,남원시,차대차,측면충돌,운전자법규위반,안전운전 의무 불이행,단일로,기타단일로,승용차,자전거,127.38238090000002,35.40337824
16232,2015,2015-12-27 22:16,야,일,1,1,0,0,경기,남양주시,차대사람,횡단중,운전자법규위반,안전운전 의무 불이행,단일로,횡단보도상,승용차,보행자,127.23206189999999,37.6456944
16233,2015,2015-12-28 01:55,야,월,1,2,1,0,경기,안성시,차대차,진행중 추돌,운전자법규위반,안전운전 의무 불이행,단일로,기타단일로,승용차,화물차,127.17444509999999,37.00432802
16234,2015,2015-12-28 06:40,주,월,1,1,0,0,서울,종로구,차대사람,차도통행중,운전자법규위반,안전운전 의무 불이행,단일로,기타단일로,승용차,보행자,126.9849063,37.57623710000001
16235,2015,2015-12-28 06:20,주,월,1,1,0,0,강원,고성군,차대사람,횡단중,운전자법규위반,신호위반,교차로,교차로내,화물차,보행자,128.5387247,38.30373309
16236,2015,2015-12-28 11:18,주,월,2,4,0,0,제주,서귀포시,차대차,기타,운전자법규위반,안전운전 의무 불이행,교차로,교차로내,화물차,승합차,126.60035800000001,33.30064229
16237,2015,2015-12-28 14:50,주,월,1,1,0,0,부산,동래구,차대사람,횡단중,운전자법규위반,안전운전 의무 불이행,교차로,교차로부근,승합차,보행자,129.1000309,35.21216102
16238,2015,2015-12-28 18:30,야,월,1,1,0,0,강원,원주시,차대사람,횡단중,운전자법규위반,안전운전 의무 불이행,단일로,기타단일로,화물차,보행자,127.903879,37.36573341
16239,2015,2015-12-28 18:00,야,월,1,1,0,0,충남,예산군,차대차,주정차중 추돌,운전자법규위반,안전운전 의무 불이행,단일로,기타단일로,화물차,특수차,126.8250478,36.73980477
16240,2015,2015-12-28 20:50,야,월,1,1,0,0,경북,경주시,차대차,기타,운전자법규위반,안전운전 의무 불이행,단일로,기타단일로,승용차,자전거,129.2730937,35.85789971
16241,2015,2015-12-28 21:16,야,월,1,1,0,0,경기,의정부시,차대차,측면충돌,운전자법규위반,신호위반,교차로,교차로부근,이륜차,자전거,127.03488370000001,37.73788271
16242,2015,2015-12-28 22:35,야,월,1,1,0,0,경남,남해군,차대사람,횡단중,운전자법규위반,보행자 보호의무 위반,교차로,교차로부근,승용차,보행자,127.92106000000001,34.8189015
16243,2015,2015-12-29 00:48,야,화,1,1,0,0,울산,남구,차대사람,횡단중,운전자법규위반,신호위반,교차로,교차로내,승용차,보행자,129.3222648,35.54925004
16244,2015,2015-12-29 02:05,야,화,1,1,0,0,충북,청주시,차대차,측면충돌,운전자법규위반,안전운전 의무 불이행,교차로,교차로내,승용차,원동기장치자전거,127.4698801,36.65533432
16245,2015,2015-12-29 03:00,야,화,1,1,0,0,경남,밀양시,차대차,진행중 추돌,운전자법규위반,안전거리 미확보,단일로,교량위,승용차,화물차,128.7741671,35.4757679
16246,2015,2015-12-29 03:20,야,화,1,1,0,0,대구,달서구,차량단독,기타,운전자법규위반,안전운전 의무 불이행,단일로,기타단일로,이륜차,없음,128.5580614,35.85795054
16247,2015,2015-12-29 06:05,주,화,1,1,0,0,전남,여수시,차대사람,횡단중,운전자법규위반,신호위반,교차로,교차로내,승용차,보행자,127.7219402,34.8064692
16248,2015,2015-12-29 07:11,주,화,1,1,0,0,대전,대덕구,차대차,기타,운전자법규위반,안전운전 의무 불이행,단일로,기타단일로,화물차,화물차,127.41786570000001,36.43185203
16249,2015,2015-12-29 10:02,주,화,1,1,0,0,강원,춘천시,차대차,측면충돌,운전자법규위반,안전운전 의무 불이행,단일로,기타단일로,승용차,자전거,127.77505420000001,37.85352376
16250,2015,2015-12-29 10:20,주,화,1,1,0,0,경북,김천시,차대사람,횡단중,운전자법규위반,안전운전 의무 불이행,단일로,기타단일로,승용차,보행자,128.2550195,36.17390153
16251,2015,2015-12-29 11:50,주,화,1,2,1,0,경북,안동시,차대차,정면충돌,운전자법규위반,안전운전 의무 불이행,단일로,기타단일로,화물차,승용차,128.91840530000002,36.41453009
16252,2015,2015-12-29 12:50,주,화,1,4,2,1,경기,의정부시,차대차,정면충돌,운전자법규위반,중앙선 침범,단일로,기타단일로,승용차,승용차,127.08464450000001,37.75941188
16253,2015,2015-12-29 13:25,주,화,1,1,0,0,경남,하동군,차대사람,기타,운전자법규위반,안전운전 의무 불이행,단일로,기타단일로,화물차,보행자,127.81112409999999,35.1261317
16254,2015,2015-12-29 16:10,주,화,1,1,0,0,부산,중구,차대차,측면충돌,운전자법규위반,부당한 회전,교차로,교차로부근,원동기장치자전거,승합차,129.02804609999998,35.10324779999999
16255,2015,2015-12-29 17:40,주,화,1,8,3,4,경남,사천시,차대차,정면충돌,운전자법규위반,신호위반,교차로,교차로내,승합차,승용차,128.1571144,35.0359311
16256,2015,2015-12-29 18:05,야,화,1,1,0,0,전남,영암군,차대사람,횡단중,운전자법규위반,안전운전 의무 불이행,단일로,기타단일로,승용차,보행자,126.4513117,34.76346009
16257,2015,2015-12-29 22:06,야,화,1,2,1,0,전북,전주시,차대차,측면충돌,운전자법규위반,신호위반,교차로,교차로내,이륜차,승용차,127.10583259999999,35.81107598
16258,2015,2015-12-30 00:50,야,수,1,2,1,0,충북,진천군,차량단독,전도전복,운전자법규위반,안전운전 의무 불이행,교차로,교차로내,승용차,없음,127.4770382,36.92718462
16259,2015,2015-12-30 00:50,야,수,1,1,0,0,경남,창원시(통합),차대사람,길가장자리구역통행중,운전자법규위반,안전운전 의무 불이행,교차로,교차로부근,화물차,보행자,128.577871,35.2336977
16260,2015,2015-12-30 01:59,야,수,1,4,3,0,부산,연제구,차량단독,공작물충돌,운전자법규위반,안전운전 의무 불이행,교차로,교차로부근,승용차,없음,129.08377,35.17188407
16261,2015,2015-12-30 02:11,야,수,1,1,0,0,서울,중랑구,차량단독,전도전복,운전자법규위반,안전운전 의무 불이행,단일로,기타단일로,승용차,없음,127.1252547,37.60135485
16262,2015,2015-12-30 02:53,야,수,1,8,3,4,대전,유성구,차대차,측면충돌,운전자법규위반,신호위반,교차로,교차로내,승용차,승용차,127.32049450000001,36.30444824
16263,2015,2015-12-30 03:06,야,수,1,1,0,0,서울,도봉구,차대사람,횡단중,운전자법규위반,안전운전 의무 불이행,교차로,교차로내,화물차,보행자,127.04552779999999,37.68057277
16264,2015,2015-12-30 05:15,야,수,1,1,0,0,서울,강동구,차대사람,횡단중,운전자법규위반,안전운전 의무 불이행,단일로,횡단보도상,화물차,보행자,127.1320899,37.53610049
16265,2015,2015-12-30 05:30,야,수,1,1,0,0,경기,이천시,차대사람,기타,운전자법규위반,안전운전 의무 불이행,기타/불명,기타/불명,승합차,보행자,127.37820570000001,37.29338264
16266,2015,2015-12-30 06:15,주,수,1,5,3,0,광주,북구,차대차,기타,운전자법규위반,안전운전 의무 불이행,단일로,기타단일로,승용차,승용차,126.88173710000001,35.17515469
16267,2015,2015-12-30 08:10,주,수,1,1,0,0,경기,부천시,차대사람,횡단중,운전자법규위반,안전운전 의무 불이행,단일로,기타단일로,승합차,보행자,126.784531,37.48551802
16268,2015,2015-12-30 08:40,주,수,1,1,0,0,경북,안동시,차대차,측면충돌,운전자법규위반,직진 및 우회전차의 통행방해,교차로,교차로내,승용차,이륜차,128.7100234,36.57121697
16269,2015,2015-12-30 10:35,주,수,1,1,0,0,부산,북구,차대사람,횡단중,운전자법규위반,안전운전 의무 불이행,단일로,기타단일로,승합차,보행자,129.00250549999998,35.20952494
16270,2015,2015-12-30 10:50,주,수,1,1,0,0,경북,김천시,차량단독,전도전복,운전자법규위반,안전운전 의무 불이행,단일로,기타단일로,건설기계,없음,128.17641740000002,36.04458306
16271,2015,2015-12-30 13:24,주,수,1,5,2,2,전남,담양군,차대차,기타,운전자법규위반,안전거리 미확보,단일로,기타단일로,승용차,승용차,126.97298070000001,35.22261611
16272,2015,2015-12-30 14:15,주,수,2,2,0,0,충북,음성군,차량단독,기타,운전자법규위반,안전운전 의무 불이행,단일로,기타단일로,화물차,없음,127.653986,37.00598169
16273,2015,2015-12-30 17:50,주,수,1,1,0,0,전북,김제시,차대사람,횡단중,운전자법규위반,안전운전 의무 불이행,단일로,기타단일로,화물차,보행자,126.95476869999999,35.85571034
16274,2015,2015-12-30 18:05,야,수,1,2,0,1,서울,송파구,차대사람,차도통행중,운전자법규위반,안전운전 의무 불이행,단일로,기타단일로,원동기장치자전거,보행자,127.09428729999999,37.49802048
16275,2015,2015-12-30 18:47,야,수,1,1,0,0,경기,양평군,차대사람,횡단중,운전자법규위반,안전운전 의무 불이행,단일로,기타단일로,화물차,보행자,127.5385976,37.42612334
16276,2015,2015-12-30 18:00,야,수,1,1,0,0,전남,화순군,차대사람,횡단중,운전자법규위반,안전운전 의무 불이행,단일로,기타단일로,화물차,보행자,126.98165209999999,35.05959722
16277,2015,2015-12-30 18:03,야,수,1,1,0,0,경북,칠곡군,차대사람,횡단중,운전자법규위반,안전운전 의무 불이행,단일로,기타단일로,승용차,보행자,128.5375473,36.06538768
16278,2015,2015-12-30 19:48,야,수,1,1,0,0,강원,강릉시,차대사람,횡단중,운전자법규위반,보행자 보호의무 위반,단일로,횡단보도상,화물차,보행자,128.8220639,37.70930486
16279,2015,2015-12-30 21:20,야,수,1,2,0,1,경기,용인시,차대차,정면충돌,운전자법규위반,안전운전 의무 불이행,단일로,기타단일로,화물차,화물차,127.202795,37.17914375
16280,2015,2015-12-30 22:20,야,수,1,1,0,0,경북,경산시,차대사람,횡단중,운전자법규위반,안전운전 의무 불이행,단일로,횡단보도상,승용차,보행자,128.7375389,35.80866987
16281,2015,2015-12-31 00:05,야,목,1,2,1,0,충남,당진시,차량단독,전도전복,운전자법규위반,안전운전 의무 불이행,교차로,교차로부근,화물차,없음,126.59398190000002,36.96386271
16282,2015,2015-12-31 00:20,야,목,1,7,4,2,전남,무안군,차량단독,공작물충돌,운전자법규위반,안전운전 의무 불이행,단일로,기타단일로,승용차,없음,126.4876811,34.99949365
16283,2015,2015-12-31 06:45,주,목,1,4,3,0,충남,당진시,차량단독,공작물충돌,운전자법규위반,안전운전 의무 불이행,단일로,기타단일로,승용차,없음,126.5855055,36.85156134
16284,2015,2015-12-31 11:05,주,목,1,6,3,2,경북,영천시,차대차,정면충돌,운전자법규위반,안전운전 의무 불이행,단일로,교량위,승용차,화물차,128.9464856,35.97425419
16285,2015,2015-12-31 15:00,주,목,1,1,0,0,서울,서대문구,차대사람,차도통행중,운전자법규위반,안전운전 의무 불이행,교차로,교차로내,화물차,보행자,126.91791440000002,37.57108556
16286,2015,2015-12-31 18:03,야,목,1,1,0,0,충남,서산시,차대사람,횡단중,운전자법규위반,안전운전 의무 불이행,단일로,기타단일로,승용차,보행자,126.4649051,36.77480715
16287,2015,2015-12-31 22:00,야,목,1,1,0,0,충남,천안시,차대사람,기타,운전자법규위반,안전운전 의무 불이행,단일로,기타단일로,화물차,보행자,127.21556229999999,36.91293689